rank,site,run,strategy,main_dns_ms,total_dns_sum_ms,wall_clock_dns_ms,page_load_ms,unique_domains_resolved,domains_resolved
12276,news-todayconfig-edge.apple.com,1,doh,13.283,13.283,13.283,173.3999999910593,1,news-todayconfig-edge.apple.com
12246,reputation-us-01.fortiedr.com,1,doh,14.306,14.306,14.306,158.5,1,reputation-us-01.fortiedr.com
11747,ecosia.org,1,doh,24.857,38.995,38.99500000000003,401.29999999701977,2,challenges.cloudflare.com;ecosia.org
11921,am-i-online-prd.sn.tesla.services,1,doh,13.628,13.628,13.628,90.20000000298023,1,am-i-online-prd.sn.tesla.services
11511,bsync31-normal-useast1a.tiktokv.com,1,doh,41.9,41.9,41.9,858.1999999880791,1,bsync31-normal-useast1a.tiktokv.com
11510,api.giphy.com,1,doh,15.115,15.115,15.115,105.29999999701977,1,api.giphy.com
12458,pull-flv-q1-va01.tiktokcdn.com,1,doh,16.193,16.193,16.193,120.59999999403954,1,pull-flv-q1-va01.tiktokcdn.com
12397,resources.ninjarmm.com,1,doh,13.205,13.205,13.205,325.09999999403954,1,resources.ninjarmm.com
12070,www.craigslist.org,1,doh,16.338,50.583,50.58299999999996,1196.7999999970198,3,geo.craigslist.org;norfolk.craigslist.org;www.craigslist.org
11742,global.safebrowsing.service.amazonsilk.com,1,doh,14.617,14.617,14.617,91.79999999701977,1,global.safebrowsing.service.amazonsilk.com
12372,pull-cmaf-f77-sg01.tiktokcdn-us.com,1,doh,21.302,21.302,21.302,91.09999999403954,1,pull-cmaf-f77-sg01.tiktokcdn-us.com
12127,conv-r.wbx2.com,1,doh,21.326,21.326,21.326,409.70000000298023,1,conv-r.wbx2.com
12066,prod.weatherfx.com,1,doh,12.301,38.291,38.291000000000054,1129.6000000089407,3,fonts.googleapis.com;fonts.gstatic.com;prod.weatherfx.com
11972,analytics.chase.com,1,doh,12.843,12.843,12.843,131.70000000298023,1,analytics.chase.com
12063,weatherfx.com,1,doh,32.09,32.09,32.09,104.5,1,weatherfx.com
12001,video-nss.xhpingcdn.com,1,doh,40.562,53.68,53.67999999999999,172.69999998807907,2,error.c.cdn77.org;video-nss.xhpingcdn.com
12279,app.smartsheet.com,1,doh,28.806,56.643,56.64299999999999,337.79999999701977,2,app.smartsheet.com;portal-ui.authn.smartsheet.com
12009,staging-pi.ispot.tv,1,doh,14.799,14.799,14.799,166.69999998807907,1,staging-pi.ispot.tv
11521,smt.docomo.ne.jp,1,doh,191.654,2587.349,2036.943999999999,6487.79999999702,18,alxc.addlv.smt.docomo.ne.jp;alxd.addlv.smt.docomo.ne.jp;cd.ladsp.com;cfg.smt.docomo.ne.jp;ep1.adtrafficquality.google;ep2.adtrafficquality.google;googleads.g.doubleclick.net;pagead2.googlesyndication.com;rumcdn.geoedge.be;service.smt.docomo.ne.jp;sjs.ssdsp.smt.docomo.ne.jp;smt.docomo.ne.jp;ssl-cache.stream.ne.jp;static.prismpartner.smt.docomo.ne.jp;tracking.prismpartner.smt.docomo.ne.jp;www.google-analytics.com;www.google.com;www.googletagmanager.com
12566,acs.whatsapp.com,1,doh,24.061,24.061,24.061,106.3999999910593,1,acs.whatsapp.com
12411,st.dynamicyield.com,1,doh,13.968,13.968,13.968,106.20000000298023,1,st.dynamicyield.com
12120,ads-platform.zalo.me,1,doh,287.881,287.881,287.881,1108.7000000029802,1,ads-platform.zalo.me
12042,encore.scdn.co,1,doh,18.396,18.396,18.396,117.59999999403954,1,encore.scdn.co
11556,api.judge.me,1,doh,15.91,15.91,15.91,93.80000001192093,1,api.judge.me
11613,api.mosspf.net,1,doh,13.591,13.591,13.591,154.59999999403954,1,api.mosspf.net
12390,pull-lls-l1-sg01.tiktokcdn.com,1,doh,14.376,14.376,14.376,116.1000000089407,1,pull-lls-l1-sg01.tiktokcdn.com
12006,grow.me,1,doh,15.101,163.921,139.68700000000024,1475.2000000029802,12,a.delivery.consentmanager.net;api.grow.me;cdn.consentmanager.net;eu-us.consentmanager.net;faves.grow.me;fonts.googleapis.com;fonts.gstatic.com;grow.me;some.growplow.events;www.google-analytics.com;www.googletagmanager.com;www.grow.me
12583,deliveryprice.wildberries.ru,1,doh,13.116,13.116,13.116,596,1,deliveryprice.wildberries.ru
12069,sync.fout.jp,1,doh,16.334,16.334,16.334,582.8999999910593,1,sync.fout.jp
12274,sc0ak.rbxcdn.com,1,doh,13.905,13.905,13.905,99.90000000596046,1,sc0ak.rbxcdn.com
12165,go.affec.tv,1,doh,14.208,14.208,14.208,156.59999999403954,1,go.affec.tv
12133,adfstat.yandex.ru,1,doh,14.028,14.028,14.028,671.5999999940395,1,adfstat.yandex.ru
12071,s.imganalytics.com,1,doh,14.979,14.979,14.979,93.8999999910593,1,s.imganalytics.com
11792,ssbsync-usw1.smartadserver.com,1,doh,13.66,13.66,13.66,277.79999999701977,1,ssbsync-usw1.smartadserver.com
12469,pull-flv-o1-sg01.tiktokcdn.com,1,doh,17.122,17.122,17.122,120.20000000298023,1,pull-flv-o1-sg01.tiktokcdn.com
12162,cloud.tencent.com,1,doh,14.137,698.3259999999999,490.230999999999,3517.2000000029802,17,act-api.cloud.tencent.com;buy.qcloudimg.com;cdn-go.cn;cloud.tencent.com;cloudcache.tencent-cloud.com;cloudcache.tencentcs.com;dscache.tencent-cloud.cn;ewp.cloud.tencent.com;googleads.g.doubleclick.net;helix.cloud.tencent.com;opc.cloud.tencent.com;ping.cloud.tencent.com;qcloudimg.tencent-cloud.cn;rumt-zh.com;sensors.cloud.tencent.com;www.google.com;www.googletagmanager.com
11865,gcp-us-east4-cs.yellowblue.io,1,doh,14.728,14.728,14.728,98.6000000089407,1,gcp-us-east4-cs.yellowblue.io
11757,publisher-assets.spot.im,1,doh,14.033,14.033,14.033,122.29999999701977,1,publisher-assets.spot.im
12059,action.media6degrees.com,1,doh,14.431,14.431,14.431,122.40000000596046,1,action.media6degrees.com
11669,img.onesignal.com,1,doh,14.805,14.805,14.805,226.8999999910593,1,img.onesignal.com
12648,pull-flv-l11.douyincdn.com,1,doh,13.165,13.165,13.165,131.5,1,pull-flv-l11.douyincdn.com
12398,usea1-pax8-03.sentinelone.net,1,doh,14.719,62.956,62.95600000000008,1607.8999999910593,3,cdn.pendo.io;content.pendo.sentinelone.net;usea1-pax8-03.sentinelone.net
12350,banner.appsflyer.com,1,doh,25.647,25.647,25.647,177.59999999403954,1,banner.appsflyer.com
12507,content.rocketcyber.com,1,doh,14.223,14.223,14.223,122.70000000298023,1,content.rocketcyber.com
12664,configuration.island.io,1,doh,19.377,19.377,19.377,119.59999999403954,1,configuration.island.io
11916,pull-f5-va01.tiktokrow-cdn.com,1,doh,15.476,15.476,15.476,83.5,1,pull-f5-va01.tiktokrow-cdn.com
12546,instructure-uploads.s3.amazonaws.com,1,doh,19.798,19.798,19.798,117,1,instructure-uploads.s3.amazonaws.com
12559,api.traversedlp.com,1,doh,16.232,16.232,16.232,150.79999999701977,1,api.traversedlp.com
11937,whiteboard.ms,1,doh,29.513,110.414,108.27199999999993,1100.2000000029802,7,aadcdn.msauth.net;app.whiteboard.microsoft.com;login.live.com;login.microsoftonline.com;login.windows.net;whiteboard.cloud.microsoft;whiteboard.ms
12217,www.cust-service.com,1,doh,14.407,14.407,14.407,156.40000000596046,1,www.cust-service.com
12250,data-na.amazon.com,1,doh,19.542,41.686,41.68600000000001,215.30000001192093,2,data-na.amazon.com;g-ecx.images-amazon.com
11801,gs-loc-cn.apple.com,1,doh,13.612,13.612,13.612,1718.7999999970198,1,gs-loc-cn.apple.com
12221,tag-logger.demandbase.com,1,doh,29.495,29.495,29.495,108.09999999403954,1,tag-logger.demandbase.com
12655,remote1.ninite.com,1,doh,13.714,28.391,28.39099999999999,360.79999999701977,2,ninite.com;remote1.ninite.com
12096,simplifi.partners.tremorhub.com,1,doh,15.074,15.074,15.074,86.6000000089407,1,simplifi.partners.tremorhub.com
11728,gateway.ea.com,1,doh,13.973,13.973,13.973,224.19999998807907,1,gateway.ea.com
12254,adreq.adster.tech,1,doh,16.932,16.932,16.932,298.8999999910593,1,adreq.adster.tech
12203,redsky.target.com,1,doh,14.625,14.625,14.625,162.20000000298023,1,redsky.target.com
11790,pull-flv-q10-va01.tiktokcdn.com,1,doh,14.935,14.935,14.935,252.09999999403954,1,pull-flv-q10-va01.tiktokcdn.com
11767,pull-w5-sg01.tiktokrow-cdn.com,1,doh,17.104,17.104,17.104,181.90000000596046,1,pull-w5-sg01.tiktokrow-cdn.com
11905,www.speedtest.net,1,doh,14.287,2589.1239999999993,1056.5509999999995,1936.0999999940395,173,a.ad.gt;a.sportradarserving.com;aa.agkn.com;aax.amazon-adsystem.com;accounts.google.com;ad-cdn.technoratimedia.com;ad.360yield.com;ad.turn.com;ads.pubmatic.com;ads.servenobid.com;ads.yieldmo.com;analytics.google.com;ap.lijit.com;api.id5-sync.com;appleid.cdn-apple.com;b.cdnst.net;b1sync.outbrain.com;b1sync.zemanta.com;b52489eb7dc9e4b6772d1583e603b82d.safeframe.googlesyndication.com;bcp.crwdcntrl.net;beacon.lynx.cognitivlabs.com;bh.contextweb.com;btlr.sharethrough.com;c.amazon-adsystem.com;c.bing.com;c1.adform.net;c2shb.pubgw.yahoo.com;cdn-gl.imrworldwide.com;cdn-ima.33across.com;cdn.cookielaw.org;cdn.hadronid.net;cdn.id5-sync.com;cdn.static.zdbb.net;cdn.ziffstatic.com;ce.lijit.com;client.aps.amazon-adsystem.com;cm.adform.net;cm.anyrtb.com;cm.g.doubleclick.net;cms.quantserve.com;config.aps.amazon-adsystem.com;contextual.media.net;creativecdn.com;cs-rtb.minutemedia-prebid.com;cs-tam.yellowblue.io;cs.admanmedia.com;cs.iqzone.com;cs.krushmedia.com;cs.media.net;csync.loopme.me;csync.smartadserver.com;d.turn.com;de.tynt.com;diffuser-cdn.app-us1.com;direct.adsrvr.org;dpm.demdex.net;dsp-service.pixad.com.tr;eb2.3lift.com;ep1.adtrafficquality.google;ep2.adtrafficquality.google;et-c-ash.33across.com;eu-rtbstack-cm.admixer.net;eus.rubiconproject.com;fastlane.rubiconproject.com;geolocation.onetrust.com;grid-bidder.criteo.com;gum.criteo.com;gurgle.speedtest.net;gurgle.zdbb.net;hb.trustedstack.com;hb.yellowblue.io;hbopenbid.pubmatic.com;hde.tynt.com;htlb.casalemedia.com;i.liadm.com;ib.adnxs.com;id.rlcdn.com;id5-sync.com;ids.ad.gt;ids4.ad.gt;idx.liadm.com;image2.pubmatic.com;image4.pubmatic.com;image6.pubmatic.com;image8.pubmatic.com;ittpx-us-e.eskimi.com;ittpx.eskimi.com;jadserve.postrelease.com;jogger.zdbb.net;lb.eu-1-id5-sync.com;lbs.eu-1-id5-sync.com;lexicon.33across.com;match.adsrvr.org;match.deepintent.com;match.prod.bidr.io;match.sharethrough.com;measureadv.com;ms-cookie-sync.presage.io;ogury-match.dotomi.com;onetag-sys.com;openads-cdn.adsrvr.org;openads.adsrvr.org;p.ad.gt;pagead2.googlesyndication.com;pbs.optidigital.com;pg.ziffstatic.com;pixel-sync.sitescout.com;pixel-us-east.rubiconproject.com;pixel.33across.com;pixel.rubiconproject.com;pixel.tapad.com;prebid-match.dotomi.com;prebid-server.rubiconproject.com;prebid.a-mo.net;prebid.media.net;prism.app-us1.com;ps.eyeota.net;px.ads.linkedin.com;r.bidswitch.net;rp.liadm.com;rtb-csync.smartadserver.com;rtb.adstanding.com;rtb.gamoshi.io;rtb.gumgum.com;rtb.mfadsrvr.com;rtb.openx.net;s.ad.smaato.net;s.amazon-adsystem.com;s.seedtag.com;sb.scorecardresearch.com;secure-assets.rubiconproject.com;secure-us.imrworldwide.com;secure.adnxs.com;securepubads.g.doubleclick.net;ssbsync-global.smartadserver.com;ssbsync.smartadserver.com;ssc-cms.33across.com;ssp-sync.criteo.com;ssp.api.tappx.com;ssp.disqus.com;synacor-match.dotomi.com;sync-tm.everesttech.net;sync.a-mo.net;sync.adtelligent.com;sync.bfmio.com;sync.go.sonobi.com;sync.ipredictive.com;sync.pmbmonetize.live;sync.sparteo.com;sync.srv.stackadapt.com;sync.taboola.com;sync.technoratimedia.com;syncingbridge.com;t.adx.opera.com;tags.crwdcntrl.net;token.rubiconproject.com;tpc.googlesyndication.com;tr.blismedia.com;trace.us.rtbwise.com;trackcmp.net;u.openx.net;uat-net.technoratimedia.com;ups.analytics.yahoo.com;us4.shb-sync.com;user-sync.fwmrm.net;ut.pubmatic.com;visitor.omnitagjs.com;www.google.com;www.googletagmanager.com;www.speedtest.net;www.temu.com;x.bidswitch.net;zdbb.net
11991,cnam4c-launches.appsflyersdk.com,1,doh,29.451,29.451,29.451,149.40000000596046,1,cnam4c-launches.appsflyersdk.com
11498,rum-ingest.us1.signalfx.com,1,doh,12.351,12.351,12.351,5143.0999999940395,1,rum-ingest.us1.signalfx.com
12146,get.sogou.com,1,doh,14.383,14.383,14.383,727.9000000059605,1,get.sogou.com
12426,cryptauthvault.googleapis.com,1,doh,0.0,12.754,12.754000000000005,156.1000000089407,1,www.google.com
11766,l.instagram.com,1,doh,18.612,58.704,58.70399999999981,883.5999999940395,4,l.instagram.com;static.cdninstagram.com;www.facebook.com;www.instagram.com
11939,paramount.tech,1,doh,17.053,113.44100000000002,89.81999999999982,2353.5,8,cdn.ketchjs.com;cdn.privacy.paramount.com;fonts.googleapis.com;global.ketchcdn.com;paramount.tech;www.google-analytics.com;www.googletagmanager.com;www.paramount.com
12629,fa000000163.resources.office.net,1,doh,17.003,17.003,17.003,233.40000000596046,1,fa000000163.resources.office.net
12527,ingest.perchsecurity.com,1,doh,26.237,26.237,26.237,118.5,1,ingest.perchsecurity.com
11999,pull-flv-w11-va01.tiktokcdn.com,1,doh,15.441,15.441,15.441,358.1000000089407,1,pull-flv-w11-va01.tiktokcdn.com
11660,pull-a5-sg01.tiktokcdn.com,1,doh,15.521,15.521,15.521,184.6000000089407,1,pull-a5-sg01.tiktokcdn.com
11741,data.adxcel-ec2.com,1,doh,15.415,15.415,15.415,93.29999999701977,1,data.adxcel-ec2.com
11516,billing.ring.com,1,doh,14.831,14.831,14.831,84.59999999403954,1,billing.ring.com
11913,tr-tmc-mira.office.com,1,doh,19.848,19.848,19.848,348,1,tr-tmc-mira.office.com
12594,mpc-prod-23-s6uit34pua-ue.a.run.app,1,doh,0.0,0.0,0.0,112,0,
11632,pull-flv-l1-gcp01.tiktokcdn.com,1,doh,13.802,13.802,13.802,106.29999999701977,1,pull-flv-l1-gcp01.tiktokcdn.com
11676,ad.ipredictive.com,1,doh,14.634,14.634,14.634,152.20000000298023,1,ad.ipredictive.com
11636,trip.com,1,doh,23.276,520.7499999999999,427.47600000000006,3928.7000000029802,20,ak-d.tripcdn.com;analytics.twitter.com;aw-s.tripcdn.com;bat.bing.com;dimg04.tripcdn.com;googleads.g.doubleclick.net;images3.c-ctrip.com;nam.veta.naver.com;ssl.pstatic.net;static.ads-twitter.com;t.co;trip.com;wcs.naver.com;wcs.naver.net;webresource.tripcdn.com;widget.trustpilot.com;www.facebook.com;www.google.com;www.googletagmanager.com;www.trip.com
12674,features.vidal.rmm.datto.com,1,doh,13.502,13.502,13.502,88.5,1,features.vidal.rmm.datto.com
12633,pull-flv-o1-va01.tiktokcdn.com,1,doh,14.738,14.738,14.738,87.20000000298023,1,pull-flv-o1-va01.tiktokcdn.com
12044,adguard.com,1,doh,14.766,59.309,30.05799999999997,1038.2999999970198,4,adguard.com;cdn.adguardcdn.com;st.adguardcdn.com;st2.adguardcdn.com
11914,artwork.api.espn.com,1,doh,13.719,13.719,13.719,110.70000000298023,1,artwork.api.espn.com
12697,www.google.com.sg,1,doh,0.0,13.819,13.819000000000074,716.5,3,ogads-pa.clients6.google.com;play.google.com;www.gstatic.com
11950,pull-flv-l77-sg01.tiktokcdn.com,1,doh,14.178,14.178,14.178,82.29999999701977,1,pull-flv-l77-sg01.tiktokcdn.com
12117,cmp1-dfw2.steamserver.net,1,doh,13.718,13.718,13.718,184.3999999910593,1,cmp1-dfw2.steamserver.net
11685,drfdisvc.walmart.com,1,doh,15.149,15.149,15.149,286.6000000089407,1,drfdisvc.walmart.com
11674,update.indexww.com,1,doh,18.609,18.609,18.609,83.59999999403954,1,update.indexww.com
12706,cf-images.us-east-1.prod.boltdns.net,1,doh,15.903,15.903,15.903,102.5,1,cf-images.us-east-1.prod.boltdns.net
11762,site.web.api.espn.com,1,doh,15.891,15.891,15.891,299.6000000089407,1,site.web.api.espn.com
11935,t.sharethis.com,1,doh,17.505,17.505,17.505,160.40000000596046,1,t.sharethis.com
12660,app.box.com,1,doh,13.75,45.623,32.365999999999985,801.7000000029802,3,app.box.com;assets.adobedtm.com;cdn01.boxcdn.net
11658,pubmatic.bbvms.com,1,doh,14.794,312.14500000000004,125.74200000000009,1942.5,21,api.hubapi.com;cdn.bluebillywig.com;forms.hsforms.com;googleads.g.doubleclick.net;js.hs-analytics.net;js.hs-banner.com;js.hs-scripts.com;js.hsadspixel.net;js.hscollectedforms.net;js.hubspot.com;js.usemessages.com;maps.googleapis.com;o4504604721020928.ingest.sentry.io;perf-na1.hsforms.com;pubmatic.bbvms.com;px.ads.linkedin.com;snap.licdn.com;track.hubspot.com;www.google.com;www.googletagmanager.com;www.linkedin.com
12033,v4.aga.web.us-east-1.prod.diagnostic.networking.aws.dev,1,doh,16.193,16.193,16.193,87.5,1,v4.aga.web.us-east-1.prod.diagnostic.networking.aws.dev
12169,api-us.bidmachine.io,1,doh,13.369,13.369,13.369,181.5,1,api-us.bidmachine.io
11906,radio-services.itunes.apple.com,1,doh,16.92,16.92,16.92,261.29999999701977,1,radio-services.itunes.apple.com
12236,reputation-us-03.fortiedr.com,1,doh,16.859,16.859,16.859,120.8999999910593,1,reputation-us-03.fortiedr.com
12447,enterprise-safebrowsing.googleapis.com,1,doh,0.0,16.953,16.953000000000003,163.59999999403954,1,www.google.com
11588,aic.recommend.lgtvcommon.com,1,doh,14.693,14.693,14.693,324.5,1,aic.recommend.lgtvcommon.com
11698,ln-ring.msedge.net,1,doh,23.477,23.477,23.477,110.69999998807907,1,ln-ring.msedge.net
12230,ic-tt-nss.xhpingcdn.com,1,doh,22.579,22.579,22.579,1346.6000000089407,1,ic-tt-nss.xhpingcdn.com
11810,anp.mxptint.net,1,doh,26.352,26.352,26.352,97.19999998807907,1,anp.mxptint.net
12464,smartdeploy.com,1,doh,20.655,690.6020000000002,350.36799999999977,1048.7000000029802,50,4epx8ghenz.kameleoon.io;794-hyu-673.mktoresp.com;alb.reddit.com;analytics.google.com;analytics.twitter.com;bat.bing.com;c.clarity.ms;cdn.c360a.salesforce.com;cdn.cookielaw.org;cdn.mouseflow.com;cdn.optimizely.com;connect.facebook.net;dpm.demdex.net;geolocation.onetrust.com;googleads.g.doubleclick.net;h0ygkn30mnrgk9d0g1yw8zlcgm.c360a.salesforce.com;idsync.rlcdn.com;images.ctfassets.net;js.hs-analytics.net;js.hs-banner.com;js.hs-scripts.com;js.usemessages.com;loadm.exelator.com;logx.optimizely.com;munchkin.marketo.net;na-data.kameleoon.io;pixel-a.basis.net;pixel-config.reddit.com;pixel-sync.sitescout.com;pixel.sitescout.com;pixel.tapad.com;px.ads.linkedin.com;s.clarity.ms;scripts.clarity.ms;smartdeploy.com;snap.licdn.com;static.ads-twitter.com;stats.g.doubleclick.net;sync.crwdcntrl.net;t.co;track.hubspot.com;tracking-api.g2.com;up.pixel.ad;www.clarity.ms;www.google-analytics.com;www.google.com;www.googletagmanager.com;www.linkedin.com;www.redditstatic.com;www.smartdeploy.com
12430,some.growplow.events,1,doh,15.055,15.055,15.055,148.29999999701977,1,some.growplow.events
12597,ff0235f4aec83b63c532fee8e7c0dd8151314b9026089ffefe40e3f39916561.us-east-1.prod.service.minerva.devices.a2z.com,1,doh,16.18,16.18,16.18,154.09999999403954,1,ff0235f4aec83b63c532fee8e7c0dd8151314b9026089ffefe40e3f39916561.us-east-1.prod.service.minerva.devices.a2z.com
11519,cdn1.judge.me,1,doh,13.851,224.055,146.65000000000032,1458.7000000029802,15,analytics.google.com;api.judge.me;app.framerstatic.com;c.bing.com;c.clarity.ms;cdn1.judge.me;events.framer.com;framer.com;framerusercontent.com;scripts.clarity.ms;static.hotjar.com;stats.g.doubleclick.net;www.clarity.ms;www.google.com;www.googletagmanager.com
11508,voipfinderliveplaythirdtest.wxqcloud.qq.com,1,doh,15.117,15.117,15.117,156,1,voipfinderliveplaythirdtest.wxqcloud.qq.com
12115,app.whiteboard.microsoft.com,1,doh,26.458,95.84499999999998,89.86899999999994,1103.8999999910593,6,aadcdn.msauth.net;app.whiteboard.microsoft.com;login.live.com;login.microsoftonline.com;login.windows.net;whiteboard.cloud.microsoft
12484,cdn.media.amplience.net,1,doh,14.635,14.635,14.635,107.70000000298023,1,cdn.media.amplience.net
11759,t-ring-s.msedge.net,1,doh,23.804,23.804,23.804,97.40000000596046,1,t-ring-s.msedge.net
11578,pull-flv-f11-tt02.tiktokcdn.com,1,doh,15.197,15.197,15.197,377.79999999701977,1,pull-flv-f11-tt02.tiktokcdn.com
12386,insurance-individuals.wildberries.ru,1,doh,277.155,277.155,277.155,958.6000000089407,1,insurance-individuals.wildberries.ru
11610,ev2-ring.msedge.net,1,doh,14.689,14.689,14.689,106.29999999701977,1,ev2-ring.msedge.net
11948,api-sdk.datadome.co,1,doh,17.615,17.615,17.615,89.5,1,api-sdk.datadome.co
11976,u8u34b-launches.appsflyersdk.com,1,doh,26.871,26.871,26.871,141.59999999403954,1,u8u34b-launches.appsflyersdk.com
11812,pull-q5-va01.tiktokrow-cdn.com,1,doh,15.863,15.863,15.863,181.90000000596046,1,pull-q5-va01.tiktokrow-cdn.com
11824,pull-w5-va01.tiktokrow-cdn.com,1,doh,14.911,14.911,14.911,93.29999999701977,1,pull-w5-va01.tiktokrow-cdn.com
12061,update-vidal.centrastage.net,1,doh,14.403,14.403,14.403,132.70000000298023,1,update-vidal.centrastage.net
12598,priceengine-public-service-ecomprod01.ol.epicgames.com,1,doh,14.837,14.837,14.837,126.8999999910593,1,priceengine-public-service-ecomprod01.ol.epicgames.com
12193,iad-2-sync.go.sonobi.com,1,doh,13.961,13.961,13.961,273.5,1,iad-2-sync.go.sonobi.com
12320,pull-lls-l1-va01.tiktokcdn.com,1,doh,15.279,15.279,15.279,118.29999999701977,1,pull-lls-l1-va01.tiktokcdn.com
11648,apps.sascdn.com,1,doh,19.274,19.274,19.274,838.2000000029802,1,apps.sascdn.com
12604,attentionxyz.com,1,doh,14.356,14.356,14.356,354.20000000298023,1,attentionxyz.com
12467,metrics-dra.dt.hihonorcloud.com,1,doh,14.323,14.323,14.323,821.7000000029802,1,metrics-dra.dt.hihonorcloud.com
12418,dns.weixin.qq.com,1,doh,12.564,12.564,12.564,360.3999999910593,1,dns.weixin.qq.com
12456,slsrole-intl.alicdn.com,1,doh,12.953,12.953,12.953,2082.0999999940395,1,slsrole-intl.alicdn.com
11894,snu.webrootcloudav.com,1,doh,13.365,13.365,13.365,554.0999999940395,1,snu.webrootcloudav.com
11727,vizio.com,1,doh,14.583,277.622,168.41599999999977,727.1000000089407,20,al-smetrics.vizio.com;apps.bazaarvoice.com;assets.adobedtm.com;cdn.cookielaw.org;cdn.evgnet.com;cdn.jsdelivr.net;cdn.pricespider.com;connect.facebook.net;geolocation.onetrust.com;network-a.bazaarvoice.com;static.cloudflareinsights.com;vizio.com;vizio.tt.omtrdc.net;vizio11116.pcapredict.com;wtbevents.pricespider.com;www.google-analytics.com;www.google.com;www.googletagmanager.com;www.gstatic.com;www.vizio.com
12333,cont-5.p-cdn.us,1,doh,14.152,14.152,14.152,149.29999999701977,1,cont-5.p-cdn.us
12087,b.stripecdn.com,1,doh,14.609,14.609,14.609,302.09999999403954,1,b.stripecdn.com
12242,reputation-eu-04.fortiedr.com,1,doh,13.025,13.025,13.025,342.20000000298023,1,reputation-eu-04.fortiedr.com
11908,web.ws.prod.cloud.netflix.com,1,doh,15.375,15.375,15.375,144,1,web.ws.prod.cloud.netflix.com
11904,vcs-va.tiktokv.com,1,doh,18.81,18.81,18.81,698.2000000029802,1,vcs-va.tiktokv.com
12642,use1-api.tplinkra.com,1,doh,14.809,42.483999999999995,28.836,299.20000000298023,3,cdnjs.cloudflare.com;maxcdn.bootstrapcdn.com;use1-api.tplinkra.com
12435,google.co.in,1,doh,0.0,13.654000000000002,13.654000000000053,637.5999999940395,3,ogads-pa.clients6.google.com;play.google.com;www.gstatic.com
11773,gsght.com,1,doh,13.183,13.183,13.183,308.19999998807907,1,gsght.com
11561,plausible.io,1,doh,15.703,15.703,15.703,338.70000000298023,1,plausible.io
11993,asset.chase.com,1,doh,13.826,13.826,13.826,148.19999998807907,1,asset.chase.com
12132,www.disneyplus.com,1,doh,13.613,281.577,180.48799999999994,1165.2999999970198,22,8397396.fls.doubleclick.net;ad.doubleclick.net;adservice.google.com;analytics-ipv6.tiktokw.us;analytics.tiktok.com;assets.adobedtm.com;bat.bing.com;cdn.cookielaw.org;client-sdk-configs.bamgrid.com;cnbl-cdn.bamgrid.com;disney.demdex.net;disney.images.edge.bamgrid.com;googleads.g.doubleclick.net;prod-static.disney-plus.net;s.yimg.com;sanalytics.disneyplus.com;sc-static.net;static-assets.bamgrid.com;www.disneyplus.com;www.facebook.com;www.google.com;www.googletagmanager.com
12225,mobile-dssf-prod.cmtelematics.com,1,doh,12.751,12.751,12.751,136.79999999701977,1,mobile-dssf-prod.cmtelematics.com
12568,v9.tiktokcdn.com,1,doh,19.381,19.381,19.381,380.5,1,v9.tiktokcdn.com
12442,api-emea.flightproxy.teams.microsoft.com,1,doh,29.629,29.629,29.629,359.80000001192093,1,api-emea.flightproxy.teams.microsoft.com
11864,t-ring-s2.msedge.net,1,doh,13.241,13.241,13.241,85.5,1,t-ring-s2.msedge.net
11639,apple-finance.query.yahoo.com,1,doh,14.53,518.022,261.15399999999994,1153.0999999940395,42,ad-delivery.net;ads.pubmatic.com;ads.yieldmo.com;api.rlcdn.com;apple-finance.query.yahoo.com;c2shb-oao.ssp.yahoo.com;cdn.p-n.io;cdn.taboola.com;cm.g.doubleclick.net;consent.cmp.oath.com;d2mqt2joll4fma.cloudfront.net;display.bidder.taboola.com;exchange.kueezrtb.com;fastlane.rubiconproject.com;grid-bidder.criteo.com;guce.yahoo.com;htlb.casalemedia.com;ib.adnxs.com;idx.liadm.com;ncp-gw-frontpage.media.yahoo.com;nexus-gateway-prod.media.yahoo.com;noa.yahoo.com;opus.analytics.yahoo.com;pbs-yahoo-us.ay.delivery;pbs.yahoo.com;prebid-server.rubiconproject.com;prebid.a-mo.net;prebid.media.net;rp.liadm.com;rtb.openx.net;s.seedtag.com;s.yimg.com;sb.scorecardresearch.com;securepubads.g.doubleclick.net;signal-service.pbs.yahoo.com;ssp.disqus.com;tlx.3lift.com;ups.analytics.yahoo.com;us-trc-events.taboola.com;wnsrvbjmeprtfrnfx.ay.delivery;www.googletagmanager.com;www.yahoo.com
12051,pbsj.bricks-co.com,1,doh,12.669,12.669,12.669,354.90000000596046,1,pbsj.bricks-co.com
11552,ic-ut-nss.xhpingcdn.com,1,doh,24.789,24.789,24.789,205,1,ic-ut-nss.xhpingcdn.com
12324,dsp.adfarm1.adition.com,1,doh,11.503,11.503,11.503,375.20000000298023,1,dsp.adfarm1.adition.com
11898,api.polargrizzly.com,1,doh,12.254,12.254,12.254,132.8999999910593,1,api.polargrizzly.com
12517,events-dca.bidder.kayzen.io,1,doh,12.104,12.104,12.104,270.79999999701977,1,events-dca.bidder.kayzen.io
12587,media-mia3-1.cdn.whatsapp.net,1,doh,14.376,14.376,14.376,182.5,1,media-mia3-1.cdn.whatsapp.net
11870,cm.a.mts.ru,1,doh,17.505,17.505,17.505,220.59999999403954,1,cm.a.mts.ru
11971,ieonline.microsoft.com,1,doh,11.857,37.403,37.40299999999999,325.79999999701977,3,ieonline.microsoft.com;r.bing.com;www.bing.com
11934,pscp.tv,1,doh,17.59,73.92300000000002,67.0129999999999,1114.2000000029802,6,api.amplitude.com;assets.pscp.tv;proxsee.pscp.tv;pscp.tv;www.google-analytics.com;www.pscp.tv
11761,tpsc-video-as.doubleverify.com,1,doh,18.692,18.692,18.692,326.70000000298023,1,tpsc-video-as.doubleverify.com
11817,collector.superwall.me,1,doh,13.138,13.138,13.138,101.70000000298023,1,collector.superwall.me
11857,auth.life360.com,1,doh,29.576,41.414,41.413999999999994,221.3999999910593,2,auth.life360.com;static.cloudflareinsights.com
12112,crashlogs.whatsapp.net,1,doh,14.158,14.158,14.158,107.40000000596046,1,crashlogs.whatsapp.net
11542,pull-o5-sg01.tiktokrow-cdn.com,1,doh,13.152,13.152,13.152,182.30000001192093,1,pull-o5-sg01.tiktokrow-cdn.com
11484,bsync16-normal-alisg.tiktokv.com,1,doh,19.952,19.952,19.952,349.29999999701977,1,bsync16-normal-alisg.tiktokv.com
11558,t-odx.op-mobile.opera.com,1,doh,13.275,13.275,13.275,524.1999999880791,1,t-odx.op-mobile.opera.com
11591,verifone.com,1,doh,18.985,205.202,134.4050000000002,2469,11,cdn.intellimize.co;cdn.jsdelivr.net;cdn.prod.website-files.com;consent.cookiebot.com;consentcdn.cookiebot.com;d3e54v103j8qbb.cloudfront.net;download-video-ak.vimeocdn.com;player.vimeo.com;verifone.com;www.googletagmanager.com;www.verifone.com
12636,reco.chase.com,1,doh,13.676,13.676,13.676,86.80000001192093,1,reco.chase.com
11896,pull-hls-l77-va01.tiktokcdn.com,1,doh,16.093,38.283,38.28300000000051,13612.60000000894,2,error.c.cdn77.org;pull-hls-l77-va01.tiktokcdn.com
11974,data.iana.org,1,doh,13.524,65.491,65.49100000000004,621.7000000029802,5,clients1.google.com;cse.google.com;data.iana.org;www.google.com;www.iana.org
11957,geocomply.com,1,doh,19.14,348.3800000000001,203.29099999999994,1589,25,ajax.googleapis.com;analytics.google.com;analytics.twitter.com;b.6sc.co;cdnjs.cloudflare.com;consent.trustarc.com;epsilon.6sense.com;fonts.googleapis.com;fonts.gstatic.com;geocomply.com;go.geocomply.com;googleads.g.doubleclick.net;ipv6.6sc.co;j.6sc.co;px.ads.linkedin.com;snap.licdn.com;static.ads-twitter.com;stats.g.doubleclick.net;t.co;tracking-api.g2.com;tracking.g2crowd.com;www.geocomply.com;www.google.com;www.googletagmanager.com;www.linkedin.com
12052,pull-flv-l77-tt04.tiktokcdn-us.com,1,doh,15.311,15.311,15.311,89.5,1,pull-flv-l77-tt04.tiktokcdn-us.com
11585,pull-hls-f77-va01.tiktokcdn.com,1,doh,24.959,24.959,24.959,422,1,pull-hls-f77-va01.tiktokcdn.com
11777,outcomes.net,1,doh,28.634,99.611,85.51199999999999,929.6000000089407,5,assets.squarespace.com;definitions.sqspcdn.com;outcomes.net;static1.squarespace.com;www.outcomes.net
12455,api.viber.com,1,doh,29.922,29.922,29.922,101,1,api.viber.com
12049,voipfinderrdsliveplay3.wxqcloud.qq.com,1,doh,12.638,12.638,12.638,84.5,1,voipfinderrdsliveplay3.wxqcloud.qq.com
11829,sf16-music-sign.tiktokcdn.com,1,doh,12.665,12.665,12.665,91.5,1,sf16-music-sign.tiktokcdn.com
11749,feednews.com,1,doh,26.171,289.767,273.40299999999996,1409.2000000029802,3,feednews.com;news-af.op-mobile.opera.com;static.feednews.com
11682,pull-flv-f10-va01.tiktokcdn.com,1,doh,461.862,461.862,461.862,707.7000000029802,1,pull-flv-f10-va01.tiktokcdn.com
12039,utut-service.adobe.com,1,doh,14.624,14.624,14.624,150.79999999701977,1,utut-service.adobe.com
12409,fitbit-pa.googleapis.com,1,doh,0.0,0.0,0.0,102.79999999701977,0,
12158,sns-na-i2.xhscdn.com,1,doh,18.448,18.448,18.448,705.7999999970198,1,sns-na-i2.xhscdn.com
11627,www.catalog.update.microsoft.com,1,doh,13.338,13.338,13.338,224,1,www.catalog.update.microsoft.com
11708,emu.hulu.com,1,doh,13.866,13.866,13.866,85.30000001192093,1,emu.hulu.com
11734,amp.shazam.com,1,doh,15.097,15.097,15.097,213.20000000298023,1,amp.shazam.com
12500,api.pushnami.com,1,doh,12.798,12.798,12.798,93.70000000298023,1,api.pushnami.com
11787,uservoice.com,1,doh,14.126,109.21700000000001,34.82799999999991,825.3999999910593,8,app.termly.io;cdn.jsdelivr.net;cdn.prod.website-files.com;d3e54v103j8qbb.cloudfront.net;hubspotv2.use1-marketplace-1p-apps-prod-red.if.webflow.services;js.hs-scripts.com;use.typekit.net;uservoice.com
12124,unagi-fe.amazon.com,1,doh,13.818,13.818,13.818,325.5,1,unagi-fe.amazon.com
12396,gllto.glpals.com,1,doh,18.407,18.407,18.407,115.5,1,gllto.glpals.com
12316,b.scorecardresearch.com,1,doh,14.978,14.978,14.978,115.59999999403954,1,b.scorecardresearch.com
12248,connect.rom.miui.com,1,doh,15.414,15.414,15.414,772.6000000089407,1,connect.rom.miui.com
11851,watch.graph.api.espn.com,1,doh,13.796,13.796,13.796,85,1,watch.graph.api.espn.com
12068,gamedot-config.afafb.com,1,doh,16.158,16.158,16.158,135.09999999403954,1,gamedot-config.afafb.com
12658,abxc3apcastp.na.api.amazonvideo.com,1,doh,13.245,13.245,13.245,83.20000000298023,1,abxc3apcastp.na.api.amazonvideo.com
12514,fb788ee3e13c37e386c4fc5c50068dbd4f2d37ac192335d0d1dfd07cb52635b.us-east-1.prod.service.minerva.devices.a2z.com,1,doh,14.418,14.418,14.418,157.69999998807907,1,fb788ee3e13c37e386c4fc5c50068dbd4f2d37ac192335d0d1dfd07cb52635b.us-east-1.prod.service.minerva.devices.a2z.com
12048,jelly.mdhv.io,1,doh,0.0,0.0,0.0,112.3999999910593,0,
12358,sso.dzen.ru,1,doh,12.485,12.485,12.485,483.1000000089407,1,sso.dzen.ru
12441,cont-2.p-cdn.us,1,doh,13.754,13.754,13.754,327,1,cont-2.p-cdn.us
11529,creditkarma.com,1,doh,13.104,273.371,172.81300000000118,8330.79999999702,22,analytics.google.com;analytics.tiktok.com;bam-cell.nr-data.net;bam.nr-data.net;bat.bing.com;cdn.taboola.com;ck-content.imgix.net;connect.facebook.net;creditkarma.com;creditkarmacdn-a.akamaihd.net;googleads.g.doubleclick.net;js-agent.newrelic.com;ob.youstarsbuilding.com;obs.youstarsbuilding.com;s.pinimg.com;sponge.creditkarma.com;stats.g.doubleclick.net;tags.creditkarma.com;www.creditkarma.com;www.google.com;www.googleadservices.com;www.googletagmanager.com
12576,pix-cdn77.trafficjunky.net,1,doh,16.346,16.346,16.346,104.70000000298023,1,pix-cdn77.trafficjunky.net
12210,events.insiad.com,1,doh,13.619,13.619,13.619,338.3999999910593,1,events.insiad.com
11714,mpc-prod-15-s6uit34pua-uw.a.run.app,1,doh,0.0,0.0,0.0,160.20000000298023,0,
12090,sfepodownload.mediatek.com,1,doh,16.177,16.177,16.177,935.2999999970198,1,sfepodownload.mediatek.com
12084,sync.programmaticx.ai,1,doh,14.007,14.007,14.007,107.59999999403954,1,sync.programmaticx.ai
12116,dv9cjr-launches.appsflyersdk.com,1,doh,15.325,15.325,15.325,133.1000000089407,1,dv9cjr-launches.appsflyersdk.com
12499,telemetry.visualstudio.microsoft.com,1,doh,16.784,16.784,16.784,741.5999999940395,1,telemetry.visualstudio.microsoft.com
12305,abrkr43ghe3s.na.api.amazonvideo.com,1,doh,17.025,17.025,17.025,97.8999999910593,1,abrkr43ghe3s.na.api.amazonvideo.com
11712,stripecdn.com,1,doh,27.048,2600.293000000001,1714.016,1607.4000000059605,42,ad.doubleclick.net;alb.reddit.com;analytics.google.com;analytics.twitter.com;api.company-target.com;attr-td.ml-api.io;b.stripecdn.com;b91.yahoo.co.jp;bat.bing.com;dsum-sec.casalemedia.com;ext.stripe.com;googleads.g.doubleclick.net;id.rlcdn.com;images.stripeassets.com;match.adsrvr.org;munchkin.marketo.net;partners.tremorhub.com;pixel-config.reddit.com;pixel.byspotify.com;pixel.rubiconproject.com;pixels.spotify.com;px.ads.linkedin.com;q.quora.com;q.stripe.com;r.stripe.com;s.company-target.com;s.yimg.jp;segments.company-target.com;snap.licdn.com;static.ads-twitter.com;stripe.com;stripecdn.com;t.co;tag-logger.demandbase.com;tag.demandbase.com;tag.flvcdn.net;www.facebook.com;www.google-analytics.com;www.google.com;www.googletagmanager.com;www.linkedin.com;www.redditstatic.com
12192,imptracking.com,1,doh,17.437,17.437,17.437,31.69999998807907,1,imptracking.com
11541,pull-flv-f10-tt02.tiktokcdn.com,1,doh,14.284,14.284,14.284,262.1000000089407,1,pull-flv-f10-tt02.tiktokcdn.com
12005,rvikjd.com,1,doh,16.067,16.067,16.067,153,1,rvikjd.com
12709,res-odx.op-mobile.opera.com,1,doh,13.873,13.873,13.873,216.20000000298023,1,res-odx.op-mobile.opera.com
11590,pull-q5-va01.ttlivecdn.com,1,doh,15.501,15.501,15.501,185.20000000298023,1,pull-q5-va01.ttlivecdn.com
12417,azad.adsrvr.org,1,doh,13.908,13.908,13.908,141.09999999403954,1,azad.adsrvr.org
11765,pull-cmaf-l16-va01.tiktokcdn.com,1,doh,14.709,14.709,14.709,500.8999999910593,1,pull-cmaf-l16-va01.tiktokcdn.com
11878,r2.cloudflarestorage.com,1,doh,14.695,73.64099999999999,61.492999999999945,762.7000000029802,5,developers.cloudflare.com;geolocation.onetrust.com;ot.www.cloudflare.com;r2.cloudflarestorage.com;static.cloudflareinsights.com
12508,vod-hulu-akc-na.media.dssott.com,1,doh,16.139,16.139,16.139,599,1,vod-hulu-akc-na.media.dssott.com
11861,pull-flv-o11-sg01.tiktokcdn.com,1,doh,14.827,14.827,14.827,373.70000000298023,1,pull-flv-o11-sg01.tiktokcdn.com
12134,events.goskope.com,1,doh,0.004,0.004,0.004,262.29999999701977,1,events.goskope.com
11842,android16.prod.ftl.netflix.com,1,doh,15.166,15.166,15.166,116.5,1,android16.prod.ftl.netflix.com
11763,v19-cla.tiktokcdn-eu.com,1,doh,15.1,15.1,15.1,85.70000000298023,1,v19-cla.tiktokcdn-eu.com
11788,pull-flv-f10-tt01.tiktokcdn.com,1,doh,13.643,13.643,13.643,260.09999999403954,1,pull-flv-f10-tt01.tiktokcdn.com
12649,backend-gcp-us.activtrak.net,1,doh,14.861,14.861,14.861,120.5,1,backend-gcp-us.activtrak.net
12580,files-asr.acrobat.com,1,doh,11.307,269.24,235.06099999999967,2457.800000011921,19,acrobat.adobe.com;acroipm2.adobe.com;adobeid-na1.services.adobe.com;assets.adobedtm.com;auth-light.identity.adobe.com;auth.services.adobe.com;client.messaging.adobe.com;cloud.acrobat.com;dcs.adobedc.net;documentcloud.adobe.com;files-asr.acrobat.com;ims-na1.adobelogin.com;o4505393339695104.ingest.us.sentry.io;p.typekit.net;prod.adobeccstatic.com;shared-components.adobe.com;sstats.adobe.com;use.typekit.net;widget.uservoice.com
11768,pull-f5-tt03.tiktokrow-cdn.com,1,doh,16.712,16.712,16.712,181.70000000298023,1,pull-f5-tt03.tiktokrow-cdn.com
12291,ops-gx.nvidia.com,1,doh,18.213,18.213,18.213,89,1,ops-gx.nvidia.com
11597,pull-cmaf-f5-sg01.ttlivecdn.com,1,doh,23.586,23.586,23.586,347,1,pull-cmaf-f5-sg01.ttlivecdn.com
11951,notify.xboxlive.com,1,doh,16.038,16.038,16.038,416.90000000596046,1,notify.xboxlive.com
11879,encryption-a.wbx2.com,1,doh,13.128,13.128,13.128,173.1000000089407,1,encryption-a.wbx2.com
11843,pull-cmaf-f16-tt01.tiktokcdn.com,1,doh,15.872,15.872,15.872,193.70000000298023,1,pull-cmaf-f16-tt01.tiktokcdn.com
11549,otlp.bugsnag.com,1,doh,13.414,13.414,13.414,146,1,otlp.bugsnag.com
12142,windowsazure.com,1,doh,14.114,845.3150000000002,594.6919999999986,5611.5,59,a.tribalfusion.com;accdn-vip.lpsnmedia.net;alb.reddit.com;analytics.tiktok.com;analytics.twitter.com;api.company-target.com;assets.adobedtm.com;azure.microsoft.com;bat.bing.com;browser.events.data.microsoft.com;c.go-mpulse.net;c.s-microsoft.com;cdn-dynmedia-1.microsoft.com;cm.everesttech.net;cm.g.doubleclick.net;cms.analytics.yahoo.com;cms.quantserve.com;dc.ads.linkedin.com;dpm.demdex.net;dsum-sec.casalemedia.com;edge.adobedc.net;googleads.g.doubleclick.net;ib.adnxs.com;id.rlcdn.com;idpix.media6degrees.com;jadserve.postrelease.com;js.monitor.azure.com;lptag.liveperson.net;match.adsrvr.org;msftenterprise.sc.omtrdc.net;partners.tremorhub.com;pixel.rubiconproject.com;play.vidyard.com;publisher.liveperson.net;px.owneriq.net;rtd-tm.everesttech.net;rtd.tubemogul.com;rum.hlx.page;s.clarity.ms;s.company-target.com;s.go-mpulse.net;scripts.clarity.ms;segments.company-target.com;servedby.flashtalking.com;signup.azure.com;static-assets.fs.liveperson.com;tag-logger.demandbase.com;tag.demandbase.com;target.microsoft.com;uhf.microsoft.com;ups.analytics.yahoo.com;va-vip.v.liveperson.net;wcpstatic.microsoft.com;windowsazure.com;www.clarity.ms;www.facebook.com;www.google.com;www.linkedin.com;www.microsoft.com
11965,toblog.tobsnssdk.com,1,doh,23.089,23.089,23.089,395.70000000298023,1,toblog.tobsnssdk.com
11684,developers.google.com,1,doh,0.0,115.82199999999999,96.7120000000001,2246.2999999970198,8,apis.google.com;feedback-pa.clients6.google.com;fonts.googleapis.com;fonts.gstatic.com;gstatic.com;www.google-analytics.com;www.googletagmanager.com;www.gstatic.com
12537,update.intl.miui.com,1,doh,16.497,16.497,16.497,787.2000000029802,1,update.intl.miui.com
11994,t1.sophosupd.com,1,doh,16.294,16.294,16.294,206.90000000596046,1,t1.sophosupd.com
12573,site.api.espn.com,1,doh,14.334,14.334,14.334,171.20000000298023,1,site.api.espn.com
11522,pull-f5-tt04.tiktokrow-cdn.com,1,doh,21.499,21.499,21.499,189.20000000298023,1,pull-f5-tt04.tiktokrow-cdn.com
12307,doppler.hulu.com,1,doh,14.171,14.171,14.171,165.59999999403954,1,doppler.hulu.com
12229,gecko31-normal-useast1a.tiktokv.com,1,doh,38.17,38.17,38.17,867.9000000059605,1,gecko31-normal-useast1a.tiktokv.com
12443,nbcnews.com,1,doh,25.554,1512.4119999999998,919.7290000000012,8812.79999999702,114,1a8b2fd19fd87c9f0d08b8abb1f21512.safeframe.googlesyndication.com;8168974.fls.doubleclick.net;9f6bc946ffc84f39ba7761ec18f6d85f.mediatailor.us-east-1.amazonaws.com;aamt.nbcnews.com;aax-eu.amazon-adsystem.com;aax.amazon-adsystem.com;ad.doubleclick.net;ad.turn.com;ads.trustx.org;adservice.google.com;ak.sail-horizon.com;api.lightboxcdn.com;assets.adobedtm.com;ats.rlcdn.com;buy.tinypass.com;c.amazon-adsystem.com;c.tvpixel.com;c2.piano.io;capi.connatix.com;cdn.cookielaw.org;cdn.cxense.com;cdn.doubleverify.com;cdn.parsely.com;cdn.taboola.com;ce.lijit.com;client.aps.amazon-adsystem.com;cm-mx.advolve.io;cm.g.doubleclick.net;cms.analytics.yahoo.com;cms.quantserve.com;config.aps.amazon-adsystem.com;cookiesync.mparticle.com;cs.media.net;csync.loopme.me;dpm.demdex.net;ds.reson8.com;entitlements.jwplayer.com;ep1.adtrafficquality.google;ep2.adtrafficquality.google;eus.rubiconproject.com;experience.tinypass.com;experiments.parsely.com;fastlane.rubiconproject.com;fonts.gstatic.com;geo.privacymanager.io;geolocation.onetrust.com;grid-bidder.criteo.com;gum.criteo.com;hbopenbid.pubmatic.com;i.liadm.com;ib.adnxs.com;id.rlcdn.com;image2.pubmatic.com;image4.pubmatic.com;image8.pubmatic.com;jssdkcdns.mparticle.com;jssdks.mparticle.com;krk2.kargo.com;live-oneapp-prd-news.akamaized.net;live.primis.tech;match.adsrvr.org;match.prod.bidr.io;media-cldnry.s-nbcnews.com;micro.rubiconproject.com;mid.rkdms.com;mps.nbcuni.com;mssl.fwmrm.net;nbcnews.com;nbcu.demdex.net;nbcu.track.securedvisit.com;nodeassets.nbcnews.com;p.skimresources.com;p.tvpixel.com;p1.parsely.com;p1cluster.cxense.com;pagead2.googlesyndication.com;pixel-us-east.rubiconproject.com;pixel.rubiconproject.com;platform.iteratehq.com;polarcdn-engine.com;polarcdn-terrax.com;prebid-a.rubiconproject.com;prodamdnewsencoding.akamaized.net;pub.doubleverify.com;px.ads.linkedin.com;r.skimresources.com;reachms.bfmio.com;rtb.openx.net;s.amazon-adsystem.com;s.go-mpulse.net;s.skimresources.com;sb.scorecardresearch.com;securepubads.g.doubleclick.net;ssl.p.jwpcdn.com;ssum.casalemedia.com;static.polarcdn.com;sync.bfmio.com;sync.intentiq.com;t.skimresources.com;tag.researchnow.com;targeting.unrulymedia.com;tlx.3lift.com;token.rubiconproject.com;tpc.googlesyndication.com;tru.am;ups.analytics.yahoo.com;us-trc-events.taboola.com;usasync01.admantx.com;video-ads-module.ad-tech.nbcuni.com;vtrk.dv.tech;www.google.com;www.googletagmanager.com;www.lightboxcdn.com;www.nbcnews.com
12379,cambridge.org,1,doh,16.496,30.506999999999998,30.506999999999966,397.3949999958277,2,cambridge.org;challenges.cloudflare.com
12135,openx-ums.acuityplatform.com,1,doh,12.529,12.529,12.529,86.20000000298023,1,openx-ums.acuityplatform.com
11488,vortex-dual.hulu.com,1,doh,15.847,15.847,15.847,189.19999998807907,1,vortex-dual.hulu.com
12178,assets.activity.windows.com,1,doh,14.024,14.024,14.024,429.20000000298023,1,assets.activity.windows.com
12693,push-rtmp-l1-sg01.tiktokrow-cdn.com,1,doh,25.215,25.215,25.215,91.5,1,push-rtmp-l1-sg01.tiktokrow-cdn.com
12318,api.aurogon.intl.miui.com,1,doh,15.983,15.983,15.983,771.2000000029802,1,api.aurogon.intl.miui.com
12296,eventstreamappgw.us-east-1.prod.v2.gws.ring.amazon.dev,1,doh,20.884,20.884,20.884,88.6000000089407,1,eventstreamappgw.us-east-1.prod.v2.gws.ring.amazon.dev
12673,www.ieee.org,1,doh,14.559,14.559,14.559,106.20000000298023,1,www.ieee.org
12423,ct.canva.com,1,doh,0.0,0.0,0.0,99.80000001192093,0,
12224,mothership.dtc.datto.com,1,doh,0.004,0.004,0.004,190.09999999403954,1,mothership.dtc.datto.com
11569,ws-0f7bbb82-3d8f-4f04-b7e6-3f51c0e4da04.sendbird.com,1,doh,16.994,16.994,16.994,298.09999999403954,1,ws-0f7bbb82-3d8f-4f04-b7e6-3f51c0e4da04.sendbird.com
12275,stnvideo.com,1,doh,23.843,317.13500000000005,200.59499999999997,2906.7999999970198,20,analytics.google.com;buttons-config.sharethis.com;connect.facebook.net;embed.sendtonews.com;eventer-player.bqstreamer.com;fonts.googleapis.com;fonts.gstatic.com;googleads.g.doubleclick.net;l.sharethis.com;mp.mmvideocdn.com;pi.pardot.com;platform-api.sharethis.com;px.ads.linkedin.com;snap.licdn.com;stnvideo.com;w.chatlio.com;www.google-analytics.com;www.google.com;www.googletagmanager.com;www.linkedin.com
12256,js.usemessages.com,1,doh,12.44,12.44,12.44,126,1,js.usemessages.com
12053,rtb-bidder.adgrx.com,1,doh,13.728,13.728,13.728,82.90000000596046,1,rtb-bidder.adgrx.com
12556,google.com.co,1,doh,0.0,13.128,13.1280000000001,648.7999999970198,3,ogads-pa.clients6.google.com;play.google.com;www.gstatic.com
12584,prebid.ad.smaato.net,1,doh,17.341,17.341,17.341,101.6000000089407,1,prebid.ad.smaato.net
12457,inspquality.ehome.21cn.com,1,doh,18.924,18.924,18.924,15463.60000000894,1,inspquality.ehome.21cn.com
12483,lgincdnmsftuswe2.azureedge.net,1,doh,14.936,14.936,14.936,413.19999998807907,1,lgincdnmsftuswe2.azureedge.net
11919,programmaticx.ai,1,doh,22.123,124.128,109.53600000000024,1756.9000000059605,7,browser.sentry-cdn.com;frog.wix.com;panorama.wixapps.net;programmaticx.ai;static.parastorage.com;static.wixstatic.com;www.programmaticx.ai
12606,spoc.norton.com,1,doh,23.87,23.87,23.87,354.20000000298023,1,spoc.norton.com
12557,af.opera.com,1,doh,14.873,14.873,14.873,141.80000001192093,1,af.opera.com
11491,rtb-us-east.linkedin.com,1,doh,13.906,26.37,26.369999999999997,141.6000000089407,2,rtb-us-east.linkedin.com;static.licdn.com
11657,ecwdistribution.eclinicalweb.com,1,doh,20.22,151.77200000000002,131.41400000000004,1160.5999999940395,9,api.userway.org;cdn.cookielaw.org;cdn.userway.org;ecwdistribution.eclinicalweb.com;fonts.googleapis.com;googleads.g.doubleclick.net;www.eclinicalworks.com;www.google.com;www.googletagmanager.com
11707,b.wal.co,1,doh,14.338,14.338,14.338,455.6000000089407,1,b.wal.co
12141,serve.aritypmp.com,1,doh,20.609,20.609,20.609,136.59999999403954,1,serve.aritypmp.com
12433,video-api.yql.yahoo.com,1,doh,14.557,14.557,14.557,227.80000001192093,1,video-api.yql.yahoo.com
11854,api.competition.intl.miui.com,1,doh,22.561,22.561,22.561,780.5,1,api.competition.intl.miui.com
11809,static.vidazoo.com,1,doh,13.146,13.146,13.146,129.79999999701977,1,static.vidazoo.com
12402,dp.signifyd.com,1,doh,13.902,13.902,13.902,131.20000000298023,1,dp.signifyd.com
12460,cte.ux.21cn.com,1,doh,17.482,17.482,17.482,979.6999999880791,1,cte.ux.21cn.com
12050,pb.com,1,doh,21.793,292.099,209.2929999999999,1125.2999999970198,16,app.securiti.ai;assets.adobedtm.com;cdn-prod.securiti.ai;cm.everesttech.net;dpm.demdex.net;pagead2.googlesyndication.com;pb.com;pitneybowes.demdex.net;pitneybowes.sc.omtrdc.net;pitneybowesinc.tt.omtrdc.net;px.ads.linkedin.com;snap.licdn.com;www.googletagmanager.com;www.linkedin.com;www.pb.com;www.pitneybowes.com
11530,assets.smrtb.com,1,doh,13.873,13.873,13.873,178.40000000596046,1,assets.smrtb.com
11848,training.knowbe4.com,1,doh,14.735,73.45000000000002,64.00799999999991,246.29999999701977,5,cdn.pendo.io;data.pendo.io;fonts.googleapis.com;fonts.gstatic.com;training.knowbe4.com
11973,api.ozon.ru,1,doh,18.209,18.209,18.209,614.7999999970198,1,api.ozon.ru
12531,updates.vc.logitech.com,1,doh,17.324,17.324,17.324,107.09999999403954,1,updates.vc.logitech.com
12029,bricks-co.com,1,doh,17.224,229.957,142.48700000000017,1309.7999999970198,14,bricks-co.com;bricksfounders.com;cdn.jsdelivr.net;cdn.prod.website-files.com;corporate.sparteo.com;d3e54v103j8qbb.cloudfront.net;matomo.platform-k8s.bricks-co.com;pbsj.bricks-co.com;sparteo.com;static.fastcmp.com;sync.sparteo.com;t.fastcmp.com;www.google.com;www.gstatic.com
12106,pull-flv-f10-tt03.tiktokcdn.com,1,doh,16.938,16.938,16.938,266.09999999403954,1,pull-flv-f10-tt03.tiktokcdn.com
12635,dl.mvp.ringcentral.com,1,doh,17.456,17.456,17.456,106.29999999701977,1,dl.mvp.ringcentral.com
12717,telemetry.api.swiftkey.com,1,doh,24.414,24.414,24.414,317.6000000089407,1,telemetry.api.swiftkey.com
12503,targetednotifications-tm.trafficmanager.net,1,doh,14.139,14.139,14.139,243.5,1,targetednotifications-tm.trafficmanager.net
12007,s.rvikjd.com,1,doh,14.853,14.853,14.853,91.5,1,s.rvikjd.com
11884,oca-api.us-east-1.origin.prodaa.netflix.com,1,doh,14.93,14.93,14.93,78.20000000298023,1,oca-api.us-east-1.origin.prodaa.netflix.com
11580,pull-cmaf-f16-tt02.tiktokcdn.com,1,doh,13.283,13.283,13.283,332.09999999403954,1,pull-cmaf-f16-tt02.tiktokcdn.com
11560,sg-drive.wps.com,1,doh,14.051,164.68300000000002,135.56400000000002,242.6000000089407,7,analytics.google.com;cloud.cache.wpscdn.com;drive.wps.com;sg-drive.wps.com;stats.g.doubleclick.net;www.googletagmanager.com;www.gstatic.com
12652,mes.newsbreak.com,1,doh,17.009,17.009,17.009,315.09999999403954,1,mes.newsbreak.com
11570,service-aggregation-layer-subs.juno.ea.com,1,doh,16.682,16.682,16.682,88.5,1,service-aggregation-layer-subs.juno.ea.com
12704,prod.us-east-1.mystique.digital-books.amazon.dev,1,doh,14.671,14.671,14.671,88.29999999701977,1,prod.us-east-1.mystique.digital-books.amazon.dev
12322,pix-ht.trafficjunky.net,1,doh,14.13,14.13,14.13,139.90000000596046,1,pix-ht.trafficjunky.net
12136,origin.amazon-ads-attestation.com,1,doh,12.595,12.595,12.595,84.5,1,origin.amazon-ads-attestation.com
12548,httpkafka.unityads.unity3d.com,1,doh,14.504,14.504,14.504,114.20000000298023,1,httpkafka.unityads.unity3d.com
11536,fastly-signed-us-east-1-prod.brightcovecdn.com,1,doh,17.72,17.72,17.72,86.79999999701977,1,fastly-signed-us-east-1-prod.brightcovecdn.com
11910,jibe.google.com,1,doh,0.0,68.44,55.92400000000015,1518.5,5,fonts.googleapis.com;fonts.gstatic.com;www.google-analytics.com;www.googletagmanager.com;www.gstatic.com
12592,suggest.sso.dzen.ru,1,doh,13.193,13.193,13.193,680.7999999970198,1,suggest.sso.dzen.ru
11666,mobileappcommunicator.auth.microsoft.com,1,doh,15.8,15.8,15.8,281.40000000596046,1,mobileappcommunicator.auth.microsoft.com
11713,pull-cmaf-f16-tt03.tiktokcdn.com,1,doh,17.529,17.529,17.529,289.5,1,pull-cmaf-f16-tt03.tiktokcdn.com
12077,wetest.net,1,doh,16.723,719.513,567.9240000000002,2531.0999999940395,12,app.usercentrics.eu;assets.wetest.net;captcha.gtimg.com;cdn.wetest.net;rumt-us.com;t.captcha.qq.com;uct.service.usercentrics.eu;wetest.net;www.google.com;www.googletagmanager.com;www.gstatic.com;www.wetest.net
11568,uc.cn,1,doh,19.802,400.13900000000007,385.9440000000001,4267.29999999702,7,g.alicdn.com;image.uc.cn;log.mmstat.com;peco-img.uc.cn;px.effirst.com;uc.cn;www.uc.cn
11694,pull-flv-f58-tt03.tiktokcdn.com,1,doh,17.85,17.85,17.85,147.29999999701977,1,pull-flv-f58-tt03.tiktokcdn.com
12389,pull-flv-f1-tt03.tiktokcdn.com,1,doh,18.089,18.089,18.089,86.6000000089407,1,pull-flv-f1-tt03.tiktokcdn.com
11499,direct-events-collector.spot.im,1,doh,13.745,13.745,13.745,112.8999999910593,1,direct-events-collector.spot.im
12139,fa000000059.resources.office.net,1,doh,14.591,14.591,14.591,333.69999998807907,1,fa000000059.resources.office.net
12335,discovery.dm.microsoft.com,1,doh,13.915,13.915,13.915,319.90000000596046,1,discovery.dm.microsoft.com
12144,hiveplayer-static.bamgrid.com,1,doh,15.71,15.71,15.71,222.90000000596046,1,hiveplayer-static.bamgrid.com
12143,api.ok.ru,1,doh,13.536,13.536,13.536,480.79999999701977,1,api.ok.ru
11679,arm-ring.msedge.net,1,doh,14.656,14.656,14.656,105,1,arm-ring.msedge.net
12272,appconfigs.disney-plus.net,1,doh,14.251,14.251,14.251,352.8999999910593,1,appconfigs.disney-plus.net
11615,google.com.pr,1,doh,0.0,13.007,13.007000000000062,733.2999999970198,3,ogads-pa.clients6.google.com;play.google.com;www.gstatic.com
11917,v4.aga.web.ap-northeast-1.prod.diagnostic.networking.aws.dev,1,doh,14.86,14.86,14.86,508.80000001192093,1,v4.aga.web.ap-northeast-1.prod.diagnostic.networking.aws.dev
12374,sdwan.measure.office.com,1,doh,17.896,17.896,17.896,145.70000000298023,1,sdwan.measure.office.com
11634,icosa-service-sg.allawnos.com,1,doh,16.116,16.116,16.116,766.6000000089407,1,icosa-service-sg.allawnos.com
11675,s.update.indexww.com,1,doh,15.474,15.474,15.474,93.59999999403954,1,s.update.indexww.com
12665,otel-collector.island.io,1,doh,15.759,15.759,15.759,84,1,otel-collector.island.io
11793,dstillery.com,1,doh,19.898,281.945,227.3070000000006,3025,17,api.userway.org;cdn.cookielaw.org;cdn.lgrckt-in.com;cdn.userway.org;cdnjs.cloudflare.com;dstillery.chilipiper.com;dstillery.com;fonts.googleapis.com;fonts.gstatic.com;geolocation.onetrust.com;googleads.g.doubleclick.net;i.ytimg.com;static.doubleclick.net;www.bugherd.com;www.google.com;www.googletagmanager.com;www.youtube.com
12650,pingdom.net,1,doh,17.686,37.961,37.961000000000006,167.5,2,pingdom.net;www.pingdom.com
12579,pull-flv-l11-va01.tiktokrow-cdn.com,1,doh,16.114,16.114,16.114,380.79999999701977,1,pull-flv-l11-va01.tiktokrow-cdn.com
12618,tracking.miui.com,1,doh,14.623,14.623,14.623,932.5999999940395,1,tracking.miui.com
11710,pull-q5-sg01.ttlivecdn.com,1,doh,16.301,16.301,16.301,178.20000000298023,1,pull-q5-sg01.ttlivecdn.com
11603,c-ring.msedge.net,1,doh,17.059,17.059,17.059,170.5,1,c-ring.msedge.net
12632,drcedirect.com,1,doh,33.275,110.157,110.12500000000006,836.1999999880791,7,api-gateway-cloud.drcedirect.com;bf63792rhe.bf.dynatrace.com;drcedirect.com;fonts.googleapis.com;fonts.gstatic.com;js-cdn.dynatrace.com;www.drcedirect.com
11893,www.bbc.co.uk,1,doh,18.44,317.291,234.20499999999979,0,19,a1.api.bbc.com;cdn.cxense.com;cdn.optimizely.com;cdn.privacy-mgmt.com;cdn.tinypass.com;gn-web-assets.api.bbc.com;ichef.bbci.co.uk;idcta.api.bbc.co.uk;mybbc-analytics.files.bbci.co.uk;pagead2.googlesyndication.com;prebid.the-ozone-project.com;rm-script.dotmetrics.net;sb.scorecardresearch.com;scripts.webcontentassessor.com;securepubads.g.doubleclick.net;static.files.bbci.co.uk;uk-script.dotmetrics.net;web-cdn.api.bbci.co.uk;www.bbc.co.uk
12259,api.dashlane.com,1,doh,16.499,16.499,16.499,186.80000001192093,1,api.dashlane.com
12585,weborama.fr,1,doh,97.905,220.55200000000002,179.52099999999993,1491.5,9,ajax.googleapis.com;api.consentpro.com;cdn.prod.website-files.com;d3e54v103j8qbb.cloudfront.net;fonts.googleapis.com;fonts.gstatic.com;weborama.fr;www.googletagmanager.com;www.weborama.com
12137,log32-normal-alisg.tiktokv.com,1,doh,14.626,14.626,14.626,778.2999999970198,1,log32-normal-alisg.tiktokv.com
12520,calendar-pa.clients6.google.com,1,doh,0.0,12.995,12.995000000000005,152.29999999701977,1,www.google.com
12515,us-east.ads.audio.thisisdax.com,1,doh,15.66,15.66,15.66,121.5,1,us-east.ads.audio.thisisdax.com
12244,psn-rsc.prod.dl.playstation.net,1,doh,17.611,17.611,17.611,207.20000000298023,1,psn-rsc.prod.dl.playstation.net
11944,api-safari-ausw2c.smoot.apple.com,1,doh,17.697,17.697,17.697,311.79999999701977,1,api-safari-ausw2c.smoot.apple.com
11566,dsp-service.adtarget.biz,1,doh,13.816,13.816,13.816,198.29999999701977,1,dsp-service.adtarget.biz
12622,cache.dciwx.com,1,doh,14.28,14.28,14.28,206.20000000298023,1,cache.dciwx.com
11753,cmp1-ord1.steamserver.net,1,doh,14.309,14.309,14.309,123.40000000596046,1,cmp1-ord1.steamserver.net
11574,socialcanvas-api.kargo.com,1,doh,16.748,16.748,16.748,144.8999999910593,1,socialcanvas-api.kargo.com
12489,edge-mobile-static.azureedge.net,1,doh,28.533,28.533,28.533,157.70000000298023,1,edge-mobile-static.azureedge.net
11772,pull-c5-tt01.tiktokcdn.com,1,doh,16.228,16.228,16.228,73.6000000089407,1,pull-c5-tt01.tiktokcdn.com
11518,powerpointonline.nel.measure.office.net,1,doh,15.893,29.501,29.501000000000175,2749.2999999970198,2,ajax.aspnetcdn.com;powerpointonline.nel.measure.office.net
11614,ingest-dr.vfw.prod.skywave.jetstream.advertising.a2z.com,1,doh,15.811,15.811,15.811,130.20000000298023,1,ingest-dr.vfw.prod.skywave.jetstream.advertising.a2z.com
12074,mssdk16-normal-us-ttp.capcutapi.us,1,doh,18.951,18.951,18.951,114.09999999403954,1,mssdk16-normal-us-ttp.capcutapi.us
11811,mon-va.byteoversea.com,1,doh,19.652,19.652,19.652,857.2000000029802,1,mon-va.byteoversea.com
11732,pull-w5-va01.ttlivecdn.com,1,doh,16.07,16.07,16.07,94.19999998807907,1,pull-w5-va01.ttlivecdn.com
12399,k-us1.az.contentsquare.net,1,doh,15.631,15.631,15.631,99.20000000298023,1,k-us1.az.contentsquare.net
12683,fa000000064.resources.office.net,1,doh,16.41,16.41,16.41,427,1,fa000000064.resources.office.net
12152,r.turn.com,1,doh,19.825,528.8430000000001,507.0199999999999,1078.2000000029802,5,assets.amobee.com;login.amobee.com;platform.amobee.com;r.turn.com;www.datadoghq-browser-agent.com
12487,oxp.mxptint.net,1,doh,15.12,15.12,15.12,85.70000000298023,1,oxp.mxptint.net
11655,aggr32-normal.tiktokv.com,1,doh,139.168,139.168,139.168,881.9000000059605,1,aggr32-normal.tiktokv.com
12245,push.yandex.ru,1,doh,14.62,14.62,14.62,675.6000000089407,1,push.yandex.ru
11952,pull-cmaf-f77-tt03.tiktokcdn.com,1,doh,26.965,26.965,26.965,97.5,1,pull-cmaf-f77-tt03.tiktokcdn.com
11695,cr-p1.ladsp.com,1,doh,27.877,27.877,27.877,257,1,cr-p1.ladsp.com
11535,na159.epm.cyberark.com,1,doh,16.734,16.734,16.734,2928.0999999940395,1,na159.epm.cyberark.com
11514,sentry-prod-sg.glance.com,1,doh,13.812,13.812,13.812,4300,1,sentry-prod-sg.glance.com
12671,vidal-agent-comms.centrastage.net,1,doh,15.835,15.835,15.835,100.59999999403954,1,vidal-agent-comms.centrastage.net
12404,mpc-prod-14-s6uit34pua-ue.a.run.app,1,doh,0.0,0.0,0.0,123,0,
11837,mmsbackup.pa.googleapis.com,1,doh,0.0,12.058,12.057999999999993,223.3999999910593,1,www.google.com
11631,traveloka.com,1,doh,28.869,746.0719999999999,444.81700000000023,2512.5,38,accounts.google.com;alb.reddit.com;analytics-ipv6.tiktokw.us;analytics.google.com;analytics.tiktok.com;appleid.cdn-apple.com;bc.ad.daum.net;cd.ladsp.com;cdn.amplitude.com;cdnjs.cloudflare.com;connect.facebook.net;d.line-scdn.net;d1785e74lyxkqq.cloudfront.net;d9253bf4bdfd.edge.sdk.awswaf.com;dynamic.criteo.com;googleads.g.doubleclick.net;gum.criteo.com;ik.imagekit.io;js.appboycdn.com;karrot-pixel.business.daangn.com;nam.veta.naver.com;pixel-config.reddit.com;s.pinimg.com;s.yimg.jp;ssl.pstatic.net;stats.g.doubleclick.net;t.contentsquare.net;t1.daumcdn.net;tag.flvcdn.net;tags.creativecdn.com;traveloka.com;wcs.naver.net;www.google-analytics.com;www.google.com;www.googletagmanager.com;www.gstatic.com;www.redditstatic.com;www.traveloka.com
12268,eventstreamappgw.prod.v2.gws.ring.amazon.dev,1,doh,21.873,21.873,21.873,91.90000000596046,1,eventstreamappgw.prod.v2.gws.ring.amazon.dev
12204,napps-1.com,1,doh,19.266,19.266,19.266,126.90000000596046,1,napps-1.com
12694,suggest.dzen.ru,1,doh,14.633,14.633,14.633,672.2999999970198,1,suggest.dzen.ru
12138,kakao.com,1,doh,14.114,1064.704,1016.2080000000003,5273,9,connect.facebook.net;developers.kakao.com;kakao.com;stat.tiara.kakaocorp.com;t1.daumcdn.net;t1.kakaocdn.net;webid.ad.daum.net;www.googletagmanager.com;www.kakaocorp.com
11927,sanity.io,1,doh,26.352,219.01500000000001,195.15299999999965,5192.300000011921,13,api.sanity.io;cdn.sanity.io;chunk-oci-us-ashburn-1-vop1.fastly.mux.com;cmp.osano.com;image.mux.com;manifest-oci-us-ashburn-1-vop1.edgemv.mux.com;measure.sanity.io;pagead2.googlesyndication.com;qzkkn6cg4njg.statuspage.io;sanity.io;stream.mux.com;www.googletagmanager.com;www.sanity.io
12308,remote-config-prd.uca.cloud.unity3d.com,1,doh,14.552,14.552,14.552,106.29999999701977,1,remote-config-prd.uca.cloud.unity3d.com
12183,glance.net,1,doh,30.89,735.7800000000001,414.9270000000003,2401.0999999940395,46,22036085.fs1.hubspotusercontent-na1.net;22036085.hs-sites.com;alb.reddit.com;api.ipify.org;aplo-evnt.com;app.hubspot.com;assets.anytrack.io;assets.apollo.io;bat.bing.com;browser.sentry-cdn.com;c.clarity.ms;cdn.metadata.io;cdnjs.cloudflare.com;distillery.wistia.com;embed-ssl.wistia.com;fast.wistia.com;fast.wistia.net;glance.net;googleads.g.doubleclick.net;js.hs-analytics.net;js.hs-banner.com;js.hscollectedforms.net;js.hubspot.com;js.zi-scripts.com;perf-na1.hsforms.com;pipedream.wistia.com;pixel-config.reddit.com;px.ads.linkedin.com;s.clarity.ms;scout-cdn.salesloft.com;scout.salesloft.com;scripts.clarity.ms;snap.licdn.com;static.hsappstatic.net;tag.clearbitscripts.com;unpkg.com;ws.zoominfo.com;www.clarity.ms;www.glance.cx;www.glancecdn.net;www.google-analytics.com;www.google.com;www.googleadservices.com;www.googletagmanager.com;www.linkedin.com;www.redditstatic.com
12032,tenant.api.powerplatform.com,1,doh,43.93,43.93,43.93,133.29999999701977,1,tenant.api.powerplatform.com
12056,synckueez.cootlogix.com,1,doh,15.629,15.629,15.629,103.79999999701977,1,synckueez.cootlogix.com
12093,gs.mountain.com,1,doh,14.199,14.199,14.199,113.79999999701977,1,gs.mountain.com
12438,rcp.c.appier.net,1,doh,16.177,16.177,16.177,706.8000000119209,1,rcp.c.appier.net
12331,synco.teads.tv,1,doh,12.483,39.131,39.131,184.20000000298023,3,fonts.googleapis.com;fonts.gstatic.com;synco.teads.tv
12111,www.expressapisv2.net,1,doh,14.058,14.058,14.058,83.79999999701977,1,www.expressapisv2.net
11902,updates.overwolf.com,1,doh,29.357,29.357,29.357,142.90000000596046,1,updates.overwolf.com
11686,pull-o5-sg01.tiktokcdn.com,1,doh,14.321,14.321,14.321,182.20000000298023,1,pull-o5-sg01.tiktokcdn.com
11545,libra32-normal-no1a.tiktokv.eu,1,doh,13.693,13.693,13.693,382.6000000089407,1,libra32-normal-no1a.tiktokv.eu
11986,pull-flv-w10-va01.tiktokcdn.com,1,doh,16.569,16.569,16.569,345.59999999403954,1,pull-flv-w10-va01.tiktokcdn.com
12226,reputation-us-05.fortiedr.com,1,doh,15.009,15.009,15.009,263.90000000596046,1,reputation-us-05.fortiedr.com
12696,seart.marphezis.com,1,doh,13.425,13.425,13.425,280,1,seart.marphezis.com
12708,download.mozilla.org,1,doh,35.331,93.05600000000001,93.05599999999991,1112,5,download.mozilla.org;transcend-cdn.com;www.google-analytics.com;www.googletagmanager.com;www.mozilla.org
12713,impact-ad.jp,1,doh,16.919,16.919,16.919,822,1,impact-ad.jp
12338,tr-tmc-afd.office.com,1,doh,15.306,15.306,15.306,112.20000000298023,1,tr-tmc-afd.office.com
11673,global-api.island.io,1,doh,18.906,18.906,18.906,201,1,global-api.island.io
12164,mid4.linkedin.com,1,doh,14.976,14.976,14.976,192.29999999701977,1,mid4.linkedin.com
11831,pull-flv-f58-va01.tiktokcdn.com,1,doh,13.41,13.41,13.41,142.20000000298023,1,pull-flv-f58-va01.tiktokcdn.com
12482,cr-p11.ladsp.com,1,doh,12.722,12.722,12.722,237.40000000596046,1,cr-p11.ladsp.com
12177,usher.ttvnw.net,1,doh,17.137,17.137,17.137,86.6000000089407,1,usher.ttvnw.net
12235,reputation-us-02.fortiedr.com,1,doh,13.794,13.794,13.794,157.90000000596046,1,reputation-us-02.fortiedr.com
12581,o2r2hew432.execute-api.us-east-1.amazonaws.com,1,doh,14.754,14.754,14.754,98.70000000298023,1,o2r2hew432.execute-api.us-east-1.amazonaws.com
12323,vidal.rmm.datto.com,1,doh,30.974,96.107,85.38299999999988,1295,5,auth.datto.com;ka-p.fontawesome.com;kit.fontawesome.com;vidal.rmm.datto.com;walkme.portal.datto.com
11918,api-sr.amplitude.com,1,doh,16.676,16.676,16.676,314.1000000089407,1,api-sr.amplitude.com
12342,rebuyengine.com,1,doh,15.082,247.764,176.4810000000001,1592.1000000089407,16,21490690.fs1.hubspotusercontent-na1.net;21490690.hs-sites.com;cta-service-cms2.hubspot.com;fonts.googleapis.com;fonts.gstatic.com;forms-na1.hsforms.com;js.hs-analytics.net;js.hs-banner.com;js.hsadspixel.net;js.hscollectedforms.net;js.hubspot.com;p.typekit.net;perf-na1.hsforms.com;rebuyengine.com;use.typekit.net;www.rebuyengine.com
12385,dns.adguard.com,1,doh,15.336,98.50200000000001,98.50199999999997,1576.9000000059605,5,adguard-dns.io;cdn.adguardcdn.com;dns.adguard.com;st.adguardcdn.com;st2.adguardcdn.com
11780,a1.nyt.com,1,doh,16.37,16.37,16.37,430.8999999910593,1,a1.nyt.com
12228,mpc-prod-25-s6uit34pua-wl.a.run.app,1,doh,0.0,0.0,0.0,163.70000000298023,0,
12215,trancare.transsion-os.com,1,doh,14.574,14.574,14.574,381,1,trancare.transsion-os.com
12491,gw-is.iads.unity3d.com,1,doh,23.002,23.002,23.002,123.5,1,gw-is.iads.unity3d.com
12528,androidtvgtvmfe-pa.googleapis.com,1,doh,0.0,12.703,12.703000000000003,223,1,www.google.com
11795,lsagentrelay.lansweeper.com,1,doh,17.803,31.009,31.00899999999999,211.79999999701977,2,lsagentrelay.lansweeper.com;static.cloudflareinsights.com
11764,citi.com,1,doh,14.503,852.737,696.794999999998,4964.5,39,1.a79ab95c1589a13f8a4cab612bc71f9f7.com;1.b406929acabac9b095f124c81bdfcf57f.com;1.c81358859121583b7adf2ace89cb39f44.com;6260004.fls.doubleclick.net;89oebq5kmbvkkvfcekkm6if5uapnjsnca6pa75e54da229a7c765e93bsac.d.aa.online-metrix.net;ad.doubleclick.net;adservice.google.com;aemapi.citi.com;api.rlcdn.com;c.tvpixel.com;c1.rfihub.net;cdn.gbqofs.com;citi.com;citi.demdex.net;citicorpcreditservic.tt.omtrdc.net;cm.everesttech.net;content22.online.citi.com;contents1.00110.citi.com;contents2.00110.citi.com;data.privacy.ensighten.com;dpm.demdex.net;h.online-metrix.net;h64.online-metrix.net;idsync.rlcdn.com;nexus.ensighten.com;online.citi.com;p.rfihub.com;p.tvpixel.com;p11.techlab-cdn.com;prod.report.nacustomerexperience.citi.com;recs-prod.rfihub.com;s.amazon-adsystem.com;sb.scorecardresearch.com;siteintercept.qualtrics.com;tagmanager1.citi.com;www.citi.com;www.google.com;www.googletagmanager.com;zn3vi8kkuds0jjrfc-citifeedback.siteintercept.qualtrics.com
12413,video.flirtify.com,1,doh,23.085,54.335,54.335,169.5,2,error.c.cdn77.org;video.flirtify.com
12684,otomatis.vip,1,doh,26.291,96.616,83.85799999999995,388.90000000596046,6,lastfm.freetls.fastly.net;otomatis.vip;s4.anilist.co;static.cloudflareinsights.com;user-images.githubusercontent.com;ws.audioscrobbler.com
11543,www.blogger.com,1,doh,0.0,42.032,28.44999999999999,689.5,3,ajax.googleapis.com;fonts.googleapis.com;fonts.gstatic.com
11724,mq.dataservices.hp.com,1,doh,14.965,14.965,14.965,312.29999999701977,1,mq.dataservices.hp.com
11551,freshchat.com,1,doh,28.502,28.502,28.502,429.5,1,freshchat.com
12384,mp.mmvideocdn.com,1,doh,18.767,18.767,18.767,310.20000000298023,1,mp.mmvideocdn.com
12465,tydevice.com,1,doh,411.801,411.801,411.801,280.20000000298023,1,tydevice.com
11715,spider-tracker.xiaohongshu.com,1,doh,17.08,17.08,17.08,716.5,1,spider-tracker.xiaohongshu.com
12644,px.adhigh.net,1,doh,15.219,15.219,15.219,538.4000000059605,1,px.adhigh.net
12571,csync-apac.smilewanted.com,1,doh,17.356,2212.414999999999,1005.369,345.20000000298023,142,a.sportradarserving.com;aa.agkn.com;aax-eu.amazon-adsystem.com;ad.360yield.com;ad.turn.com;ads.betweendigital.com;ads.pubmatic.com;ads.yieldmo.com;aorta.clickagy.com;ap.lijit.com;b1sync.outbrain.com;b1sync.zemanta.com;beachfront-match.dotomi.com;bh.contextweb.com;bidder.smartytouch.co;bttrack.com;c1.adform.net;ce.lijit.com;ced-ns.sascdn.com;cm.adform.net;cm.anyrtb.com;cm.g.doubleclick.net;cms.quantserve.com;creativecdn.com;cs.admanmedia.com;cs.iqzone.com;cs.krushmedia.com;cs.media.net;cs.pgammedia.com;cs.playdigo.com;csync-apac.smilewanted.com;csync.loopme.me;csync.smartadserver.com;de.tynt.com;dis.criteo.com;dpm.demdex.net;dsp-service.admatic.de;dsp-service.pixad.com.tr;dsum-sec.casalemedia.com;eb2.3lift.com;equativ-match.dotomi.com;et-c-ash.33across.com;eus.rubiconproject.com;gw-iad-bid.ymmobi.com;hb.trustedstack.com;hbx.media.net;hde.tynt.com;ib.adnxs.com;ice.360yield.com;id.rlcdn.com;id5-sync.com;image2.pubmatic.com;image4.pubmatic.com;image6.pubmatic.com;image8.pubmatic.com;inmobi-match.dotomi.com;ittpx-us-e.eskimi.com;ittpx.eskimi.com;jadserve.postrelease.com;match.adsrvr.org;match.deepintent.com;match.prod.bidr.io;measureadv.com;ms-cookie-sync.presage.io;onetag-sys.com;pbs-cs.yellowblue.io;pippio.com;pixel-eu.rubiconproject.com;pixel-sync.sitescout.com;pixel-us-east.rubiconproject.com;pixel.onaudience.com;pixel.rubiconproject.com;pixel.tapad.com;pool.liftdsp.com;prebid-match.dotomi.com;prebid.a-mo.net;prebid.admatic.com.tr;prebid.admatic.de;prebid.pixad.com.tr;ps.eyeota.net;px.ads.linkedin.com;r.bidswitch.net;rtb.adstanding.com;rtb.gamoshi.io;rtb.gumgum.com;rtb.mfadsrvr.com;rtb.openx.net;s.ad.smaato.net;s.amazon-adsystem.com;s.company-target.com;s.seedtag.com;secure-assets.rubiconproject.com;server.smartytech.io;simage2.pubmatic.com;ssbsync.smartadserver.com;ssc-cms.33across.com;ssp-sync.criteo.com;ssp.disqus.com;static.cdn.admatic.com.tr;static.cdn.admatic.de;static.cdn.pixad.com.tr;sync-tm.everesttech.net;sync.a-mo.net;sync.adtelligent.com;sync.aniview.com;sync.bfmio.com;sync.crwdcntrl.net;sync.e-volution.ai;sync.go.sonobi.com;sync.inmobi.com;sync.ipredictive.com;sync.mathtag.com;sync.pinklion.io;sync.pmbmonetize.live;sync.richaudience.com;sync.smartadserver.com;sync.springserve.com;sync.srv.stackadapt.com;syncingbridge.com;t.adx.opera.com;t.oa.opera.com;tg.socdm.com;token.rubiconproject.com;tr.blismedia.com;trace.us.rtbwise.com;tracker-shr.ortb.net;u-ams.4dex.io;u.openx.net;um.simpli.fi;ums.acuityplatform.com;ups.analytics.yahoo.com;us-u.openx.net;us.ck-ie.com;us4.shb-sync.com;user-sync.fwmrm.net;usersync.gumgum.com;uss.xplosion.de;ut.pubmatic.com;visitor.omnitagjs.com;www.temu.com;x.bidswitch.net;yandex.ru
12369,svcs.vc.logitech.com,1,doh,15.561,15.561,15.561,170.70000000298023,1,svcs.vc.logitech.com
12026,bw-trk.smadex.com,1,doh,17.928,17.928,17.928,125.70000000298023,1,bw-trk.smadex.com
11745,voipfindereventsliveplay.wxqcloud.qq.com,1,doh,15.873,15.873,15.873,140.70000000298023,1,voipfindereventsliveplay.wxqcloud.qq.com
12691,telemetry.sgp.pvp.net,1,doh,15.066,15.066,15.066,179,1,telemetry.sgp.pvp.net
12654,api.webxtsvc.microsoft.com,1,doh,29.8,29.8,29.8,222.5,1,api.webxtsvc.microsoft.com
11642,pull-cmaf-f77-sg01.tiktokcdn.com,1,doh,26.147,26.147,26.147,94.90000000596046,1,pull-cmaf-f77-sg01.tiktokcdn.com
12149,utoken.umeng.com,1,doh,15.498,2259.545,2008.8489999999997,8473.60000000894,23,92zfol.tdum.alibaba.com;assets.alicdn.com;at.alicdn.com;cf.aliyun.com;cm.mediav.com;err.taobao.com;error.taobao.com;fourier.taobao.com;fragment.tmall.com;g.alicdn.com;gm.mmstat.com;gtms04.alicdn.com;gw.alicdn.com;h5api.m.taobao.com;img.alicdn.com;log.mmstat.com;o.alicdn.com;pc-growht-rta.taobao.com;pcookie.taobao.com;s-gm.mmstat.com;umdcv4.taobao.com;utoken.umeng.com;ynuf.aliapp.org
12015,content.ivanti.com,1,doh,17.587,17.587,17.587,333.79999999701977,1,content.ivanti.com
12206,sns-na-i4.xhscdn.com,1,doh,14.568,14.568,14.568,277.70000000298023,1,sns-na-i4.xhscdn.com
12281,us-api.archive-digger.com,1,doh,16.085,16.085,16.085,113.09999999403954,1,us-api.archive-digger.com
12079,freeform-river.data.ea.com,1,doh,16.746,16.746,16.746,87.09999999403954,1,freeform-river.data.ea.com
12582,tr-tmc-fs.office.com,1,doh,18.54,66.864,66.82500000000002,882.5,4,aadcdn.msftauth.net;login.microsoftonline.com;res.public.onecdn.static.microsoft;tr-tmc-fs.office.com
12238,s.richaudience.com,1,doh,22.132,22.132,22.132,245,1,s.richaudience.com
11840,idbroker-b-us.webex.com,1,doh,82.61,82.61,82.61,468.90000000596046,1,idbroker-b-us.webex.com
11654,a-ring-fallback.msedge.net,1,doh,14.373,14.373,14.373,104.69999998807907,1,a-ring-fallback.msedge.net
11794,ivanti.com,1,doh,15.667,455.78699999999986,191.87800000000024,1097.8999999910593,33,acq-3pas.admatrix.jp;analytics.google.com;b.6sc.co;bat.bing.com;c.6sc.co;c.clarity.ms;cdn.jsdelivr.net;cdnjs.cloudflare.com;epsilon.6sense.com;googleads.g.doubleclick.net;i.vimeocdn.com;ipv6.6sc.co;ivanti.com;j.6sc.co;js.monitor.azure.com;player.vimeo.com;px.ads.linkedin.com;s.clarity.ms;scripts.clarity.ms;secure.adnxs.com;snap.licdn.com;static.cloudflareinsights.com;static.ivanti.com;stats.g.doubleclick.net;tags.srv.stackadapt.com;transcend-cdn.com;v2.listenloop.com;ws.zoominfo.com;www.clarity.ms;www.google.com;www.googletagmanager.com;www.linkedin.com;www.youtube.com
12647,prebid-server.newsbreak.com,1,doh,12.639,12.639,12.639,313.09999999403954,1,prebid-server.newsbreak.com
12209,trak.rbxcdn.com,1,doh,19.535,19.535,19.535,1623.1000000089407,1,trak.rbxcdn.com
12064,pix.spot.im,1,doh,14.933,14.933,14.933,112.09999999403954,1,pix.spot.im
11538,www.inmobi.com,1,doh,15.79,654.8649999999998,292.6629999999999,1523,42,api.company-target.com;az416426.vo.msecnd.net;d.adroll.com;dsum-sec.casalemedia.com;eb2.3lift.com;ib.adnxs.com;id.rlcdn.com;image2.pubmatic.com;js.hs-analytics.net;js.hs-banner.com;js.hs-scripts.com;js.hsadspixel.net;js.hubspot.com;js.zi-scripts.com;lex.33across.com;match.adsrvr.org;ml314.com;pagead2.googlesyndication.com;partners.tremorhub.com;perf-na1.hsforms.com;pippio.com;pixel.rubiconproject.com;pixel.tapad.com;ps.eyeota.net;px.ads.linkedin.com;s.adroll.com;s.company-target.com;segments.company-target.com;snap.licdn.com;static.hotjar.com;sync.outbrain.com;sync.taboola.com;tag.demandbase.com;tags.srv.stackadapt.com;track.hubspot.com;us-u.openx.net;web.inmobicdn.net;www.google-analytics.com;www.googletagmanager.com;www.inmobi.com;www.linkedin.com;x.bidswitch.net
12173,sc0aws.rbxcdn.com,1,doh,19.178,19.178,19.178,159.29999999701977,1,sc0aws.rbxcdn.com
12129,is.snssdk.com,1,doh,231.183,231.183,231.183,12570.39999999106,1,is.snssdk.com
11941,anticheatexpert.com,1,doh,25.592,72.95100000000001,72.95099999999992,4238.5,4,anticheatexpert.com;down.anticheatexpert.com;rumt-zh.com;tam.cdn-go.cn
11783,d7ae3d206ce5366b0f0105dc74e8b013274baf9c15fd9588c12a576fa3ac95c.us-east-1.prod.service.minerva.devices.a2z.com,1,doh,18.354,18.354,18.354,104.8999999910593,1,d7ae3d206ce5366b0f0105dc74e8b013274baf9c15fd9588c12a576fa3ac95c.us-east-1.prod.service.minerva.devices.a2z.com
11593,pull-lls-l10-va01.tiktokcdn.com,1,doh,16.79,16.79,16.79,781.1999999880791,1,pull-lls-l10-va01.tiktokcdn.com
11716,pull-flv-l10-va01.tiktokrow-cdn.com,1,doh,15.635,15.635,15.635,784.8000000119209,1,pull-flv-l10-va01.tiktokrow-cdn.com
12200,a0.muscache.com,1,doh,19.102,434.70699999999994,205.15800000000016,1133.7999999970198,22,a0.muscache.com;ad.doubleclick.net;adservice.google.com;analytics.google.com;cm.g.doubleclick.net;ct.pinterest.com;d0a7e.airbnb.com;d34r8q7sht0t9k.cloudfront.net;googleads.g.doubleclick.net;ib.adnxs.com;insight.adsrvr.org;ipv4.pdscrb.com;js.adsrvr.org;pixel.rubiconproject.com;stats.g.doubleclick.net;tr.snapchat.com;verifi.pdscrb.com;www.airbnb.com;www.facebook.com;www.google.com;www.googleadservices.com;www.googletagmanager.com
11841,tr-tmc-afdmira.office.com,1,doh,25.799,25.799,25.799,124.59999999403954,1,tr-tmc-afdmira.office.com
11711,img-1.kwcdn.com,1,doh,22.148,22.148,22.148,113.20000000298023,1,img-1.kwcdn.com
12354,pull-flv-l11-sg01.tiktokrow-cdn.com,1,doh,13.189,13.189,13.189,369.29999999701977,1,pull-flv-l11-sg01.tiktokrow-cdn.com
12089,gbslo5.icloud-content.com,1,doh,13.25,13.25,13.25,356.70000000298023,1,gbslo5.icloud-content.com
12646,ape-androids.isappcloud.com,1,doh,13.376,13.376,13.376,162.70000000298023,1,ape-androids.isappcloud.com
11726,sns-na-i6.xhscdn.com,1,doh,466.972,466.972,466.972,1613.5,1,sns-na-i6.xhscdn.com
12237,cat.da.us.criteo.com,1,doh,16.72,16.72,16.72,184,1,cat.da.us.criteo.com
12493,p16-tako-img-gen-useast8.tiktokcdn-us.com,1,doh,14.619,14.619,14.619,455.29999999701977,1,p16-tako-img-gen-useast8.tiktokcdn-us.com
12538,api16-log-sg2.pangle.io,1,doh,19.256,19.256,19.256,337.70000000298023,1,api16-log-sg2.pangle.io
12286,etahub.com,1,doh,12.969,12.969,12.969,122.29999999701977,1,etahub.com
12702,api-glb-aeuw1b.smoot.apple.com,1,doh,13.483,13.483,13.483,328.8999999910593,1,api-glb-aeuw1b.smoot.apple.com
12088,loobygamesonline.com,1,doh,19.293,172.052,128.65699999999978,886.2000000029802,12,euob.iseaskies.com;l.cdn-fileserver.com;loobygamesonline.com;msadsscale.microsoft.com;obseu.iseaskies.com;resultnetsearch.com;resultsfastfind.com;s.cdn-fileserver.com;s.yimg.com;scripts.clarity.ms;static.cloudflareinsights.com;www.loobygamesonline.com
12326,static.nvidiagrid.net,1,doh,12.98,12.98,12.98,249.90000000596046,1,static.nvidiagrid.net
12266,v53.tiktokcdn.com,1,doh,330.015,330.015,330.015,488.20000000298023,1,v53.tiktokcdn.com
11595,co-merchandise.opera-api.com,1,doh,14.735,14.735,14.735,144.5,1,co-merchandise.opera-api.com
11814,iphone.life360.com,1,doh,12.41,23.936,23.93600000000001,223.70000000298023,2,iphone.life360.com;static.cloudflareinsights.com
11995,mon-va.tiktokv.com,1,doh,38.288,38.288,38.288,200.20000000298023,1,mon-va.tiktokv.com
12179,exponea.com,1,doh,15.678,219.60399999999998,151.15899999999965,3127,17,analytics.google.com;api.exponea.com;c.navattic.com;cdn-cookieyes.com;directory.cookieyes.com;exponea.com;fonts.googleapis.com;fonts.gstatic.com;forms-na1.hsforms.com;forms.hsforms.com;js.hsforms.net;log.cookieyes.com;stats.g.doubleclick.net;tour.bloomreach.com;www.bloomreach.com;www.google.com;www.googletagmanager.com
12525,sapphire-api.target.com,1,doh,13.948,13.948,13.948,105.20000000298023,1,sapphire-api.target.com
12535,retail.rpay.roku.com,1,doh,13.136,13.136,13.136,142,1,retail.rpay.roku.com
12347,trace.adfinitys.com,1,doh,11.948,11.948,11.948,119.30000001192093,1,trace.adfinitys.com
11839,king.com,1,doh,13.328,64.717,64.717,705.2000000029802,5,cdn-ukwest.onetrust.com;king.com;www.google-analytics.com;www.googletagmanager.com;www.king.com
12699,samsclub.com,1,doh,14.82,169.51799999999997,142.0879999999995,1106.9000000059605,12,client.px-cloud.net;collector-pxslc3j22k.px-client.net;collector-pxslc3j22k.px-cloud.net;crcldu.com;fonts.googleapis.com;fst-ec.perimeterx.net;i5.walmartimages.com;js.px-cloud.net;samsclub.com;tzm.px-cloud.net;use.typekit.net;www.samsclub.com
12498,adminwebservice.microsoftonline.com,1,doh,14.417,14.417,14.417,102.09999999403954,1,adminwebservice.microsoftonline.com
12294,sb.teams.static.microsoft,1,doh,13.571,13.571,13.571,92.1000000089407,1,sb.teams.static.microsoft
11859,cloudflarestorage.com,1,doh,15.78,15.78,15.78,19873.60000000894,1,cloudflarestorage.com
11907,www.expedia.com,1,doh,15.897,54.724,54.72399999999994,896.8000000119209,4,c.travel-assets.com;geo.captcha-delivery.com;static.captcha-delivery.com;www.expedia.com
12439,nexus-gateway-prod.media.yahoo.com,1,doh,12.901,12.901,12.901,99.20000000298023,1,nexus-gateway-prod.media.yahoo.com
12080,pull-lls-l11-sg01.tiktokcdn.com,1,doh,11.599,11.599,11.599,182.19999998807907,1,pull-lls-l11-sg01.tiktokcdn.com
11680,pull-lls-l10-sg01.tiktokcdn.com,1,doh,13.952,13.952,13.952,776.7999999970198,1,pull-lls-l10-sg01.tiktokcdn.com
11872,sns-na-i1.xhscdn.com,1,doh,91.54,91.54,91.54,349.20000000298023,1,sns-na-i1.xhscdn.com
12555,livepixel4-production.bln.liveintent.com,1,doh,13.841,13.841,13.841,80.09999999403954,1,livepixel4-production.bln.liveintent.com
11645,unified-gateway.doordash.com,1,doh,12.411,12.411,12.411,234.79999999701977,1,unified-gateway.doordash.com
11748,fa000000145.resources.office.net,1,doh,13.979,13.979,13.979,218.1000000089407,1,fa000000145.resources.office.net
11744,sportscenter.fan.api.espn.com,1,doh,12.445,12.445,12.445,87.6000000089407,1,sportscenter.fan.api.espn.com
12361,atom.peacocktv.com,1,doh,13.447,13.447,13.447,132.69999998807907,1,atom.peacocktv.com
11663,mr-prod-t.msedge.net,1,doh,24.311,24.311,24.311,100.1000000089407,1,mr-prod-t.msedge.net
11525,pixel.everesttech.net,1,doh,13.072,13.072,13.072,121.70000000298023,1,pixel.everesttech.net
11495,configv2-prd.unityads.unity3d.com,1,doh,34.585,34.585,34.585,127.70000000298023,1,configv2-prd.unityads.unity3d.com
12175,v.whatsapp.net,1,doh,15.366,15.366,15.366,83.69999998807907,1,v.whatsapp.net
12614,usea1-att-managed-security.sentinelone.net,1,doh,13.483,83.368,83.368,1527.7000000029802,3,cdn.pendo.io;content.pendo.sentinelone.net;usea1-att-managed-security.sentinelone.net
11958,pull-flv-l77-va01.tiktokcdn.com,1,doh,14.434,14.434,14.434,82.09999999403954,1,pull-flv-l77-va01.tiktokcdn.com
11653,p-ring.msedge.net,1,doh,16.487,16.487,16.487,87.70000000298023,1,p-ring.msedge.net
12186,api.hubspot.com,1,doh,12.886,322.021,214.2800000000003,2346.8999999910593,22,53.fs1.hubspotusercontent-na1.net;analytics.google.com;api.hubspot.com;cdn2.hubspot.net;cta-service-cms2.hubspot.com;developers.hubspot.com;fonts.googleapis.com;hubspot.statuspage.io;js.hs-analytics.net;js.hs-banner.com;js.hsadspixel.net;js.hsforms.net;js.hubspotfeedback.com;js.usemessages.com;perf-na1.hsforms.com;static.hsappstatic.net;stats.g.doubleclick.net;wtcfns.hubspot.com;www.google-analytics.com;www.googletagmanager.com;www.hubspot.com;www.wthubspot.com
11938,logs.browser-intake-datadoghq.com,1,doh,13.543,13.543,13.543,84.70000000298023,1,logs.browser-intake-datadoghq.com
12591,afd-bxxea57natk6k-b3arhwd4gve9dac0.b02.azurefd.net,1,doh,23.144,23.144,23.144,159.5,1,afd-bxxea57natk6k-b3arhwd4gve9dac0.b02.azurefd.net
12312,agnss.goog,1,doh,12.527,12.527,12.527,132.80000001192093,1,agnss.goog
12024,sq-device.apple.com,1,doh,17.321,17.321,17.321,146.59999999403954,1,sq-device.apple.com
11621,mcr-ring.msedge.net,1,doh,14.597,14.597,14.597,102.70000000298023,1,mcr-ring.msedge.net
12293,sc-sa.dramaboxdb.com,1,doh,15.063,15.063,15.063,800.0999999940395,1,sc-sa.dramaboxdb.com
11804,action.dstillery.com,1,doh,13.536,26.066,26.066000000000003,217.29999999701977,2,action.dstillery.com;action.media6degrees.com
12270,flirtify.com,1,doh,13.847,113.087,85.7829999999997,1106.5,7,accounts.google.com;flirtify.com;fonts.googleapis.com;fonts.gstatic.com;static.flirtify.com;video.flirtify.com;www.googletagmanager.com
11579,s.shopee.co.id,1,doh,33.641,61.044,61.043999999999905,1938.2000000029802,3,deo.shopeemobile.com;s.shopee.co.id;shope.ee
12150,bvc-hac-lp1.cdn.nintendo.net,1,doh,14.777,14.777,14.777,297.70000000298023,1,bvc-hac-lp1.cdn.nintendo.net
11779,pull-cmaf-f16-sg01.ttlivecdn.com,1,doh,14.22,14.22,14.22,531.2999999970198,1,pull-cmaf-f16-sg01.ttlivecdn.com
12299,preprod.amazoncrl.com,1,doh,14.395,14.395,14.395,315.09999999403954,1,preprod.amazoncrl.com
11717,api-safari-ausw2b.smoot.apple.com,1,doh,14.34,14.34,14.34,303.69999998807907,1,api-safari-ausw2b.smoot.apple.com
11985,px.oa.opera.com,1,doh,14.461,14.461,14.461,532.2000000029802,1,px.oa.opera.com
11992,api.unity.com,1,doh,30.205,30.205,30.205,174.59999999403954,1,api.unity.com
11853,pull-f5-sg01.tiktokrow-cdn.com,1,doh,13.732,13.732,13.732,102,1,pull-f5-sg01.tiktokrow-cdn.com
12023,getui.com,1,doh,14.725,2721.265,1344.5080000000012,21049.60000000894,9,cdn-getuigw.getui.com;getui.com;gt-static.getui.com;hm.baidu.com;qiyukf.com;sp0.baidu.com;tracking.getui.com;zxid-api.mobileservice.cn;zz.bdstatic.com
12522,beacon.walmart.com,1,doh,15.632,15.632,15.632,197.79999999701977,1,beacon.walmart.com
12432,openstreetmap.org,1,doh,17.613,34.978,34.977999999999895,1454.5,3,matomo.openstreetmap.org;openstreetmap.org;tile.openstreetmap.org
12637,lf19-effectcdn-us.tiktokcdn-us.com,1,doh,13.006,13.006,13.006,86.59999999403954,1,lf19-effectcdn-us.tiktokcdn-us.com
11501,redhat.com,1,doh,12.632,162.51399999999998,162.49800000000016,1195.5,9,adobedc.demdex.net;assets.adobedtm.com;consent-pref.trustarc.com;consent-st.trustarc.com;consent.trustarc.com;redhat.com;sso.redhat.com;static.redhat.com;www.redhat.com
12231,adster.tech,1,doh,20.24,141.99999999999997,75.46500000000002,2087.3999999910593,11,adster.tech;analytics.google.com;assets.calendly.com;fonts.googleapis.com;fonts.gstatic.com;googleads.g.doubleclick.net;static.cloudflareinsights.com;stats.g.doubleclick.net;storage.googleapis.com;www.google.com;www.googletagmanager.com
11722,a1.api.bbc.co.uk,1,doh,25.162,25.162,25.162,118.40000000596046,1,a1.api.bbc.co.uk
11659,eur.loki.delve.office.com,1,doh,22.324,22.324,22.324,195,1,eur.loki.delve.office.com
11943,www.att.com,1,doh,19.695,590.8729999999999,433.28300000000087,2035.7000000029802,40,20877709p.rfihub.com;6100125.fls.doubleclick.net;68794910.akstat.io;a.rfihub.com;ad.doubleclick.net;adobedc.demdex.net;adservice.google.com;aep.att.com;assets.adobedtm.com;azinsight.adsrvr.org;bat.bing.com;bf03987fss.bf.dynatrace.com;c.go-mpulse.net;cdn.flashtalking.com;cdn.quantummetric.com;cm.g.doubleclick.net;connect.facebook.net;d.agkn.com;d.oracleinfinity.io;dc.oracleinfinity.io;dpm.demdex.net;fid.agkn.com;fls.doubleclick.net;googleads.g.doubleclick.net;ib.adnxs.com;ingestusipv4.quantummetric.com;insight.adsrvr.org;live.rezync.com;s.amazon-adsystem.com;s2.go-mpulse.net;servedby.flashtalking.com;signin.att.com;smetrics.att.com;solutions.invocacdn.com;storage.googleapis.com;ucm-us.verint-cdn.com;www.att.com;www.google.com;www.googleadservices.com;www.googletagmanager.com
12297,flow.logitech.io,1,doh,12.798,12.798,12.798,155.09999999403954,1,flow.logitech.io
12523,slc.stats.paypal.com,1,doh,12.384,12.384,12.384,272.70000000298023,1,slc.stats.paypal.com
11577,o33249.ingest.sentry.io,1,doh,15.256,15.256,15.256,193.20000000298023,1,o33249.ingest.sentry.io
11929,jssdks.mparticle.com,1,doh,11.954,11.954,11.954,81.70000000298023,1,jssdks.mparticle.com
12011,pull-flv-f9-va01.tiktokcdn.com,1,doh,13.525,13.525,13.525,86.80000001192093,1,pull-flv-f9-va01.tiktokcdn.com
12596,raptive.solutions.cdn.optable.co,1,doh,11.629,11.629,11.629,156.20000000298023,1,raptive.solutions.cdn.optable.co
11899,www.google.com.hk,1,doh,0.0,11.827,11.827000000000083,527.5999999940395,3,ogads-pa.clients6.google.com;play.google.com;www.gstatic.com
11901,ehome.21cn.com,1,doh,19.027,19.027,19.027,803.1000000089407,1,ehome.21cn.com
12349,perchsecurity.com,1,doh,21.366,748.403,493.9530000000004,7337.399999991059,30,6046319.global.siteimproveanalytics.io;alb.reddit.com;cdn.cookielaw.org;cdn.jsdelivr.net;cdn.optimizely.com;cdn3.optimizely.com;cdnjs.cloudflare.com;challenges.cloudflare.com;connect.facebook.net;fast.wistia.com;geolocation.onetrust.com;googleads.g.doubleclick.net;images.unsplash.com;js.qualified.com;lp.connectwise.com;ob.fishrobotflower.com;obs.fishrobotflower.com;p.typekit.net;page.connectwise.com;perchsecurity.com;pixel-config.reddit.com;s.usea01.idio.episerver.net;siteimproveanalytics.com;use.typekit.net;widget.trustpilot.com;www.connectwise.com;www.google.com;www.googleadservices.com;www.perchsecurity.com;www.redditstatic.com
12619,swda01-mscdn.manage.microsoft.com,1,doh,31.754,31.754,31.754,254.29999999701977,1,swda01-mscdn.manage.microsoft.com
11527,whoami.linewize.net,1,doh,13.716,13.716,13.716,93.59999999403954,1,whoami.linewize.net
12332,adfinitys.com,1,doh,177.072,222.957,201.452,2689.9000000059605,5,adfinitys.com;ajax.googleapis.com;fonts.googleapis.com;fonts.gstatic.com;unpkg.com
12381,o17585.ingest.sentry.io,1,doh,12.222,12.222,12.222,195.20000000298023,1,o17585.ingest.sentry.io
11832,mcdp-chidc2.outbrain.com,1,doh,12.414,12.414,12.414,125,1,mcdp-chidc2.outbrain.com
12327,vkvideo.ru,1,doh,13.924,1065.103,278.5140000000014,10744.90000000596,42,ad.mail.ru;akashi.vk-portal.net;api.vkvideo.ru;connectivitycheck.gstatic.com;gstatic.com;login.vk.com;mc.yandex.ru;r.mradx.net;st.vkvideo.ru;stats.vk-portal.net;sun9-11.userapi.com;sun9-15.userapi.com;sun9-17.userapi.com;sun9-2.userapi.com;sun9-23.userapi.com;sun9-24.userapi.com;sun9-27.userapi.com;sun9-30.userapi.com;sun9-31.userapi.com;sun9-33.userapi.com;sun9-35.userapi.com;sun9-40.userapi.com;sun9-41.userapi.com;sun9-48.userapi.com;sun9-52.userapi.com;sun9-56.userapi.com;sun9-57.userapi.com;sun9-59.userapi.com;sun9-6.userapi.com;sun9-62.userapi.com;sun9-63.userapi.com;sun9-64.userapi.com;sun9-67.userapi.com;sun9-70.userapi.com;sun9-71.userapi.com;sun9-8.userapi.com;sun9-81.userapi.com;sun9-82.userapi.com;sun9-83.userapi.com;sun9-88.userapi.com;sun9-9.userapi.com;vkvideo.ru
12302,smp-paymentservices.apple.com,1,doh,15.137,15.137,15.137,131.90000000596046,1,smp-paymentservices.apple.com
11544,ieee.org,1,doh,16.439,36.116,36.11599999999999,195.09999999403954,2,ieee.org;www.ieee.org
11933,anthropic.com,1,doh,13.03,194.981,148.11200000000025,901,14,117895469.intellimizeio.com;a-api.anthropic.com;a-cdn.anthropic.com;anthropic.com;api.intellimize.co;cdn.intellimize.co;cdn.prod.website-files.com;connect.facebook.net;d3e54v103j8qbb.cloudfront.net;hubspotonwebflow.com;log.intellimize.co;www.anthropic.com;www.google-analytics.com;www.googletagmanager.com
12145,gcdsdk.appsflyersdk.com,1,doh,29.027,29.027,29.027,114.5,1,gcdsdk.appsflyersdk.com
11517,javadl-esd-secure.oracle.com,1,doh,13.976,13.976,13.976,1197.7999999970198,1,javadl-esd-secure.oracle.com
12480,desktop.centegix.com,1,doh,14.217,14.217,14.217,125.79999999701977,1,desktop.centegix.com
11834,pull-cmaf-l10-sg01.tiktokcdn.com,1,doh,15.474,15.474,15.474,760.5,1,pull-cmaf-l10-sg01.tiktokcdn.com
12227,static.trafficjunky.com,1,doh,13.948,13.948,13.948,168.1000000089407,1,static.trafficjunky.com
12287,us-west-tlx.3lift.com,1,doh,21.306,82.533,82.53300000000003,530.5,4,divp3w86nodu0.cloudfront.net;fonts.googleapis.com;fonts.gstatic.com;us-west-tlx.3lift.com
12712,adobesearch.adobe.io,1,doh,29.774,29.774,29.774,113.90000000596046,1,adobesearch.adobe.io
12395,webxtsvc.microsoft.com,1,doh,27.432,27.432,27.432,244.09999999403954,1,webxtsvc.microsoft.com
12608,a.omappapi.com,1,doh,13.676,311.0,227.74299999999954,1654.2000000029802,25,a.omappapi.com;a.optinmonster.com;a.trstplse.com;analytics.google.com;api.getdrip.com;api.optinmonster.com;bat.bing.com;c.clarity.ms;cdn-4.convertexperiments.com;cdn.optinmonster.com;cdnjs.cloudflare.com;challenges.cloudflare.com;connect.facebook.net;fonts.gstatic.com;googleads.g.doubleclick.net;lantern.roeye.com;lantern.roeyecdn.com;optinmonster.com;s.clarity.ms;scripts.clarity.ms;stats.g.doubleclick.net;tag.getdrip.com;www.clarity.ms;www.google.com;www.googletagmanager.com
11500,jstor.org,1,doh,13.171,79.859,68.79899999999998,1707.0999999940395,6,cdn.cookielaw.org;geolocation.onetrust.com;jstor.org;static.ithaka.org;www.google-analytics.com;www.googletagmanager.com
12216,v4.aga.web.eu-west-1.prod.diagnostic.networking.aws.dev,1,doh,15.325,15.325,15.325,292,1,v4.aga.web.eu-west-1.prod.diagnostic.networking.aws.dev
11690,pull-flv-o77-va01.tiktokcdn.com,1,doh,12.899,12.899,12.899,79.80000001192093,1,pull-flv-o77-va01.tiktokcdn.com
11720,tracookiepixel.xyz,1,doh,11.642,11.642,11.642,352.20000000298023,1,tracookiepixel.xyz
12373,na136.epm.cyberark.com,1,doh,14.202,14.202,14.202,2946.7999999970198,1,na136.epm.cyberark.com
12452,security-app.eufylife.com,1,doh,12.815,12.815,12.815,134.09999999403954,1,security-app.eufylife.com
11998,o.alicdn.com,1,doh,15.671,15.671,15.671,161.09999999403954,1,o.alicdn.com
11945,ic-vrm-nss.xhpingcdn.com,1,doh,31.239,31.239,31.239,306.70000000298023,1,ic-vrm-nss.xhpingcdn.com
11689,instana.io,1,doh,0.012,0.012,0.012,1188.5,1,instana.io
12072,img-2.kwcdn.com,1,doh,16.28,16.28,16.28,89.80000001192093,1,img-2.kwcdn.com
12612,instantmessaging-pa-jms-ap.googleapis.com,1,doh,0.0,13.908,13.908000000000015,903.5,1,www.google.com
12055,claude.ai,1,doh,0.0,12.805,12.80499999999995,395.95499999821186,1,challenges.cloudflare.com
11602,pull-cmaf-f16-sg01.tiktokcdn.com,1,doh,15.055,15.055,15.055,502.3999999910593,1,pull-cmaf-f16-sg01.tiktokcdn.com
12355,api-us.cloud.com,1,doh,13.533,13.533,13.533,97.3999999910593,1,api-us.cloud.com
11825,ssb-usw1.smartadserver.com,1,doh,15.782,15.782,15.782,280.09999999403954,1,ssb-usw1.smartadserver.com
11830,wbd.ms,1,doh,15.079,115.62899999999999,113.44499999999994,937,7,aadcdn.msauth.net;app.whiteboard.microsoft.com;login.live.com;login.microsoftonline.com;login.windows.net;wbd.ms;whiteboard.cloud.microsoft
12282,arl.assets.apl-alexa.com,1,doh,12.596,12.596,12.596,143.5,1,arl.assets.apl-alexa.com
12172,eu.checkin.dm.microsoft.com,1,doh,23.116,23.116,23.116,442.09999999403954,1,eu.checkin.dm.microsoft.com
12466,frontier-sg.capcut.com,1,doh,12.191,12.191,12.191,797.8999999910593,1,frontier-sg.capcut.com
12104,www.hbomax.com,1,doh,15.244,109.72299999999998,104.21399999999974,1730.800000011921,10,beam-images.warnermediacdn.com;braze-images.com;browser.sentry-cdn.com;c.go-mpulse.net;default.any-any.prd.api.hbomax.com;default.beam-amer.prd.api.hbomax.com;lightning.warnermediacdn.com;s.go-mpulse.net;www.googletagmanager.com;www.hbomax.com
11926,pull-flv-f1-gcp01.tiktokcdn.com,1,doh,14.607,14.607,14.607,81.29999999701977,1,pull-flv-f1-gcp01.tiktokcdn.com
12344,api-cdn.yotpo.com,1,doh,15.021,15.021,15.021,109.80000001192093,1,api-cdn.yotpo.com
11959,api.rakuten.com,1,doh,14.615,14.615,14.615,188.29999999701977,1,api.rakuten.com
12247,account-public-service-prod.ol.epicgames.com,1,doh,13.554,13.554,13.554,88.29999999701977,1,account-public-service-prod.ol.epicgames.com
12300,client-update.akamai.steamstatic.com,1,doh,15.791,15.791,15.791,169.5,1,client-update.akamai.steamstatic.com
11782,vidal-monitoring.centrastage.net,1,doh,14.103,14.103,14.103,98.20000000298023,1,vidal-monitoring.centrastage.net
12543,p16-common-sign-useastred.tiktokcdn-eu.com,1,doh,17.764,17.764,17.764,112.1000000089407,1,p16-common-sign-useastred.tiktokcdn-eu.com
12628,pull-flv-l1-sg01.tiktokrow-cdn.com,1,doh,15.873,15.873,15.873,86.19999998807907,1,pull-flv-l1-sg01.tiktokrow-cdn.com
12181,apps.overwolf.com,1,doh,13.842,13.842,13.842,116.40000000596046,1,apps.overwolf.com
11816,html5.adsrvr.org,1,doh,14.307,14.307,14.307,108.79999999701977,1,html5.adsrvr.org
12427,prod-images.merino.prod.webservices.mozgcp.net,1,doh,13.658,13.658,13.658,319.20000000298023,1,prod-images.merino.prod.webservices.mozgcp.net
12041,voipfinderrdsliveplay1.wxqcloud.qq.com,1,doh,14.796,14.796,14.796,195.59999999403954,1,voipfinderrdsliveplay1.wxqcloud.qq.com
12496,saservices.dell.com,1,doh,18.645,18.645,18.645,17207.90000000596,1,saservices.dell.com
11667,adobe.tt.omtrdc.net,1,doh,14.895,14.895,14.895,88.1000000089407,1,adobe.tt.omtrdc.net
12609,tte-prod.telemetry.vaultdcr.com,1,doh,14.915,14.915,14.915,171.40000000596046,1,tte-prod.telemetry.vaultdcr.com
12340,api.familyzone.com,1,doh,13.379,13.379,13.379,116,1,api.familyzone.com
11891,disneyadvertising.com,1,doh,13.371,191.965,143.9879999999996,2493.0999999940395,14,cdn.cookielaw.org;cdn.espn.com;cdnjs.cloudflare.com;dcf.espn.com;disney.demdex.net;disneyadvertising.com;googleads.g.doubleclick.net;pagead2.googlesyndication.com;sw88.go.com;use.fontawesome.com;www.disneyadvertising.com;www.google.com;www.googleadservices.com;www.googletagmanager.com
11699,t-ring.msedge.net,1,doh,16.338,16.338,16.338,87.6000000089407,1,t-ring.msedge.net
12219,asia-vcode-api.vivoglobal.com,1,doh,15.924,15.924,15.924,377.80000001192093,1,asia-vcode-api.vivoglobal.com
12506,pdmp.dcapi.dmp.3lift.com,1,doh,13.366,13.366,13.366,81.1000000089407,1,pdmp.dcapi.dmp.3lift.com
12678,api.fillr.com,1,doh,12.713,12.713,12.713,85.5,1,api.fillr.com
11696,config.samsungads.com,1,doh,18.692,18.692,18.692,102.6000000089407,1,config.samsungads.com
12213,reputation-us-06.fortiedr.com,1,doh,13.703,13.703,13.703,154.5,1,reputation-us-06.fortiedr.com
11883,indianaiot-services.pm.beyondtrustcloud.com,1,doh,21.927,46.589,46.57800000000007,1329.1000000089407,3,esp.aptrinsic.com;indianaiot-services.pm.beyondtrustcloud.com;web-sdk.aptrinsic.com
12511,prg-apac.smartadserver.com,1,doh,16.364,16.364,16.364,94.8999999910593,1,prg-apac.smartadserver.com
11704,ax-ring.msedge.net,1,doh,23.057,23.057,23.057,110.5,1,ax-ring.msedge.net
12378,honor.zuimeitianqi.com,1,doh,14.796,14.796,14.796,408.09999999403954,1,honor.zuimeitianqi.com
11799,pull-f5-sg01.ttlivecdn.com,1,doh,17.851,17.851,17.851,99.5,1,pull-f5-sg01.ttlivecdn.com
11868,pp.cadc.absolute.com,1,doh,13.605,13.605,13.605,126.59999999403954,1,pp.cadc.absolute.com
11644,iot.eu-central-1.amazonaws.com,1,doh,25.549,25.549,25.549,367.3999999910593,1,iot.eu-central-1.amazonaws.com
11882,p3-sign.douyinpic.com,1,doh,14.29,14.29,14.29,129.59999999403954,1,p3-sign.douyinpic.com
12184,espn.hb-api.omtrdc.net,1,doh,13.51,13.51,13.51,80.59999999403954,1,espn.hb-api.omtrdc.net
12651,cti.w55c.net,1,doh,17.174,17.174,17.174,137.6000000089407,1,cti.w55c.net
12586,www.ecosia.org,1,doh,0.0,14.145999999999999,14.146000000000072,330.83500000834465,1,challenges.cloudflare.com
11807,telemetry.elastic.co,1,doh,13.515,13.515,13.515,171.40000000596046,1,telemetry.elastic.co
12094,staticw2.yotpo.com,1,doh,12.517,12.517,12.517,93.79999999701977,1,staticw2.yotpo.com
11876,download.visualstudio.microsoft.com,1,doh,13.506,13.506,13.506,104.20000000298023,1,download.visualstudio.microsoft.com
12502,dianping.com,1,doh,14.773,498.64699999999993,466.58900000000017,2641.7999999970198,8,cps.dianping.com;dianping.com;lx1.meituan.net;m.dianping.com;s0.meituan.net;s3.meituan.net;www.dianping.com;www.dpfile.com
11567,player.stats.live-video.net,1,doh,15.539,15.539,15.539,132.19999998807907,1,player.stats.live-video.net
11996,myaccount.nytimes.com,1,doh,13.503,52.958,52.95800000000001,435.70000000298023,5,ct.captcha-delivery.com;g1.nyt.com;geo.captcha-delivery.com;myaccount.nytimes.com;static.captcha-delivery.com
12380,hotapi16-normal-alisg.tiktokv.com,1,doh,15.32,15.32,15.32,320.1000000089407,1,hotapi16-normal-alisg.tiktokv.com
12255,pandora-ios.client-config.siriusxm.com,1,doh,20.787,20.787,20.787,150.6000000089407,1,pandora-ios.client-config.siriusxm.com
12550,android16.prod.cloud.netflix.com,1,doh,15.472,15.472,15.472,133,1,android16.prod.cloud.netflix.com
12668,atera-agent-heartbeat-cus.servicebus.windows.net,1,doh,15.168,15.168,15.168,966.5,1,atera-agent-heartbeat-cus.servicebus.windows.net
11494,res-zalo.zadn.vn,1,doh,387.551,387.551,387.551,1206.699999988079,1,res-zalo.zadn.vn
11557,thumb-cdn77.xvideos-cdn.com,1,doh,12.168,32.168,32.168,243.20000000298023,2,error.c.cdn77.org;thumb-cdn77.xvideos-cdn.com
12234,reputation-us-04.fortiedr.com,1,doh,16.633,16.633,16.633,85.8999999910593,1,reputation-us-04.fortiedr.com
12058,tags.w55c.net,1,doh,11.405,11.405,11.405,164,1,tags.w55c.net
12306,ca.slack-edge.com,1,doh,13.235,50.037000000000006,50.03699999999996,4322.20000000298,3,a.slack-edge.com;ca.slack-edge.com;slack-infra-latency.slack.com
12382,cont.p-cdn.us,1,doh,12.716,12.716,12.716,143,1,cont.p-cdn.us
12656,compsvc.delivery.autodesk.com,1,doh,11.365,11.365,11.365,122.20000000298023,1,compsvc.delivery.autodesk.com
12375,sdkeventfnt-us.dsp-api.moloco.com,1,doh,13.242,13.242,13.242,118.6000000089407,1,sdkeventfnt-us.dsp-api.moloco.com
11977,nordvpn.com,1,doh,0.0,11.754,11.753999999999962,380.2300000041723,1,challenges.cloudflare.com
11752,www.perplexity.ai,1,doh,0.0,25.235,25.234999999999985,237.51999999582767,2,challenges.cloudflare.com;static.cloudflareinsights.com
12364,updates.logitech.com,1,doh,13.642,246.41899999999998,102.26299999999992,566.9000000059605,15,cdn.jsdelivr.net;cdn.yellowmessenger.com;cdnjs.cloudflare.com;code.jquery.com;logitechlogitechglobal.112.2o7.net;r4-ym-uploads.s3-us-west-2.amazonaws.com;r4.app.yellow.ai;stackpath.bootstrapcdn.com;static.zdassets.com;support.logi.com;tags.tiqcdn.com;updates.logitech.com;use.fontawesome.com;www.google-analytics.com;www.googletagmanager.com
11598,bx-ring.msedge.net,1,doh,13.71,13.71,13.71,95.79999999701977,1,bx-ring.msedge.net
11512,vpp-license-proxy-intl.aliyuncs.com,1,doh,166.076,166.076,166.076,947,1,vpp-license-proxy-intl.aliyuncs.com
11706,pull-cmaf-f77-tt02.tiktokcdn.com,1,doh,12.673,12.673,12.673,81.09999999403954,1,pull-cmaf-f77-tt02.tiktokcdn.com
11678,www.google.com.pr,1,doh,0.0,11.68,11.68000000000012,550.2999999970198,3,ogads-pa.clients6.google.com;play.google.com;www.gstatic.com
11515,static.edge.microsoftapp.net,1,doh,22.969,22.969,22.969,158.80000001192093,1,static.edge.microsoftapp.net
12631,pull-flv-o11-va01.tiktokcdn.com,1,doh,14.266,14.266,14.266,375.90000000596046,1,pull-flv-o11-va01.tiktokcdn.com
11651,event.hgrtb.com,1,doh,39.892,39.892,39.892,111.20000000298023,1,event.hgrtb.com
12686,hermes.twitch.tv,1,doh,12.751,12.751,12.751,220.20000000298023,1,hermes.twitch.tv
12125,yql.yahoo.com,1,doh,18.105,1381.3630000000003,512.5599999999993,1171.9000000059605,98,3e990078d858005195b0fbea8d17e94f.safeframe.googlesyndication.com;aa.agkn.com;ad-delivery.net;ad.360yield.com;ads.betweendigital.com;ads.pubmatic.com;ads.yieldmo.com;ap.lijit.com;api.rlcdn.com;b1sync.outbrain.com;bb.lijit.com;bh.contextweb.com;c1.adform.net;c2shb-oao.ssp.yahoo.com;cdn.p-n.io;cdn.taboola.com;cm.g.doubleclick.net;cms.analytics.yahoo.com;consent.cmp.oath.com;creativecdn.com;cs.admanmedia.com;cs.emxdgt.com;cs.media.net;csync.loopme.me;csync.smilewanted.com;d2mqt2joll4fma.cloudfront.net;dis.criteo.com;display.bidder.taboola.com;dpm.demdex.net;eb2.3lift.com;ep1.adtrafficquality.google;eus.rubiconproject.com;exchange.kueezrtb.com;fastlane.rubiconproject.com;grid-bidder.criteo.com;guce.yahoo.com;hbopenbid.pubmatic.com;hbx.media.net;htlb.casalemedia.com;ib.adnxs.com;idx.liadm.com;image2.pubmatic.com;image4.pubmatic.com;image8.pubmatic.com;jadserve.postrelease.com;match.adsrvr.org;match.deepintent.com;match.sharethrough.com;measureadv.com;ms-cookie-sync.presage.io;ncp-gw-frontpage.media.yahoo.com;nexus-gateway-prod.media.yahoo.com;noa.yahoo.com;onetag-sys.com;opus.analytics.yahoo.com;pbs-cs.yellowblue.io;pbs-yahoo-us.ay.delivery;pbs.yahoo.com;pixel.rubiconproject.com;pm-widget.taboola.com;prebid-match.dotomi.com;prebid-server.rubiconproject.com;prebid.a-mo.net;prebid.media.net;rp.liadm.com;rtb.gumgum.com;rtb.mfadsrvr.com;rtb.openx.net;s.ad.smaato.net;s.seedtag.com;s.yimg.com;sb.scorecardresearch.com;secure-assets.rubiconproject.com;securepubads.g.doubleclick.net;signal-service.pbs.yahoo.com;ssbsync-global.smartadserver.com;ssbsync.smartadserver.com;ssc-cms.33across.com;ssp-sync.criteo.com;ssp.disqus.com;sync.go.sonobi.com;sync.ipredictive.com;sync.kueezrtb.com;sync.pmbmonetize.live;sync.srv.stackadapt.com;tlx.3lift.com;tsdtocl.com;uipglob.semasio.net;ups.analytics.yahoo.com;us-trc-events.taboola.com;us-u.openx.net;user-sync.fwmrm.net;usersync.gumgum.com;wnsrvbjmeprtfrnfx.ay.delivery;www.googletagmanager.com;www.yahoo.com;x.bidswitch.net;yql.yahoo.com
12605,api.rudderlabs.com,1,doh,14.109,14.109,14.109,211.79999999701977,1,api.rudderlabs.com
11800,verizonwireless.com,1,doh,36.336,827.8370000000001,604.2269999999994,1528.1000000089407,29,analytics.twitter.com;assets.adobedtm.com;c.bing.com;cdn.quantummetric.com;cdn.schemaapp.com;cm.g.doubleclick.net;cms.analytics.yahoo.com;connect.facebook.net;d.turn.com;dpm.demdex.net;edge.adobedc.net;googleads.g.doubleclick.net;idsync.rlcdn.com;match.adsrvr.org;s.amazon-adsystem.com;s7.vzw.com;sanalytics.verizon.com;scache-ws.vzw.com;scache1.vzw.com;scache2.vzw.com;secure.verizon.com;ss7.vzw.com;trc.taboola.com;ups.analytics.yahoo.com;verizonwireless.com;www.google.com;www.googleadservices.com;www.googletagmanager.com;www.verizon.com
12461,a.gdfsnt.com,1,doh,23.769,23.769,23.769,129,1,a.gdfsnt.com
12036,monetixads.com,1,doh,16.963,112.67399999999999,77.53500000000005,954.7000000029802,8,browser.sentry-cdn.com;frog.wix.com;monetixads.com;panorama.wixapps.net;siteassets.parastorage.com;static.parastorage.com;static.wixstatic.com;www.monetixads.com
11863,launcher.spot.im,1,doh,13.318,13.318,13.318,152.29999999701977,1,launcher.spot.im
11903,esm.ubuntu.com,1,doh,13.67,13.67,13.67,132,1,esm.ubuntu.com
12407,ux.21cn.com,1,doh,17.154,17.154,17.154,1084.9000000059605,1,ux.21cn.com
11733,evercloud16-normal-us-ttp.capcutapi.us,1,doh,13.456,13.456,13.456,98.5,1,evercloud16-normal-us-ttp.capcutapi.us
12113,api.youngle.site,1,doh,20.421,20.421,20.421,290.70000000298023,1,api.youngle.site
11819,cnbc.com,1,doh,13.535,718.6830000000002,340.31399999999945,1656.5999999940395,47,10486893.fls.doubleclick.net;8cmfzco0.micpn.com;app.mps.vsnt.net;apps.rokt.com;assets.adobedtm.com;assets.zephr.com;bat.bing.com;c.amazon-adsystem.com;cdn-gl.imrworldwide.com;cdn.cookielaw.org;cdn.cxense.com;cdn.id5-sync.com;cdn.jsdelivr.net;cdn.parsely.com;cdn.tinypass.com;cm.g.doubleclick.net;cnbc.com;config.aps.amazon-adsystem.com;dev.visualwebsiteoptimizer.com;dpm.demdex.net;entitlement.auth.adobe.com;experience.piano.io;gdsapi.cnbc.com;geo.cnbc.com;geolocation.onetrust.com;googleads.g.doubleclick.net;image.cnbcfm.com;js.adsrvr.org;micro.rubiconproject.com;oa.openxcdn.net;os.fandango.com;pub.doubleverify.com;sb.scorecardresearch.com;securepubads.g.doubleclick.net;sp.auth.adobe.com;static-redesign.cnbcfm.com;static.criteo.net;tag.bounceexchange.com;tags.crwdcntrl.net;tru.am;unpkg.com;www.cnbc.com;www.google.com;www.googleadservices.com;www.googletagmanager.com;www.gstatic.com;zephr-templates.cnbc.com
12239,reputation-us-07.fortiedr.com,1,doh,15.286,15.286,15.286,155.59999999403954,1,reputation-us-07.fortiedr.com
12047,cmp2-dfw2.steamserver.net,1,doh,14.845,14.845,14.845,197.20000000298023,1,cmp2-dfw2.steamserver.net
12257,syncf.tubemogul.com,1,doh,11.43,27.039,27.038999999999994,126.6000000089407,2,syncf-tm.everesttech.net;syncf.tubemogul.com
12304,movies.youversionapi.com,1,doh,14.779,14.779,14.779,128.5,1,movies.youversionapi.com
12240,agentsn.msua04.manage.microsoft.com,1,doh,29.8,29.8,29.8,142.09999999403954,1,agentsn.msua04.manage.microsoft.com
11520,pull-flv-f11-gcp01.tiktokcdn.com,1,doh,14.087,14.087,14.087,86.5,1,pull-flv-f11-gcp01.tiktokcdn.com
12258,www.bilibili.com,1,doh,13.588,109.024,72.58000000000007,1950.2000000029802,8,api.bilibili.com;api.live.bilibili.com;data.bilibili.com;i0.hdslb.com;i1.hdslb.com;i2.hdslb.com;s1.hdslb.com;www.bilibili.com
11967,cdn.ansmp.net,1,doh,12.823,12.823,12.823,184.80000001192093,1,cdn.ansmp.net
11778,wsmcdn.audioeye.com,1,doh,11.928,11.928,11.928,344,1,wsmcdn.audioeye.com
12034,tr-tmc-geo.office.com,1,doh,18.374,55.319,55.3189999999999,612.2999999970198,4,aadcdn.msftauth.net;login.microsoftonline.com;res.public.onecdn.static.microsoft;tr-tmc-geo.office.com
12388,pbs.nextmillmedia.com,1,doh,18.822,18.822,18.822,341.3999999910593,1,pbs.nextmillmedia.com
12012,ticketmaster.com,1,doh,12.45,672.6090000000003,354.70899999999915,599.1000000089407,47,a.ad.gt;ad.360yield.com;alb.reddit.com;analytics-ipv6.tiktokw.us;analytics.google.com;analytics.tiktok.com;analytics.twitter.com;bat.bing.com;c.lytics.io;cdn.cookielaw.org;cdn.hadronid.net;cm.g.doubleclick.net;connect.facebook.net;d.t-x.io;d.turn.com;geolocation.onetrust.com;ids.ad.gt;ids4.ad.gt;image2.pubmatic.com;match.adsrvr.org;p.ad.gt;pixel-config.reddit.com;pixel.tapad.com;prismic-images.tmol.io;promoted.ticketmaster.com;resources.xg4ken.com;s1.ticketm.net;s3.us-east-1.amazonaws.com;sc-static.net;secure.adnxs.com;secure.quantserve.com;securepubads.g.doubleclick.net;static.ads-twitter.com;stats.g.doubleclick.net;sync.go.sonobi.com;t.co;t.contentsquare.net;ticketmaster.com;token.rubiconproject.com;tr.snapchat.com;u.openx.net;uk.tmconst.com;www.google.com;www.googletagmanager.com;www.gstatic.com;www.redditstatic.com;www.ticketmaster.com
11797,pull-flv-f58-tt02.tiktokcdn.com,1,doh,15.002,15.002,15.002,145.40000000596046,1,pull-flv-f58-tt02.tiktokcdn.com
12013,fcm.googleapis.com,1,doh,0.0,15.027,15.027000000000001,147.5,1,www.google.com
11955,pull-q5-sg01.tiktokrow-cdn.com,1,doh,15.5,15.5,15.5,180.20000000298023,1,pull-q5-sg01.tiktokrow-cdn.com
12054,image.tmdb.org,1,doh,13.319,26.297,26.29700000000001,185.29999999701977,2,image.tmdb.org;www.themoviedb.org
12516,ariane.abtasty.com,1,doh,11.354,11.354,11.354,123.29999999701977,1,ariane.abtasty.com
12099,sieve.services.riotcdn.net,1,doh,17.796,17.796,17.796,452.79999999701977,1,sieve.services.riotcdn.net
11596,pushnami.com,1,doh,27.58,481.67500000000007,291.70499999999976,2742.2000000029802,32,analytics.google.com;analytics.twitter.com;api-na2.hubapi.com;api.pushnami.com;bat.bing.com;cdn.pushnami.com;connect.facebook.net;fonts.googleapis.com;fonts.gstatic.com;forms-na2.hsforms.com;googleads.g.doubleclick.net;js-na2.hs-analytics.net;js-na2.hs-banner.com;js-na2.hs-scripts.com;js-na2.hsadspixel.net;js-na2.hscollectedforms.net;lltrck.com;pi.pardot.com;pushnami.com;px.ads.linkedin.com;snap.licdn.com;static.ads-twitter.com;stats.g.doubleclick.net;t.co;track-na2.hubspot.com;tracking.leadlander.com;w.chatlio.com;ws.zoominfo.com;www.google-analytics.com;www.google.com;www.googletagmanager.com;www.linkedin.com
11601,crash.xiaohongshu.com,1,doh,14.266,14.266,14.266,726.7999999970198,1,crash.xiaohongshu.com
12419,p16-tako-img-gen-useast5.tiktokcdn-us.com,1,doh,15.801,15.801,15.801,619.4000000059605,1,p16-tako-img-gen-useast5.tiktokcdn-us.com
12091,va-edge.sc.omtrdc.net,1,doh,13.017,13.017,13.017,82.19999998807907,1,va-edge.sc.omtrdc.net
12163,hb-analytics.nextmillmedia.com,1,doh,12.335,12.335,12.335,81.90000000596046,1,hb-analytics.nextmillmedia.com
11975,tmdb.org,1,doh,26.691,188.971,136.26999999999995,1266.800000011921,12,0692f8bdd7b5.b6c9f1fc.us-east-1.captcha.awswaf.com;0692f8bdd7b5.edge.captcha-sdk.awswaf.com;0692f8bdd7b5.edge.sdk.awswaf.com;analytics.google.com;cdn.cookielaw.org;geolocation.onetrust.com;media.themoviedb.org;secure.gravatar.com;stats.g.doubleclick.net;tmdb.org;www.googletagmanager.com;www.themoviedb.org
12643,qoria-mza-auto-update.linewize.net,1,doh,26.877,26.877,26.877,221.79999999701977,1,qoria-mza-auto-update.linewize.net
11705,arc-ring.msedge.net,1,doh,20.334,20.334,20.334,112.70000000298023,1,arc-ring.msedge.net
11821,cmp2-ord1.steamserver.net,1,doh,14.951,14.951,14.951,139.29999999701977,1,cmp2-ord1.steamserver.net
11775,orsdls.di.runestone.samsung.com,1,doh,13.148,13.148,13.148,657.0999999940395,1,orsdls.di.runestone.samsung.com
11892,on-hweudc-o.api.leiniao.com,1,doh,14.065,14.065,14.065,138.8999999910593,1,on-hweudc-o.api.leiniao.com
11980,robinhood.com,1,doh,13.633,411.66299999999995,272.33299999999986,1141.300000011921,26,15324952.fls.doubleclick.net;ad.doubleclick.net;adservice.google.com;alb.reddit.com;app.usercentrics.eu;bat.bing.com;bonfire.robinhood.com;cdn.robinhood.com;collector-47804.us.tvsquared.com;connect.facebook.net;experience.ninetailed.co;googleads.g.doubleclick.net;images.ctfassets.net;o62437.ingest.sentry.io;pixel-config.reddit.com;px.ads.linkedin.com;robinhood.com;sentry.io;snap.licdn.com;stats.g.doubleclick.net;videos.ctfassets.net;web-sdk-cdn.singular.net;www.google-analytics.com;www.google.com;www.googletagmanager.com;www.redditstatic.com
12471,proofpoint.com,1,doh,14.742,378.428,251.8880000000003,2022.4000000059605,27,309-rhv-619.mktoresp.com;arclight.vimeo.com;bam.nr-data.net;cdn.cookielaw.org;dev.visualwebsiteoptimizer.com;epsilon.6sense.com;f.vimeocdn.com;fonts.googleapis.com;fonts.gstatic.com;geoip-js.com;geolocation.onetrust.com;googleads.g.doubleclick.net;ipv6.6sc.co;j.6sc.co;js-agent.newrelic.com;js.qualified.com;layer.proofpoint.com;munchkin.marketo.net;player.vimeo.com;proofpoint.com;secure.adnxs.com;vimeo.com;www.google.com;www.googleadservices.com;www.googletagmanager.com;www.proofpoint.com;www.vimeo.com
12575,api.smartdeploy.com,1,doh,14.683,14.683,14.683,174.79999999701977,1,api.smartdeploy.com
12271,osb-apps.samsungqbe.com,1,doh,12.445,12.445,12.445,94.09999999403954,1,osb-apps.samsungqbe.com
12325,pull-w5-sg01.fcdn.eu.tiktokcdn.com,1,doh,11.385,11.385,11.385,346.59999999403954,1,pull-w5-sg01.fcdn.eu.tiktokcdn.com
12168,trace.popin.cc,1,doh,13.056,13.056,13.056,605.7999999970198,1,trace.popin.cc
12123,tagr-gcp-odr-use1.mookie1.com,1,doh,12.906,12.906,12.906,99.40000000596046,1,tagr-gcp-odr-use1.mookie1.com
12105,img.connatix.com,1,doh,15.449,15.449,15.449,111.1000000089407,1,img.connatix.com
12421,c6.paypal.com,1,doh,11.758,11.758,11.758,177.69999998807907,1,c6.paypal.com
11677,frazergraces.rest,1,doh,70.043,70.043,70.043,819.3999999910593,1,frazergraces.rest
12311,www.target.com,1,doh,13.461,474.36599999999993,334.4359999999989,4351.4000000059605,30,arw46ksdmetpv27uigwkdyperbyx4tlnaaaad656ejy.mcl.io;assets.adobedtm.com;assets.targetimg1.com;cdn.dv.tech;cdn.speedcurve.com;client.px-cloud.net;cm.everesttech.net;collector-pxgwpp4wus.px-cloud.net;dc2b1de2a72a3800aa4bffe5b87b1b37.safeframe.googlesyndication.com;dpm.demdex.net;edge.fullstory.com;ep1.adtrafficquality.google;ep2.adtrafficquality.google;js.mcl.io;lux.speedcurve.com;mcl.spur.us;pagead2.googlesyndication.com;ponos.zeronaught.com;pub.doubleverify.com;pub.dv.tech;resources.digital-cloud.medallia.com;rs.fullstory.com;securepubads.g.doubleclick.net;target.scene7.com;tpc.googlesyndication.com;tps.doubleverify.com;tzm.px-cloud.net;vtrk.dv.tech;www.google.com;www.target.com
12454,agent.us.rocketcyber.com,1,doh,13.503,13.503,13.503,126,1,agent.us.rocketcyber.com
12365,shopee.vn,1,doh,12.204,109.965,76.72100000000074,4670.0999999940395,8,analytics.google.com;connect.facebook.net;content.garena.com;deo.shopeemobile.com;shopee.vn;stats.g.doubleclick.net;www.google.com;www.googletagmanager.com
12561,web.prod.cloud.netflix.com,1,doh,13.37,13.37,13.37,140.09999999403954,1,web.prod.cloud.netflix.com
12161,print.microsoft.com,1,doh,30.311,260.094,195.18599999999992,2273.5,17,assets.adobedtm.com;browser.events.data.microsoft.com;c.s-microsoft.com;cdn-dynmedia-1.microsoft.com;edge.adobedc.net;golf.rendering.prod.mscas.io;js.monitor.azure.com;login.live.com;login.microsoftonline.com;mem.gfx.ms;play.vidyard.com;print.microsoft.com;rum.hlx.page;target.microsoft.com;uhf.microsoft.com;wcpstatic.microsoft.com;www.microsoft.com
12251,browser-notifications.opera.com,1,doh,107.545,107.545,107.545,241.29999999701977,1,browser-notifications.opera.com
12630,htlbid.com,1,doh,13.562,13.562,13.562,87.40000000596046,1,htlbid.com
12588,pipe.skype.com,1,doh,27.332,27.332,27.332,619.4000000059605,1,pipe.skype.com
11583,launcher.myapps.microsoft.com,1,doh,14.101,66.25200000000001,54.13199999999989,804.7999999970198,4,aadcdn.msauth.net;launcher.myapps.microsoft.com;login.live.com;login.microsoftonline.com
12552,cdn1.adoberesources.net,1,doh,13.652,13.652,13.652,353,1,cdn1.adoberesources.net
12391,ultipro.com,1,doh,13.344,41.105999999999995,27.387999999999984,609.1999999880791,3,performance.radar.cloudflare.com;static.cloudflareinsights.com;ultipro.com
11609,tawk.to,1,doh,13.606,201.43700000000004,114.57199999999983,1719,16,ajax.googleapis.com;analytics.twitter.com;cdn.heapanalytics.com;connect.facebook.net;fonts.googleapis.com;heapanalytics.com;px.ads.linkedin.com;snap.licdn.com;static.ads-twitter.com;static.cloudflareinsights.com;t.co;tawk.to;www.facebook.com;www.googleadservices.com;www.googletagmanager.com;www.linkedin.com
11575,pull-cmaf-l77-va01.tiktokcdn.com,1,doh,12.68,39.929,39.928999999999796,3651.7000000029802,2,error.c.cdn77.org;pull-cmaf-l77-va01.tiktokcdn.com
12698,ss.c.appier.net,1,doh,18.771,18.771,18.771,90.79999999701977,1,ss.c.appier.net
12190,ss.phncdn.com,1,doh,16.093,16.093,16.093,378.5,1,ss.phncdn.com
12360,cont-3.p-cdn.us,1,doh,14.057,14.057,14.057,160.90000000596046,1,cont-3.p-cdn.us
12444,google.com.sg,1,doh,0.0,12.265,12.2650000000001,654.2000000029802,3,ogads-pa.clients6.google.com;play.google.com;www.gstatic.com
12359,cont-4.p-cdn.us,1,doh,13.705,13.705,13.705,148.3999999910593,1,cont-4.p-cdn.us
12187,socialcanvas-cdn.kargo.com,1,doh,14.525,14.525,14.525,158.70000000298023,1,socialcanvas-cdn.kargo.com
12151,css.rbxcdn.com,1,doh,14.793,14.793,14.793,125.90000000596046,1,css.rbxcdn.com
11550,pull-o5-va01.tiktokrow-cdn.com,1,doh,15.561,15.561,15.561,184.40000000596046,1,pull-o5-va01.tiktokrow-cdn.com
11649,workspace.google.com,1,doh,0.0,197.14999999999998,124.29500000000019,3066.7999999970198,15,2507573.fls.doubleclick.net;ad.doubleclick.net;adservice.google.com;analytics.google.com;fonts.googleapis.com;fonts.gstatic.com;googleads.g.doubleclick.net;lh3.googleusercontent.com;ssl.google-analytics.com;stats.g.doubleclick.net;storage.googleapis.com;www.google.com;www.googleadservices.com;www.googletagmanager.com;www.gstatic.com
11584,pull-flv-f1-tt02.tiktokcdn.com,1,doh,12.459,12.459,12.459,78.6000000089407,1,pull-flv-f1-tt02.tiktokcdn.com
11758,l-ring.msedge.net,1,doh,13.305,13.305,13.305,119.19999998807907,1,l-ring.msedge.net
12714,api.iad3rs0zonea.pubnative.net,1,doh,12.283,12.283,12.283,80,1,api.iad3rs0zonea.pubnative.net
12290,h.costco.com,1,doh,14.229,14.229,14.229,287.79999999701977,1,h.costco.com
11528,tracking.intl.miui.com,1,doh,15.624,15.624,15.624,811.4000000059605,1,tracking.intl.miui.com
11573,deepl.com,1,doh,12.49,121.936,121.936,1843.7000000029802,8,challenges.cloudflare.com;clearance.deepl.com;deepl.com;feature-flagging.deepl.com;login-wall.deepl.com;o4509354486530048.ingest.de.sentry.io;voice-proxy.www.deepl.com;www.deepl.com
12065,stats-proto.pandora.com,1,doh,13.082,13.082,13.082,368.40000000596046,1,stats-proto.pandora.com
12362,fast.wistia.com,1,doh,14.199,1043.029,560.3719999999995,2063.7999999970198,41,44.228.85.26;alb.reddit.com;analytics-ipv6.tiktokw.us;analytics.tiktok.com;analytics.twitter.com;api.cr-relay.com;app-assets.wistia.com;bat.bing.com;browser.sentry-cdn.com;cdn.cr-relay.com;connect.facebook.net;d1wkvjvkgmsn1g.cloudfront.net;d2iok8515ir7ba.cloudfront.net;distillery.wistia.com;dx.mountain.com;embed-cloudfront.wistia.com;events.fivetran.com;fast.wistia.com;googleads.g.doubleclick.net;grsm.io;js-na1.hs-scripts.com;js.hs-banner.com;js.hubspot.com;js.partnerstack.com;partnerlinks.io;perf-na1.hsforms.com;pipedream.wistia.com;pixel-config.reddit.com;px.ads.linkedin.com;snap.licdn.com;static.ads-twitter.com;t.co;tag.clearbitscripts.com;try.wistia.com;wistia.com;www.facebook.com;www.google-analytics.com;www.google.com;www.googletagmanager.com;www.linkedin.com;www.redditstatic.com
11691,telegraph.prd.api.discomax.com,1,doh,13.477,13.477,13.477,90.09999999403954,1,telegraph.prd.api.discomax.com
12109,trafficjunky.com,1,doh,14.776,324.27200000000005,264.42199999999997,2059.5,12,accounts.google.com;alb.reddit.com;fonts.googleapis.com;pagead2.googlesyndication.com;pixel-config.reddit.com;static.trafficjunky.com;trafficjunky.com;unpkg.com;webassets.trafficjunky.com;www.google-analytics.com;www.googletagmanager.com;www.redditstatic.com
12553,pull-lls-l11-va01.tiktokcdn.com,1,doh,13.396,13.396,13.396,191.59999999403954,1,pull-lls-l11-va01.tiktokcdn.com
12474,ec.pcms.apple.com,1,doh,13.256,13.256,13.256,138.40000000596046,1,ec.pcms.apple.com
12085,passwordreset.microsoftonline.com,1,doh,14.347,52.894,41.085,381.70000000298023,3,ajax.aspnetcdn.com;client.ppe.repmap.microsoft.com;passwordreset.microsoftonline.com
11756,rtlog22-normal-useast1a.tiktokv.com,1,doh,17.363,17.363,17.363,97.40000000596046,1,rtlog22-normal-useast1a.tiktokv.com
12157,asqzwp4gpyut7.us-east-1.prod.service.minerva.devices.a2z.com,1,doh,13.674,13.674,13.674,152.79999999701977,1,asqzwp4gpyut7.us-east-1.prod.service.minerva.devices.a2z.com
12289,wdl1.pcfg.cache.wpscdn.com,1,doh,631.123,631.123,631.123,881.6000000089407,1,wdl1.pcfg.cache.wpscdn.com
11949,zg-api.com,1,doh,26.632,26.632,26.632,406.79999999701977,1,zg-api.com
12284,fxgateway.svc.cloud.microsoft,1,doh,18.903,18.903,18.903,173.1000000089407,1,fxgateway.svc.cloud.microsoft
11771,dns.sse.cisco.com,1,doh,17.566,17.566,17.566,90.29999999701977,1,dns.sse.cisco.com
12659,analysis.gboxlab.com,1,doh,12.375,12.375,12.375,335.5,1,analysis.gboxlab.com
12545,va.v.liveperson.net,1,doh,13.423,13.423,13.423,93,1,va.v.liveperson.net
11729,connectcdk.com,1,doh,42.799,185.279,185.27900000000005,1449.7999999970198,6,bam.nr-data.net;connectcdk.com;connectcdk.okta.com;js-agent.newrelic.com;login.connectcdk.com;www.connectcdk.com
12298,identity.doordash.com,1,doh,0.0,27.617,27.617000000000047,393.82500000298023,2,challenges.cloudflare.com;static.cloudflareinsights.com
12486,powerreviews.com,1,doh,20.576,182.278,152.94599999999983,1557.6000000089407,11,analytics.ahrefs.com;cdn-cookieyes.com;directory.cookieyes.com;js.zi-scripts.com;kit.fontawesome.com;log.cookieyes.com;powerreviews.com;pro.fontawesome.com;ws-assets.zoominfo.com;ws.zoominfo.com;www.powerreviews.com
11867,www.chewy.com,1,doh,19.363,46.273999999999994,46.273999999999916,503.6000000089407,3,bf20861wzf.bf.dynatrace.com;js-cdn.dynatrace.com;www.chewy.com
11487,pull-cmaf-f77-tt01.tiktokcdn.com,1,doh,21.017,21.017,21.017,89.90000000596046,1,pull-cmaf-f77-tt01.tiktokcdn.com
12252,assets-tracking.crazyegg.com,1,doh,13.399,13.399,13.399,135,1,assets-tracking.crazyegg.com
11947,rdelivery.qq.com,1,doh,39.416,39.416,39.416,765.8999999910593,1,rdelivery.qq.com
11813,pull-flv-l11-gcp01.tiktokcdn.com,1,doh,12.818,12.818,12.818,368.70000000298023,1,pull-flv-l11-gcp01.tiktokcdn.com
12067,imganalytics.com,1,doh,20.067,20.067,20.067,155.79999999701977,1,imganalytics.com
11791,quick-actions.express.adobe.com,1,doh,28.392,118.46400000000001,93.3830000000001,829,8,adobeid-na1.services.adobe.com;assets.adobedtm.com;bam.nr-data.net;dcs.adobedc.net;geo2.adobe.com;quick-actions.express.adobe.com;sstats.adobe.com;use.typekit.net
11912,omni-dex.io,1,doh,16.092,246.256,130.591,1697,17,ajax.googleapis.com;cdn.prod.website-files.com;d3e54v103j8qbb.cloudfront.net;fonts.googleapis.com;fonts.gstatic.com;forms-eu1.hsforms.com;js-eu1.hs-analytics.net;js-eu1.hs-banner.com;js-eu1.hs-scripts.com;js-eu1.hscollectedforms.net;omni-dex.io;track-eu1.hubspot.com;www.google-analytics.com;www.google.com;www.googletagmanager.com;www.gstatic.com;www.omni-dex.io
11683,ssl.kaptcha.com,1,doh,14.874,14.874,14.874,310.59999999403954,1,ssl.kaptcha.com
12353,pull-flv-l1-va01.tiktokrow-cdn.com,1,doh,14.093,14.093,14.093,82.5,1,pull-flv-l1-va01.tiktokrow-cdn.com
