rank,site,run,strategy,main_dns_ms,total_dns_sum_ms,wall_clock_dns_ms,page_load_ms,unique_domains_resolved,domains_resolved
2078,api.revenuecat.com,1,doh,12.829,180.845,166.43300000000002,1861.699999988079,10,api.revenuecat.com;cdn-4.convertexperiments.com;cdn.iubenda.com;embeds.iubenda.com;idb.iubenda.com;pagead2.googlesyndication.com;revenuecat.wpenginepowered.com;www.google-analytics.com;www.googletagmanager.com;www.revenuecat.com
2344,sdk.split.io,1,doh,16.161,16.161,16.161,90.59999999403954,1,sdk.split.io
1602,cms.quantserve.com,1,doh,15.17,15.17,15.17,85.20000000298023,1,cms.quantserve.com
1986,pubsub.googleapis.com,1,doh,0.0,11.483,11.483000000000004,143.20000000298023,1,www.google.com
2382,ping.chartbeat.net,1,doh,12.395,264.136,165.839,1252.6000000089407,16,chartbeat.com;chartbeat.zendesk.com;cmp.osano.com;ekr.zdassets.com;fonts.googleapis.com;ping.chartbeat.net;pong.chartbeat.net;securepubads.g.doubleclick.net;static.zdassets.com;static2.chartbeat.com;use.typekit.com;www.google.com;www.googleadservices.com;www.googleoptimize.com;www.googletagmanager.com;www.googletagservices.com
2277,merino.services.mozilla.com,1,doh,12.799,23.811999999999998,23.811999999999976,963.2999999970198,2,cdn.jsdelivr.net;merino.services.mozilla.com
2018,data.eb.us1.thousandeyes.com,1,doh,14.283,14.283,14.283,275.79999999701977,1,data.eb.us1.thousandeyes.com
1502,p.rfihub.com,1,doh,13.178,13.178,13.178,101,1,p.rfihub.com
2104,fullstory.com,1,doh,15.137,344.7869999999999,279.80099999999925,4258,22,002-ldf-436.mktoresp.com;api.ipify.org;api.thatsnoble.com;ariane.abtasty.com;buyers.thatsnoble.com;cmp.osano.com;dcinfos-cache.abtasty.com;edge.staging.fullstory.com;endpoints.test-the-things.com;fonts.gstatic.com;fullstory.com;go2.fullstory.com;googleads.g.doubleclick.net;i.ytimg.com;images.ctfassets.net;munchkin.marketo.net;rs.fullstory.com;rs.staging.fullstory.com;static.doubleclick.net;try.abtasty.com;www.google.com;www.youtube.com
1678,updates.cdn-apple.com,1,doh,16.422,16.422,16.422,106,1,updates.cdn-apple.com
2045,api19-normal-useast5.tiktokv.us,1,doh,14.886,14.886,14.886,117.09999999403954,1,api19-normal-useast5.tiktokv.us
1348,hapseemate.cn,1,doh,16.953,16.965,16.964999999999943,3260.7999999970198,1,hapseemate.cn
1922,relcomms-prod-dagnegedescbeefs.b02.azurefd.net,1,doh,14.773,14.773,14.773,208.40000000596046,1,relcomms-prod-dagnegedescbeefs.b02.azurefd.net
1728,dcg.microsoft.com,1,doh,15.441,15.441,15.441,107,1,dcg.microsoft.com
1856,duosecurity.com,1,doh,14.468,991.0619999999997,612.8619999999999,1091.7000000029802,61,12979078.fls.doubleclick.net;ad.doubleclick.net;adservice.google.com;alb.reddit.com;analytics.tiktok.com;analytics.twitter.com;api.ipify.org;bat.bing.com;browser.sentry-cdn.com;c.contentsquare.net;cdn.bizible.com;cdn.bizibly.com;cdn.cookielaw.org;cdn.metadata.io;cdn.optimizely.com;cdn1.adoberesources.net;cisco-tags.cisco.com;cisco.demdex.net;cm.g.doubleclick.net;cms.analytics.yahoo.com;connect.facebook.net;csxd.contentsquare.net;datacollect.cisco.com;distillery.wistia.com;dpm.demdex.net;dsum-sec.casalemedia.com;duo.com;duosecurity.com;embed-cloudfront.wistia.com;fast.wistia.com;fast.wistia.net;geolocation.onetrust.com;ib.adnxs.com;id.cisco.com;img.en25.com;insight.adsrvr.org;ipv6.6sc.co;j.6sc.co;js.adsrvr.org;js.qualified.com;js.zi-scripts.com;k-aus1.contentsquare.net;pipedream.wistia.com;pixel-config.reddit.com;pixel.byspotify.com;pixel.rubiconproject.com;pixels.spotify.com;px.ads.linkedin.com;s2991720.t.eloqua.com;s4673582.t.eloqua.com;s860818199.t.eloqua.com;smetrics.cisco.com;snap.licdn.com;t.contentsquare.net;tags.tiqcdn.com;ups.analytics.yahoo.com;www.cisco.com;www.google-analytics.com;www.google.com;www.googletagmanager.com;www.redditstatic.com
2668,continuum.dds.microsoft.com,1,doh,15.114,15.114,15.114,117,1,continuum.dds.microsoft.com
1752,ktpx.amazon.com,1,doh,14.877,14.877,14.877,142.40000000596046,1,ktpx.amazon.com
2033,nearbysharing-pa.googleapis.com,1,doh,0.0,13.218,13.218000000000018,327.29999999701977,1,www.google.com
2249,speechs3proto2-pa.googleapis.com,1,doh,0.0,14.583,14.582999999999998,150.70000000298023,1,www.google.com
1368,p.typekit.net,1,doh,14.652,565.9389999999999,298.69499999999977,1475.7999999970198,15,adobeid-na1.services.adobe.com;afwebcdn.fonts.adobe.com;assets.fonts.adobe.com;auth-light.identity.adobe.com;auth.services.adobe.com;bam.nr-data.net;fonts.adobe.com;ims-na1.adobelogin.com;js-agent.newrelic.com;p.typekit.net;prod.adobeccstatic.com;typekit.com;use.typekit.net;www.google-analytics.com;www.googletagmanager.com
2166,monorail-edge.shopifysvc.com,1,doh,14.779,14.779,14.779,115.5,1,monorail-edge.shopifysvc.com
1773,downloads.dell.com,1,doh,14.878,14.878,14.878,114.5,1,downloads.dell.com
2375,conn-service-us-04.allawnos.com,1,doh,14.099,14.099,14.099,151,1,conn-service-us-04.allawnos.com
1631,ssc-cms.33across.com,1,doh,13.111,13.111,13.111,138.6000000089407,1,ssc-cms.33across.com
2314,kueezrtb.com,1,doh,16.155,395.1639999999999,293.9319999999999,1486.5999999940395,18,ajax.googleapis.com;analytics.google.com;cdn.jsdelivr.net;cdn.prod.website-files.com;d3e54v103j8qbb.cloudfront.net;fonts.googleapis.com;fonts.gstatic.com;googleads.g.doubleclick.net;kueezrtb.com;px.ads.linkedin.com;snap.licdn.com;stats.g.doubleclick.net;v1.api.service.cmp.usercentrics.eu;weare.kueez.com;web.cmp.usercentrics.eu;www.google.com;www.googletagmanager.com;www.linkedin.com
1588,aks-prod-eastus.access-point.cloudmessaging.edge.microsoft.com,1,doh,14.978,14.978,14.978,86.70000000298023,1,aks-prod-eastus.access-point.cloudmessaging.edge.microsoft.com
1350,pull-q5-va01.tiktokcdn-us.com,1,doh,16.75,16.75,16.75,95.5,1,pull-q5-va01.tiktokcdn-us.com
1411,api.segment.io,1,doh,17.067,17.067,17.067,312.5,1,api.segment.io
1800,wv.inner-active.mobi,1,doh,12.963,12.963,12.963,78,1,wv.inner-active.mobi
1500,hp.com,1,doh,57.875,204.87299999999996,185.21700000000004,1980.2000000029802,11,cdn.cookielaw.org;cdn.dynamicyield.com;geolocation.onetrust.com;global-navbar-backend.id.hp.com;hp.com;rum.hlx.page;st.dynamicyield.com;www-redirect.ext.hp.com;www.googletagmanager.com;www.hp.com;www8.hp.com
1732,mail.ru,1,doh,131.261,5151.192999999999,2748.3849999999993,9813.79999999702,53,531311.ms.dzen.ru;a-69205292-51-150-0nm12d-000.pms.mail.ru;a-69205297-51-1-0nm12d-000.pms.mail.ru;a-69616793-53-586-0nm12d-000.pms.mail.ru;a-69616797-53-586-0nm12d-000.pms.mail.ru;a-69616800-53-586-0nm12d-000.pms.mail.ru;a-70551511-7-575-0nm12d-000.pms.mail.ru;a-70554777-6-138-0nm12d-000.pms.mail.ru;a-70554874-6-1-0nm12d-000.pms.mail.ru;a-70555039-8-77-0nm12d-000.pms.mail.ru;a-70555324-6-1-0nm12d-000.pms.mail.ru;a-70555355-6-150-0nm12d-000.pms.mail.ru;a-70555431-6-1-0nm12d-000.pms.mail.ru;a-70555586-6-77-0nm12d-000.pms.mail.ru;a.delivery.consentmanager.net;account.mail.ru;ad.mail.ru;avatars.dzeninfra.ru;b.delivery.consentmanager.net;bs.yandex.ru;cdn.consentmanager.net;counter.yadro.ru;dzen.ru;home.imgsmail.ru;img.imgsmail.ru;imgs2.imgsmail.ru;limg.imgsmail.ru;log.strm.yandex.ru;login.vk.ru;mail.ru;mc.yandex.ru;media-trend.mail.ru;ok6-11.vkuser.net;ok6-12.vkuser.net;ok6-4.vkuser.net;pogoda.imgsmail.ru;portal.mail.ru;privacy-cs.mail.ru;r.mradx.net;r3.mail.ru;rs.mail.ru;stat.radar.imgsmail.ru;static.dzeninfra.ru;sun9-17.userapi.com;top-fwz1.mail.ru;trk.mail.ru;vk.com;vkvideo.ru;www.google-analytics.com;www.googletagmanager.com;xray.mail.ru;yandex.ru;yastatic.net
1660,r.bing.com,1,doh,15.204,15.204,15.204,179.3999999910593,1,r.bing.com
2544,sync.cootlogix.com,1,doh,12.982,12.982,12.982,97.70000000298023,1,sync.cootlogix.com
2285,us-auth2.samsungosp.com,1,doh,13.581,13.581,13.581,119.6000000089407,1,us-auth2.samsungosp.com
1563,i9.ytimg.com,1,doh,0.0,0.0,0.0,100.19999998807907,0,
1447,conviva.com,1,doh,28.563,405.14399999999995,364.9979999999996,2677.199999988079,15,138-xja-134.mktoresp.com;boards.greenhouse.io;cdn.cookielaw.org;cdn.jsdelivr.net;challenges.cloudflare.com;conviva.com;geolocation.onetrust.com;munchkin.marketo.net;player.vimeo.com;rc.conviva.com;unpkg.com;www.conviva.ai;www.conviva.com;www.google-analytics.com;www.googletagmanager.com
2247,api16-access-wf-sg.pangle.io,1,doh,15.274,15.274,15.274,327.59999999403954,1,api16-access-wf-sg.pangle.io
2044,webcast19-normal-useast8.tiktokv.us,1,doh,12.959,12.959,12.959,120.3999999910593,1,webcast19-normal-useast8.tiktokv.us
1404,segment.io,1,doh,18.341,762.984,399.13099999999974,3025.5999999940395,50,11875831.fls.doubleclick.net;294-tkb-300.mktoresp.com;ad.doubleclick.net;adservice.google.com;alb.reddit.com;analytics.google.com;analytics.silktide.com;api.segment.io;apm.yahoo.co.jp;assets.adobedtm.com;bat.bing.com;bat.bing.net;browser-intake-datadoghq.com;cdn.jsdelivr.net;cdn.segment.com;cm.everesttech.net;connect.facebook.net;consent.trustarc.com;dev.visualwebsiteoptimizer.com;dm.slim02.jp;dpm.demdex.net;epsilon.6sense.com;euob.powerrobotflower.com;googleads.g.doubleclick.net;ipv6.6sc.co;j.6sc.co;js.qualified.com;jscloud.net;munchkin.marketo.net;obseu.powerrobotflower.com;pixel-config.reddit.com;px.ads.linkedin.com;rum.hlx.page;s.yimg.jp;scout-cdn.salesloft.com;scout.salesloft.com;secure.adnxs.com;segment.io;snap.licdn.com;stats.g.doubleclick.net;tags.srv.stackadapt.com;twilio.demdex.net;twilio.tt.omtrdc.net;www.datadoghq-browser-agent.com;www.google.com;www.googleadservices.com;www.googletagmanager.com;www.linkedin.com;www.redditstatic.com;www.twilio.com
1999,weather-data.apple.com,1,doh,16.171,80.934,66.05199999999999,679.7000000029802,5,developer.apple.com;securemetrics.apple.com;sfss.cdn-apple.com;weather-data.apple.com;www.apple.com
2191,google.co.id,1,doh,0.0,12.007000000000001,12.007000000000119,692.5999999940395,3,ogads-pa.clients6.google.com;play.google.com;www.gstatic.com
1742,static.ads-twitter.com,1,doh,12.956,12.956,12.956,127.3999999910593,1,static.ads-twitter.com
1961,aadcdn.msftauth.net,1,doh,15.096,15.096,15.096,122.40000000596046,1,aadcdn.msftauth.net
1759,otelrules.svc.static.microsoft,1,doh,16.024,16.024,16.024,143.69999998807907,1,otelrules.svc.static.microsoft
2574,a.teads.tv,1,doh,14.508,14.508,14.508,108,1,a.teads.tv
2327,p19-common.tiktokcdn-us.com,1,doh,13.643,13.643,13.643,82.8999999910593,1,p19-common.tiktokcdn-us.com
1969,wikipedia.org,1,doh,13.514,13.514,13.514,907.3999999910593,1,wikipedia.org
1518,github.com,1,doh,12.681,53.338,53.33800000000001,1369.9000000059605,5,api.github.com;collector.github.com;github.com;github.githubassets.com;images.ctfassets.net
2074,revenuecat.com,1,doh,29.612,183.94099999999995,168.13100000000014,1841.7000000029802,10,cdn-4.convertexperiments.com;cdn.iubenda.com;embeds.iubenda.com;idb.iubenda.com;pagead2.googlesyndication.com;revenuecat.com;revenuecat.wpenginepowered.com;www.google-analytics.com;www.googletagmanager.com;www.revenuecat.com
2111,verisign.com,1,doh,13.014,142.78500000000003,142.7849999999999,883.4000000059605,11,assets.adobedtm.com;cdn.cookielaw.org;cf-images.us-east-1.prod.boltdns.net;dpm.demdex.net;fastly-signed-us-east-1-prod.brightcovecdn.com;geolocation.onetrust.com;metrics.brightcove.com;players.brightcove.net;smetrics.verisign.com;verisign.com;www.verisign.com
1851,privacymanager.io,1,doh,21.683,643.5720000000002,378.23699999999866,4169.5,36,117645514.intellimizeio.com;accounts.finsweet.com;api.intellimize.co;api.rlcdn.com;browser.sentry-cdn.com;cdn.bizible.com;cdn.bizibly.com;cdn.drda.io;cdn.dreamdata.cloud;cdn.intellimize.co;cdn.jsdelivr.net;cdn.ketchjs.com;cdn.prod.website-files.com;d3e54v103j8qbb.cloudfront.net;di.rlcdn.com;distillery.wistia.com;fast.wistia.com;geo.privacymanager.io;global.ketchcdn.com;liveramp.com;log.intellimize.co;lp.liveramp.com;middleware.rampedup.us;pagead2.googlesyndication.com;pipedream.wistia.com;privacymanager.io;rc.rlcdn.com;rtp-static.marketo.com;s3.amazonaws.com;scout-cdn.salesloft.com;scout.salesloft.com;sjrtp6-cdn.marketo.com;sjrtp6.marketo.com;tag.clearbitscripts.com;www.google-analytics.com;www.googletagmanager.com
2135,image4.pubmatic.com,1,doh,15.103,15.103,15.103,102.59999999403954,1,image4.pubmatic.com
1401,incoming.telemetry.mozilla.org,1,doh,12.638,12.638,12.638,141,1,incoming.telemetry.mozilla.org
2373,b79c66077e27a1c100292a6aa5da291cfa7da7ef982a7d0d2708be38d76b31f.us-east-1.prod.service.minerva.devices.a2z.com,1,doh,15.96,15.96,15.96,100.3999999910593,1,b79c66077e27a1c100292a6aa5da291cfa7da7ef982a7d0d2708be38d76b31f.us-east-1.prod.service.minerva.devices.a2z.com
1627,ps.eyeota.net,1,doh,13.461,13.461,13.461,190.19999998807907,1,ps.eyeota.net
1406,gnar.grammarly.com,1,doh,13.282,13.282,13.282,129.29999999701977,1,gnar.grammarly.com
1953,csp.microsoft.com,1,doh,16.149,16.149,16.149,159.90000000596046,1,csp.microsoft.com
2355,pn.ybp.yahoo.com,1,doh,12.651,12.651,12.651,64.90000000596046,1,pn.ybp.yahoo.com
1723,sts.applovin.com,1,doh,13.628,13.628,13.628,106.70000000298023,1,sts.applovin.com
2631,moengage.com,1,doh,21.145,91.769,91.7689999999999,974.1999999880791,5,cdn-cookieyes.com;cdn.jsdelivr.net;log.cookieyes.com;moengage.com;www.moengage.com
2553,supply.inmobicdn.net,1,doh,13.961,13.961,13.961,92.6000000089407,1,supply.inmobicdn.net
1600,ts.amazon-adsystem.com,1,doh,11.625,11.625,11.625,92.19999998807907,1,ts.amazon-adsystem.com
1468,lh4.googleusercontent.com,1,doh,0.0,12.522,12.521999999999991,1088.1000000089407,1,www.google.com
1525,p16-common.tiktokcdn-us.com,1,doh,13.402,13.402,13.402,258.79999999701977,1,p16-common.tiktokcdn-us.com
2150,ssp.disqus.com,1,doh,15.948,15.948,15.948,89.3999999910593,1,ssp.disqus.com
2265,calliope-anycast.prod.infra.webex.com,1,doh,12.028,12.028,12.028,105.79999999701977,1,calliope-anycast.prod.infra.webex.com
2470,api.pinterest.com,1,doh,16.387,16.387,16.387,130.09999999403954,1,api.pinterest.com
1587,gcs-us-00003.content-storage-upload.googleapis.com,1,doh,14.589,14.589,14.589,117.59999999403954,1,gcs-us-00003.content-storage-upload.googleapis.com
1505,match.deepintent.com,1,doh,13.309,13.309,13.309,82.09999999403954,1,match.deepintent.com
1920,paloaltonetworks.com,1,doh,21.091,984.1130000000003,532.3959999999995,1390.7000000029802,52,16612556.fls.doubleclick.net;531-ocs-018.mktoresp.com;a.quora.com;ad.doubleclick.net;adservice.google.com;analytics.google.com;analytics.twitter.com;api.company-target.com;assets.adobedtm.com;august.takingbackjuly.com;bat.bing.com;c.clarity.ms;c.go-mpulse.net;cdn.cookielaw.org;connect.facebook.net;dpm.demdex.net;dsum-sec.casalemedia.com;fastly-signed-us-east-1-prod.brightcovecdn.com;geolocation.onetrust.com;googleads.g.doubleclick.net;ib.adnxs.com;idsync.rlcdn.com;june.takingbackjuly.com;match.adsrvr.org;metrics.brightcove.com;ml314.com;munchkin.marketo.net;paloaltonetworks.com;paloaltonetworks.tt.omtrdc.net;partners.tremorhub.com;pixel.rubiconproject.com;ps.eyeota.net;px.ads.linkedin.com;s.clarity.ms;s.company-target.com;s.go-mpulse.net;scripts.clarity.ms;scripts.demandbase.com;snap.licdn.com;ssl.google-analytics.com;sstats.paloaltonetworks.com;static.ads-twitter.com;stats.g.doubleclick.net;t.co;tag-logger.demandbase.com;trk.techtarget.com;www.clarity.ms;www.google.com;www.googleadservices.com;www.googletagmanager.com;www.linkedin.com;www.paloaltonetworks.com
1609,godaddy.com,1,doh,12.5,30.138,30.138000000000005,210.1000000089407,2,godaddy.com;www.godaddy.com
1934,media.tenor.com,1,doh,0.0,0.0,0.0,93.30000001192093,0,
1581,rp.liadm.com,1,doh,14.227,14.227,14.227,125,1,rp.liadm.com
1487,agents.msua01.manage.microsoft.com,1,doh,0.01,0.01,0.01,504.8999999910593,1,agents.msua01.manage.microsoft.com
1824,wu2z-api.samsungcloud.com,1,doh,14.568,14.568,14.568,309.40000000596046,1,wu2z-api.samsungcloud.com
1959,prod.us-east-1.sonar.prime-video.amazon.dev,1,doh,15.347,15.347,15.347,87.1000000089407,1,prod.us-east-1.sonar.prime-video.amazon.dev
2271,simage4.pubmatic.com,1,doh,15.872,15.872,15.872,87.1000000089407,1,simage4.pubmatic.com
1718,anycast.adnxs.com,1,doh,20.173,20.173,20.173,108.5,1,anycast.adnxs.com
2261,apis.roblox.com,1,doh,14.607,14.607,14.607,135.20000000298023,1,apis.roblox.com
1488,v45.tiktokcdn-us.com,1,doh,13.423,13.423,13.423,188.5,1,v45.tiktokcdn-us.com
2180,n-able.com,1,doh,13.898,662.1900000000002,329.6849999999995,2869.5,41,10653498.fls.doubleclick.net;356-uvh-403.mktoresp.com;ad.doubleclick.net;adservice.google.com;alb.reddit.com;analytics.google.com;api.ipify.org;bat.bing.com;bat.bing.net;c.clarity.ms;cdn.jsdelivr.net;cdn.metadata.io;connect.facebook.net;cookie-cdn.cookiepro.com;dev.visualwebsiteoptimizer.com;generate-uuid-cookie.solarwinds-msp.workers.dev;geolocation.onetrust.com;googleads.g.doubleclick.net;js.qualified.com;js.zi-scripts.com;ka-p.fontawesome.com;kit.fontawesome.com;munchkin.marketo.net;n-able.com;pixel-config.reddit.com;px.ads.linkedin.com;s.clarity.ms;scripts.clarity.ms;secure.leadforensics.com;snap.licdn.com;stats.g.doubleclick.net;tr.capterra.com;ws-assets.zoominfo.com;ws.zoominfo.com;www.clarity.ms;www.google-analytics.com;www.google.com;www.googletagmanager.com;www.linkedin.com;www.n-able.com;www.redditstatic.com
2178,d.turn.com,1,doh,12.541,124.499,102.38199999999996,813.7999999970198,5,assets.amobee.com;d.turn.com;login.amobee.com;platform.amobee.com;www.datadoghq-browser-agent.com
1831,lf16-geckocdn.tiktokcdn-us.com,1,doh,14.552,14.552,14.552,248.20000000298023,1,lf16-geckocdn.tiktokcdn-us.com
1633,roovza.launches.appsflyersdk.com,1,doh,13.734,13.734,13.734,156.09999999403954,1,roovza.launches.appsflyersdk.com
2248,iphonesubmissions.apple.com,1,doh,14.578,14.578,14.578,132.40000000596046,1,iphonesubmissions.apple.com
2100,btlr.sharethrough.com,1,doh,12.847,12.847,12.847,90.5,1,btlr.sharethrough.com
2583,sp.analytics.yahoo.com,1,doh,14.856,14.856,14.856,88.20000000298023,1,sp.analytics.yahoo.com
1924,adsmoloco.com,1,doh,19.235,797.8270000000003,434.35799999999995,2496,52,6381084.hs-sites.com;7052064.fs1.hubspotusercontent-na1.net;adsmoloco.com;ajax.googleapis.com;analytics.google.com;api.company-target.com;api.hubapi.com;cdn.cookielaw.org;cdn.jsdelivr.net;cdn.prod.website-files.com;connect.facebook.net;d3e54v103j8qbb.cloudfront.net;dsum-sec.casalemedia.com;fonts.googleapis.com;fonts.gstatic.com;forms-na1.hsforms.com;forms.hsforms.com;geolocation.onetrust.com;googleads.g.doubleclick.net;hubspotv2.use1-marketplace-1p-apps-prod-red.if.webflow.services;id.rlcdn.com;js.hs-analytics.net;js.hs-banner.com;js.hs-scripts.com;js.hsadspixel.net;js.hscollectedforms.net;js.hsforms.net;js.hubspot.com;nam.veta.naver.com;partners.tremorhub.com;perf-na1.hsforms.com;pixel.rubiconproject.com;px.ads.linkedin.com;rum.browser-intake-datadoghq.com;s.company-target.com;segments.company-target.com;snap.licdn.com;ssl.pstatic.net;stats.g.doubleclick.net;tag-logger.demandbase.com;tag.demandbase.com;tracking-api.g2.com;tracking.g2crowd.com;wcs.naver.com;wcs.naver.net;www.datadoghq-browser-agent.com;www.google.com;www.googleadservices.com;www.googletagmanager.com;www.linkedin.com;www.moloco.com;www.molocoads.com
1772,excel-telemetry.officeapps.live.com,1,doh,13.713,243.285,166.5199999999999,1200.5,17,admin.microsoft.com;browser.events.data.microsoft.com;c.s-microsoft.com;config.edge.skype.com;excel-telemetry.officeapps.live.com;js.monitor.azure.com;login.live.com;login.microsoftonline.com;logincdn.msauth.net;mem.gfx.ms;res.cdn.office.net;s.clarity.ms;scripts.clarity.ms;uhf.microsoft.com;www.clarity.ms;www.microsoft.com;www.office.com
2213,v16-cla.tiktokcdn-us.com,1,doh,13.998,13.998,13.998,108.20000000298023,1,v16-cla.tiktokcdn-us.com
2440,visitor.omnitagjs.com,1,doh,14.19,14.19,14.19,86.20000000298023,1,visitor.omnitagjs.com
1358,playatoms-pa.googleapis.com,1,doh,0.0,13.302,13.301999999999992,166.5,1,www.google.com
2638,webcast16-ws-alisg.tiktokv.com,1,doh,14.231,14.231,14.231,336.09999999403954,1,webcast16-ws-alisg.tiktokv.com
2616,tribalfusion.com,1,doh,16.681,16.681,16.681,277,1,tribalfusion.com
1351,check-auth.hapseemate.cn,1,doh,15.779,1439.184,262.453,4842.0999999940395,2,birds-server-file.obs.cn-south-1.myhuaweicloud.com;check-auth.hapseemate.cn
1867,sync.intentiq.com,1,doh,13.933,13.933,13.933,10138.79999999702,1,sync.intentiq.com
2245,ris.api.iris.microsoft.com,1,doh,25.416,25.416,25.416,117.3999999910593,1,ris.api.iris.microsoft.com
2665,b.videoamp.com,1,doh,13.439,13.439,13.439,74.6000000089407,1,b.videoamp.com
1580,um.simpli.fi,1,doh,12.867,12.867,12.867,91.29999999701977,1,um.simpli.fi
2054,webcast19-normal-useast5.tiktokv.us,1,doh,13.632,13.632,13.632,89.3999999910593,1,webcast19-normal-useast5.tiktokv.us
1982,memex-pa.googleapis.com,1,doh,0.0,12.636,12.635999999999996,151.5,1,www.google.com
1471,pbs.twimg.com,1,doh,14.568,14.568,14.568,258.3999999910593,1,pbs.twimg.com
2198,dl-debug.dropbox.com,1,doh,14.745,55.269999999999996,42.41399999999998,375.3999999910593,3,assets.dropbox.com;cfl.dropboxstatic.com;dl-debug.dropbox.com
2181,cognito-identity.us-east-1.amazonaws.com,1,doh,14.99,516.664,316.27800000000076,3853.2999999970198,27,a.b.cdn.console.awsstatic.com;a0.awsstatic.com;amazonwebservices.d2.sc.omtrdc.net;amazonwebservicesinc.tt.omtrdc.net;aws.amazon.com;aws.demdex.net;cm.everesttech.net;cognito-identity.us-east-1.amazonaws.com;cx0.m.awsstatic.com;d0.m.awsstatic.com;d1.awsstatic.com;d2c.aws.amazon.com;dpm.demdex.net;edge.adobedc.net;fonts.gstatic.com;i.ytimg.com;infra-api.us-east-1.prod.mrc-sunrise.marketing.aws.dev;loader.us-east-1.prod.mrc-sunrise.marketing.aws.dev;prod.log.shortbread.aws.dev;prod.pa.cdn.uis.awsstatic.com;t0.m.awsstatic.com;vs.aws.amazon.com;www.google.com;www.gstatic.com;www.youtube-nocookie.com;www.youtube.com;yt3.ggpht.com
2073,use.fontawesome.com,1,doh,13.775,13.775,13.775,177.20000000298023,1,use.fontawesome.com
1973,w.inmobi.com,1,doh,13.338,13.338,13.338,92.5,1,w.inmobi.com
1885,amp-api-updates.apps.apple.com,1,doh,16.085,16.085,16.085,109.79999999701977,1,amp-api-updates.apps.apple.com
2343,www.baidu.com,1,doh,12.669,1745.942,1356.3199999999988,6019.5,10,gips2.baidu.com;hector.baidu.com;hectorstatic.baidu.com;mbd.baidu.com;passport.baidu.com;pss.bdstatic.com;psstatic.cdn.bcebos.com;sp1.baidu.com;sp2.baidu.com;www.baidu.com
1569,simage2.pubmatic.com,1,doh,17.322,17.322,17.322,102.79999999701977,1,simage2.pubmatic.com
1739,footprints-pa.googleapis.com,1,doh,0.0,12.859,12.859000000000009,189.20000000298023,1,www.google.com
2614,conv-a.wbx2.com,1,doh,15.352,15.352,15.352,166.5,1,conv-a.wbx2.com
1846,tungsten-service.prod.na.adsqtungsten.a9.amazon.dev,1,doh,15.59,15.59,15.59,92.8999999910593,1,tungsten-service.prod.na.adsqtungsten.a9.amazon.dev
1354,lookaside.facebook.com,1,doh,13.405,26.948,26.948000000000008,177.90000000596046,2,lookaside.facebook.com;static.facebook.com
1798,quantummetric.com,1,doh,18.125,670.3260000000002,360.91400000000056,1390.1000000089407,44,a.usbrowserspeed.com;analytics.google.com;api.hubapi.com;bttrack.com;cdn-cookieyes.com;cdn.bttrack.com;cdn.claydar.com;cdn.jsdelivr.net;cdn.quantummetric.com;cdn.sanity.io;challenges.cloudflare.com;clients.abmatic.ai;connect.facebook.net;directory.cookieyes.com;ingest.quantummetric.com;js.hs-analytics.net;js.hs-banner.com;js.hs-scripts.com;js.hsadspixel.net;js.hscollectedforms.net;js.hsforms.net;js.hubspot.com;js.qualified.com;js.zi-scripts.com;log.cookieyes.com;na-data.kameleoon.io;player.vimeo.com;px.ads.linkedin.com;quantummetric.com;snap.licdn.com;static.claydar.com;stats.g.doubleclick.net;tags.srv.stackadapt.com;tracking-api.g2.com;tracking.g2crowd.com;vimeo.com;waga1ps5is.kameleoon.io;ws-assets.zoominfo.com;ws.zoominfo.com;www.google.com;www.googletagmanager.com;www.linkedin.com;www.quantummetric.com;y6rt62dj.api.sanity.io
2176,userlocation.googleapis.com,1,doh,0.0,12.936,12.936000000000007,158.5,1,www.google.com
1880,discord.gg,1,doh,16.338,173.557,115.45999999999995,2239.0999999940395,12,ajax.googleapis.com;cdn.discordapp.com;cdn.localizeapi.com;cdn.prod.website-files.com;d3e54v103j8qbb.cloudfront.net;discord.com;discord.gg;geolocation.onetrust.com;hubspotonwebflow.com;www.google-analytics.com;www.googletagmanager.com;www.youtube.com
1985,ad-delivery.net,1,doh,12.611,12.611,12.611,149.6000000089407,1,ad-delivery.net
1871,app-analytics-services-att.com,1,doh,0.0,11.464,11.463999999999999,238.30000001192093,1,www.google.com
2118,google.cn,1,doh,0.0,12.208,12.207999999999998,177.09999999403954,1,www.google.cn
2224,sync.targeting.unrulymedia.com,1,doh,13.713,13.713,13.713,13411.70000000298,1,sync.targeting.unrulymedia.com
2497,api.github.com,1,doh,12.409,12.409,12.409,113.1000000089407,1,api.github.com
1886,cdp.cloud.unity3d.com,1,doh,12.473,12.473,12.473,111.79999999701977,1,cdp.cloud.unity3d.com
2652,mail-attachment.googleusercontent.com,1,doh,0.0,11.348,11.347999999999999,146.69999998807907,1,www.google.com
1443,ad.turn.com,1,doh,11.332,87.97500000000001,71.68200000000007,794.7000000029802,5,ad.turn.com;assets.amobee.com;login.amobee.com;platform.amobee.com;www.datadoghq-browser-agent.com
2455,aw.sc-cdn.net,1,doh,12.427,12.427,12.427,117.5,1,aw.sc-cdn.net
1842,downloaddispatch.itunes.apple.com,1,doh,13.73,13.73,13.73,103.79999999701977,1,downloaddispatch.itunes.apple.com
2590,centrastage.net,1,doh,28.731,28.731,28.731,363.29999999701977,1,centrastage.net
2491,gccmod.ecs.office.com,1,doh,12.944,12.944,12.944,107.5,1,gccmod.ecs.office.com
1788,disc501.prod.do.dsp.mp.microsoft.com,1,doh,13.415,13.415,13.415,265.59999999403954,1,disc501.prod.do.dsp.mp.microsoft.com
1614,content-signature-2.cdn.mozilla.net,1,doh,11.848,11.848,11.848,337.20000000298023,1,content-signature-2.cdn.mozilla.net
1340,baidu.com,1,doh,12.188,886.287,845.4609999999999,7221.5,11,baidu.com;gips2.baidu.com;hector.baidu.com;hectorstatic.baidu.com;mbd.baidu.com;passport.baidu.com;pss.bdstatic.com;psstatic.cdn.bcebos.com;sp1.baidu.com;sp2.baidu.com;www.baidu.com
1439,init.gc.apple.com,1,doh,20.741,20.741,20.741,310.40000000596046,1,init.gc.apple.com
1486,fls-na.amazon.com,1,doh,13.506,13.506,13.506,131.79999999701977,1,fls-na.amazon.com
2206,calendar-a.wbx2.com,1,doh,37.601,37.601,37.601,197,1,calendar-a.wbx2.com
2391,datto.com,1,doh,14.602,111.018,83.01300000000018,729.9000000059605,8,cdn.cookielaw.org;cdnjs.cloudflare.com;code.jquery.com;datto.com;geolocation.onetrust.com;global.localizecdn.com;www.datto.com;www.googletagmanager.com
1978,slackb.com,1,doh,13.968,13.968,13.968,84.69999998807907,1,slackb.com
2079,bidmachine.io,1,doh,16.733,519.4829999999998,266.56499999999994,2423.699999988079,35,a.usbrowserspeed.com;analytics.google.com;api.company-target.com;api.hubapi.com;bidmachine.io;cdn.prod.website-files.com;cdn1.hubspot.net;connect.facebook.net;consortiumtradeagency.com;d3e54v103j8qbb.cloudfront.net;forms-na1.hsforms.com;forms.hsforms.com;googleads.g.doubleclick.net;hubspotv2.use1-marketplace-1p-apps-prod-red.if.webflow.services;idx.liadm.com;js.bidmachine.io;js.hs-analytics.net;js.hs-banner.com;js.hs-scripts.com;js.hsadspixel.net;js.hsforms.net;js.hubspot.com;perf-na1.hsforms.com;policy.app.cookieinformation.com;px.ads.linkedin.com;snap.licdn.com;static.hotjar.com;static.hsappstatic.net;stats.g.doubleclick.net;tag.demandbase.com;track.hubspot.com;tracking-api.g2.com;www.google.com;www.googletagmanager.com;www.linkedin.com
1551,www.cisco.com,1,doh,11.915,280.809,255.41800000000038,1039.7999999970198,22,68794910.akstat.io;analytics.twitter.com;c.go-mpulse.net;cdcvps.cloudapps.cisco.com;cdn.appdynamics.com;cdn.cookielaw.org;cisco.demdex.net;cm.g.doubleclick.net;cms.analytics.yahoo.com;dpm.demdex.net;dsc.cisco.com;fonts.googleapis.com;fonts.gstatic.com;geolocation.onetrust.com;rum.hlx.page;s.go-mpulse.net;smetrics.cisco.com;tags.tiqcdn.com;target.cisco.com;ups.analytics.yahoo.com;virtualconcierge.cisco.com;www.cisco.com
1391,themes-service.sr.roku.com,1,doh,13.277,13.277,13.277,65.59999999403954,1,themes-service.sr.roku.com
1688,seedtag.com,1,doh,19.323,409.682,192.57500000000013,2005.0999999940395,24,ajax.googleapis.com;api.hubapi.com;cdn.jsdelivr.net;cdn.prod.website-files.com;d3e54v103j8qbb.cloudfront.net;fonts.googleapis.com;fonts.gstatic.com;hubspotonwebflow.com;hubspotv2.use1-marketplace-1p-apps-prod-red.if.webflow.services;js.hs-analytics.net;js.hs-banner.com;js.hs-scripts.com;js.hsadspixel.net;js.hscollectedforms.net;js.hubspot.com;perf-na1.hsforms.com;px.ads.linkedin.com;seedtag.com;snap.licdn.com;track.hubspot.com;www.google-analytics.com;www.googletagmanager.com;www.linkedin.com;www.seedtag.com
1338,acdn.adnxs.com,1,doh,12.788,12.788,12.788,109.5,1,acdn.adnxs.com
1744,na.network-auth.com,1,doh,13.269,13.269,13.269,129.8999999910593,1,na.network-auth.com
1779,secure-assets.rubiconproject.com,1,doh,14.201,47.473,47.472999999999935,580.5300000011921,3,challenges.cloudflare.com;magnite.com;secure-assets.rubiconproject.com
1900,st.pubmatic.com,1,doh,13.538,13.538,13.538,102.8999999910593,1,st.pubmatic.com
2113,checkip.amazonaws.com,1,doh,15.054,15.054,15.054,84.3999999910593,1,checkip.amazonaws.com
1460,discordapp.com,1,doh,12.546,155.23699999999997,94.77199999999945,2275.9000000059605,11,ajax.googleapis.com;cdn.localizeapi.com;cdn.prod.website-files.com;d3e54v103j8qbb.cloudfront.net;discord.com;discordapp.com;geolocation.onetrust.com;hubspotonwebflow.com;www.google-analytics.com;www.googletagmanager.com;www.youtube.com
2352,gemini.google.com,1,doh,0.0,107.27099999999999,95.69300000000004,1232.7999999970198,10,analytics.google.com;fonts.gstatic.com;lh3.googleusercontent.com;ogads-pa.clients6.google.com;play.google.com;signaler-pa.clients6.google.com;www.google-analytics.com;www.google.com;www.googletagmanager.com;www.gstatic.com
2298,tnc16-normal-useast8.tiktokv.us,1,doh,11.747,11.747,11.747,140.5,1,tnc16-normal-useast8.tiktokv.us
1976,agent-app.ninjarmm.com,1,doh,13.579,13.579,13.579,315.40000000596046,1,agent-app.ninjarmm.com
2673,prod.rewardsplatform.microsoft.com,1,doh,13.768,13.768,13.768,114.09999999403954,1,prod.rewardsplatform.microsoft.com
2182,bip.com,1,doh,132.928,471.38899999999995,300.79499999999996,2793.4000000059605,7,assets.efilli.com;bip.com;bundles.efilli.com;fonts.googleapis.com;fonts.gstatic.com;media.bip.com;www.googletagmanager.com
2595,spo.nel.measure.office.net,1,doh,14.599,27.301000000000002,27.301000000000226,3108.3999999910593,2,ajax.aspnetcdn.com;spo.nel.measure.office.net
2481,media.licdn.com,1,doh,12.545,12.545,12.545,329.6000000089407,1,media.licdn.com
1361,mobile.launchdarkly.com,1,doh,14.066,14.066,14.066,85,1,mobile.launchdarkly.com
2246,steampowered.com,1,doh,14.62,69.84599999999999,45.800999999999924,1384.5999999940395,5,cdn.fastly.steamstatic.com;shared.fastly.steamstatic.com;steampowered.com;store.fastly.steamstatic.com;store.steampowered.com
2513,collect.ureca-lab.com,1,doh,12.595,12.595,12.595,337.40000000596046,1,collect.ureca-lab.com
1544,c.clarity.ms,1,doh,13.816,25.454,25.454000000000008,223.3999999910593,2,c.bing.com;c.clarity.ms
2369,api-h2.tiktokv.com,1,doh,15.614,15.614,15.614,371.70000000298023,1,api-h2.tiktokv.com
1584,epm.cyberark.com,1,doh,15.088,15.088,15.088,3066.1000000089407,1,epm.cyberark.com
1530,inapps.appsflyersdk.com,1,doh,13.428,13.428,13.428,165.20000000298023,1,inapps.appsflyersdk.com
2333,lyra-a.wbx2.com,1,doh,38.204,38.204,38.204,201.20000000298023,1,lyra-a.wbx2.com
1763,js-agent.newrelic.com,1,doh,11.558,11.558,11.558,129.5,1,js-agent.newrelic.com
2643,www.google.cn,1,doh,0.0,0.0,0.0,136,0,
2177,api.btloader.com,1,doh,12.958,12.958,12.958,107.90000000596046,1,api.btloader.com
2103,sf16-telemetry-proxy-oci.tiktokcdn-us.com,1,doh,12.489,12.489,12.489,96.70000000298023,1,sf16-telemetry-proxy-oci.tiktokcdn-us.com
1917,aggr16-normal.tiktokv.us,1,doh,12.14,12.14,12.14,100.59999999403954,1,aggr16-normal.tiktokv.us
2281,crb.kargo.com,1,doh,14.295,14.295,14.295,91.20000000298023,1,crb.kargo.com
2393,idx.liadm.com,1,doh,12.815,12.815,12.815,74.8999999910593,1,idx.liadm.com
2370,api.ingest.oitroot.us-east-1-op1.op.observeit.net,1,doh,16.472,16.472,16.472,90.80000001192093,1,api.ingest.oitroot.us-east-1-op1.op.observeit.net
2242,scuprodprv.m365.cloud.microsoft,1,doh,32.137,138.689,94.20600000000024,5259.29999999702,9,browser.events.data.microsoft.com;c.s-microsoft.com;js.monitor.azure.com;mem.gfx.ms;res-sdf.cdn.office.net;scuprodprv.m365.cloud.microsoft;uhf.microsoft.com;wcpstatic.microsoft.com;www.microsoft.com
1895,eas.outlook.com,1,doh,13.614,83.46400000000001,83.03299999999987,410.6000000089407,6,aadcdn.msftauth.net;eas.outlook.com;login.live.com;login.microsoftonline.com;outlook.office365.com;res.public.onecdn.static.microsoft
1446,choices.truste.com,1,doh,13.161,13.161,13.161,114.3999999910593,1,choices.truste.com
1477,grid-bidder.criteo.com,1,doh,12.577,12.577,12.577,81.5,1,grid-bidder.criteo.com
2636,frontier.tiktokv.com,1,doh,14.118,14.118,14.118,792.7000000029802,1,frontier.tiktokv.com
2530,dls-udc.dqa.samsung.com,1,doh,12.27,12.27,12.27,91.19999998807907,1,dls-udc.dqa.samsung.com
2356,gpi2.life360.com,1,doh,12.336,24.68,24.679999999999993,252.29999999701977,2,gpi2.life360.com;static.cloudflareinsights.com
2483,alexa-14.na.gateway.devices.a2z.com,1,doh,17.076,17.076,17.076,91.20000000298023,1,alexa-14.na.gateway.devices.a2z.com
2387,oecim16-normal-useast5.tiktokv.us,1,doh,20.494,20.494,20.494,129.3999999910593,1,oecim16-normal-useast5.tiktokv.us
2510,ingage.tech,1,doh,18.537,18.537,18.537,19480.09999999404,1,ingage.tech
2456,ad.mail.ru,1,doh,12.036,320.05400000000003,228.19300000000106,6916.399999991059,15,ad.mail.ru;analytics.google.com;googleads.g.doubleclick.net;privacy-cs.mail.ru;px.ads.linkedin.com;snap.licdn.com;stats.g.doubleclick.net;target.my.com;target.vk.ru;top-fwz1.mail.ru;vk.com;www.google-analytics.com;www.google.com;www.googletagmanager.com;www.linkedin.com
2461,gspx-ssl.ls.apple.com,1,doh,17.54,17.54,17.54,132.69999998807907,1,gspx-ssl.ls.apple.com
1402,api.onedrive.com,1,doh,13.633,142.48299999999998,104.44099999999999,1114.7999999970198,10,api.onedrive.com;browser.events.data.microsoft.com;c.s-microsoft.com;dev.onedrive.com;developers.microsoft.com;js.monitor.azure.com;res.public.onecdn.static.microsoft;teams.microsoft.com;wcpstatic.microsoft.com;www.microsoft.com
1595,amplitude.life360.com,1,doh,14.733,14.733,14.733,85,1,amplitude.life360.com
2156,ecsv2.roblox.com,1,doh,14.607,14.607,14.607,301.29999999701977,1,ecsv2.roblox.com
2307,app.slack.com,1,doh,16.127,541.386,277.49200000000025,3248.0999999940395,37,12632256.fls.doubleclick.net;a.slack-edge.com;a11179690159.cdn.optimizely.com;ad.doubleclick.net;adservice.google.com;alb.reddit.com;analytics.google.com;api.company-target.com;app.slack.com;c.contentsquare.net;cdn.cookielaw.org;cdn.schemaapp.com;cdn3.optimizely.com;csxd.contentsquare.net;d34u8crftukxnk.cloudfront.net;dc.ads.linkedin.com;dsum-sec.casalemedia.com;fonts.gstatic.com;geolocation.onetrust.com;googleads.g.doubleclick.net;id.rlcdn.com;logx.optimizely.com;partners.tremorhub.com;pixel-config.reddit.com;pixel.rubiconproject.com;s.company-target.com;segments.company-target.com;stats.g.doubleclick.net;t.contentsquare.net;tag-logger.demandbase.com;tag.demandbase.com;www.google.com;www.googletagmanager.com;www.linkedin.com;www.mczbf.com;www.redditstatic.com;www.youtube.com
2257,pat-issuer.cloudflare.com,1,doh,0.012,0.012,0.012,251.20000000298023,1,pat-issuer.cloudflare.com
1971,sdkopmetrics-us.dsp-api.moloco.com,1,doh,14.739,14.739,14.739,114.90000000596046,1,sdkopmetrics-us.dsp-api.moloco.com
1398,web.whatsapp.com,1,doh,13.255,27.012,27.012000000000008,606.6999999880791,2,static.whatsapp.net;web.whatsapp.com
1701,bcp.crwdcntrl.net,1,doh,14.226,14.226,14.226,87.70000000298023,1,bcp.crwdcntrl.net
1865,tenor.com,1,doh,13.831,75.959,63.99000000000005,974.2000000029802,6,media.tenor.com;stats.g.doubleclick.net;tenor.com;tenor.googleapis.com;www.google-analytics.com;www.googletagmanager.com
2316,gsp57-ssl-revgeo.ls.apple.com,1,doh,14.383,14.383,14.383,131.40000000596046,1,gsp57-ssl-revgeo.ls.apple.com
2275,clientsettingscdn.roblox.com,1,doh,13.213,13.213,13.213,140.59999999403954,1,clientsettingscdn.roblox.com
2376,iosapps.itunes.apple.com,1,doh,13.844,13.844,13.844,87.5,1,iosapps.itunes.apple.com
2003,sf16-va.tiktokcdn-us.com,1,doh,13.619,13.619,13.619,367,1,sf16-va.tiktokcdn-us.com
1586,mobile-collector.newrelic.com,1,doh,13.188,13.188,13.188,344.8999999910593,1,mobile-collector.newrelic.com
2035,display.ravm.tv,1,doh,11.677,11.677,11.677,83.5,1,display.ravm.tv
1816,static.hotjar.com,1,doh,14.59,763.2990000000002,522.9650000000004,2217.3999999910593,40,alb.reddit.com;analytics.google.com;analytics.twitter.com;api.segment.io;aplo-evnt.com;assets.apollo.io;ca.contentsquare.net;cdn.cookielaw.org;cdn.jsdelivr.net;cdn.optimizely.com;cdn.segment.com;cdn.us.heap-api.com;connect.facebook.net;et.eulerian.net;eu.api.fpjs.io;fast.appcues.com;fpjscdn.net;geolocation.onetrust.com;googleads.g.doubleclick.net;grsm.io;images.ctfassets.net;invite.contentsquare.com;invite.hotjar.com;js.partnerstack.com;partnerlinks.io;pixel-config.reddit.com;px.ads.linkedin.com;snap.licdn.com;static.ada.support;static.ads-twitter.com;static.hotjar.com;stats.g.doubleclick.net;t.co;t.contentsquare.net;unpkg.com;www.google.com;www.googletagmanager.com;www.hotjar.com;www.linkedin.com;www.redditstatic.com
1671,rtb0.doubleverify.com,1,doh,12.895,12.895,12.895,111.1000000089407,1,rtb0.doubleverify.com
1429,lh5.googleusercontent.com,1,doh,0.0,11.934,11.933999999999997,1085,1,www.google.com
2155,p19-common-ipv6-sign.tiktokcdn-us.com,1,doh,16.758,16.758,16.758,84.79999999701977,1,p19-common-ipv6-sign.tiktokcdn-us.com
1861,apple-relay.fastly-edge.com,1,doh,17.79,17.79,17.79,87.79999999701977,1,apple-relay.fastly-edge.com
2252,p19-oec-general-useast5.ttcdn-us.com,1,doh,13.265,13.265,13.265,84.79999999701977,1,p19-oec-general-useast5.ttcdn-us.com
1416,sync.ipredictive.com,1,doh,14.05,14.05,14.05,156.80000001192093,1,sync.ipredictive.com
1382,securetoken.googleapis.com,1,doh,0.0,12.748,12.74799999999999,159.70000000298023,1,www.google.com
1881,consent.config.office.com,1,doh,14.788,14.788,14.788,210.5,1,consent.config.office.com
1888,cdn.iads.unity3d.com,1,doh,17.976,17.976,17.976,180.5,1,cdn.iads.unity3d.com
2404,ebay.com,1,doh,13.426,361.7240000000001,245.07799999999992,1196.6000000089407,27,13341218.fls.doubleclick.net;ad.doubleclick.net;adservice.google.com;alb.reddit.com;backstory.ebay.com;connect.facebook.net;devicebind.ebay.com;dynamic.criteo.com;ebay.com;googleads.g.doubleclick.net;gum.criteo.com;ir.ebaystatic.com;mkttag.ebay.com;pixel-config.reddit.com;rover.ebay.com;s.pinimg.com;sc-static.net;sherlock-events-sampler.ebay.com;sp.analytics.yahoo.com;sslwidget.criteo.com;tags.tiqcdn.com;tr.snapchat.com;www.ebay.com;www.ebayadservices.com;www.google.com;www.googletagmanager.com;www.redditstatic.com
1914,bttrack.com,1,doh,13.466,13.466,13.466,92.3999999910593,1,bttrack.com
1858,config.office.com,1,doh,18.046,72.38900000000001,72.38899999999978,486.40000000596046,4,config.office.com;res-1.cdn.office.net;res-h3.public.cdn.office.net;static2.sharepointonline.com
2571,sync.adkernel.com,1,doh,32.905,32.905,32.905,686.3999999910593,1,sync.adkernel.com
2322,shop.app,1,doh,0.0,12.902000000000001,12.902000000000044,331.8699999898672,1,challenges.cloudflare.com
1669,ic3.events.data.microsoft.com,1,doh,20.555,20.555,20.555,236.79999999701977,1,ic3.events.data.microsoft.com
1966,mon-boot.tiktokv.com,1,doh,11.802,11.802,11.802,311,1,mon-boot.tiktokv.com
1797,sync.taboola.com,1,doh,13.909,13.909,13.909,114.70000000298023,1,sync.taboola.com
2260,csync.smilewanted.com,1,doh,18.912,2194.8440000000014,929.2990000000009,184.79999999701977,135,aa.agkn.com;aax-eu.amazon-adsystem.com;ad.360yield.com;ad.turn.com;ads.betweendigital.com;ads.creative-serving.com;ads.pubmatic.com;ads.servenobid.com;ads.yieldmo.com;aorta.clickagy.com;ap.lijit.com;b1sync.outbrain.com;b1sync.zemanta.com;bh.contextweb.com;bidder.smartytouch.co;c1.adform.net;capi.connatix.com;ce.lijit.com;cm.anyrtb.com;cm.g.doubleclick.net;cms.quantserve.com;cpm.vistarsagency.com;creativecdn.com;cs.admanmedia.com;cs.iqzone.com;cs.krushmedia.com;cs.media.net;cs.playdigo.com;csync.loopme.me;csync.smilewanted.com;de.tynt.com;dis.criteo.com;dsp-cookie.adfarm1.adition.com;dsp-service.admatic.de;dsp-service.pixad.com.tr;dsum-sec.casalemedia.com;eb2.3lift.com;eus.rubiconproject.com;gw-iad-bid.ymmobi.com;hb.trustedstack.com;hbx.media.net;hde.tynt.com;i.liadm.com;ib.adnxs.com;ice.360yield.com;id.rlcdn.com;id5-sync.com;image2.pubmatic.com;image6.pubmatic.com;image8.pubmatic.com;inmobi-match.dotomi.com;ittpx-us-e.eskimi.com;ittpx.eskimi.com;jadserve.postrelease.com;live.primis.tech;match.adsrvr.org;match.deepintent.com;match.prod.bidr.io;match.sharethrough.com;measureadv.com;ms-cookie-sync.presage.io;ogury-match.dotomi.com;onetag-sys.com;p.rfihub.com;pbs-cs.yellowblue.io;pippio.com;pixel-sync.sitescout.com;pixel-us-east.rubiconproject.com;pixel.rubiconproject.com;pixel.tapad.com;pool.liftdsp.com;prebid-match.dotomi.com;prebid.a-mo.net;prebid.admatic.com.tr;prebid.admatic.de;prebid.pixad.com.tr;ps.eyeota.net;px.ads.linkedin.com;r.bidswitch.net;router.infolinks.com;rtb.adstanding.com;rtb.gamoshi.io;rtb.gumgum.com;rtb.mfadsrvr.com;rtb.openx.net;s.ad.smaato.net;s.amazon-adsystem.com;s.console.adtarget.com.tr;s.seedtag.com;s0.2mdn.net;secure-assets.rubiconproject.com;server.smartytech.io;ssbsync-global.smartadserver.com;ssbsync.smartadserver.com;ssc-cms.33across.com;ssp-sync.criteo.com;ssp.disqus.com;static.cdn.admatic.com.tr;static.cdn.admatic.de;sync-tm.everesttech.net;sync.a-mo.net;sync.adkernel.com;sync.adtelligent.com;sync.e-volution.ai;sync.go.sonobi.com;sync.inmobi.com;sync.intentiq.com;sync.ipredictive.com;sync.pinklion.io;sync.pmbmonetize.live;sync.richaudience.com;sync.smartadserver.com;sync.srv.stackadapt.com;syncingbridge.com;t.adx.opera.com;t.oa.opera.com;tg.socdm.com;token.rubiconproject.com;tr.blismedia.com;trace.us.rtbwise.com;tracker-shr.ortb.net;u-ams.4dex.io;u.openx.net;um.simpli.fi;ups.analytics.yahoo.com;us-u.openx.net;us.ck-ie.com;us.shb-sync.com;us4.shb-sync.com;user-sync.fwmrm.net;ut.pubmatic.com;wt.rqtrk.eu;www.temu.com;x.bidswitch.net;yandex.ru
2130,edge-chat.facebook.com,1,doh,13.363,33.0,33.0,201.79999999701977,2,edge-chat.facebook.com;static.facebook.com
2611,api.steampowered.com,1,doh,14.141,14.141,14.141,210.29999999701977,1,api.steampowered.com
1458,m365cdn.nel.measure.office.net,1,doh,16.493,31.169999999999998,31.169999999999906,2148,2,ajax.aspnetcdn.com;m365cdn.nel.measure.office.net
1981,lcs-cops.adobe.io,1,doh,15.397,15.397,15.397,90.09999999403954,1,lcs-cops.adobe.io
1363,na.api.amazonvideo.com,1,doh,15.257,15.257,15.257,94.3999999910593,1,na.api.amazonvideo.com
1948,eu-office.events.data.microsoft.com,1,doh,24.702,24.702,24.702,1253.8999999910593,1,eu-office.events.data.microsoft.com
1583,richaudience.com,1,doh,20.472,20.472,20.472,1447.800000011921,1,richaudience.com
2133,dig.tiktokv.us,1,doh,13.061,13.061,13.061,93.79999999701977,1,dig.tiktokv.us
2621,taskassist-pa.clients6.google.com,1,doh,0.0,13.168,13.168000000000006,225.20000000298023,1,www.google.com
2532,bitdefender.net,1,doh,15.226,885.413,534.9579999999996,807.8999999910593,54,18.210.229.244;ad.doubleclick.net;adobedc.demdex.net;adservice.google.com;alb.reddit.com;analytics-ipv6.tiktokw.us;analytics.google.com;analytics.tiktok.com;analytics.twitter.com;api.company-target.com;bat.bing.com;bat.bing.net;bitdefender.com;bitdefender.f9tmep.net;bitdefender.net;c.az.contentsquare.net;c.clarity.ms;cdn.bizible.com;cdn.bizibly.com;connect.facebook.net;dsum-sec.casalemedia.com;dx.mountain.com;fast.ssqt.io;get.bitdefender.com;grsm.io;js.hsforms.net;js.partnerstack.com;lasteventf-tm.everesttech.net;partnerlinks.io;partners.tremorhub.com;pixel-config.reddit.com;pixel.rubiconproject.com;px.ads.linkedin.com;s.company-target.com;scripts.clarity.ms;snap.licdn.com;sstats.bitdefender.com;static.ads-twitter.com;static.hotjar.com;stats.g.doubleclick.net;t.co;t.contentsquare.net;tag-logger.demandbase.com;tag.demandbase.com;utt.impactcdn.com;v1.api.service.cmp.usercentrics.eu;web.cmp.usercentrics.eu;www.bitdefender.com;www.clarity.ms;www.everestjs.net;www.google.com;www.googletagmanager.com;www.linkedin.com;www.redditstatic.com
2312,p19-common-sign-useastred.tiktokcdn-eu.com,1,doh,14.056,14.056,14.056,81.40000000596046,1,p19-common-sign-useastred.tiktokcdn-eu.com
1608,pippio.com,1,doh,13.356,13.356,13.356,110.79999999701977,1,pippio.com
1676,search.namequery.com,1,doh,20.086,20.086,20.086,143.80000001192093,1,search.namequery.com
1618,sonobi.com,1,doh,18.198,234.29400000000004,163.93400000000017,1416.8999999910593,16,cmp.inmobi.com;fonts.googleapis.com;fonts.gstatic.com;googleads.g.doubleclick.net;js.hs-analytics.net;js.hs-banner.com;js.hs-scripts.com;js.hscollectedforms.net;px.ads.linkedin.com;snap.licdn.com;sonobi.com;track.hubspot.com;www.google-analytics.com;www.google.com;www.googletagmanager.com;www.linkedin.com
1882,ravm.tv,1,doh,13.477,13.477,13.477,76.8999999910593,1,ravm.tv
1548,api.rlcdn.com,1,doh,14.081,14.081,14.081,118,1,api.rlcdn.com
2193,dcape-na.amazon.com,1,doh,11.93,11.93,11.93,78.79999999701977,1,dcape-na.amazon.com
1555,attester.gateway.icloud.com,1,doh,16.668,16.668,16.668,94.6000000089407,1,attester.gateway.icloud.com
2561,api16-normal-c-alisg.tiktokv.com,1,doh,12.19,12.19,12.19,316.1000000089407,1,api16-normal-c-alisg.tiktokv.com
1430,play.itunes.apple.com,1,doh,12.309,12.309,12.309,98.5,1,play.itunes.apple.com
1839,searchlabspartnerservice-pa.googleapis.com,1,doh,0.0,16.354,16.353999999999985,247.59999999403954,1,www.google.com
2620,locationhistoryplacedetails-pa.googleapis.com,1,doh,0.0,12.456,12.456000000000003,156.3999999910593,1,www.google.com
2477,impression-east.liftoff.io,1,doh,11.806,11.806,11.806,70.5,1,impression-east.liftoff.io
2138,app.adjust.com,1,doh,12.594,12.594,12.594,372.5,1,app.adjust.com
1360,addons-pa.googleapis.com,1,doh,0.0,11.969,11.968999999999994,179.79999999701977,1,www.google.com
2629,canvas-lb.tubitv.com,1,doh,13.931,13.931,13.931,185.70000000298023,1,canvas-lb.tubitv.com
1419,safebrowsingohttpgateway.googleapis.com,1,doh,0.0,12.971,12.971000000000004,146.09999999403954,1,www.google.com
2348,tubitv.com,1,doh,24.246,166.843,127.3539999999988,3361.699999988079,10,abproxy.production-public.tubi.io;analytics-ingestion-production.tubitv.com;canvas-lb.tubitv.com;mcdn.tubitv.com;md0.tubitv.com;o30277.ingest.sentry.io;tensor-cdn.production-public.tubi.io;tubitv.com;www.googletagmanager.com;www.gstatic.com
1960,officecdn.microsoft.com,1,doh,13.177,13.177,13.177,87.29999999701977,1,officecdn.microsoft.com
1771,ssl.google-analytics.com,1,doh,0.0,106.702,69.37099999999981,985.2000000029802,8,ajax.googleapis.com;fonts.googleapis.com;fonts.gstatic.com;googleads.g.doubleclick.net;lh3.googleusercontent.com;www.google-analytics.com;www.googletagmanager.com;www.gstatic.com
2264,eskimi.com,1,doh,17.526,605.7750000000002,292.42799999999977,2046.9000000059605,40,a.omappapi.com;ajax.googleapis.com;analytics.google.com;api-eu1.hubapi.com;api.omappapi.com;bat.bing.com;c.clarity.ms;cdn.dreamdata.cloud;cdn.jetboost.io;cdn.jsdelivr.net;cdn.prod.website-files.com;cdn.weglot.com;connect.facebook.net;consent.cookiebot.com;consentcdn.cookiebot.com;d3e54v103j8qbb.cloudfront.net;dsp-ap.eskimi.com;dsp-media.eskimi.com;dsp-trk.eskimi.com;eskimi.com;fonts.googleapis.com;fonts.gstatic.com;googleads.g.doubleclick.net;js-eu1.hs-analytics.net;js-eu1.hs-banner.com;js-eu1.hs-scripts.com;js-eu1.hsadspixel.net;pagead2.googlesyndication.com;px.ads.linkedin.com;s.clarity.ms;scripts.clarity.ms;snap.licdn.com;stats.g.doubleclick.net;track-eu1.hubspot.com;widget.trustpilot.com;www.clarity.ms;www.eskimi.com;www.google.com;www.googletagmanager.com;www.linkedin.com
1762,partiality.itunes.apple.com,1,doh,14.656,14.656,14.656,108.5,1,partiality.itunes.apple.com
1373,play.samsungcloud.com,1,doh,13.62,13.62,13.62,310.6000000089407,1,play.samsungcloud.com
1476,choices.trustarc.com,1,doh,13.441,13.441,13.441,113,1,choices.trustarc.com
2568,r.msftstatic.com,1,doh,14.381,14.381,14.381,100,1,r.msftstatic.com
2187,uts-api.itunes.apple.com,1,doh,18.691,18.691,18.691,101.79999999701977,1,uts-api.itunes.apple.com
2107,m.stripe.com,1,doh,17.803,1279.1970000000003,537.634,857.5999999940395,43,ad.doubleclick.net;alb.reddit.com;analytics.google.com;analytics.twitter.com;api.company-target.com;apm.yahoo.co.jp;attr-td.ml-api.io;b.stripecdn.com;b91.yahoo.co.jp;bat.bing.com;dsum-sec.casalemedia.com;googleads.g.doubleclick.net;id.rlcdn.com;js.zi-scripts.com;m.stripe.com;match.adsrvr.org;munchkin.marketo.net;partners.tremorhub.com;pixel-config.reddit.com;pixel.byspotify.com;pixel.rubiconproject.com;px.ads.linkedin.com;q.quora.com;q.stripe.com;r.stripe.com;s.company-target.com;s.yimg.jp;segments.company-target.com;snap.licdn.com;static.ads-twitter.com;stats.g.doubleclick.net;stripe.com;t.co;tag-logger.demandbase.com;tag.demandbase.com;tag.flvcdn.net;ws.zoominfo.com;www.facebook.com;www.google-analytics.com;www.google.com;www.googletagmanager.com;www.linkedin.com;www.redditstatic.com
1556,edge-mqtt-fallback.facebook.com,1,doh,14.088,14.088,14.088,85.70000000298023,1,edge-mqtt-fallback.facebook.com
2158,p16-pu-sign-no.tiktokcdn-eu.com,1,doh,16.021,16.021,16.021,123.20000000298023,1,p16-pu-sign-no.tiktokcdn-eu.com
1469,lh6.googleusercontent.com,1,doh,0.0,11.876,11.876000000000005,1087.4000000059605,1,www.google.com
2656,buy.itunes.apple.com,1,doh,16.169,16.169,16.169,141.29999999701977,1,buy.itunes.apple.com
1754,urbanairship.com,1,doh,25.56,169.912,129.33399999999978,3870.8999999910593,12,airship.com;assets.adoberesources.net;aswpapius.com;aswpsdkus.com;bam.nr-data.net;cdn.cookielaw.org;geolocation.onetrust.com;js-agent.newrelic.com;md-2026-urban-airship.pantheonsite.io;urbanairship.com;www.airship.com;www.googletagmanager.com
1337,oec16-normal-useast5.tiktokv.us,1,doh,16.729,16.729,16.729,124.40000000596046,1,oec16-normal-useast5.tiktokv.us
1384,recaptcha.net,1,doh,0.0,27.785,27.784999999999997,178.5,1,www.google.com
2301,cdn.quantummetric.com,1,doh,13.003,654.1190000000001,333.65799999999973,1542.2999999970198,44,a.usbrowserspeed.com;analytics.google.com;api.hubapi.com;bttrack.com;cdn-cookieyes.com;cdn.bttrack.com;cdn.claydar.com;cdn.jsdelivr.net;cdn.quantummetric.com;cdn.sanity.io;challenges.cloudflare.com;clients.abmatic.ai;connect.facebook.net;directory.cookieyes.com;googleads.g.doubleclick.net;ingest.quantummetric.com;js.hs-analytics.net;js.hs-banner.com;js.hs-scripts.com;js.hsadspixel.net;js.hscollectedforms.net;js.hsforms.net;js.hubspot.com;js.qualified.com;js.zi-scripts.com;log.cookieyes.com;na-data.kameleoon.io;player.vimeo.com;px.ads.linkedin.com;snap.licdn.com;static.claydar.com;stats.g.doubleclick.net;tags.srv.stackadapt.com;tracking-api.g2.com;tracking.g2crowd.com;vimeo.com;waga1ps5is.kameleoon.io;ws-assets.zoominfo.com;ws.zoominfo.com;www.google.com;www.googletagmanager.com;www.linkedin.com;www.quantummetric.com;y6rt62dj.api.sanity.io
2075,maxcdn.bootstrapcdn.com,1,doh,14.061,138.41899999999998,88.94399999999987,458.29999999701977,10,api.github.com;cdn.jsdelivr.net;datum.jsdelivr.com;fonts.googleapis.com;fonts.gstatic.com;github.com;github.githubassets.com;maxcdn.bootstrapcdn.com;platform.twitter.com;syndication.twitter.com
1619,go.sonobi.com,1,doh,21.388,21.388,21.388,276.79999999701977,1,go.sonobi.com
2126,ad.gt,1,doh,21.591,21.591,21.591,305.90000000596046,1,ad.gt
1493,agents.msua02.manage.microsoft.com,1,doh,0.004,0.004,0.004,120.5,1,agents.msua02.manage.microsoft.com
2205,device-messaging-na.amazon.com,1,doh,11.747,11.747,11.747,144.09999999403954,1,device-messaging-na.amazon.com
2599,mon16-normal-useast8.tiktokv.us,1,doh,18.2,18.2,18.2,149.70000000298023,1,mon16-normal-useast8.tiktokv.us
1990,mediatek.com,1,doh,145.673,448.149,323.3230000000003,3675.2999999970198,23,728015.fs1.hubspotusercontent-na1.net;analytics.google.com;api.hubapi.com;app.hubspot.com;cdnjs.cloudflare.com;code.jquery.com;forms-na1.hsforms.com;googleads.g.doubleclick.net;js.hs-analytics.net;js.hs-banner.com;js.hsadspixel.net;js.hsforms.net;js.hubspot.com;mediatek.com;perf-na1.hsforms.com;px.ads.linkedin.com;snap.licdn.com;static.hsappstatic.net;stats.g.doubleclick.net;www.google.com;www.googletagmanager.com;www.linkedin.com;www.mediatek.com
2183,music.apple.com,1,doh,16.012,40.909,40.900999999999925,1199.6000000089407,4,is1-ssl.mzstatic.com;music.apple.com;www.apple.com;xp.apple.com
2378,mas-ext.amazon.com,1,doh,17.572,17.572,17.572,5106.199999988079,1,mas-ext.amazon.com
2473,lexicon.33across.com,1,doh,14.177,14.177,14.177,82.5,1,lexicon.33across.com
1930,disqus.com,1,doh,11.363,89.147,52.934999999999974,959.4000000059605,7,c.disquscdn.com;cmp.osano.com;disqus.com;fonts.gstatic.com;js.hs-scripts.com;js.hsadspixel.net;referrer.disqus.com
2090,images.taboola.com,1,doh,13.483,13.483,13.483,87.3999999910593,1,images.taboola.com
2303,tnc16-normal-useast5.tiktokv.us,1,doh,13.445,13.445,13.445,131,1,tnc16-normal-useast5.tiktokv.us
2036,engagements.appsflyer.com,1,doh,14.421,14.421,14.421,105.59999999403954,1,engagements.appsflyer.com
1576,api16-normal-useast8.tiktokv.us,1,doh,15.619,15.619,15.619,162.69999998807907,1,api16-normal-useast8.tiktokv.us
2063,na01.safelinks.protection.outlook.com,1,doh,23.642,23.642,23.642,224.70000000298023,1,na01.safelinks.protection.outlook.com
2608,ent-nfc-api.msn.com,1,doh,14.227,14.227,14.227,99.5,1,ent-nfc-api.msn.com
1906,api2.branch.io,1,doh,16.215,142.10799999999998,116.22500000000016,1101.2000000029802,9,api2.branch.io;branch.io;cdn.cookielaw.org;click.prod.mplat-ppcprotect.com;client.prod.mplat-ppcprotect.com;geolocation.onetrust.com;www.branch.io;www.google.com;www.googletagmanager.com
2091,translate-pa.googleapis.com,1,doh,0.0,22.363,22.363,231.29999999701977,1,www.google.com
2080,measureadv.com,1,doh,13.501,13.501,13.501,107.20000000298023,1,measureadv.com
1630,clients2.googleusercontent.com,1,doh,0.0,13.59,13.590000000000003,139.90000000596046,1,www.google.com
2021,appier.net,1,doh,21.151,189.63000000000002,124.97600000000001,4184.399999991059,12,app-na2.hubspot.com;appier.com;appier.net;fonts.gstatic.com;js-na2.hs-analytics.net;js-na2.hs-banner.com;js-na2.hsadspixel.net;js-na2.hubspot.com;perf-na2.hsforms.com;unpkg.com;www.appier.com;www.youtube.com
2115,www.datadoghq-browser-agent.com,1,doh,14.73,14.73,14.73,128.5,1,www.datadoghq-browser-agent.com
2505,fp.msedge.net,1,doh,14.846,14.846,14.846,107.40000000596046,1,fp.msedge.net
1642,v19.tiktokcdn-us.com,1,doh,14.619,14.619,14.619,148.79999999701977,1,v19.tiktokcdn-us.com
2554,amcdn.msftauth.net,1,doh,14.798,14.798,14.798,548.7999999970198,1,amcdn.msftauth.net
1730,sdk.iad-01.braze.com,1,doh,14,14.0,14.0,150.29999999701977,1,sdk.iad-01.braze.com
2284,mon16-normal-useast5.tiktokv.us,1,doh,15.352,15.352,15.352,103.79999999701977,1,mon16-normal-useast5.tiktokv.us
1536,prebid-server.rubiconproject.com,1,doh,16.296,16.296,16.296,90.59999999403954,1,prebid-server.rubiconproject.com
2234,live.rezync.com,1,doh,14.181,14.181,14.181,153.20000000298023,1,live.rezync.com
1535,gateway-asset.icloud-content.com,1,doh,16.987,16.987,16.987,88.5,1,gateway-asset.icloud-content.com
1799,agents.msua08.manage.microsoft.com,1,doh,0.013,0.013,0.013,139.29999999701977,1,agents.msua08.manage.microsoft.com
1947,innovid.com,1,doh,16.669,310.503,159.9360000000002,1357.7000000029802,18,331-xpm-231.mktoresp.com;ajax.googleapis.com;analytics.ahrefs.com;apikeys.civiccomputing.com;cc.cdn.civiccomputing.com;cdn.jsdelivr.net;cdn.prod.website-files.com;cdnjs.cloudflare.com;d3e54v103j8qbb.cloudfront.net;fonts.googleapis.com;fonts.gstatic.com;info.mediaocean.com;innovid.com;munchkin.marketo.net;p.typekit.net;use.typekit.net;www.googletagmanager.com;www.innovid.com
2058,ngx-v4.amp-endpoint2.com,1,doh,13.407,13.407,13.407,4634.4000000059605,1,ngx-v4.amp-endpoint2.com
2588,bid.g.doubleclick.net,1,doh,0.0,124.44399999999999,70.21000000000004,559.2000000029802,9,ajax.googleapis.com;fonts.googleapis.com;fonts.gstatic.com;googleads.g.doubleclick.net;lh3.googleusercontent.com;www.google-analytics.com;www.google.com;www.googletagmanager.com;www.gstatic.com
2039,usersub-a.wbx2.com,1,doh,14.515,14.515,14.515,147.59999999403954,1,usersub-a.wbx2.com
1571,pull-f5-va01.tiktokcdn-us.com,1,doh,18.036,18.036,18.036,189.70000000298023,1,pull-f5-va01.tiktokcdn-us.com
1474,europe.smartscreen.microsoft.com,1,doh,15.37,15.37,15.37,318.20000000298023,1,europe.smartscreen.microsoft.com
1344,cdn.taboola.com,1,doh,13.77,13.77,13.77,117.79999999701977,1,cdn.taboola.com
2325,tpsc-ue1.doubleverify.com,1,doh,13.526,13.526,13.526,118.29999999701977,1,tpsc-ue1.doubleverify.com
2389,m.stripe.network,1,doh,14.669,14.669,14.669,320.90000000596046,1,m.stripe.network
1601,federatedcompute-pa.googleapis.com,1,doh,0.0,12.756,12.755999999999972,861.7000000029802,1,www.google.com
1554,cdn.discordapp.com,1,doh,15.286,37.725,37.72500000000002,339.20000000298023,2,cdn.discordapp.com;client-metrics.discordapp.net
2471,api.x.com,1,doh,14.289,14.289,14.289,113.70000000298023,1,api.x.com
1750,ts01-gyr-maverick.cloudsink.net,1,doh,13.83,13.83,13.83,365.20000000298023,1,ts01-gyr-maverick.cloudsink.net
2374,capi.grammarly.com,1,doh,19.03,19.03,19.03,92.5,1,capi.grammarly.com
1653,fbsbx.com,1,doh,18.038,18.038,18.038,195.40000000596046,1,fbsbx.com
2377,att.net,1,doh,38.248,650.224,382.94200000000086,1660.7999999970198,40,aa.agkn.com;ads.pubmatic.com;ads.yieldmo.com;api.login.yahoo.com;att.demdex.net;att.net;c2shb-oao.ssp.yahoo.com;cdn.taboola.com;cm.g.doubleclick.net;consent.cmp.oath.com;currently.att.yahoo.com;display.bidder.taboola.com;dpm.demdex.net;exchange.kueezrtb.com;fastlane.rubiconproject.com;grid-bidder.criteo.com;guce.yahoo.com;htlb.casalemedia.com;ib.adnxs.com;idx.liadm.com;ncp-gw-frontpage.media.yahoo.com;nexus-gateway-prod.media.yahoo.com;noa.yahoo.com;opus.analytics.yahoo.com;pbs.yahoo.com;prebid.media.net;rp.liadm.com;rtb.openx.net;s.seedtag.com;s.yimg.com;sb.scorecardresearch.com;securepubads.g.doubleclick.net;signal-service.pbs.yahoo.com;smetrics.att.com;start.att.net;tlx.3lift.com;ups.analytics.yahoo.com;wnsrvbjmeprtfrnfx.ay.delivery;www.att.net;www.googletagmanager.com
1941,secure.cdn.fastclick.net,1,doh,15.288,15.288,15.288,158.70000000298023,1,secure.cdn.fastclick.net
2578,ittpx.eskimi.com,1,doh,14.512,14.512,14.512,413.40000000596046,1,ittpx.eskimi.com
1336,usc1-gcp-v61.api.snapchat.com,1,doh,11.363,11.363,11.363,110.69999998807907,1,usc1-gcp-v61.api.snapchat.com
1520,image2.pubmatic.com,1,doh,12.669,12.669,12.669,110,1,image2.pubmatic.com
2029,js.adsrvr.org,1,doh,14.71,36.153000000000006,36.153,160.70000000298023,2,ad.adsrvr.org;js.adsrvr.org
1652,challenges.cloudflare.com,1,doh,14.231,14.231,14.231,254.20000000298023,1,challenges.cloudflare.com
1792,cloud.unity3d.com,1,doh,17.368,241.203,204.15199999999984,861,16,api.unity.com;auth.cloud.unity.com;cdn.amplitude.com;cdn.cloud.unity.com;cdn.cookielaw.org;cdn.login.unity.com;cloud.unity3d.com;fonts.googleapis.com;geolocation.onetrust.com;login.unity.com;o488710.ingest.sentry.io;plausible.it.unity3d.com;scripts.clarity.ms;sr-client-cfg.amplitude.com;www.clarity.ms;www.googletagmanager.com
2268,api16-core-useast8.tiktokv.us,1,doh,15.197,15.197,15.197,113.59999999403954,1,api16-core-useast8.tiktokv.us
2560,analytics-alv.google.com,1,doh,0.0,12.646,12.646000000000015,242.09999999403954,1,www.google.com
2330,api.ad.intl.xiaomi.com,1,doh,15.718,15.718,15.718,802.4000000059605,1,api.ad.intl.xiaomi.com
2468,trk.pinterest.com,1,doh,15.71,15.71,15.71,120.90000000596046,1,trk.pinterest.com
1965,cm.adform.net,1,doh,15.28,15.28,15.28,391.8999999910593,1,cm.adform.net
2254,medallia.com,1,doh,27.808,784.9050000000001,430.1530000000001,3237.7999999970198,48,141-hjw-872.mktoresp.com;adobedc.demdex.net;api.company-target.com;api.weglot.com;assets.adobedtm.com;cdn.bizible.com;cdn.bizibly.com;cdn.decibelinsight.net;cdn.jsdelivr.net;cdn.vidyard.com;cdn.weglot.com;cm.g.doubleclick.net;connect.facebook.net;consent.trustarc.com;dsum-sec.casalemedia.com;fonts.googleapis.com;fonts.gstatic.com;go2.medallia.com;googleads.g.doubleclick.net;ib.adnxs.com;id.rlcdn.com;insight.adsrvr.org;js.adsrvr.org;js.qualified.com;js.zi-scripts.com;medallia.com;medalliaresources.s3.us-west-1.amazonaws.com;munchkin.marketo.net;na5.cdn.thunderhead.com;na5.thunderhead.com;nebula-cdn.kampyle.com;partners.tremorhub.com;pixel.rubiconproject.com;play.vidyard.com;px.ads.linkedin.com;resources.digital-cloud.medallia.com;s.company-target.com;segments.company-target.com;smetrics.medallia.com;snap.licdn.com;tag-logger.demandbase.com;tag.demandbase.com;ws.zoominfo.com;www.google-analytics.com;www.google.com;www.googletagmanager.com;www.linkedin.com;www.medallia.com
1667,capi.connatix.com,1,doh,12.723,12.723,12.723,117.6000000089407,1,capi.connatix.com
2661,media1.giphy.com,1,doh,13.449,13.449,13.449,2793.7000000029802,1,media1.giphy.com
2676,analytics.query.yahoo.com,1,doh,13.409,13.409,13.409,181.70000000298023,1,analytics.query.yahoo.com
2323,wt.rqtrk.eu,1,doh,14.213,14.213,14.213,131.79999999701977,1,wt.rqtrk.eu
1908,i-sdk.mediation.unity3d.com,1,doh,15.595,15.595,15.595,91.19999998807907,1,i-sdk.mediation.unity3d.com
2594,vk.com,1,doh,14.769,197.24599999999998,142.64199999999983,5742.20000000298,13,ads.vk.com;akashi.vk-portal.net;api.vk.com;login.vk.com;privacy-cs.mail.ru;r0.mradx.net;st.vk.com;stacks.vk-portal.net;stats.vk-portal.net;tns-counter.ru;top-fwz1.mail.ru;vk.com;www.tns-counter.ru
1364,truste.com,1,doh,22.657,390.39099999999996,276.8380000000001,1489.7999999970198,25,846-llz-652.mktoresp.com;analytics.google.com;arclight.vimeo.com;collect.datas3ntinel.com;config.datas3ntinel.com;consent.trustarc.com;f.vimeocdn.com;googleads.g.doubleclick.net;info.trustarc.com;munchkin.marketo.net;opps-api.getwarmly.com;opps-widget.getwarmly.com;p.typekit.net;player.vimeo.com;px.ads.linkedin.com;snap.licdn.com;stats.g.doubleclick.net;trustarc.com;truste.com;use.typekit.net;vimeo.com;www.google-analytics.com;www.google.com;www.googletagmanager.com;www.linkedin.com
2262,cdn2.smoot.apple.com,1,doh,14.42,14.42,14.42,190.8999999910593,1,cdn2.smoot.apple.com
1912,extension.femetrics.grammarly.io,1,doh,12.668,12.668,12.668,129.20000000298023,1,extension.femetrics.grammarly.io
1916,sync.a-mo.net,1,doh,13.707,13.707,13.707,80.90000000596046,1,sync.a-mo.net
2120,init.supersonicads.com,1,doh,11.446,11.446,11.446,79.19999998807907,1,init.supersonicads.com
2053,api19-normal-useast8.tiktokv.us,1,doh,12.94,12.94,12.94,109,1,api19-normal-useast8.tiktokv.us
2071,ers.samsungcloud.com,1,doh,29.671,29.671,29.671,174.90000000596046,1,ers.samsungcloud.com
2189,sync.teads.tv,1,doh,15.817,15.817,15.817,89.90000000596046,1,sync.teads.tv
1781,cdn.shopify.com,1,doh,17.392,17.392,17.392,468.90000000596046,1,cdn.shopify.com
1399,mfadsrvr.com,1,doh,20.708,84.354,73.28300000000002,522.1999999880791,5,ajax.googleapis.com;fonts.googleapis.com;fonts.gstatic.com;hellogenie.com;mfadsrvr.com
1547,bootstrapcdn.com,1,doh,15.935,150.12,107.62799999999999,727.1000000089407,11,api.github.com;bootstrapcdn.com;cdn.jsdelivr.net;datum.jsdelivr.com;fonts.googleapis.com;fonts.gstatic.com;github.com;github.githubassets.com;platform.twitter.com;syndication.twitter.com;www.bootstrapcdn.com
2160,mamservice.manage.microsoft.com,1,doh,15.747,15.747,15.747,135.20000000298023,1,mamservice.manage.microsoft.com
2072,taobao.com,1,doh,13.778,4525.269000000001,3377.679000000001,11130.40000000596,28,acjs.aliyun.com;adtetk.tdum.alibaba.com;alidt.alicdn.com;at.alicdn.com;cf.aliyun.com;cm.mediav.com;dhdnka.tdum.alibaba.com;enf323.tdum.alibaba.com;fourier.alibaba.com;fourier.taobao.com;g.alicdn.com;g.aplus.taobao.com;gm.mmstat.com;gw.alicdn.com;h5api.m.taobao.com;img.alicdn.com;log.mmstat.com;login.taobao.com;main.m.tmall.com;o.alicdn.com;pc-growht-rta.taobao.com;push-v1.taobao.com;s-gm.mmstat.com;taobao.com;umdc.taobao.com;www.taobao.com;x.alicdn.com;ynuf.aliapp.org
1919,tzm.px-cloud.net,1,doh,13.935,13.935,13.935,676.6000000089407,1,tzm.px-cloud.net
1637,roblox.com,1,doh,14.738,47.754999999999995,47.744999999999806,2658.9000000059605,4,apis.rbxcdn.com;css.rbxcdn.com;js.rbxcdn.com;roblox.com
2214,espn.com,1,doh,24.208,977.9349999999998,452.70899999999943,2905.4000000059605,65,6faf0ccdd035f30a545e7d25c9a67c28.safeframe.googlesyndication.com;a.espncdn.com;a1.espncdn.com;a2.espncdn.com;a3.espncdn.com;a4.espncdn.com;acdn.adnxs.com;ad.doubleclick.net;ad.turn.com;ads.pubmatic.com;ads.rubiconproject.com;ads.trustx.org;bcp.crwdcntrl.net;c2shb.pubgw.yahoo.com;cdn.cookielaw.org;cdn.espn.com;cdn.id5-sync.com;cdn.jsdelivr.net;cdn.mgaru.dev;chui-assets-cdn.espn.com;cm.g.doubleclick.net;connectid.analytics.yahoo.com;dcf.espn.com;dmp.im-apps.net;entitlement.auth.adobe.com;ep1.adtrafficquality.google;ep2.adtrafficquality.google;esp.rtbhouse.com;espn.com;fastlane.rubiconproject.com;fundingchoicesmessages.google.com;google-bidout-d.openx.net;googleads.g.doubleclick.net;gum.criteo.com;htlb.casalemedia.com;ib.adnxs.com;id5-sync.com;ident.mygaru.com;invstatic101.creativecdn.com;js-sec.indexww.com;krk2.kargo.com;match.adsrvr.org;micro.rubiconproject.com;oa.openxcdn.net;oajs.openx.net;pagead2.googlesyndication.com;pinpoint.espn.com;prebid-a.rubiconproject.com;s0.2mdn.net;scripts.webcontentassessor.com;secure.espn.com;securepubads.g.doubleclick.net;site.api.espn.com;sp.auth.adobe.com;static.cdn.trustx.org;static.criteo.net;sync.trustx.org;sync6.im-apps.net;tags.crwdcntrl.net;tracking.mygaru.com;ups.analytics.yahoo.com;www.espn.com;www.google.com;www.googletagmanager.com;www.googletagservices.com
2498,aefd.nelreports.net,1,doh,15.002,15.002,15.002,109.70000000298023,1,aefd.nelreports.net
1822,impression.appsflyer.com,1,doh,13.37,13.37,13.37,157.20000000298023,1,impression.appsflyer.com
1400,telemetry.mozilla.org,1,doh,19.032,47.516999999999996,33.998999999999995,305.29999999701977,3,cdn.jsdelivr.net;telemetry.mozilla.org;use.fontawesome.com
2345,i.pinimg.com,1,doh,12.633,12.633,12.633,106.90000000596046,1,i.pinimg.com
2601,prebid.adnxs.com,1,doh,14.716,14.716,14.716,202.6000000089407,1,prebid.adnxs.com
2460,a.amxrtb.com,1,doh,14.121,14.121,14.121,197.70000000298023,1,a.amxrtb.com
1433,www.recaptcha.net,1,doh,0.0,13.149,13.149000000000001,162.20000000298023,1,www.google.com
1925,springserve.com,1,doh,27.236,40.861,40.861000000000004,624.234999999404,2,challenges.cloudflare.com;springserve.com
1673,todo-ta-g7g.amazon.com,1,doh,15.957,15.957,15.957,95.30000001192093,1,todo-ta-g7g.amazon.com
2347,i.w55c.net,1,doh,15.297,50.977999999999994,50.977999999999994,362.5,2,i.w55c.net;www.w55c.net
2402,graph.fbpigeon.com,1,doh,17.106,17.106,17.106,104.8999999910593,1,graph.fbpigeon.com
1483,p13n.adobe.io,1,doh,15.503,15.503,15.503,94.5,1,p13n.adobe.io
1371,dropbox.com,1,doh,12.591,138.98499999999999,113.80299999999983,4139.79999999702,8,accounts.google.com;aem.dropbox.com;cfl.dropboxstatic.com;dropbox.com;fjord.dropboxstatic.com;fp.dropbox.com;marketing.dropbox.com;www.dropbox.com
1704,nam.loki.delve.office.com,1,doh,15.135,15.135,15.135,111.29999999701977,1,nam.loki.delve.office.com
1604,connectivitycheck.platform.hicloud.com,1,doh,16.944,16.944,16.944,254.40000000596046,1,connectivitycheck.platform.hicloud.com
1685,api.twitter.com,1,doh,14.262,14.262,14.262,110.80000001192093,1,api.twitter.com
1896,aa.online-metrix.net,1,doh,12.902,12.902,12.902,129.09999999403954,1,aa.online-metrix.net
1905,device.autopatch.microsoft.com,1,doh,28.856,28.856,28.856,176.1000000089407,1,device.autopatch.microsoft.com
1463,jadserve.postrelease.com,1,doh,14.727,14.727,14.727,133.90000000596046,1,jadserve.postrelease.com
2199,gateway.unityads.unity3d.com,1,doh,15.339,15.339,15.339,113.20000000298023,1,gateway.unityads.unity3d.com
2179,f-log-extension.grammarly.io,1,doh,18.023,18.023,18.023,124,1,f-log-extension.grammarly.io
2651,undertone.com,1,doh,27.599,272.034,175.26999999999995,734.7000000029802,17,consent.cookiebot.com;consentcdn.cookiebot.com;evt.undertone.com;forms-na1.hsforms.com;forms.hsforms.com;js.hsforms.net;match.adsrvr.org;perion.com;pixel.tapad.com;px.ads.linkedin.com;snap.licdn.com;undertone.com;unpkg.com;vee-crm.com;www.google-analytics.com;www.googletagmanager.com;www.linkedin.com
1582,stripe.com,1,doh,24.376,1115.3939999999998,507.7500000000001,1349.6000000089407,45,ad.doubleclick.net;alb.reddit.com;analytics.google.com;analytics.twitter.com;api.company-target.com;apm.yahoo.co.jp;attr-td.ml-api.io;b.stripecdn.com;b91.yahoo.co.jp;bat.bing.com;dsum-sec.casalemedia.com;ext.stripe.com;googleads.g.doubleclick.net;id.rlcdn.com;images.stripeassets.com;js.zi-scripts.com;match.adsrvr.org;munchkin.marketo.net;partners.tremorhub.com;pixel-config.reddit.com;pixel.byspotify.com;pixel.rubiconproject.com;pixels.spotify.com;px.ads.linkedin.com;q.quora.com;q.stripe.com;r.stripe.com;s.company-target.com;s.yimg.jp;segments.company-target.com;snap.licdn.com;static.ads-twitter.com;stats.g.doubleclick.net;stripe.com;t.co;tag-logger.demandbase.com;tag.demandbase.com;tag.flvcdn.net;ws.zoominfo.com;www.facebook.com;www.google-analytics.com;www.google.com;www.googletagmanager.com;www.linkedin.com;www.redditstatic.com
1710,doh.dns.apple.com,1,doh,15.489,15.489,15.489,105.20000000298023,1,doh.dns.apple.com
1640,sdkapi.dsp-api.moloco.com,1,doh,13.552,13.552,13.552,177.5,1,sdkapi.dsp-api.moloco.com
1778,config.extension.grammarly.com,1,doh,17.913,17.913,17.913,119,1,config.extension.grammarly.com
2000,deviceintegritytokens-pa.googleapis.com,1,doh,0.0,14.254,14.254000000000005,155.5,1,www.google.com
2653,g.bing.com,1,doh,16.808,410.922,322.5650000000001,3277.4000000059605,26,aadcdn.msftauth.net;ab.dns-finder.com;ad-delivery.net;ad.doubleclick.net;adsdk.microsoft.com;api.btloader.com;api.msn.com;arc.msn.com;browser.events.data.msn.com;btloader.com;c.msn.com;ecn.dev.virtualearth.net;g.bing.com;ib.msn.com;img-s-msn-com.akamaized.net;js.monitor.azure.com;login.live.com;login.microsoftonline.com;m.adnxs.com;mem.gfx.ms;px.ads.linkedin.com;sb.scorecardresearch.com;scripts.mf.webcontentassessor.com;srtb.msn.com;trc.taboola.com;www.msn.com
1801,cdn.pendo.io,1,doh,14.283,14.283,14.283,125.29999999701977,1,cdn.pendo.io
1821,ep7.facebook.com,1,doh,14.369,42.885999999999996,42.88600000000005,785.2999999970198,3,ep7.facebook.com;static.xx.fbcdn.net;www.instagram.com
2195,sf-api-token-service.itunes.apple.com,1,doh,18.602,18.602,18.602,261.5,1,sf-api-token-service.itunes.apple.com
1654,amazontrust.com,1,doh,14.473,42.485,42.485,891.7999999970198,2,amazontrust.com;www.amazontrust.com
1450,globalsign.com,1,doh,13.145,309.98799999999994,268.3440000000005,24878,20,api-cdn.euw2.pure.cloud;apps.euw2.pure.cloud;bam.eu01.nr-data.net;cache.img.gmo.jp;cdn.jsdelivr.net;consent.cookiebot.com;consentcdn.cookiebot.com;fonts.googleapis.com;fonts.gstatic.com;globalsign.com;globalsign.containers.piwik.pro;globalsign.piwik.pro;js-agent.newrelic.com;s.clarity.ms;scripts.clarity.ms;seal.atlas.globalsign.com;static.cloudflareinsights.com;www.clarity.ms;www.globalsign.com;www.googletagmanager.com
1898,growth-pa.googleapis.com,1,doh,0.0,12.454,12.454000000000008,154.20000000298023,1,www.google.com
1849,m.youtube.com,1,doh,0.0,138.78499999999997,103.66300000000064,2261.7000000029802,9,fonts.googleapis.com;fonts.gstatic.com;googleads.g.doubleclick.net;i.ytimg.com;rr1---sn-5hne6n6l.googlevideo.com;static.doubleclick.net;www.google.com;www.gstatic.com;youtube.com
1753,unified.adsafeprotected.com,1,doh,17.134,17.134,17.134,104.8999999910593,1,unified.adsafeprotected.com
2519,hb.trustedstack.com,1,doh,16.712,16.712,16.712,93.70000000298023,1,hb.trustedstack.com
2646,media0.giphy.com,1,doh,13.503,13.503,13.503,2523.5,1,media0.giphy.com
1596,lbs.eu-1-id5-sync.com,1,doh,14.795,14.795,14.795,341,1,lbs.eu-1-id5-sync.com
1855,dynatrace.com,1,doh,17.359,720.7180000000002,422.8360000000004,1537.5,42,352-nvo-562.mktoresp.com;9976700.fls.doubleclick.net;a.usbrowserspeed.com;ad.doubleclick.net;adservice.google.com;alb.reddit.com;b.6sc.co;bat.bing.com;bf25977vwq.bf.dynatrace.com;c.6sc.co;cdn.calibermind.com;cdn.cookielaw.org;cdn.dm.dynatrace.com;cdn.hub.central.dynatrace.com;dt-cdn.net;dynatrace.com;e.calibermind.com;epsilon.6sense.com;geolocation.onetrust.com;googleads.g.doubleclick.net;ipv6.6sc.co;ixfd-api.bc0a.com;j.6sc.co;js-cdn.dynatrace.com;munchkin.marketo.net;paapi9296.d41.co;pixel-config.reddit.com;px.ads.linkedin.com;secure.adnxs.com;snap.licdn.com;static.hotjar.com;t.influ2.com;tags.srv.stackadapt.com;v2.d41.co;ws.zoominfo.com;www.dynatrace.com;www.google-analytics.com;www.google.com;www.googletagmanager.com;www.influ2.com;www.linkedin.com;www.redditstatic.com
1572,direct.adsrvr.org,1,doh,14.222,14.222,14.222,97.59999999403954,1,direct.adsrvr.org
2361,dls.di.atlas.samsung.com,1,doh,17.575,17.575,17.575,96,1,dls.di.atlas.samsung.com
2592,o.pki.goog,1,doh,0.0,13.363,13.363,206.79999999701977,1,www.google.com
2600,view.adjust.com,1,doh,14.265,14.265,14.265,356.40000000596046,1,view.adjust.com
1603,lf19-gecko-source.tiktokcdn-us.com,1,doh,14.016,14.016,14.016,85.1000000089407,1,lf19-gecko-source.tiktokcdn-us.com
1511,server.events.data.microsoft.com,1,doh,14.376,14.376,14.376,353.1000000089407,1,server.events.data.microsoft.com
2598,huntress.io,1,doh,13.585,179.18500000000003,108.61200000000028,1515.2000000029802,11,api.canny.io;canny.io;cmp.osano.com;fonts.googleapis.com;fonts.gstatic.com;huntress.io;huntresscdn.com;js.stripe.com;m.stripe.com;m.stripe.network;www.googletagmanager.com
2299,mgid.com,1,doh,17.019,696.2839999999998,301.6690000000008,2686.4000000059605,38,a.quora.com;alb.reddit.com;analytics.google.com;api.hubapi.com;app.hubspot.com;bat.bing.com;c.clarity.ms;cdn.cookie-script.com;connect.facebook.net;fonts.gstatic.com;googleads.g.doubleclick.net;js.hs-analytics.net;js.hs-banner.com;js.hs-scripts.com;js.hsadspixel.net;js.hubspot.com;js.hubspotfeedback.com;js.usemessages.com;mgid-site.s3.us-east-1.amazonaws.com;mgid.com;perf-na1.hsforms.com;pixel-config.reddit.com;px.ads.linkedin.com;q.quora.com;s.clarity.ms;sc.lfeeder.com;scripts.clarity.ms;snap.licdn.com;static.hsappstatic.net;stats.g.doubleclick.net;tr.lfeeder.com;track.hubspot.com;www.clarity.ms;www.google.com;www.googletagmanager.com;www.linkedin.com;www.mgid.com;www.redditstatic.com
1758,cloudflare-dns.com,1,doh,14.669,67.714,56.020999999999916,1016.2999999970198,6,cloudflare-dns.com;cloudflarestream.com;embed.cloudflarestream.com;fonts.googleapis.com;fonts.gstatic.com;one.one.one.one
1873,appsforoffice.microsoft.com,1,doh,21.822,21.822,21.822,202.09999999403954,1,appsforoffice.microsoft.com
1436,graph.whatsapp.com,1,doh,18,18.0,18.0,155.69999998807907,1,graph.whatsapp.com
1444,sync-tm.everesttech.net,1,doh,13.636,13.636,13.636,73.70000000298023,1,sync-tm.everesttech.net
2633,privacy-sandbox.appsflyersdk.com,1,doh,14.904,14.904,14.904,109,1,privacy-sandbox.appsflyersdk.com
1964,translate.google.com,1,doh,0.0,51.117,25.891999999999967,1110.1000000089407,6,fonts.googleapis.com;fonts.gstatic.com;ogads-pa.clients6.google.com;play.google.com;ssl.gstatic.com;www.gstatic.com
1453,rtb.mfadsrvr.com,1,doh,16.082,16.082,16.082,123.8999999910593,1,rtb.mfadsrvr.com
1612,amp-api-search-edge.apps.apple.com,1,doh,14.496,14.496,14.496,93.40000000596046,1,amp-api-search-edge.apps.apple.com
1760,api.ipify.org,1,doh,11.306,11.306,11.306,95.69999998807907,1,api.ipify.org
2338,hk-1day-bucket.obs.ap-southeast-1.myhuaweicloud.com,1,doh,421.3,421.3,421.3,1180.3999999910593,1,hk-1day-bucket.obs.ap-southeast-1.myhuaweicloud.com
1690,ms4.applovin.com,1,doh,13.958,13.958,13.958,96.59999999403954,1,ms4.applovin.com
1793,b-cdn.net,1,doh,13.437,120.304,116.23700000000007,2184.0999999940395,7,b-cdn.net;bunny-reddit.b-cdn.net;bunny.net;fonts.bunny.net;matomo.bunny.net;posthog2.fluffleinfra.net;widget.trustpilot.com
1818,ims-prod06.adobelogin.com,1,doh,14.293,14.293,14.293,104.8999999910593,1,ims-prod06.adobelogin.com
1329,payments-graph.facebook.com,1,doh,14.478,14.478,14.478,167.5,1,payments-graph.facebook.com
2624,sf-teko-source.tiktokcdn-us.com,1,doh,15.515,15.515,15.515,215.40000000596046,1,sf-teko-source.tiktokcdn-us.com
1501,data.pendo.io,1,doh,11.824,11.824,11.824,84.70000000298023,1,data.pendo.io
1687,admin.microsoft.com,1,doh,12.362,50.4,47.34499999999995,565.1000000089407,4,aadcdn.msauth.net;admin.microsoft.com;login.live.com;login.microsoftonline.com
2288,api16-core-useast5.tiktokv.us,1,doh,17.083,17.083,17.083,100.59999999403954,1,api16-core-useast5.tiktokv.us
1840,people-pa.clients6.google.com,1,doh,0.0,12.603,12.602999999999994,152.20000000298023,1,www.google.com
1817,pixel.quantserve.com,1,doh,13.171,13.171,13.171,84,1,pixel.quantserve.com
2161,default.na.gateway.devices.a2z.com,1,doh,16.734,16.734,16.734,134.59999999403954,1,default.na.gateway.devices.a2z.com
1457,image6.pubmatic.com,1,doh,12.6,12.6,12.6,82.5,1,image6.pubmatic.com
1683,p16-sign-sg.tiktokcdn.com,1,doh,14.979,14.979,14.979,122.6000000089407,1,p16-sign-sg.tiktokcdn.com
1377,notify.bugsnag.com,1,doh,11.262,11.262,11.262,140.6000000089407,1,notify.bugsnag.com
2049,nrdp.ws.prod.cloud.netflix.com,1,doh,12.849,12.849,12.849,136.70000000298023,1,nrdp.ws.prod.cloud.netflix.com
1643,experiments.apple.com,1,doh,14.361,14.361,14.361,107.5,1,experiments.apple.com
2099,split.io,1,doh,14.392,478.54,245.67100000000028,1554.0999999940395,33,053-jny-225.mktoresp.com;ajax.googleapis.com;analytics.google.com;analytics.twitter.com;app.clearbit.com;bat.bing.com;c.clarity.ms;cdn.prod.website-files.com;consent.app.relyance.ai;d3e54v103j8qbb.cloudfront.net;fonts.googleapis.com;fonts.gstatic.com;googleads.g.doubleclick.net;js.zi-scripts.com;munchkin.marketo.net;px.ads.linkedin.com;s.clarity.ms;scripts.clarity.ms;snap.licdn.com;split.io;static.ads-twitter.com;stats.g.doubleclick.net;t.co;tag.clearbitscripts.com;ws.zoominfo.com;www.clarity.ms;www.google.com;www.googleadservices.com;www.googletagmanager.com;www.gstatic.com;www.linkedin.com;www.split.io;x.clearbitjs.com
1422,deepintent.com,1,doh,15.402,351.38399999999996,193.57299999999992,2791.7999999970198,25,50086402.hs-sites.com;7052064.fs1.hubspotusercontent-na1.net;analytics.google.com;api.hubapi.com;cdn.cookielaw.org;cdn.jsdelivr.net;cdn.prod.website-files.com;d3e54v103j8qbb.cloudfront.net;deepintent.com;fonts.googleapis.com;fonts.gstatic.com;googleads.g.doubleclick.net;js.hs-analytics.net;js.hs-banner.com;js.hs-scripts.com;js.hsadspixel.net;js.hubspot.com;perf-na1.hsforms.com;px.ads.linkedin.com;px.deepintent.com;snap.licdn.com;stats.g.doubleclick.net;www.google.com;www.googletagmanager.com;www.linkedin.com
2098,avs-alexa-14-na.amazon.com,1,doh,15.293,15.293,15.293,136,1,avs-alexa-14-na.amazon.com
2067,cloud.com,1,doh,12.329,26.196,26.19599999999999,284.20000000298023,2,cloud.com;www.cloud.com
2226,www.google.co.id,1,doh,0.0,16.203,16.202999999999918,597,3,ogads-pa.clients6.google.com;play.google.com;www.gstatic.com
2083,h64.online-metrix.net,1,doh,11.327,11.327,11.327,271.8999999910593,1,h64.online-metrix.net
2677,vfw.amazon-adsystem.com,1,doh,19.333,19.333,19.333,91.69999998807907,1,vfw.amazon-adsystem.com
1472,user-sync.fwmrm.net,1,doh,14.373,14.373,14.373,125.70000000298023,1,user-sync.fwmrm.net
2116,ogads-pa.googleapis.com,1,doh,0.0,12.902,12.901999999999987,238.20000000298023,1,www.google.com
1427,tags.crwdcntrl.net,1,doh,13.447,13.447,13.447,121.79999999701977,1,tags.crwdcntrl.net
1613,pull-flv-f77-va01.tiktokcdn-us.com,1,doh,23.092,23.092,23.092,94.70000000298023,1,pull-flv-f77-va01.tiktokcdn-us.com
2556,conn-service-us-05.allawnos.com,1,doh,19.825,19.825,19.825,452.20000000298023,1,conn-service-us-05.allawnos.com
1768,espresso-pa.clients6.google.com,1,doh,0.0,12.453,12.453000000000003,150.6000000089407,1,www.google.com
1949,frontier.tiktokv.us,1,doh,15.848,15.848,15.848,123.30000001192093,1,frontier.tiktokv.us
1952,featureassets.org,1,doh,12.509,12.509,12.509,98.70000000298023,1,featureassets.org
1727,dl.google.com,1,doh,0.0,126.232,116.553,992.8000000119209,10,2542116.fls.doubleclick.net;ad.doubleclick.net;adservice.google.com;fonts.googleapis.com;fonts.gstatic.com;tools.google.com;www.google-analytics.com;www.googletagmanager.com;www.gstatic.com;www.youtube.com
2057,video.twimg.com,1,doh,13.524,13.524,13.524,101.90000000596046,1,video.twimg.com
1674,analytics.twitter.com,1,doh,12.998,66.513,66.51299999999992,2112.2999999970198,5,abs-0.twimg.com;abs.twimg.com;accounts.google.com;analytics.twitter.com;x.com
2319,aus5.mozilla.org,1,doh,13.185,13.185,13.185,161.59999999403954,1,aus5.mozilla.org
2094,agents.msua04.manage.microsoft.com,1,doh,0.012,0.012,0.012,115.5,1,agents.msua04.manage.microsoft.com
1343,t.co,1,doh,14.509,14.509,14.509,171.19999998807907,1,t.co
1328,apresolve.spotify.com,1,doh,13.421,13.421,13.421,103.8999999910593,1,apresolve.spotify.com
1942,aadcdn.msauth.net,1,doh,11.938,11.938,11.938,414.09999999403954,1,aadcdn.msauth.net
2170,agents.msua05.manage.microsoft.com,1,doh,0.013,0.013,0.013,499.1000000089407,1,agents.msua05.manage.microsoft.com
1330,o-sdk.mediation.unity3d.com,1,doh,13.692,13.692,13.692,85.5,1,o-sdk.mediation.unity3d.com
1870,us.telemetry.zoom.us,1,doh,13.16,13.16,13.16,129.5,1,us.telemetry.zoom.us
2059,snap.licdn.com,1,doh,13.3,13.3,13.3,151.20000000298023,1,snap.licdn.com
2482,s.innovid.com,1,doh,14.116,14.116,14.116,111.70000000298023,1,s.innovid.com
1894,btloader.com,1,doh,13.007,13.007,13.007,140.29999999701977,1,btloader.com
2185,meet.google.com,1,doh,0.0,172.446,115.04100000000005,2500.800000011921,13,2507573.fls.doubleclick.net;ad.doubleclick.net;adservice.google.com;analytics.google.com;fonts.googleapis.com;fonts.gstatic.com;lh3.googleusercontent.com;ssl.google-analytics.com;stats.g.doubleclick.net;storage.googleapis.com;www.google.com;www.googletagmanager.com;www.gstatic.com
2384,geo.yahoo.com,1,doh,13.422,34.024,34.024,192.09999999403954,2,geo.yahoo.com;sec.yimg.com
2137,log-ingestion.samsungacr.com,1,doh,12.129,12.129,12.129,83.20000000298023,1,log-ingestion.samsungacr.com
1615,beacons5.gvt3.com,1,doh,0.0,15.158,15.158000000000015,314.8999999910593,1,www.google.com
2324,dns-finder.com,1,doh,15.29,15.29,15.29,115.59999999403954,1,dns-finder.com
1606,avast.com,1,doh,14.675,429.57399999999996,296.91700000000026,5638,32,4711400.fls.doubleclick.net;ad.doubleclick.net;adservice.google.com;analytics.ff.avast.com;analytics.google.com;assets.adobedtm.com;avast.com;bat.bing.com;c.go-mpulse.net;cdn.quantummetric.com;cm.everesttech.net;connect.facebook.net;data.privacy.ensighten.com;doh.cq0.co;dpm.demdex.net;getrockerbox.com;googleads.g.doubleclick.net;ingest.quantummetric.com;mstatic.avast.com;nexus.ensighten.com;oms.avast.com;ryfw5nvu.avast.com;s.go-mpulse.net;symantec.tt.omtrdc.net;t.nc0.co;www.avast.com;www.google-analytics.com;www.google.com;www.googleadservices.com;www.googletagmanager.com;www.nortonlifelock.com;www.upsellit.com
2669,aepxlg.adobe.com,1,doh,13.479,13.479,13.479,84.29999999701977,1,aepxlg.adobe.com
1694,citrix.com,1,doh,15.072,290.913,167.554,1677.7000000029802,22,analytics.twitter.com;assets.adobedtm.com;c.go-mpulse.net;citrix.com;consent.trustarc.com;js.zi-scripts.com;prod.static.citrix.com;px.ads.linkedin.com;radar.cedexis.com;s.go-mpulse.net;snap.licdn.com;static.ads-twitter.com;storage.googleapis.com;t.co;titan.citrix.com;unpkg.com;ws.zoominfo.com;www.citrix.com;www.google-analytics.com;www.googletagmanager.com;www.linkedin.com;www.youtube.com
2360,androidplatformbackuprestore-pa.googleapis.com,1,doh,0.0,13.605,13.60499999999999,274.40000000596046,1,www.google.com
1944,liftoff.io,1,doh,15.084,411.797,239.0339999999999,2457,29,browser.sentry-cdn.com;cdn.bizible.com;cdn.bizibly.com;cdn.metadata.io;cdn.transifex.com;connect.facebook.net;fast.wistia.com;fonts.googleapis.com;fonts.gstatic.com;forms-na2.hsforms.com;forms.hsforms.com;js-na2.hs-analytics.net;js-na2.hs-banner.com;js-na2.hs-scripts.com;js-na2.hsadspixel.net;js-na2.hscollectedforms.net;js.hsforms.net;liftoff.ai;liftoff.io;live-detector.svc.transifex.net;maxcdn.bootstrapcdn.com;rum-collector-2.pingdom.net;rum-static.pingdom.net;stats.g.doubleclick.net;telemetry.svc.transifex.net;track-na2.hubspot.com;www.google-analytics.com;www.google.com;www.googletagmanager.com
1970,sdds3.sophosupd.com,1,doh,12.792,12.792,12.792,389.70000000298023,1,sdds3.sophosupd.com
2666,webcast22-ws-alisg.tiktokv.com,1,doh,16.439,16.439,16.439,351.70000000298023,1,webcast22-ws-alisg.tiktokv.com
1991,frontier-ttp2.tiktokv.us,1,doh,13.132,13.132,13.132,186.69999998807907,1,frontier-ttp2.tiktokv.us
2279,webcast16-normal-useast8.tiktokv.us,1,doh,16.467,16.467,16.467,133.79999999701977,1,webcast16-normal-useast8.tiktokv.us
2562,webcontentassessor.com,1,doh,29.866,29.866,29.866,160.29999999701977,1,webcontentassessor.com
2407,att.launches.appsflyersdk.com,1,doh,12.604,12.604,12.604,156.6000000089407,1,att.launches.appsflyersdk.com
2204,sync.mathtag.com,1,doh,11.819,149.58699999999996,124.19000000000001,1368.5,9,ajax.googleapis.com;cdn.cookielaw.org;cdn.jsdelivr.net;geolocation.onetrust.com;hello.infillion.com;infillion.com;sync.mathtag.com;www.googletagmanager.com;www.mediamath.com
2649,braze-images.com,1,doh,16.292,16.292,16.292,129.90000000596046,1,braze-images.com
2023,semanticlocation-pa.googleapis.com,1,doh,0.0,12.857,12.857,154.79999999701977,1,www.google.com
1943,ispot.tv,1,doh,14.564,355.5920000000001,199.19400000000016,1759.2000000029802,20,analytics.google.com;api.huckabuy.com;d3ds6z1w6yhmzj.cloudfront.net;hub-cdn.ispot.tv;images-cdn.ispot.tv;ispot.tv;js.zi-scripts.com;pi.pardot.com;pt.ispot.tv;px.ads.linkedin.com;snap.licdn.com;stats.g.doubleclick.net;track.gaconnector.com;videos-cdn.ispot.tv;ws.zoominfo.com;www.google-analytics.com;www.googletagmanager.com;www.ispot.tv;www.linkedin.com;www2.ispot.tv
1567,static.gc.apple.com,1,doh,16.072,16.072,16.072,91.29999999701977,1,static.gc.apple.com
1366,targeting.unrulymedia.com,1,doh,13.588,13.588,13.588,84.79999999701977,1,targeting.unrulymedia.com
2122,configv2.unityads.unity3d.com,1,doh,12.064,12.064,12.064,107,1,configv2.unityads.unity3d.com
1927,ca.iadsdk.apple.com,1,doh,13.813,13.813,13.813,111.59999999403954,1,ca.iadsdk.apple.com
2490,xapi-a.wbx2.com,1,doh,35.619,35.619,35.619,192.8999999910593,1,xapi-a.wbx2.com
2634,sandbox.google.com,1,doh,0.0,13.556,13.556000000000012,250.8999999910593,1,www.google.com
2506,openai.com,1,doh,0.0,12.677999999999999,12.677999999999997,344.2150000035763,1,challenges.cloudflare.com
1335,static.criteo.net,1,doh,14.43,14.43,14.43,87.79999999701977,1,static.criteo.net
2042,device-api.urbanairship.com,1,doh,11.797,11.797,11.797,105.80000001192093,1,device-api.urbanairship.com
1651,hotjar.com,1,doh,28.288,768.1009999999999,518.4590000000005,2164.2000000029802,41,alb.reddit.com;analytics.google.com;analytics.twitter.com;api.segment.io;aplo-evnt.com;assets.apollo.io;ca.contentsquare.net;cdn.cookielaw.org;cdn.jsdelivr.net;cdn.optimizely.com;cdn.segment.com;cdn.us.heap-api.com;connect.facebook.net;et.eulerian.net;eu.api.fpjs.io;fast.appcues.com;fpjscdn.net;geolocation.onetrust.com;googleads.g.doubleclick.net;grsm.io;hotjar.com;images.ctfassets.net;invite.contentsquare.com;invite.hotjar.com;js.partnerstack.com;partnerlinks.io;pixel-config.reddit.com;px.ads.linkedin.com;snap.licdn.com;static.ada.support;static.ads-twitter.com;static.hotjar.com;stats.g.doubleclick.net;t.co;t.contentsquare.net;unpkg.com;www.google.com;www.googletagmanager.com;www.hotjar.com;www.linkedin.com;www.redditstatic.com
2584,tynt.com,1,doh,15.724,43.625,43.624999999999986,1425.2000000029802,3,p.typekit.net;tynt.com;use.typekit.net
2313,dsp.360yield.com,1,doh,14.638,14.638,14.638,86.59999999403954,1,dsp.360yield.com
1713,us.api.main.endpoint.ingress.rapid7.com,1,doh,14.563,14.563,14.563,91.29999999701977,1,us.api.main.endpoint.ingress.rapid7.com
1827,mobilemaps.googleapis.com,1,doh,0.0,11.948,11.948000000000008,239.5,1,www.google.com
1826,sync.go.sonobi.com,1,doh,13.076,13.076,13.076,269.40000000596046,1,sync.go.sonobi.com
2263,agen-assets.ftstatic.com,1,doh,14.525,14.525,14.525,299.59999999403954,1,agen-assets.ftstatic.com
1702,api.id5-sync.com,1,doh,13.144,13.144,13.144,369.40000000596046,1,api.id5-sync.com
1353,c.media-amazon.com,1,doh,14.409,14.409,14.409,86.29999999701977,1,c.media-amazon.com
2149,mparticle.com,1,doh,25.65,585.56,345.37299999999976,766.9000000059605,37,analytics.twitter.com;api.company-target.com;bat.bing.com;cdn.cookielaw.org;client-registry.mutinycdn.com;connect.facebook.net;dsum-sec.casalemedia.com;geolocation.onetrust.com;googleads.g.doubleclick.net;id.rlcdn.com;images.prismic.io;ipv6.6sc.co;j.6sc.co;jssdkcdns.mparticle.com;jssdks.mparticle.com;mparticle-next.cdn.prismic.io;mparticle-next.prismic.io;mparticle.com;partners.tremorhub.com;pixel.rubiconproject.com;px.ads.linkedin.com;s.company-target.com;secure.adnxs.com;segments.company-target.com;snap.licdn.com;static.ads-twitter.com;static.cdn.prismic.io;t.co;tag.clearbitscripts.com;tag.demandbase.com;tracking-api.g2.com;tracking.g2crowd.com;www.google-analytics.com;www.google.com;www.googletagmanager.com;www.linkedin.com;www.mparticle.com
2093,firefox.com,1,doh,13.437,69.194,69.19399999999989,1143.699999988079,5,firefox.com;transcend-cdn.com;www.firefox.com;www.google-analytics.com;www.googletagmanager.com
2627,weather-edge.apple.com,1,doh,14.098,14.098,14.098,167.29999999701977,1,weather-edge.apple.com
1393,nexus-websocket-a.intercom.io,1,doh,14.041,14.041,14.041,86.8999999910593,1,nexus-websocket-a.intercom.io
1703,cdn2.inner-active.mobi,1,doh,13.025,13.025,13.025,142.6000000089407,1,cdn2.inner-active.mobi
2202,mobile.facebook.com,1,doh,15.676,49.90100000000001,49.90099999999997,1364.2999999970198,4,mobile.facebook.com;static.xx.fbcdn.net;www.facebook.com;www.instagram.com
1980,board-a.wbx2.com,1,doh,34.451,34.451,34.451,188.29999999701977,1,board-a.wbx2.com
2528,script.hotjar.com,1,doh,12.748,12.748,12.748,195.5,1,script.hotjar.com
2253,qagpublic.qg3.apps.qualys.com,1,doh,14.673,14.673,14.673,310,1,qagpublic.qg3.apps.qualys.com
1646,i1.ytimg.com,1,doh,0.0,0.0,0.0,91.20000000298023,0,
1578,cyberark.com,1,doh,17.48,932.5020000000003,527.4260000000003,3114.7999999970198,67,316-czp-275.mktoresp.com;a.dpmsrv.com;alb.reddit.com;analytics.google.com;api.company-target.com;assets.adobedtm.com;cdn.jsdelivr.net;cm.everesttech.net;cm.g.doubleclick.net;cnv.event.prod.bidr.io;connect.facebook.net;consent.trustarc.com;cyberark.com;cyberark.demdex.net;cyberark.sc.omtrdc.net;cyberark.tt.omtrdc.net;d1eoo1tco6rr5e.cloudfront.net;distillery.wistia.com;dpm.demdex.net;dsum-sec.casalemedia.com;embed-ssl.wistia.com;fast.wistia.com;fonts.googleapis.com;fonts.gstatic.com;googleads.g.doubleclick.net;hello.myfonts.net;ib.adnxs.com;id.rlcdn.com;idpix.media6degrees.com;insight.adsrvr.org;js.adsrvr.org;munchkin.marketo.net;nexus.ensighten.com;ob.segreencolumn.com;obs.segreencolumn.com;p.typekit.net;partners.tremorhub.com;pipedream.wistia.com;pixel-config.reddit.com;pixel.rubiconproject.com;pixel.tapad.com;pubads.g.doubleclick.net;px.ads.linkedin.com;rtp-static.marketo.com;s.company-target.com;s.dpmsrv.com;segments.company-target.com;simage2.pubmatic.com;sjrtp6-cdn.marketo.com;sjrtp6.marketo.com;snap.licdn.com;static.cloudflareinsights.com;stats.g.doubleclick.net;tag-logger.demandbase.com;tag.demandbase.com;tag.simpli.fi;tags.srv.stackadapt.com;unpkg.com;us-u.openx.net;use.typekit.net;www.cyberark.com;www.google-analytics.com;www.google.com;www.googleadservices.com;www.googletagmanager.com;www.linkedin.com;www.redditstatic.com
2157,mapbox.com,1,doh,20.259,223.02399999999994,107.921,1333.2000000029802,15,ajax.googleapis.com;cdn.cookielaw.org;cdn.jsdelivr.net;cdn.prod.website-files.com;cdn.weglot.com;cdnjs.cloudflare.com;d3e54v103j8qbb.cloudfront.net;fonts.googleapis.com;fonts.gstatic.com;geolocation.onetrust.com;grow.clearbitjs.com;mapbox.com;static-assets.mapbox.com;www.googletagmanager.com;www.mapbox.com
1481,mobilemaps-pa-gz.googleapis.com,1,doh,0.0,12.136,12.135999999999996,142.70000000298023,1,www.google.com
1561,connatix.com,1,doh,26.772,361.96399999999994,235.17600000000033,2234.3999999910593,26,7052064.fs1.hubspotusercontent-na1.net;api.hubapi.com;app.hubspot.com;assets-jpcust.jwpsrv.com;boards.greenhouse.io;cdn.cookielaw.org;cdn.jwplayer.com;connatix.com;entitlements.jwplayer.com;forms.hsforms.com;geolocation.onetrust.com;js.hs-analytics.net;js.hs-banner.com;js.hsadspixel.net;js.hscollectedforms.net;js.hubspot.com;jwpconnatix.com;jwx.com;perf-na1.hsforms.com;prd.jwpltx.com;px.ads.linkedin.com;snap.licdn.com;ssl.p.jwpcdn.com;www.google-analytics.com;www.googletagmanager.com;www.linkedin.com
2670,media3.giphy.com,1,doh,13.026,13.026,13.026,2659,1,media3.giphy.com
2228,sf-ssp.tiktokcdn-us.com,1,doh,14.765,14.765,14.765,470.59999999403954,1,sf-ssp.tiktokcdn-us.com
2184,agents.amsua0102.manage.microsoft.com,1,doh,0.016,0.016,0.016,298.1000000089407,1,agents.amsua0102.manage.microsoft.com
1984,x.com,1,doh,11.742,76.86399999999999,76.86400000000016,2473.2999999970198,6,abs-0.twimg.com;abs.twimg.com;accounts.google.com;appleid.cdn-apple.com;fonts.gstatic.com;x.com
1641,v16m.tiktokcdn-us.com,1,doh,13.622,13.622,13.622,97.20000000298023,1,v16m.tiktokcdn-us.com
2577,sf16-ies-music-sg.tiktokcdn.com,1,doh,13.869,13.869,13.869,837.2000000029802,1,sf16-ies-music-sg.tiktokcdn.com
2258,dap.pat-issuer.cloudflare.com,1,doh,12.937,12.937,12.937,189.29999999701977,1,dap.pat-issuer.cloudflare.com
1449,enduser.adsrvr.org,1,doh,15.49,15.49,15.49,87.29999999701977,1,enduser.adsrvr.org
2081,o167200.ingest.sentry.io,1,doh,15.204,15.204,15.204,191.6000000089407,1,o167200.ingest.sentry.io
1743,s.seedtag.com,1,doh,13.406,414.79,185.16299999999984,2163.300000011921,24,ajax.googleapis.com;api.hubapi.com;cdn.jsdelivr.net;cdn.prod.website-files.com;d3e54v103j8qbb.cloudfront.net;fonts.googleapis.com;fonts.gstatic.com;hubspotonwebflow.com;hubspotv2.use1-marketplace-1p-apps-prod-red.if.webflow.services;js.hs-analytics.net;js.hs-banner.com;js.hs-scripts.com;js.hsadspixel.net;js.hscollectedforms.net;js.hubspot.com;perf-na1.hsforms.com;px.ads.linkedin.com;s.seedtag.com;snap.licdn.com;track.hubspot.com;www.google-analytics.com;www.googletagmanager.com;www.linkedin.com;www.seedtag.com
2273,webcast16-normal-useast5.tiktokv.us,1,doh,13.485,13.485,13.485,94.59999999403954,1,webcast16-normal-useast5.tiktokv.us
2346,ab.dns-finder.com,1,doh,10.246,10.246,10.246,106.29999999701977,1,ab.dns-finder.com
1532,pull-flv-f77-tt04.tiktokcdn-us.com,1,doh,20.484,20.484,20.484,88.8999999910593,1,pull-flv-f77-tt04.tiktokcdn-us.com
2052,ts01-b.cloudsink.net,1,doh,15.191,15.191,15.191,281.5,1,ts01-b.cloudsink.net
1638,shopify.com,1,doh,12.752,98.24799999999999,65.7630000000002,761.5,7,cdn.shopify.com;connect.facebook.net;shopify.com;snap.licdn.com;www.google.com;www.googletagmanager.com;www.shopify.com
2667,axon.ai,1,doh,14.678,374.99699999999996,208.2340000000001,916.8000000119209,28,alb.reddit.com;api.hubapi.com;axon.ai;b.applovin.com;cdn.cookielaw.org;cm.g.doubleclick.net;connect.facebook.net;fe-assets.workmagic.io;geolocation.onetrust.com;js.hs-analytics.net;js.hs-banner.com;js.hs-scripts.com;js.hsadspixel.net;js.hubspot.com;perf-na1.hsforms.com;pixel-config.reddit.com;px.ads.linkedin.com;re.applovin.com;res4.applovin.com;s.axon.ai;snap.licdn.com;track.hubspot.com;us-assets.i.posthog.com;us.i.posthog.com;www.google-analytics.com;www.googletagmanager.com;www.linkedin.com;www.redditstatic.com
1527,c1.eb.us1.thousandeyes.com,1,doh,13.41,13.41,13.41,254.59999999403954,1,c1.eb.us1.thousandeyes.com
2250,v19-cla.tiktokcdn-us.com,1,doh,12.551,12.551,12.551,94.79999999701977,1,v19-cla.tiktokcdn-us.com
2305,prod-scout-reg.rootsoc.com,1,doh,18.032,18.032,18.032,402.09999999403954,1,prod-scout-reg.rootsoc.com
2128,odr.mookie1.com,1,doh,14.867,14.867,14.867,98.5,1,odr.mookie1.com
1977,comodoca.com,1,doh,13.137,628.945,443.84700000000106,2810.2000000029802,44,analytics.google.com;aorta.clickagy.com;cm.g.doubleclick.net;comodoca.com;consent.cookiebot.com;consentcdn.cookiebot.com;edge.fullstory.com;file-paa.zoom.us;find.userpilot.io;fonts.gstatic.com;googleads.g.doubleclick.net;i.ytimg.com;ib.adnxs.com;insight.adsrvr.org;js.adsrvr.org;js.hsforms.net;js.stripe.com;js.userpilot.io;js.zi-scripts.com;log-gateway.zoom.us;m.stripe.com;m.stripe.network;pixel.rubiconproject.com;rs.fullstory.com;secure.trust-provider.com;st1.zoom.us;static.doubleclick.net;stats.g.doubleclick.net;tags.clickagy.com;us-u.openx.net;us.telemetry.zoom.us;us01-zcb.zoom.us;us01campaign.zoom.us;us01cciapi.zoom.us;us01ccistatic.zoom.us;use.typekit.net;ws-assets.zoominfo.com;ws.zoominfo.com;www.comodoca.com;www.google.com;www.googletagmanager.com;www.sectigo.com;www.youtube.com;zoom.us
2354,capitaloneshopping.com,1,doh,11.236,260.37100000000004,180.5350000000002,3033.5999999940395,19,accounts.google.com;analytics.ahrefs.com;analytics.google.com;anir.capitaloneshopping.com;capitaloneshopping.com;cdn.ivaws.com;connect.facebook.net;csi.gstatic.com;ep1.adtrafficquality.google;ep2.adtrafficquality.google;fonts.gstatic.com;googleads.g.doubleclick.net;i.capitaloneshopping.com;maps.googleapis.com;pagead2.googlesyndication.com;stats.g.doubleclick.net;www.google.com;www.googletagmanager.com;www.gstatic.com
2006,api3.branch.io,1,doh,12.453,136.42200000000003,113.97700000000023,1260.4000000059605,9,api3.branch.io;branch.io;cdn.cookielaw.org;click.prod.mplat-ppcprotect.com;client.prod.mplat-ppcprotect.com;geolocation.onetrust.com;www.branch.io;www.google.com;www.googletagmanager.com
2015,mobile-data.onetrust.io,1,doh,13.383,50.284,37.943,329.59999999403954,4,cdn.onetrust.com;fonts.googleapis.com;fonts.gstatic.com;mobile-data.onetrust.io
1369,slack.com,1,doh,12.341,584.206,349.4900000000006,3254.2999999970198,43,12632256.fls.doubleclick.net;a.slack-edge.com;a11179690159.cdn.optimizely.com;ad.doubleclick.net;adservice.google.com;alb.reddit.com;analytics.google.com;api.company-target.com;c.contentsquare.net;campaign.slackhq.com;cdn.cookielaw.org;cdn.schemaapp.com;cdn3.optimizely.com;csxd.contentsquare.net;d34u8crftukxnk.cloudfront.net;dc.ads.linkedin.com;dsum-sec.casalemedia.com;fonts.gstatic.com;geolocation.onetrust.com;googleads.g.doubleclick.net;id.rlcdn.com;logx.optimizely.com;partners.tremorhub.com;pi.pardot.com;pixel-config.reddit.com;pixel.rubiconproject.com;px.ads.linkedin.com;s.company-target.com;segments.company-target.com;slack.com;snap.licdn.com;stats.g.doubleclick.net;t.contentsquare.net;tag-logger.demandbase.com;tag.demandbase.com;trk.techtarget.com;www.google.com;www.googletagmanager.com;www.linkedin.com;www.mczbf.com;www.redditstatic.com;www.youtube-nocookie.com;www.youtube.com
1499,tools.google.com,1,doh,0.017,115.609,104.95099999999996,1022.6000000089407,10,2542116.fls.doubleclick.net;ad.doubleclick.net;adservice.google.com;fonts.googleapis.com;fonts.gstatic.com;tools.google.com;www.google-analytics.com;www.googletagmanager.com;www.gstatic.com;www.youtube.com
1748,meethue.com,1,doh,14.623,304.57200000000006,199.7760000000002,1368.0999999940395,18,adobedc.demdex.net;assets.adobedtm.com;c.go-mpulse.net;cm.everesttech.net;cm.g.doubleclick.net;consent-pref.trustarc.com;consent-st.trustarc.com;consent.trustarc.com;consent.truste.com;dpm.demdex.net;meethue.com;philipslighting.demdex.net;rum.hlx.page;s.go-mpulse.net;smetrics.marketing.philips-hue.com;static.pxlecdn.com;www.assets.signify.com;www.philips-hue.com
2427,osb-v2.samsungqbe.com,1,doh,13.16,13.16,13.16,79.40000000596046,1,osb-v2.samsungqbe.com
2154,p16-common-ipv6-sign.tiktokcdn-us.com,1,doh,14.453,14.453,14.453,99.79999999701977,1,p16-common-ipv6-sign.tiktokcdn-us.com
1379,tanium.com,1,doh,16.356,690.178,344.89999999999964,989.2999999970198,50,14110935.fls.doubleclick.net;790-qfj-925.mktoresp.com;ad.doubleclick.net;adservice.google.com;amplify.outbrain.com;b.6sc.co;bat.bing.com;c.clarity.ms;cdn-app.pathfactory.com;cdn.bizible.com;cdn.bizibly.com;cdn.cookielaw.org;cdn.taboola.com;cdnjs.cloudflare.com;cm.g.doubleclick.net;d2i34c80a0ftze.cloudfront.net;dev.visualwebsiteoptimizer.com;epsilon.6sense.com;geolocation.onetrust.com;googleads.g.doubleclick.net;ib.adnxs.com;insight.adsrvr.org;ipv6.6sc.co;j.6sc.co;js.adsrvr.org;js.qualified.com;js.zi-scripts.com;jukebox.pathfactory.com;munchkin.marketo.net;pixel.rubiconproject.com;px.ads.linkedin.com;s.clarity.ms;scout-cdn.salesloft.com;scout.salesloft.com;scripts.clarity.ms;secure.adnxs.com;snap.licdn.com;tanium.com;tr.outbrain.com;tracking-api.g2.com;trk.techtarget.com;twin-iq.kickfire.com;wave.outbrain.com;ws.zoominfo.com;www.clarity.ms;www.gartner.com;www.google-analytics.com;www.google.com;www.googletagmanager.com;www.linkedin.com
2131,nvidia.com,1,doh,13.533,100.73600000000002,62.74400000000004,1278.7999999970198,6,assets.adobedtm.com;cdn.cookielaw.org;geolocation.onetrust.com;images.nvidia.com;nvidia.com;www.nvidia.com
2218,www.reddit.com,1,doh,12.33,12.33,12.33,96.6000000089407,1,www.reddit.com
1645,us.bootstrap.endpoint.ingress.rapid7.com,1,doh,20.766,20.766,20.766,96.5,1,us.bootstrap.endpoint.ingress.rapid7.com
1478,ae.iads.unity3d.com,1,doh,13.012,13.012,13.012,83.69999998807907,1,ae.iads.unity3d.com
1815,vas.samsungapps.com,1,doh,15.107,15.107,15.107,429.1000000089407,1,vas.samsungapps.com
2478,duckduckgo.com,1,doh,13.854,13.854,13.854,439.20000000298023,1,duckduckgo.com
2640,cs.yellowblue.io,1,doh,12.58,12.58,12.58,93.69999998807907,1,cs.yellowblue.io
2164,huawei.com,1,doh,97.226,428.79200000000003,428.7919999999996,2320.2999999970198,6,huawei.com;tags.tiqcdn.com;www-file.huawei.com;www.google-analytics.com;www.googletagmanager.com;www.huawei.com
1521,disc601.prod.do.dsp.mp.microsoft.com,1,doh,16.093,16.093,16.093,199.79999999701977,1,disc601.prod.do.dsp.mp.microsoft.com
2386,secure.insightexpressai.com,1,doh,27.244,226.05800000000002,160.82599999999965,2013,14,cdn.bc0a.com;consent.cookiebot.com;consentcdn.cookiebot.com;extend.vimeocdn.com;ixfd2-api.bc0a.com;pagead2.googlesyndication.com;px.ads.linkedin.com;secure.insightexpressai.com;snap.licdn.com;tags.srv.stackadapt.com;unpkg.com;www.googletagmanager.com;www.kantar.com;www.linkedin.com
1565,sf16-static.i18n-pglstatp.com,1,doh,13.79,13.79,13.79,331.6000000089407,1,sf16-static.i18n-pglstatp.com
2671,a.tribalfusion.com,1,doh,14.256,14.256,14.256,154.5,1,a.tribalfusion.com
2308,ondevicesafety-pa.googleapis.com,1,doh,0.0,13.206,13.205999999999989,195.20000000298023,1,www.google.com
2007,accounts.doubleclick.net,1,doh,0.0,11.288,11.288000000000011,238,1,www.google.com
2385,insightexpressai.com,1,doh,17.933,17.933,17.933,172.79999999701977,1,insightexpressai.com
2009,forter.com,1,doh,29.256,152.168,152.15800000000002,1157,9,a.usbrowserspeed.com;cdn.cookielaw.org;forter.com;geolocation.onetrust.com;js.hsforms.net;tracking.intentsify.io;www.forter.com;www.google.com;www.googletagmanager.com
1835,splashtop.com,1,doh,21.098,208.82000000000005,156.8149999999999,719.1000000089407,14,api.hubapi.com;cdn.optimizely.com;cmp.osano.com;images.ctfassets.net;js.hs-banner.com;js.hs-scripts.com;js.hsadspixel.net;js.hubspot.com;perf-na1.hsforms.com;splashtop.com;st-lookup.api.splashtop.com;www.google.com;www.googletagmanager.com;www.splashtop.com
2602,phonedeviceverification-pa.googleapis.com,1,doh,0.0,13.073,13.073000000000008,154.29999999701977,1,www.google.com
1523,amp-api.media.apple.com,1,doh,18.996,18.996,18.996,187.19999998807907,1,amp-api.media.apple.com
2328,attachments.office.net,1,doh,14.651,91.24000000000001,91.23999999999971,454.5,6,aadcdn.msauth.net;attachments.office.net;login.live.com;login.microsoftonline.com;outlook.office365.com;res.public.onecdn.static.microsoft
2144,gcdn.2mdn.net,1,doh,0.0,11.584,11.584000000000003,134.70000000298023,1,www.google.com
2060,redd.it,1,doh,14.402,26.061999999999998,26.061999999999998,114.40000000596046,2,redd.it;www.reddit.com
1834,sync.outbrain.com,1,doh,12.576,38.461,38.46099999999999,185.69999998807907,3,fonts.googleapis.com;fonts.gstatic.com;sync.outbrain.com
1993,mc.yandex.ru,1,doh,10.811,10.811,10.811,672,1,mc.yandex.ru
2041,teams.nel.measure.office.net,1,doh,13.567,26.961,26.96099999999978,2348.1000000089407,2,ajax.aspnetcdn.com;teams.nel.measure.office.net
1334,prebid.a-mo.net,1,doh,12.762,12.762,12.762,80.5,1,prebid.a-mo.net
1359,adblockplus.org,1,doh,13.849,46.108000000000004,46.10800000000002,917.5,3,adblockplus.org;www.google-analytics.com;www.googletagmanager.com
1756,unagi.amazon.com,1,doh,13.359,13.359,13.359,140.8999999910593,1,unagi.amazon.com
1575,insight.adsrvr.org,1,doh,12.966,12.966,12.966,81.70000000298023,1,insight.adsrvr.org
2362,stripe.network,1,doh,17.276,1017.593,487.78899999999953,1728.3999999910593,46,ad.doubleclick.net;alb.reddit.com;analytics.google.com;analytics.twitter.com;api.company-target.com;apm.yahoo.co.jp;attr-td.ml-api.io;b.stripecdn.com;b91.yahoo.co.jp;bat.bing.com;dsum-sec.casalemedia.com;ext.stripe.com;googleads.g.doubleclick.net;id.rlcdn.com;images.stripeassets.com;js.zi-scripts.com;match.adsrvr.org;munchkin.marketo.net;partners.tremorhub.com;pixel-config.reddit.com;pixel.byspotify.com;pixel.rubiconproject.com;pixels.spotify.com;px.ads.linkedin.com;q.quora.com;q.stripe.com;r.stripe.com;s.company-target.com;s.yimg.jp;segments.company-target.com;snap.licdn.com;static.ads-twitter.com;stats.g.doubleclick.net;stripe.com;stripe.network;t.co;tag-logger.demandbase.com;tag.demandbase.com;tag.flvcdn.net;ws.zoominfo.com;www.facebook.com;www.google-analytics.com;www.google.com;www.googletagmanager.com;www.linkedin.com;www.redditstatic.com
1863,sync.richaudience.com,1,doh,14.818,14.818,14.818,412.5,1,sync.richaudience.com
2028,prod-streaming-video-msn-com.akamaized.net,1,doh,16.7,16.7,16.7,167.40000000596046,1,prod-streaming-video-msn-com.akamaized.net
1998,prod.uidapi.com,1,doh,16.644,16.644,16.644,124.79999999701977,1,prod.uidapi.com
2259,yandex.com,1,doh,13.144,55.913999999999994,55.91400000000032,3096,5,mc.yandex.com;mc.yandex.ru;static-mon.yandex.net;yandex.com;yastatic.net
1904,thrtle.com,1,doh,13.69,13.69,13.69,86.79999999701977,1,thrtle.com
1994,app.launchdarkly.com,1,doh,14.787,176.215,143.51999999999987,443.20000000298023,10,accounts.google.com;api.segment.io;app.launchdarkly.com;browser-intake-datadoghq.com;cdn.segment.com;fonts.gstatic.com;googleads.g.doubleclick.net;static.launchdarkly.com;www.google-analytics.com;www.googletagmanager.com
1454,sync.inmobi.com,1,doh,12.762,12.762,12.762,94,1,sync.inmobi.com
1724,ut.pubmatic.com,1,doh,11.09,11.09,11.09,99.79999999701977,1,ut.pubmatic.com
2648,media2.giphy.com,1,doh,13.065,13.065,13.065,2786.800000011921,1,media2.giphy.com
1806,www.btd-cmh.tq-tungsten.com,1,doh,13.748,13.748,13.748,140.3999999910593,1,www.btd-cmh.tq-tungsten.com
1370,wise-m.public.cdn.office.net,1,doh,14.207,14.207,14.207,176.3999999910593,1,wise-m.public.cdn.office.net
2038,st2-v3-dc.splashtop.com,1,doh,12.207,12.207,12.207,82.5,1,st2-v3-dc.splashtop.com
1405,appsgenaiserver-pa.clients6.google.com,1,doh,0.0,12.801,12.800999999999988,160.3999999910593,1,www.google.com
1494,vast.doubleverify.com,1,doh,13.348,345.281,215.6689999999998,1896.800000011921,26,46126064.fs1.hubspotusercontent-na1.net;888-uxn-063.mktoresp.com;acsbapp.com;analytics.google.com;api.userback.io;cdn.acsbapp.com;consent.trustarc.com;cta-service-cms2.hubspot.com;doubleverify.com;forms-na1.hsforms.com;googleads.g.doubleclick.net;js.hs-analytics.net;js.hs-banner.com;js.hsforms.net;js.hubspot.com;munchkin.marketo.net;perf-na1.hsforms.com;px.ads.linkedin.com;snap.licdn.com;static.userback.io;stats.g.doubleclick.net;vast.doubleverify.com;www.doubleverify.com;www.google.com;www.googletagmanager.com;www.linkedin.com
2209,api.bidmachine.io,1,doh,12.743,12.743,12.743,92.79999999701977,1,api.bidmachine.io
2586,swscan.apple.com,1,doh,13.114,13.114,13.114,178.6000000089407,1,swscan.apple.com
2014,cdn.liftoff-creatives.io,1,doh,12.585,12.585,12.585,139.20000000298023,1,cdn.liftoff-creatives.io
1921,mediago.io,1,doh,28.337,166.522,166.52199999999993,1492.4000000059605,6,api.mediago.io;d1tuj1hf33seee.cloudfront.net;mediago.io;www.google-analytics.com;www.googletagmanager.com;www.mediago.com
2200,pixel-config.reddit.com,1,doh,12.149,12.149,12.149,82.8999999910593,1,pixel-config.reddit.com
2555,tasks-pa.googleapis.com,1,doh,0.0,14.164,14.164000000000001,156.30000001192093,1,www.google.com
2302,eu-teams.events.data.microsoft.com,1,doh,21.679,21.679,21.679,521.2000000029802,1,eu-teams.events.data.microsoft.com
1349,qualtrics.com,1,doh,14.592,632.902,376.82499999999993,3060.2999999970198,44,542-fmf-412.mktoresp.com;ad.doubleclick.net;analytics.google.com;api-v2.mutinyhq.io;b.6sc.co;bat.bing.com;c.6sc.co;cdn.cookielaw.org;cdn.microad.jp;client-registry.mutinycdn.com;cm.g.doubleclick.net;connect.facebook.net;epsilon.6sense.com;fonts.googleapis.com;fonts.gstatic.com;geolocation.onetrust.com;googleads.g.doubleclick.net;insight.adsrvr.org;ipv6.6sc.co;j.6sc.co;js.adsrvr.org;js.qualified.com;munchkin.marketo.net;p.typekit.net;pixel.rubiconproject.com;px.ads.linkedin.com;qualtrics.com;s.yimg.jp;secure.adnxs.com;sgtm.qualtrics.com;siteintercept.qualtrics.com;snap.licdn.com;stats.g.doubleclick.net;universe.send.microad.jp;use.typekit.net;www-api.qualtrics.com;www.analytics.sales-marker.jp;www.google-analytics.com;www.google.com;www.googleadservices.com;www.googletagmanager.com;www.linkedin.com;www.qualtrics.com;zn725dkxtvxq847sl-qxm.siteintercept.qualtrics.com
1891,support.content.office.net,1,doh,12.824,12.824,12.824,111.80000001192093,1,support.content.office.net
1780,shell.cdn.office.net,1,doh,14.117,14.117,14.117,113,1,shell.cdn.office.net
2575,assets-mercury.mzstatic.com,1,doh,13.526,13.526,13.526,81.20000000298023,1,assets-mercury.mzstatic.com
2212,unlinkability.apple.com,1,doh,13.357,13.357,13.357,86.1000000089407,1,unlinkability.apple.com
1347,pull-w5-va01.tiktokcdn-us.com,1,doh,14.55,14.55,14.55,91.20000000298023,1,pull-w5-va01.tiktokcdn-us.com
2502,checkappexec.microsoft.com,1,doh,22.863,22.863,22.863,125.5,1,checkappexec.microsoft.com
2095,api19-core-useast8.tiktokv.us,1,doh,13.562,13.562,13.562,133.6000000089407,1,api19-core-useast8.tiktokv.us
1868,tile-service.weather.microsoft.com,1,doh,11.499,11.499,11.499,238.29999999701977,1,tile-service.weather.microsoft.com
2123,edgeassetservice.azureedge.net,1,doh,14.278,14.278,14.278,401.29999999701977,1,edgeassetservice.azureedge.net
1579,mail-ads.google.com,1,doh,0.0,12.304,12.304000000000002,232.5,1,www.google.com
2077,api19-core-useast5.tiktokv.us,1,doh,13.369,13.369,13.369,87.70000000298023,1,api19-core-useast5.tiktokv.us
2186,www.tiktok.com,1,doh,13.655,146.67000000000002,132.6120000000001,3989.5999999940395,13,lf16-cdn-tos.tiktokcdn-us.com;lf16-tiktok-common.ibytedtos.com;lf16-tiktok-common.tiktokcdn-us.com;lf16-tiktok-web.tiktokcdn-us.com;mcs.tiktokw.us;mon16-normal-useast5.tiktokv.us;mssdk.tiktokw.us;p16-common-sign.tiktokcdn-us.com;sf16-website-login.neutral.ttwstatic.com;storage.googleapis.com;v16m-webapp.tiktokcdn-us.com;webcast.us.tiktok.com;www.tiktok.com
2102,events.ads.vungle.com,1,doh,12.625,12.625,12.625,127.90000000596046,1,events.ads.vungle.com
1875,cootlogix.com,1,doh,15.956,40.326,40.32600000000001,520.5999999940395,3,cootlogix.com;static.parastorage.com;www.wix.com
1737,lcprd1.samsungcloudsolution.net,1,doh,12.3,12.3,12.3,254.70000000298023,1,lcprd1.samsungcloudsolution.net
2479,ag.innovid.com,1,doh,14.543,14.543,14.543,85.59999999403954,1,ag.innovid.com
2547,s.go-mpulse.net,1,doh,15.011,15.011,15.011,198.79999999701977,1,s.go-mpulse.net
2379,sync.aniview.com,1,doh,12.359,12.359,12.359,86.70000000298023,1,sync.aniview.com
1802,api.onesignal.com,1,doh,12.571,12.571,12.571,86.6000000089407,1,api.onesignal.com
2675,de.tynt.com,1,doh,13.046,13.046,13.046,143.79999999701977,1,de.tynt.com
1550,xiaomi.com,1,doh,12.398,26.344,26.344000000000026,971.5,2,www.mi.com;xiaomi.com
2406,ui.com,1,doh,13.04,187.672,124.3779999999999,592.5,13,alb.reddit.com;cdn.cookielaw.org;dev.visualwebsiteoptimizer.com;geolocation.onetrust.com;images.svc.ui.com;pixel-config.reddit.com;sso.ui.com;static.hotjar.com;store.ui.com;ui.com;www.google-analytics.com;www.googletagmanager.com;www.redditstatic.com
1589,singular.net,1,doh,24.722,592.5959999999999,349.6459999999996,3270.4000000059605,37,0b1fa2aa448941e6bc3a3e9f9cc57c20.js.ubembed.com;ajax.googleapis.com;api.hubapi.com;aplo-evnt.com;assets.apollo.io;assets.ubembed.com;bat.bing.com;c.clarity.ms;connect.facebook.net;consent.cookiebot.com;consentcdn.cookiebot.com;forms.hsforms.com;js.hs-analytics.net;js.hs-banner.com;js.hs-scripts.com;js.hsadspixel.net;js.hscollectedforms.net;js.hubspot.com;pagead2.googlesyndication.com;perf-na1.hsforms.com;pi.pardot.com;s.clarity.ms;scripts.clarity.ms;singular.net;snglr.s3.amazonaws.com;static.hotjar.com;track.hubspot.com;tracking-api.g2.com;tracking.g2crowd.com;web-sdk-cdn.singular.net;www.clarity.ms;www.clickcease.com;www.google-analytics.com;www.google.com;www.googletagmanager.com;www.singular-cn.net;www.singular.net
2341,amxrtb.com,1,doh,27.476,108.25099999999999,102.025,894,7,amxrtb.com;fonts.googleapis.com;fonts.gstatic.com;p.typekit.net;stats.wp.com;use.typekit.net;www.adaptmx.com
2321,d9.flashtalking.com,1,doh,12.176,12.176,12.176,133.09999999403954,1,d9.flashtalking.com
2432,ssbsync-global.smartadserver.com,1,doh,13.41,13.41,13.41,89.79999999701977,1,ssbsync-global.smartadserver.com
1963,partners.tremorhub.com,1,doh,12.479,12.479,12.479,124.40000000596046,1,partners.tremorhub.com
2359,logx.optimizely.com,1,doh,12.226,12.226,12.226,94.70000000298023,1,logx.optimizely.com
1413,translate.googleapis.com,1,doh,0.0,11.556,11.556000000000012,169.80000001192093,1,www.google.com
1634,prod-mediate-events.applovin.com,1,doh,12.038,12.038,12.038,95.5,1,prod-mediate-events.applovin.com
1755,edgeapi.slack.com,1,doh,13.172,13.172,13.172,85.80000001192093,1,edgeapi.slack.com
1766,px-cloud.net,1,doh,18.299,18.299,18.299,108.6000000089407,1,px-cloud.net
2367,rtr.innovid.com,1,doh,12.742,12.742,12.742,84.20000000298023,1,rtr.innovid.com
2040,tpsc-video-ue.doubleverify.com,1,doh,16.051,16.051,16.051,101.70000000298023,1,tpsc-video-ue.doubleverify.com
1644,segment.com,1,doh,22.916,816.838,433.96000000000015,3070.0999999940395,52,11875831.fls.doubleclick.net;294-tkb-300.mktoresp.com;ad.doubleclick.net;adservice.google.com;alb.reddit.com;analytics.google.com;analytics.silktide.com;api.segment.io;apm.yahoo.co.jp;assets.adobedtm.com;b.6sc.co;bat.bing.com;bat.bing.net;browser-intake-datadoghq.com;c.6sc.co;cdn.jsdelivr.net;cdn.segment.com;cm.everesttech.net;connect.facebook.net;consent.trustarc.com;dev.visualwebsiteoptimizer.com;dm.slim02.jp;dpm.demdex.net;epsilon.6sense.com;euob.powerrobotflower.com;googleads.g.doubleclick.net;ipv6.6sc.co;j.6sc.co;js.qualified.com;jscloud.net;munchkin.marketo.net;obseu.powerrobotflower.com;pixel-config.reddit.com;px.ads.linkedin.com;rum.hlx.page;s.yimg.jp;scout-cdn.salesloft.com;scout.salesloft.com;secure.adnxs.com;segment.com;snap.licdn.com;stats.g.doubleclick.net;tags.srv.stackadapt.com;twilio.demdex.net;twilio.tt.omtrdc.net;www.datadoghq-browser-agent.com;www.google.com;www.googleadservices.com;www.googletagmanager.com;www.linkedin.com;www.redditstatic.com;www.twilio.com
2085,urs.microsoft.com,1,doh,22.577,22.577,22.577,121.20000000298023,1,urs.microsoft.com
1346,push.services.mozilla.com,1,doh,12.07,12.07,12.07,151.3999999910593,1,push.services.mozilla.com
1506,dellupdater.dell.com,1,doh,12.514,12.514,12.514,871.4000000059605,1,dellupdater.dell.com
1440,fw.adsafeprotected.com,1,doh,13.221,13.221,13.221,110.5,1,fw.adsafeprotected.com
1426,login5.spotify.com,1,doh,10.995,10.995,10.995,97.29999999701977,1,login5.spotify.com
2672,hotmail.com,1,doh,13.402,170.801,132.4310000000002,0,12,c.s-microsoft.com;cdn-dynmedia-1.microsoft.com;hotmail.com;login.live.com;login.microsoftonline.com;outlook.live.com;play.vidyard.com;res.public.onecdn.static.microsoft;rum.hlx.page;uhf.microsoft.com;wcpstatic.microsoft.com;www.microsoft.com
1945,sf16.tiktokcdn-us.com,1,doh,13.374,13.374,13.374,306,1,sf16.tiktokcdn-us.com
1731,miui.com,1,doh,14.742,154.543,130.12399999999985,4288.29999999702,7,cdn.cnbj1.fds.api.mi-img.com;font.sec.miui.com;hm.baidu.com;home.miui.com;miui.com;ssl-cdn.static.browser.mi-img.com;tracking.miui.com
1715,cws.conviva.com,1,doh,12.679,12.679,12.679,97.59999999403954,1,cws.conviva.com
1859,ce.lijit.com,1,doh,13.189,13.189,13.189,143.80000001192093,1,ce.lijit.com
2096,wyze-firmware-upgrade-service.wyzecam.com,1,doh,40.284,40.284,40.284,313.20000000298023,1,wyze-firmware-upgrade-service.wyzecam.com
2148,js.stripe.com,1,doh,13.655,13.655,13.655,401.29999999701977,1,js.stripe.com
1932,disc801.prod.do.dsp.mp.microsoft.com,1,doh,14.462,14.462,14.462,198,1,disc801.prod.do.dsp.mp.microsoft.com
2286,image-cdn-ak.spotifycdn.com,1,doh,19.771,19.771,19.771,130.70000000298023,1,image-cdn-ak.spotifycdn.com
1381,gateway.grammarly.com,1,doh,14.017,14.017,14.017,85.30000001192093,1,gateway.grammarly.com
1324,xpaywalletcdn-prod.azureedge.net,1,doh,26.589,26.589,26.589,281,1,xpaywalletcdn-prod.azureedge.net
2092,locus-a.wbx2.com,1,doh,13.805,13.805,13.805,170.5,1,locus-a.wbx2.com
1616,sync.crwdcntrl.net,1,doh,12.568,12.568,12.568,82.3999999910593,1,sync.crwdcntrl.net
2618,cdn.walkme.com,1,doh,14.032,14.032,14.032,129.8999999910593,1,cdn.walkme.com
2121,cdn-v4.amp-endpoint3.com,1,doh,13.285,13.285,13.285,113.80000001192093,1,cdn-v4.amp-endpoint3.com
2539,rkdms.com,1,doh,26.543,26.543,26.543,242.59999999403954,1,rkdms.com
2619,ephemeralcounters.api.roblox.com,1,doh,12.463,12.463,12.463,134.6000000089407,1,ephemeralcounters.api.roblox.com
1830,cdn.flashtalking.com,1,doh,13.431,13.431,13.431,92.59999999403954,1,cdn.flashtalking.com
2326,preview.redd.it,1,doh,12.984,26.27,26.270000000000003,115.6000000089407,2,preview.redd.it;www.reddit.com
1423,hapsee.cn,1,doh,463.527,463.558,463.5480000000002,3959.1000000089407,1,hapsee.cn
2585,www.dropbox.com,1,doh,13.417,125.89399999999999,111.7500000000002,4142.699999988079,7,accounts.google.com;aem.dropbox.com;cfl.dropboxstatic.com;fjord.dropboxstatic.com;fp.dropbox.com;marketing.dropbox.com;www.dropbox.com
1749,tags.tiqcdn.com,1,doh,13.002,13.002,13.002,133.69999998807907,1,tags.tiqcdn.com
2476,epicgames.com,1,doh,12.862,25.055,25.054999999999986,449.3200000077486,2,challenges.cloudflare.com;epicgames.com
1910,contacts.google.com,1,doh,0.0,12.216,12.216000000000008,471.40000000596046,1,ssl.gstatic.com
1657,https.web.diagnostic.networking.aws.dev,1,doh,13.372,13.372,13.372,531.9000000059605,1,https.web.diagnostic.networking.aws.dev
2229,walkme.com,1,doh,12.932,617.8690000000001,381.1199999999999,2460.5,45,ad.doubleclick.net;alb.reddit.com;analytics.google.com;analytics.twitter.com;api.parsely.com;api.userway.org;assets.trendemon.com;bat.bing.com;bat.bing.net;c.6sc.co;cdn.cookielaw.org;cdn.parsely.com;cdn.userway.org;connect.facebook.net;epsilon.6sense.com;geoip-js.com;geolocation.onetrust.com;go.walkme.com;googleads.g.doubleclick.net;ipv6.6sc.co;j.6sc.co;js.chilipiper.com;js.maxmind.com;js.qualified.com;p1.parsely.com;pi.pardot.com;pixel-config.reddit.com;px.ads.linkedin.com;secure.adnxs.com;snap.licdn.com;static.ads-twitter.com;stats.g.doubleclick.net;stats.wp.com;t.co;t.influ2.com;tracking-api.g2.com;tracking.g2crowd.com;trackingapi.trendemon.com;walkme.com;www.google.com;www.googleadservices.com;www.googletagmanager.com;www.influ2.com;www.linkedin.com;www.redditstatic.com
2541,tb.events.data.microsoft.com,1,doh,12.546,12.546,12.546,122.5,1,tb.events.data.microsoft.com
2101,cs-server-s2s.yellowblue.io,1,doh,11.823,11.823,11.823,101.20000000298023,1,cs-server-s2s.yellowblue.io
1418,ring.com,1,doh,12.783,201.787,140.56600000000014,1459.1000000089407,8,chatbot.rc3.qa.ring.com;chatbot.rc3.ring.com;d2a12jsx2jznj5.cloudfront.net;d39xvdj9d5ntm1.cloudfront.net;images.ctfassets.net;ring.com;static.ring.com;www.youtube.com
2662,unif-id.ssp.inmobi.com,1,doh,12.539,12.539,12.539,95.40000000596046,1,unif-id.ssp.inmobi.com
2223,cds.taboola.com,1,doh,13.056,13.056,13.056,107.59999999403954,1,cds.taboola.com
2509,config.ads.vungle.com,1,doh,14.815,14.815,14.815,85.20000000298023,1,config.ads.vungle.com
1512,hbx.media.net,1,doh,18.45,18.45,18.45,158,1,hbx.media.net
2070,appsgrowthpromo-pa.clients6.google.com,1,doh,0.0,14.633,14.63300000000001,172.30000001192093,1,www.google.com
1666,pbs.yahoo.com,1,doh,12.692,12.692,12.692,95.90000000596046,1,pbs.yahoo.com
2339,adentifi.com,1,doh,40.489,40.489,40.489,151.5,1,adentifi.com
1323,api16-access-ttp.tiktokpangle.us,1,doh,15.559,15.559,15.559,118.70000000298023,1,api16-access-ttp.tiktokpangle.us
1541,auth.grammarly.com,1,doh,13.904,13.904,13.904,84.40000000596046,1,auth.grammarly.com
1662,okta.com,1,doh,28.606,1143.0110000000002,516.5639999999997,2969.6000000089407,70,855-qah-699.mktoresp.com;adobemetrics.okta.com;alb.reddit.com;analytics.google.com;analytics.twitter.com;assets.adobedtm.com;assets.vidyard.com;auth0.com;bat.bing.com;c.contentsquare.net;cdn.bizible.com;cdn.bizibly.com;cdn.cookielaw.org;cdn.heapanalytics.com;cdn.vidyard.com;cm.g.doubleclick.net;collector-53699.us.tvsquared.com;connect.facebook.net;d.adroll.com;dsum-sec.casalemedia.com;eb2.3lift.com;epsilon.6sense.com;fonts.googleapis.com;geolocation.onetrust.com;googleads.g.doubleclick.net;heapanalytics.com;ib.adnxs.com;idsync.rlcdn.com;image2.pubmatic.com;ipv6.6sc.co;j.6sc.co;jadserve.postrelease.com;js.qualified.com;k-aus1.contentsquare.net;lex.33across.com;lift-ai-js.marketlinc.com;match.adsrvr.org;ml314.com;munchkin.marketo.net;okta.com;okta.marketlinc.com;pippio.com;pixel-config.reddit.com;pixel.rubiconproject.com;pixel.tapad.com;play.vidyard.com;ps.eyeota.net;px.ads.linkedin.com;rum.hlx.page;s.adroll.com;snap.licdn.com;static.ads-twitter.com;static.cloudflareinsights.com;stats.g.doubleclick.net;sync.outbrain.com;sync.taboola.com;t.co;t.contentsquare.net;tags.srv.stackadapt.com;tracking-api.g2.com;trk.techtarget.com;us-u.openx.net;use.typekit.net;www.google-analytics.com;www.google.com;www.googletagmanager.com;www.linkedin.com;www.okta.com;www.redditstatic.com;x.bidswitch.net
1992,contextual.media.net,1,doh,13.058,314.157,150.81299999999987,2102.5,25,ajax.googleapis.com;analytics.google.com;analytics.twitter.com;bat.bing.com;c.clarity.ms;cdn.consentmanager.net;cdn.prod.website-files.com;connect.facebook.net;contextual.media.net;d.delivery.consentmanager.net;d3e54v103j8qbb.cloudfront.net;delivery.consentmanager.net;fonts.googleapis.com;fonts.gstatic.com;googleads.g.doubleclick.net;s.clarity.ms;s31073.pcdn.co;scripts.clarity.ms;static.ads-twitter.com;stats.g.doubleclick.net;t.co;www.clarity.ms;www.google-analytics.com;www.google.com;www.googletagmanager.com
1537,kargo.com,1,doh,20.639,286.44000000000005,156.90499999999992,1527,17,5762657.fs1.hubspotusercontent-na1.net;ajax.googleapis.com;assets.squarespace.com;cdn-cookieyes.com;connect.facebook.net;definitions.sqspcdn.com;fonts.googleapis.com;fonts.gstatic.com;images.squarespace-cdn.com;kargo.com;log.cookieyes.com;p.typekit.net;static1.squarespace.com;use.typekit.net;www.google-analytics.com;www.googletagmanager.com;www.kargo.com
2208,usc-collabrtc.officeapps.live.com,1,doh,13.828,13.828,13.828,150.8999999910593,1,usc-collabrtc.officeapps.live.com
1620,report.appmetrica.yandex.net,1,doh,12.425,12.425,12.425,675.2999999970198,1,report.appmetrica.yandex.net
1519,locationhistory-pa.googleapis.com,1,doh,0.0,11.819,11.819000000000003,146.59999999403954,1,www.google.com
2310,obs.ap-southeast-1.myhuaweicloud.com,1,doh,249.996,249.996,249.996,1002.2000000029802,1,obs.ap-southeast-1.myhuaweicloud.com
1365,unrulymedia.com,1,doh,26.522,319.78999999999996,210.9169999999999,1280.2999999970198,23,c.amazon-adsystem.com;cdn.cookielaw.org;cdn.jsdelivr.net;fonts.googleapis.com;fonts.gstatic.com;geolocation.onetrust.com;js.hs-analytics.net;js.hs-banner.com;js.hs-scripts.com;js.hsadspixel.net;js.hscollectedforms.net;js.hubspot.com;nexxen.com;pagead2.googlesyndication.com;px.ads.linkedin.com;snap.licdn.com;track.hubspot.com;unrulymedia.com;video.unrulymedia.com;www.google-analytics.com;www.google.com;www.googletagmanager.com;www.linkedin.com
1473,onesignal.com,1,doh,12.241,244.30099999999996,174.66699999999952,2874.7999999970198,21,alb.reddit.com;analytics.google.com;api.ipdata.co;cdn.bizible.com;cdn.bizibly.com;cdn.jsdelivr.net;cdn.onesignal.com;cdnjs.cloudflare.com;dev.visualwebsiteoptimizer.com;fonts.googleapis.com;fonts.gstatic.com;googleads.g.doubleclick.net;media-cms.onesignal.com;onesignal.com;pixel-config.reddit.com;px.ads.linkedin.com;snap.licdn.com;unpkg.com;www.google.com;www.googletagmanager.com;www.redditstatic.com
2337,api-noam.flightproxy.teams.microsoft.com,1,doh,11.66,11.66,11.66,160.59999999403954,1,api-noam.flightproxy.teams.microsoft.com
1935,prod-achm-general.svc.webex.com,1,doh,13.818,13.818,13.818,170.29999999701977,1,prod-achm-general.svc.webex.com
1456,cdn-settings.appsflyersdk.com,1,doh,12.45,12.45,12.45,103.29999999701977,1,cdn-settings.appsflyersdk.com
