rank,site,run,strategy,main_dns_ms,total_dns_sum_ms,wall_clock_dns_ms,page_load_ms,unique_domains_resolved,domains_resolved
9647,pub-ent-usnc-02-t.trouter.teams.microsoft.com,1,doh,23.776,23.776,23.776,156.59999999403954,1,pub-ent-usnc-02-t.trouter.teams.microsoft.com
9096,certs.apple.com,1,doh,13.059,13.059,13.059,80.70000000298023,1,certs.apple.com
9684,pub-ent-usea2-07-t.trouter.teams.microsoft.com,1,doh,22.299,22.299,22.299,130.29999999701977,1,pub-ent-usea2-07-t.trouter.teams.microsoft.com
10061,creatives.attn.tv,1,doh,14.703,14.703,14.703,119.30000001192093,1,creatives.attn.tv
9618,e2c74.gcp.gvt2.com,1,doh,14.747,14.747,14.747,315.09999999403954,1,e2c74.gcp.gvt2.com
9135,content.inhousedsp.com,1,doh,14.674,14.674,14.674,108,1,content.inhousedsp.com
9663,pub-ent-usnc-18-t.trouter.teams.microsoft.com,1,doh,21.623,21.623,21.623,174.29999999701977,1,pub-ent-usnc-18-t.trouter.teams.microsoft.com
9894,td-pixel.c.appier.net,1,doh,13.858,13.858,13.858,278.5,1,td-pixel.c.appier.net
10109,fa000000175.resources.office.net,1,doh,17.307,17.307,17.307,162.1000000089407,1,fa000000175.resources.office.net
10012,pull-q5-sg01.tiktokcdn.com,1,doh,15.942,15.942,15.942,92.40000000596046,1,pull-q5-sg01.tiktokcdn.com
9296,missena.io,1,doh,19.075,19.075,19.075,389,1,missena.io
9785,pub-ent-usea2-17-t.trouter.teams.microsoft.com,1,doh,23.43,23.43,23.43,138.59999999403954,1,pub-ent-usea2-17-t.trouter.teams.microsoft.com
10075,huntress-survey-results.s3.amazonaws.com,1,doh,17.37,17.37,17.37,155,1,huntress-survey-results.s3.amazonaws.com
9924,avira.com,1,doh,15.498,760.4500000000003,531.2180000000003,2526.9000000059605,33,analytics.google.com;app.upsellit.com;assets.adobedtm.com;assets.prod.cms.avira.com;avira.com;bat.bing.com;c.bing.com;c.clarity.ms;c.go-mpulse.net;data.privacy.ensighten.com;doh.cq0.co;dpm.demdex.net;getrockerbox.com;mhubc.avira.com;nexus.ensighten.com;oms.avira.com;pubads.g.doubleclick.net;rmbyy5ra.avira.com;s.clarity.ms;s.go-mpulse.net;scripts.clarity.ms;stats.g.doubleclick.net;symantec.demdex.net;symantec.tt.omtrdc.net;t.nc0.co;widget.trustpilot.com;www.avira.com;www.clarity.ms;www.google.com;www.googletagmanager.com;www.nortonlifelock.com;www.upsellit.com;www.webassetscdn.com
9191,lpcdn.lpsnmedia.net,1,doh,12.6,12.6,12.6,134.79999999701977,1,lpcdn.lpsnmedia.net
9587,ei.phncdn.com,1,doh,13.929,13.929,13.929,146.79999999701977,1,ei.phncdn.com
9584,conduit.redfast.com,1,doh,14.878,14.878,14.878,171.70000000298023,1,conduit.redfast.com
9209,tb-static.uber.com,1,doh,15.918,15.918,15.918,130.59999999403954,1,tb-static.uber.com
9295,identity.ads.roku.com,1,doh,13.948,13.948,13.948,129,1,identity.ads.roku.com
9187,agentsn.msua01.manage.microsoft.com,1,doh,30.59,30.59,30.59,185.40000000596046,1,agentsn.msua01.manage.microsoft.com
9098,obus-dc20305-sg.heytapmobile.com,1,doh,17.275,17.275,17.275,776.2999999970198,1,obus-dc20305-sg.heytapmobile.com
9737,edoinc.com,1,doh,28.83,522.3499999999998,326.70499999999925,2090.2000000029802,34,7151179.fs1.hubspotusercontent-na1.net;a.usbrowserspeed.com;api.hubapi.com;api.vector.co;app.hubspot.com;c.bing.com;c.clarity.ms;cdn.vector.co;edoinc.com;epsilon.6sense.com;forms-na1.hsforms.com;forms.hsforms.com;googleads.g.doubleclick.net;ipv6.6sc.co;j.6sc.co;js.hs-analytics.net;js.hs-banner.com;js.hsadspixel.net;js.hscollectedforms.net;js.hsforms.net;js.hubspot.com;perf-na1.hsforms.com;px.ads.linkedin.com;s.clarity.ms;scripts.clarity.ms;secure.adnxs.com;snap.licdn.com;www.clarity.ms;www.edo.com;www.google-analytics.com;www.google.com;www.googleadservices.com;www.googletagmanager.com;www.linkedin.com
9710,e2c14.gcp.gvt2.com,1,doh,13.886,13.886,13.886,2064.2000000029802,1,e2c14.gcp.gvt2.com
9932,play.mtgglobals.com,1,doh,15.102,15.102,15.102,443.79999999701977,1,play.mtgglobals.com
10124,s.microsoft.com,1,doh,29.455,568.4169999999999,394.71500000000077,2464.5999999940395,38,bat.bing.com;browser.events.data.microsoft.com;c.az.clicktale.net;c.bing.com;c.clarity.ms;c.s-microsoft.com;cdn-dynmedia-1.microsoft.com;cdnssl.clicktale.net;cm.everesttech.net;cm.g.doubleclick.net;dpm.demdex.net;googleads.g.doubleclick.net;ib.adnxs.com;idsync.rlcdn.com;js.monitor.azure.com;login.live.com;login.microsoftonline.com;mem.gfx.ms;mscom.demdex.net;msftenterprise.sc.omtrdc.net;pixel.everesttech.net;px.ads.linkedin.com;rtd-tm.everesttech.net;rtd.tubemogul.com;rum.hlx.page;s.clarity.ms;s.microsoft.com;scripts.clarity.ms;static.hj.contentsquare.net;target.microsoft.com;uhf.microsoft.com;wcpstatic.microsoft.com;www.clarity.ms;www.facebook.com;www.google.com;www.googletagmanager.com;www.linkedin.com;www.microsoft.com
9413,udm.scorecardresearch.com,1,doh,14.967,14.967,14.967,116.29999999701977,1,udm.scorecardresearch.com
9124,matka-us.temu.com,1,doh,13.936,13.936,13.936,89.59999999403954,1,matka-us.temu.com
10221,sync.spotim.market,1,doh,14.36,14.36,14.36,86.29999999701977,1,sync.spotim.market
9643,tag.bounceexchange.com,1,doh,14.802,14.802,14.802,86.70000000298023,1,tag.bounceexchange.com
9545,e2c46.gcp.gvt2.com,1,doh,14.503,14.503,14.503,426.40000000596046,1,e2c46.gcp.gvt2.com
9682,affiliate.api.espn.com,1,doh,14.852,14.852,14.852,88.69999998807907,1,affiliate.api.espn.com
9624,e2c24.gcp.gvt2.com,1,doh,18.266,18.266,18.266,131.1000000089407,1,e2c24.gcp.gvt2.com
9106,ibm-cio.lakesidesoftware.com,1,doh,24.205,90.33500000000001,64.79300000000002,1975.7999999970198,6,cdn.jsdelivr.net;cdn.pendo.io;fonts.googleapis.com;fonts.gstatic.com;ibm-cio.lakesidesoftware.com;kit.fontawesome.com
9113,swiftkey.com,1,doh,20.993,536.564,438.24400000000026,964.2999999970198,41,a.tribalfusion.com;analytics.twitter.com;browser.events.data.microsoft.com;c.az.clicktale.net;c.bing.com;c.s-microsoft.com;c1.microsoft.com;cdn-dynmedia-1.microsoft.com;cdnssl.clicktale.net;cm.everesttech.net;cm.g.doubleclick.net;cms.analytics.yahoo.com;cms.quantserve.com;dpm.demdex.net;ds.reson8.com;ib.adnxs.com;idpix.media6degrees.com;idsync.rlcdn.com;jadserve.postrelease.com;js.monitor.azure.com;k.af.clicktale.net;login.live.com;match.adsrvr.org;mem.gfx.ms;microsoft.com;mscom.demdex.net;msftenterprise.sc.omtrdc.net;px.owneriq.net;rtd-tm.everesttech.net;rtd.tubemogul.com;servedby.flashtalking.com;srm.af.contentsquare.net;static.hj.contentsquare.net;swiftkey.com;target.microsoft.com;uhf.microsoft.com;ups.analytics.yahoo.com;wcpstatic.microsoft.com;www.google.com;www.googletagmanager.com;www.microsoft.com
9240,sprinklr.com,1,doh,30.814,198.21,145.65800000000002,1427.5999999940395,11,cdn.optimizely.com;cdnjs.cloudflare.com;cmp.osano.com;images.ctfassets.net;js.hs-scripts.com;pagead2.googlesyndication.com;sprinklr.com;videos.ctfassets.net;www.google-analytics.com;www.googletagmanager.com;www.sprinklr.com
9569,log.pinterest.com,1,doh,14.889,14.889,14.889,86.5,1,log.pinterest.com
9749,pub-ent-ussc-04-t.trouter.teams.microsoft.com,1,doh,21.723,21.723,21.723,258.5,1,pub-ent-ussc-04-t.trouter.teams.microsoft.com
10184,thumbnails-photos.amazon.com,1,doh,13.243,13.243,13.243,81.70000000298023,1,thumbnails-photos.amazon.com
9746,api.powerplatform.com,1,doh,39.555,122.672,110.29399999999987,941.5,8,aka.ms;api.powerplatform.com;browser.events.data.microsoft.com;c.bing.com;c1.microsoft.com;js.monitor.azure.com;learn.microsoft.com;wcpstatic.microsoft.com
10253,tracking.mygaru.com,1,doh,14.52,14.52,14.52,489.40000000596046,1,tracking.mygaru.com
9738,analytics-domainverify.clever.com,1,doh,14.658,14.658,14.658,164.79999999701977,1,analytics-domainverify.clever.com
9447,fa000000005.resources.office.net,1,doh,16.677,16.677,16.677,198.1000000089407,1,fa000000005.resources.office.net
9820,truecaller.com,1,doh,15.645,137.691,104.72600000000013,1733.8999999910593,9,asia-south1-truecaller-web.cloudfunctions.net;cdn.jsdelivr.net;chat.zipzip.ai;cookies.truecaller.com;metis.truecaller.com;plausible.io;static.cloudflareinsights.com;truecaller.com;www.truecaller.com
9565,e2c19.gcp.gvt2.com,1,doh,11.802,11.802,11.802,9125.60000000894,1,e2c19.gcp.gvt2.com
9414,mpc2-prod-1-is5qnl632q-uc.a.run.app,1,doh,0.0,0.0,0.0,140.6000000089407,0,
9778,pub-ent-ussc-10-t.trouter.teams.microsoft.com,1,doh,23.347,23.347,23.347,264.1000000089407,1,pub-ent-ussc-10-t.trouter.teams.microsoft.com
9369,content.quantcount.com,1,doh,14.842,14.842,14.842,318.20000000298023,1,content.quantcount.com
9886,pub-ent-uswe-17-t.trouter.teams.microsoft.com,1,doh,17.238,17.238,17.238,351,1,pub-ent-uswe-17-t.trouter.teams.microsoft.com
9428,speedysub.itunes.apple.com,1,doh,13.759,13.759,13.759,92,1,speedysub.itunes.apple.com
9249,tnapplications.com,1,doh,17.648,17.648,17.648,168,1,tnapplications.com
10212,csdm-r.wbx2.com,1,doh,41.647,41.647,41.647,433.59999999403954,1,csdm-r.wbx2.com
10235,google.com.tr,1,doh,0.0,13.138,13.13800000000009,666.2000000029802,3,ogads-pa.clients6.google.com;play.google.com;www.gstatic.com
10176,ads-config.unityads.unity3d.com,1,doh,15.572,15.572,15.572,103.3999999910593,1,ads-config.unityads.unity3d.com
10178,api-service.shein.com,1,doh,16.121,16.121,16.121,188.5,1,api-service.shein.com
9316,gecko32-normal-no1a.tiktokv.eu,1,doh,16.689,16.689,16.689,390.20000000298023,1,gecko32-normal-no1a.tiktokv.eu
9267,da-an-v3-ttp2.tiktokv.us,1,doh,16.192,16.192,16.192,132.5,1,da-an-v3-ttp2.tiktokv.us
9872,kxcdn.com,1,doh,26.508,26.508,26.508,376.59999999403954,1,kxcdn.com
9893,dyna.wikimedia.org,1,doh,11.903,11.903,11.903,194,1,dyna.wikimedia.org
9963,cdn.appdynamics.com,1,doh,14.463,14.463,14.463,190.40000000596046,1,cdn.appdynamics.com
9670,arcgis.com,1,doh,28.806,41.397,41.397000000000006,558.7999999970198,2,arcgis.com;cdn.jsdelivr.net
9510,e2c5.gcp.gvt2.com,1,doh,13.018,13.018,13.018,29871.59999999404,1,e2c5.gcp.gvt2.com
9220,pull-w5-va01.fcdn.eu.tiktokcdn.com,1,doh,14.601,14.601,14.601,376.79999999701977,1,pull-w5-va01.fcdn.eu.tiktokcdn.com
9516,x.klarnacdn.net,1,doh,14.919,14.919,14.919,297.6000000089407,1,x.klarnacdn.net
9110,merchandise.opera-api.com,1,doh,80.069,80.069,80.069,214.5,1,merchandise.opera-api.com
9628,cdn.datatables.net,1,doh,12.038,25.588,25.587999999999983,469.40000000596046,3,cdn.datatables.net;datatables.net;media.ethicalads.io
9109,c6thn4.launches.appsflyersdk.com,1,doh,27.8,27.8,27.8,198.20000000298023,1,c6thn4.launches.appsflyersdk.com
9881,s.yimg.jp,1,doh,12.442,12.442,12.442,1346.9000000059605,1,s.yimg.jp
9201,i-sg.capcutapi.com,1,doh,46.44,46.44,46.44,379.8999999910593,1,i-sg.capcutapi.com
9745,asia-exappupgrade.vivoglobal.com,1,doh,13.936,13.936,13.936,800.7000000029802,1,asia-exappupgrade.vivoglobal.com
9892,vulcan3.branch.io,1,doh,17.083,17.083,17.083,245.20000000298023,1,vulcan3.branch.io
9651,e2c13.gcp.gvt2.com,1,doh,16.523,16.523,16.523,406.8999999910593,1,e2c13.gcp.gvt2.com
9093,us04web.zoom.us,1,doh,14.702,947.7470000000003,407.55899999999986,1280.5999999940395,62,3.212.39.155;9513928.fls.doubleclick.net;ad.doubleclick.net;adservice.google.com;alb.reddit.com;analytics.twitter.com;api.company-target.com;bat.bing.com;c.contentsquare.net;cdn.amplitude.com;cdn.bc0a.com;cdn.cookielaw.org;cdn.jsdelivr.net;cdn.metadata.io;cm.g.doubleclick.net;collector-29673.us.tvsquared.com;connect.facebook.net;csxd.contentsquare.net;dsum-sec.casalemedia.com;dx.mountain.com;geolocation.onetrust.com;googleads.g.doubleclick.net;id.rlcdn.com;ixfd2-api.bc0a.com;js.zi-scripts.com;partners.tremorhub.com;pixel-config.reddit.com;pixel.byspotify.com;pixel.rubiconproject.com;pixels.spotify.com;px.adentifi.com;px.ads.linkedin.com;s.company-target.com;s.usea01.idio.episerver.net;s.yimg.jp;scout-cdn.salesloft.com;scout.salesloft.com;segments.company-target.com;snap.licdn.com;st1.zoom.us;static.ads-twitter.com;static.cloudflareinsights.com;t.co;t.contentsquare.net;tag-logger.demandbase.com;tag.demandbase.com;tracking-api.g2.com;tracking.g2crowd.com;trkn.us;us.telemetry.zoom.us;us01campaign.zoom.us;us04web.zoom.us;utt.impactcdn.com;ws-assets.zoominfo.com;ws.zoominfo.com;www.google.com;www.googletagmanager.com;www.linkedin.com;www.redditstatic.com;www.zoom.com;zoom.sjv.io;zoom.us
9541,public-ubiservices.ubi.com,1,doh,16.418,16.418,16.418,90.59999999403954,1,public-ubiservices.ubi.com
9858,assets.rapidedge.io,1,doh,15.734,15.734,15.734,202,1,assets.rapidedge.io
9652,img.lazcdn.com,1,doh,14.276,14.276,14.276,1027.9000000059605,1,img.lazcdn.com
10069,default-us.geo.gateway.devices.a2z.com,1,doh,49.47,49.47,49.47,127.70000000298023,1,default-us.geo.gateway.devices.a2z.com
9656,e2c58.gcp.gvt2.com,1,doh,17.345,17.345,17.345,29627.39999999106,1,e2c58.gcp.gvt2.com
9661,componentupdater.brave.com,1,doh,16.601,16.601,16.601,291,1,componentupdater.brave.com
9195,bromium-online.com,1,doh,19.862,154.517,142.20200000000028,985.8999999910593,10,bromium-online.com;cdn.cookielaw.org;fonts.gstatic.com;geolocation.onetrust.com;i.ytimg.com;www.google.com;www.hp.com;www.hpwolf.com;www.youtube-nocookie.com;www.youtube.com
9634,pub-ent-usea2-12-t.trouter.teams.microsoft.com,1,doh,18.511,18.511,18.511,131.79999999701977,1,pub-ent-usea2-12-t.trouter.teams.microsoft.com
9774,media.bidr.io,1,doh,14.405,14.405,14.405,171.79999999701977,1,media.bidr.io
9503,nje1pug-paira.pubmatic.com,1,doh,12.958,12.958,12.958,110.5,1,nje1pug-paira.pubmatic.com
9439,pub-ent-usnc-04-t.trouter.teams.microsoft.com,1,doh,22.43,22.43,22.43,163.09999999403954,1,pub-ent-usnc-04-t.trouter.teams.microsoft.com
9208,mts.ru,1,doh,13.298,647.875,532.4379999999999,3689.2000000029802,20,1054--a00--1776302213907838423.stbid.ru;5430925061776302212729.cm.a.mts.ru;abt.s3.yandex.net;ad.adriver.ru;an.yandex.ru;api.tomi.ai;content.adriver.ru;dtm-dre.platform.hicloud.com;identitystatic.mts.ru;login.mts.ru;mc.yandex.ru;moskva.mts.ru;mts.ru;mtsopros.mts.ru;pn.mts.ru;sentry.obs.mts.ru;static.mts.ru;tag.a.mts.ru;top-fwz1.mail.ru;uaas.yandex.ru
10048,spotim.market,1,doh,20.962,67.802,67.802,263.29999999701977,3,spot.im;spotim.market;www.spot.im
9346,artifacts.security.elastic.co,1,doh,16.189,993.9019999999995,490.408,3221.2999999970198,63,15244908.fls.doubleclick.net;813-mam-392.mktoresp.com;a.quora.com;ad.doubleclick.net;adservice.google.com;alb.reddit.com;analytics.google.com;analytics.twitter.com;api.company-target.com;app.clearbit.com;artifacts.security.elastic.co;assets.adoberesources.net;assets.userled.io;bat.bing.com;c.clarity.ms;cdn.iubenda.com;cdn.optimizely.com;cdn3.optimizely.com;cm.g.doubleclick.net;connect.facebook.net;dsum-sec.casalemedia.com;edge.fullstory.com;elastic-global-nav-assets.s3.us-west-2.amazonaws.com;fonts.googleapis.com;googleads.g.doubleclick.net;id.rlcdn.com;idb.iubenda.com;images.contentstack.io;info.elastic.co;insight.adsrvr.org;js.adsrvr.org;lift-ai-js.marketlinc.com;logx.optimizely.com;munchkin.marketo.net;partners.tremorhub.com;pixel-config.reddit.com;pixel.byspotify.com;pixel.rubiconproject.com;px.ads.linkedin.com;rs.fullstory.com;s.clarity.ms;s.company-target.com;scripts.clarity.ms;sdk.userledclient.io;secure.adnxs.com;segments.company-target.com;sjrtp2-cdn.marketo.com;snap.licdn.com;static-www.elastic.co;static.ads-twitter.com;stats.g.doubleclick.net;t.co;tag-logger.demandbase.com;tag.clearbitscripts.com;tag.demandbase.com;trk.techtarget.com;www.clarity.ms;www.elastic.co;www.google.com;www.googletagmanager.com;www.linkedin.com;www.redditstatic.com;x.clearbitjs.com
10112,usync.vrtcal.com,1,doh,15.929,15.929,15.929,91.40000000596046,1,usync.vrtcal.com
9703,pub-ent-usea-04-t.trouter.teams.microsoft.com,1,doh,21.398,21.398,21.398,112.29999999701977,1,pub-ent-usea-04-t.trouter.teams.microsoft.com
9104,features.opera-api2.com,1,doh,14.843,14.843,14.843,145.20000000298023,1,features.opera-api2.com
10269,li.protechts.net,1,doh,13.472,13.472,13.472,171.70000000298023,1,li.protechts.net
9165,groupme.com,1,doh,14.001,130.49900000000002,114.80899999999988,912.0999999940395,10,api.framer.com;app.framerstatic.com;browser.events.data.microsoft.com;events.framer.com;fonts.gstatic.com;framer.com;framerusercontent.com;groupme.com;js.monitor.azure.com;wcpstatic.microsoft.com
9433,use.trk.svr-algorix.com,1,doh,13.981,13.981,13.981,87,1,use.trk.svr-algorix.com
9786,afterpay.com,1,doh,15.024,280.546,191.01800000000048,1176.2999999970198,20,424-iab-218.mktoresp.com;539-rja-633.mktoresp.com;afterpay.com;analytics.google.com;cdn.builder.io;cdn.cookielaw.org;clientstream.launchdarkly.com;connect.facebook.net;geolocation.onetrust.com;munchkin.marketo.net;o76154.ingest.sentry.io;px.ads.linkedin.com;snap.licdn.com;static.afterpay.com;stats.g.doubleclick.net;vimeo.com;websdk.appsflyer.com;www.google.com;www.googletagmanager.com;www.linkedin.com
9767,pub-ent-ussc-15-t.trouter.teams.microsoft.com,1,doh,22.385,22.385,22.385,286.79999999701977,1,pub-ent-ussc-15-t.trouter.teams.microsoft.com
9824,mpc-prod-24-s6uit34pua-uw.a.run.app,1,doh,0.0,0.0,0.0,165.29999999701977,0,
9334,www.app-ads-services.com,1,doh,0.0,12.442,12.442000000000007,244.59999999403954,1,www.google.com
9797,pub-ent-ussc-11-t.trouter.teams.microsoft.com,1,doh,24.442,24.442,24.442,275.20000000298023,1,pub-ent-ussc-11-t.trouter.teams.microsoft.com
10207,opps.taboola.com,1,doh,14.466,14.466,14.466,94.90000000596046,1,opps.taboola.com
9215,api.fe.amazonalexa.com,1,doh,28.632,46.903000000000006,46.90300000000002,235.20000000298023,2,api.fe.amazonalexa.com;g-ecx.images-amazon.com
10201,la-trc-events.taboola.com,1,doh,13.172,13.172,13.172,260.70000000298023,1,la-trc-events.taboola.com
9351,noam.events.data.microsoft.com,1,doh,16.311,16.311,16.311,286.29999999701977,1,noam.events.data.microsoft.com
9202,images.squarespace-cdn.com,1,doh,17.112,17.112,17.112,97.90000000596046,1,images.squarespace-cdn.com
9865,weather.transsion-os.com,1,doh,14.037,14.037,14.037,394,1,weather.transsion-os.com
9440,pixel-us-west.rubiconproject.com,1,doh,13.831,13.831,13.831,348.5,1,pixel-us-west.rubiconproject.com
9524,e2c22.gcp.gvt2.com,1,doh,14.322,14.322,14.322,29507.59999999404,1,e2c22.gcp.gvt2.com
9242,da-an-v3.tiktokv.us,1,doh,16.567,16.567,16.567,121,1,da-an-v3.tiktokv.us
9610,e2c52.gcp.gvt2.com,1,doh,13.812,13.812,13.812,262.29999999701977,1,e2c52.gcp.gvt2.com
9573,e2c1.gcp.gvt2.com,1,doh,15.163,15.163,15.163,29180.29999999702,1,e2c1.gcp.gvt2.com
9592,e2c33.gcp.gvt2.com,1,doh,15.377,15.377,15.377,572.5,1,e2c33.gcp.gvt2.com
9946,finance.yahoo.com,1,doh,16.039,508.4129999999999,402.0919999999985,4098.29999999702,38,aa.agkn.com;analytics.google.com;bats.video.yahoo.com;c2shb-oao.ssp.yahoo.com;cdn.jsdelivr.net;cms.analytics.yahoo.com;consent.cmp.oath.com;dpm.demdex.net;edge.api.brightcove.com;fastly-signed-us-east-1-prod.brightcovecdn.com;finance.yahoo.com;guce.yahoo.com;imasdk.googleapis.com;metrics.brightcove.com;opus.analytics.yahoo.com;pagead2.googlesyndication.com;pbs.yahoo.com;ping.chartbeat.net;players.brightcove.net;polymarket-upload.s3.us-east-2.amazonaws.com;query1.finance.yahoo.com;query2.finance.yahoo.com;s.yimg.com;s0.2mdn.net;sb.scorecardresearch.com;securepubads.g.doubleclick.net;signal-service.pbs.yahoo.com;sp.analytics.yahoo.com;static.chartbeat.com;stats.g.doubleclick.net;tb.pbs.yahoo.com;udc.yahoo.com;uipglob.semasio.net;ups.analytics.yahoo.com;video-api.yql.yahoo.com;www.google.com;www.googletagmanager.com;yahoo-match.dotomi.com
9398,nh-mobile-config.ring.com,1,doh,13.424,13.424,13.424,84.30000001192093,1,nh-mobile-config.ring.com
10195,my.1password.com,1,doh,12.879,129.295,81.501,2309.8999999910593,7,1password.com;accounts.1password.ca;accounts.1password.eu;accounts.ent.1password.com;app.1password.com;images.ctfassets.net;my.1password.com
9961,api.glb.samsung-gamelauncher.com,1,doh,13.919,13.919,13.919,284.30000001192093,1,api.glb.samsung-gamelauncher.com
9772,tadata.afafb.com,1,doh,15.219,15.219,15.219,111.59999999403954,1,tadata.afafb.com
9554,e2c71.gcp.gvt2.com,1,doh,19.128,19.128,19.128,614.0999999940395,1,e2c71.gcp.gvt2.com
10064,updates2.cdc.carbonblack.io,1,doh,14.294,14.294,14.294,221.90000000596046,1,updates2.cdc.carbonblack.io
9989,ident.mygaru.com,1,doh,13.739,13.739,13.739,477,1,ident.mygaru.com
9303,pull-flv-f77-tt01.tiktokcdn.com,1,doh,25.616,25.616,25.616,94.59999999403954,1,pull-flv-f77-tt01.tiktokcdn.com
9129,cdn8.forter.com,1,doh,14.877,14.877,14.877,87.79999999701977,1,cdn8.forter.com
10200,bqstreamer.com,1,doh,16.84,16.84,16.84,132.20000000298023,1,bqstreamer.com
10084,www.zillow.com,1,doh,14.8,145.63799999999998,117.17799999999981,758.9000000059605,10,client.px-cloud.net;collector-pxhyx10rg3.px-client.net;collector-pxhyx10rg3.px-cloud.net;crcldu.com;fonts.googleapis.com;fonts.gstatic.com;fst-ec.perimeterx.net;tzm.px-cloud.net;www.zillow.com;www.zillowstatic.com
10233,www.booking.com,1,doh,18.215,62.260999999999996,50.441999999999865,0,5,account.booking.com;cdn.cookielaw.org;cf.bstatic.com;geolocation.onetrust.com;www.booking.com
9508,account-public-service-prod.ak.epicgames.com,1,doh,13.358,13.358,13.358,82.20000000298023,1,account-public-service-prod.ak.epicgames.com
9471,c.urs.microsoft.com,1,doh,23.509,23.509,23.509,307.80000001192093,1,c.urs.microsoft.com
9528,pub-ent-uswe-14-t.trouter.teams.microsoft.com,1,doh,14.222,14.222,14.222,348,1,pub-ent-uswe-14-t.trouter.teams.microsoft.com
10256,api.amazon.co.uk,1,doh,25.227,41.905,41.905,408.5,2,api.amazon.co.uk;g-ecx.images-amazon.com
9145,p19-comment-sign-va.tiktokcdn.com,1,doh,17.845,17.845,17.845,89.20000000298023,1,p19-comment-sign-va.tiktokcdn.com
10177,sync.ad-stir.com,1,doh,14.163,14.163,14.163,575.2000000029802,1,sync.ad-stir.com
9591,e2c26.gcp.gvt2.com,1,doh,13.762,13.762,13.762,185.5,1,e2c26.gcp.gvt2.com
9685,apptrailers.itunes.apple.com,1,doh,13.429,13.429,13.429,85.09999999403954,1,apptrailers.itunes.apple.com
9347,intunemaape6.ncus.attest.azure.net,1,doh,22.904,22.904,22.904,161.5,1,intunemaape6.ncus.attest.azure.net
9724,euid.eu,1,doh,18.399,536.355,257.9280000000002,805.5,37,527-inm-364.mktoresp.com;a.usbrowserspeed.com;analytics.google.com;analytics.o11.tech;analytics.twitter.com;cdn.bizible.com;cdn.bizibly.com;cdn.cookielaw.org;cdn.prod.uidapi.com;cm.g.doubleclick.net;connect.facebook.net;dpm.demdex.net;euid.eu;geolocation.onetrust.com;googleads.g.doubleclick.net;ib.adnxs.com;idsync.rlcdn.com;insight.adsrvr.org;js.adsrvr.org;js.zi-scripts.com;ml314.com;munchkin.marketo.net;pages.thetradedesk.com;pixel.rubiconproject.com;polaris.truevaultcdn.com;ps.eyeota.net;px.ads.linkedin.com;snap.licdn.com;static.ads-twitter.com;stats.g.doubleclick.net;t.co;ws-assets.zoominfo.com;ws.zoominfo.com;www.google-analytics.com;www.google.com;www.googletagmanager.com;www.linkedin.com
10210,sessions.mobile.crashtracking.prod.ring.com,1,doh,14.093,14.093,14.093,309.59999999403954,1,sessions.mobile.crashtracking.prod.ring.com
9588,pub-ent-usea-14-t.trouter.teams.microsoft.com,1,doh,14.428,14.428,14.428,106.40000000596046,1,pub-ent-usea-14-t.trouter.teams.microsoft.com
10147,metamask.io,1,doh,15.07,253.612,171.22600000000057,3316.5,20,analytics.twitter.com;api.hubapi.com;cdn.jsdelivr.net;cmp.osano.com;googleads.g.doubleclick.net;images.ctfassets.net;js.hs-analytics.net;js.hs-banner.com;js.hs-scripts.com;js.hsadspixel.net;js.hubspot.com;metamask.io;perf-na1.hsforms.com;static.ads-twitter.com;t.co;track.hubspot.com;www.google-analytics.com;www.google.com;www.googletagmanager.com;www.gstatic.com
9181,a.mrktmtrcs.net,1,doh,14.065,14.065,14.065,107.20000000298023,1,a.mrktmtrcs.net
10094,meraki-grpc.talos.cisco.com,1,doh,0.012,0.012,0.012,127.29999999701977,1,meraki-grpc.talos.cisco.com
9429,datarouter-weighted.ol.epicgames.com,1,doh,20.227,20.227,20.227,91.09999999403954,1,datarouter-weighted.ol.epicgames.com
10229,b2b.filesyscrm.com,1,doh,19.269,19.269,19.269,752.7000000029802,1,b2b.filesyscrm.com
9895,fa000000006.resources.office.net,1,doh,16.081,16.081,16.081,305.79999999701977,1,fa000000006.resources.office.net
10198,boot.net.anydesk.com,1,doh,13.318,41.141999999999996,41.14199999999995,750.4399999976158,3,boot.net.anydesk.com;challenges.cloudflare.com;static.cloudflareinsights.com
9925,pull-flv-q77-va01.tiktokcdn.com,1,doh,24.13,24.13,24.13,94.79999999701977,1,pull-flv-q77-va01.tiktokcdn.com
9804,us.temu.com,1,doh,14.13,140.40599999999998,126.21899999999965,1013.0999999940395,10,accounts.google.com;adtk-us.temu.com;aimg.kwcdn.com;commimg.kwcdn.com;img.kwcdn.com;pftka-us.temu.com;static.kwcdn.com;thtka-us.temu.com;us.temu.com;www.temu.com
9763,insights-a.webex.com,1,doh,13.851,52.247,52.24699999999996,558.4000000059605,3,idbroker-static.webex.com;idbroker.webex.com;insights-a.webex.com
9354,api-safari-ause2c.smoot.apple.com,1,doh,13.603,13.603,13.603,138.79999999701977,1,api-safari-ause2c.smoot.apple.com
9408,www.cnn.com,1,doh,16.174,16.174,16.174,97.6000000089407,1,www.cnn.com
9933,app.snapchat.com,1,doh,11.791,11.791,11.791,130.40000000596046,1,app.snapchat.com
10135,fast.fonts.net,1,doh,13.398,13.398,13.398,149.20000000298023,1,fast.fonts.net
10250,commerce16-normal-sg.capcutapi.com,1,doh,14.206,14.206,14.206,403.09999999403954,1,commerce16-normal-sg.capcutapi.com
9620,pub-ent-usnc-15-t.trouter.teams.microsoft.com,1,doh,12.681,12.681,12.681,172.1000000089407,1,pub-ent-usnc-15-t.trouter.teams.microsoft.com
9837,acr-us-prd.samsungcloud.tv,1,doh,13.167,13.167,13.167,84.6000000089407,1,acr-us-prd.samsungcloud.tv
9617,e2c40.gcp.gvt2.com,1,doh,14.302,14.302,14.302,29806.90000000596,1,e2c40.gcp.gvt2.com
9501,pub-ent-usea2-15-t.trouter.teams.microsoft.com,1,doh,14.758,14.758,14.758,164.70000000298023,1,pub-ent-usea2-15-t.trouter.teams.microsoft.com
9796,shops.myshopify.com,1,doh,12.504,25.203999999999997,25.203999999999986,345.39000000059605,2,challenges.cloudflare.com;shops.myshopify.com
10202,qbrere.launches.appsflyersdk.com,1,doh,13.351,13.351,13.351,280.59999999403954,1,qbrere.launches.appsflyersdk.com
10194,incognia.com,1,doh,17.727,274.435,172.99500000000012,2182.5,17,7052064.fs1.hubspotusercontent-na1.net;api.hubapi.com;app.hubspot.com;cdn-cookieyes.com;conn-check.icg-in.com;fonts.googleapis.com;fonts.gstatic.com;incognia.com;js.hs-banner.com;js.hsadspixel.net;js.hscollectedforms.net;js.usemessages.com;log.cookieyes.com;repo.incognia.com;service4.icg-in.com;static.hsappstatic.net;www.incognia.com
9261,www.npr.org,1,doh,13.438,677.1979999999999,450.0070000000022,2967.1000000089407,47,6635101.fls.doubleclick.net;aax.amazon-adsystem.com;ads.pubmatic.com;api.permutive.com;bcp.crwdcntrl.net;c.amazon-adsystem.com;c.go-mpulse.net;cdn.cookielaw.org;cdn.cxense.com;cdn.jwplayer.com;cdn.optimizely.com;cdn.pdst.fm;cdn.piano.io;cdn3.optimizely.com;cm.g.doubleclick.net;config.aps.amazon-adsystem.com;e1cef1f0-495f-4973-ba1c-880786e73a66.edge.permutive.app;entitlements.jwplayer.com;geolocation.onetrust.com;imasdk.googleapis.com;js.stripe.com;m.stripe.com;m.stripe.network;mab.chartbeat.com;media.npr.org;npr.brightspotcdn.com;organization.api.npr.org;pagead2.googlesyndication.com;prd.jwpltx.com;rumcdn.geoedge.be;s.go-mpulse.net;s0.2mdn.net;sb.scorecardresearch.com;secure-us.imrworldwide.com;secure.cdn.fastclick.net;securepubads.g.doubleclick.net;ssl.p.jwpcdn.com;static.chartbeat.com;station.api.npr.org;tags.crwdcntrl.net;www.datadoghq-browser-agent.com;www.google.com;www.googletagmanager.com;www.gstatic.com;www.npr.org;www.npttech.com;www.recaptcha.net
9827,pub-ent-uswe-03-t.trouter.teams.microsoft.com,1,doh,21.948,21.948,21.948,382.5,1,pub-ent-uswe-03-t.trouter.teams.microsoft.com
9401,prd-usw2-requestattribution-iad.apple.com,1,doh,12.694,12.694,12.694,288.5,1,prd-usw2-requestattribution-iad.apple.com
10098,frog.wix.com,1,doh,15.703,15.703,15.703,82.29999999701977,1,frog.wix.com
9615,e2c23.gcp.gvt2.com,1,doh,15.374,15.374,15.374,159.5,1,e2c23.gcp.gvt2.com
10239,forms.hsforms.com,1,doh,12.812,359.17099999999994,239.8180000000005,1981.6000000089407,23,53.fs1.hubspotusercontent-na1.net;analytics.google.com;cdn2.hubspot.net;cta-service-cms2.hubspot.com;developers.hubspot.com;fonts.googleapis.com;forms.hsforms.com;hubspot.statuspage.io;js.hs-analytics.net;js.hs-banner.com;js.hsadspixel.net;js.hsforms.net;js.hubspotfeedback.com;js.usemessages.com;perf-na1.hsforms.com;static.hsappstatic.net;static2cdn.hubspot.com;stats.g.doubleclick.net;wtcfns.hubspot.com;www.google-analytics.com;www.googletagmanager.com;www.hubspot.com;www.wthubspot.com
9519,cdn.us.heap-api.com,1,doh,14.36,29.288,29.287999999999997,124.09999999403954,2,cdn.us.heap-api.com;sdk.us.heap-api.com
9406,pub-ent-usnc-08-t.trouter.teams.microsoft.com,1,doh,19.256,19.256,19.256,168.5,1,pub-ent-usnc-08-t.trouter.teams.microsoft.com
9198,gslb.sgw.shopeemobile.com,1,doh,12.99,12.99,12.99,770.2000000029802,1,gslb.sgw.shopeemobile.com
9497,client-office365-tas.msedge.net,1,doh,19.939,19.939,19.939,112.29999999701977,1,client-office365-tas.msedge.net
9488,pub-ent-usea-15-t.trouter.teams.microsoft.com,1,doh,28.122,28.122,28.122,118.20000000298023,1,pub-ent-usea-15-t.trouter.teams.microsoft.com
9506,pub-ent-usnc-10-t.trouter.teams.microsoft.com,1,doh,27.328,27.328,27.328,175.70000000298023,1,pub-ent-usnc-10-t.trouter.teams.microsoft.com
9260,tmobile.com,1,doh,13.064,380.94000000000005,290.86299999999994,1784.7000000029802,27,accdn.lpsnmedia.net;analytics.google.com;api2.branch.io;app.link;assets.adobedtm.com;cdn.branch.io;cdn.cookielaw.org;cdn.moengage.com;cdn.quantummetric.com;geolocation.onetrust.com;googletagmanager.com;ingest.quantummetric.com;ipinfo.io;lpcdn.lpsnmedia.net;lptag.liveperson.net;match.adsrvr.org;pnapi.invoca.net;rum.hlx.page;smetrics.t-mobile.com;solutions.invocacdn.com;stats.g.doubleclick.net;t-mobile.scene7.com;tmo-assets.fs.liveperson.com;tmobile.com;unpkg.com;va.v.liveperson.net;www.t-mobile.com
10044,cnam4c-inapps.appsflyersdk.com,1,doh,26.199,26.199,26.199,132.40000000596046,1,cnam4c-inapps.appsflyersdk.com
10090,dvrtr.innovid.com,1,doh,12.961,362.89099999999996,245.4580000000002,1872,26,46126064.fs1.hubspotusercontent-na1.net;888-uxn-063.mktoresp.com;acsbapp.com;analytics.google.com;api.userback.io;cdn.acsbapp.com;consent.trustarc.com;cta-service-cms2.hubspot.com;doubleverify.com;dvrtr.innovid.com;forms-na1.hsforms.com;googleads.g.doubleclick.net;js.hs-analytics.net;js.hs-banner.com;js.hsforms.net;js.hubspot.com;munchkin.marketo.net;perf-na1.hsforms.com;px.ads.linkedin.com;snap.licdn.com;static.userback.io;stats.g.doubleclick.net;www.doubleverify.com;www.google.com;www.googletagmanager.com;www.linkedin.com
9981,us-east4-production-rtb-wins.yellowblue.io,1,doh,16.31,16.31,16.31,91.6000000089407,1,us-east4-production-rtb-wins.yellowblue.io
10241,creative.stackadapt.com,1,doh,13.051,13.051,13.051,120.29999999701977,1,creative.stackadapt.com
9231,atv-ps.amazon.com,1,doh,14.098,14.098,14.098,94.70000000298023,1,atv-ps.amazon.com
9648,api.cloud.huawei.com,1,doh,12.621,12.621,12.621,384.40000000596046,1,api.cloud.huawei.com
9455,libra31-normal-alisg.tiktokv.com,1,doh,16.223,16.223,16.223,755.2000000029802,1,libra31-normal-alisg.tiktokv.com
9771,eastus2-gas.guestconfiguration.azure.com,1,doh,0.007,0.007,0.007,130.79999999701977,1,eastus2-gas.guestconfiguration.azure.com
10005,prdw-a-envproxy-use1.prd.rings.solutions,1,doh,16.292,16.292,16.292,697.7000000029802,1,prdw-a-envproxy-use1.prd.rings.solutions
9929,send-asr.acrobat.com,1,doh,14.948,14.948,14.948,150,1,send-asr.acrobat.com
10246,pull-flv-f9-sg01.tiktokcdn.com,1,doh,14.178,14.178,14.178,109.09999999403954,1,pull-flv-f9-sg01.tiktokcdn.com
9535,e2c60.gcp.gvt2.com,1,doh,13.227,13.227,13.227,183.20000000298023,1,e2c60.gcp.gvt2.com
9452,a.vidoomy.com,1,doh,14.11,14.11,14.11,503.09999999403954,1,a.vidoomy.com
9875,usea1-016.sentinelone.net,1,doh,214.369,265.598,265.59800000000007,1863.8999999910593,3,cdn.pendo.io;content.pendo.sentinelone.net;usea1-016.sentinelone.net
9672,pub-ent-usea2-16-t.trouter.teams.microsoft.com,1,doh,23.781,23.781,23.781,137.30000001192093,1,pub-ent-usea2-16-t.trouter.teams.microsoft.com
9171,sdk.mrf.io,1,doh,14.661,14.661,14.661,102.8999999910593,1,sdk.mrf.io
9366,go.mavrtracktor.com,1,doh,14.029,173.70600000000002,144.02700000000056,2663.7000000029802,11,assets.chapturist.com;assets.strpssts-ana.com;cdnjs.cloudflare.com;creative.eizzih.com;go.eizzih.com;go.mavrtracktor.com;go.stripchat.com;img.doppiocdn.net;mmp.doppiocdn.com;stripchat.com;ststandard.com
9868,imgsmail.ru,1,doh,137.261,3037.983,1494.0219999999981,8671.90000000596,55,531311.ms.dzen.ru;a-69205192-51-585-0nm12d-000.pms.mail.ru;a-69205232-51-585-0nm12d-000.pms.mail.ru;a-69205297-51-1-0nm12d-000.pms.mail.ru;a-70551511-7-575-0nm12d-000.pms.mail.ru;a-70553236-6-575-0nm12d-000.pms.mail.ru;a-70554255-6-422-0nm12d-000.pms.mail.ru;a-70554777-6-138-0nm12d-000.pms.mail.ru;a-70554874-6-1-0nm12d-000.pms.mail.ru;a-70555039-8-77-0nm12d-000.pms.mail.ru;a-70555324-6-1-0nm12d-000.pms.mail.ru;a-70555355-6-150-0nm12d-000.pms.mail.ru;a-70555431-6-1-0nm12d-000.pms.mail.ru;a.delivery.consentmanager.net;account.mail.ru;ad.mail.ru;avatars.dzeninfra.ru;avatars.mds.yandex.net;b.delivery.consentmanager.net;bs.yandex.ru;cdn.consentmanager.net;counter.yadro.ru;dzen.ru;favicon.yandex.net;home.imgsmail.ru;img.imgsmail.ru;imgs2.imgsmail.ru;imgsmail.ru;limg.imgsmail.ru;log.strm.yandex.ru;login.vk.ru;mail.ru;mc.yandex.ru;media-trend.mail.ru;ok6-11.vkuser.net;ok6-12.vkuser.net;ok6-4.vkuser.net;pogoda.imgsmail.ru;portal.mail.ru;privacy-cs.mail.ru;r.mradx.net;r3.mail.ru;rs.mail.ru;stat.radar.imgsmail.ru;static.dzeninfra.ru;sun9-17.userapi.com;top-fwz1.mail.ru;trk.mail.ru;vk.com;vkvideo.ru;www.google-analytics.com;www.googletagmanager.com;xray.mail.ru;yandex.ru;yastatic.net
9985,ms4.applvn.com,1,doh,13.137,13.137,13.137,92.30000001192093,1,ms4.applvn.com
9435,pub-ent-usea2-02-t.trouter.teams.microsoft.com,1,doh,22.546,22.546,22.546,137.20000000298023,1,pub-ent-usea2-02-t.trouter.teams.microsoft.com
9128,account.xiaomi.com,1,doh,13.889,334.592,301.2880000000001,2363.9000000059605,6,account.xiaomi.com;cdn.web-global.fds.api.mi-img.com;ssl-cdn.static.browser.mi-img.com;static-verify.sec.xiaomi.com;www.google-analytics.com;www.googletagmanager.com
9975,oss-eu-central-1.aliyuncs.com,1,doh,101.454,101.454,101.454,483.8999999910593,1,oss-eu-central-1.aliyuncs.com
9586,e2c63.gcp.gvt2.com,1,doh,16.485,16.485,16.485,1538.6000000089407,1,e2c63.gcp.gvt2.com
10054,protrafficinspector.com,1,doh,13.386,13.386,13.386,86.40000000596046,1,protrafficinspector.com
9404,mail.yandex.ru,1,doh,13.232,81.49499999999999,81.49499999999992,4771.899999991059,6,360.yandex.ru;avatars.mds.yandex.net;mail.yandex.ru;mc.yandex.ru;yandex.ru;yastatic.net
9936,login.aol.com,1,doh,14.626,1997.456,681.8779999999999,1517.2999999970198,126,3p-udc.yahoo.com;6d414b130a71504975969c5e317d1af3.safeframe.googlesyndication.com;aa.agkn.com;aax-eu.amazon-adsystem.com;ad.360yield.com;ad.turn.com;ads.avads.net;ads.pubmatic.com;ads.servenobid.com;ads.yieldmo.com;ap.lijit.com;api-ssp.spot.im;api.taboola.com;b1sync.outbrain.com;bb.lijit.com;beachfront-match.dotomi.com;bh.contextweb.com;bttrack.com;c1.adform.net;c2shb-oao.ssp.yahoo.com;cadmus.script.ac;ce.lijit.com;ced-ns.sascdn.com;cm.g.doubleclick.net;cms.analytics.yahoo.com;consent.cmp.oath.com;cpm.vistarsagency.com;crb.kargo.com;creativecdn.com;cs-server-s2s.yellowblue.io;cs.admanmedia.com;cs.media.net;csync.copper6.com;csync.loopme.me;csync.smartadserver.com;csync.smilewanted.com;de.tynt.com;dis.criteo.com;display.bidder.taboola.com;dpm.demdex.net;eb2.3lift.com;ep1.adtrafficquality.google;ep2.adtrafficquality.google;eu-west-1-cs-rtb.openwebmp.com;eus.rubiconproject.com;gpt.mail.yahoo.net;guce.aol.com;gum.aidemsrv.com;hb.trustedstack.com;hbx.media.net;hde.tynt.com;ib.adnxs.com;id.rlcdn.com;idx.liadm.com;image2.pubmatic.com;image6.pubmatic.com;image8.pubmatic.com;ittpx-us-e.eskimi.com;ittpx.eskimi.com;jadserve.postrelease.com;login.aol.com;match.adsrvr.org;match.deepintent.com;match.prod.bidr.io;match.sharethrough.com;measureadv.com;ms-cookie-sync.presage.io;onetag-sys.com;opus.analytics.yahoo.com;p.rfihub.com;pbs.yahoo.com;pippio.com;pixel-sync.sitescout.com;pixel.33across.com;pixel.tapad.com;player.aniview.com;prebid-match.dotomi.com;prebid.a-mo.net;public.servenobid.com;r.bidswitch.net;rp.liadm.com;rtb.gumgum.com;rtb.mfadsrvr.com;rtb.openx.net;s.ad.smaato.net;s.amazon-adsystem.com;s.seedtag.com;s.yimg.com;secure-assets.rubiconproject.com;securepubads.g.doubleclick.net;signal-service.pbs.yahoo.com;ssbsync.smartadserver.com;ssc-cms.33across.com;ssp-sync.criteo.com;ssum-sec.casalemedia.com;sync-tm.everesttech.net;sync.aniview.com;sync.bfmio.com;sync.dxtech.ai;sync.inmobi.com;sync.ipredictive.com;sync.pmbmonetize.live;sync.smartadserver.com;sync.srv.stackadapt.com;syncingbridge.com;t.adx.opera.com;token.rubiconproject.com;tpc.googlesyndication.com;tr.blismedia.com;tsdtocl.com;u.openx.net;uipglob.semasio.net;um.simpli.fi;ups.analytics.yahoo.com;user-sync.fwmrm.net;uss.xplosion.de;ut.pubmatic.com;visitor.omnitagjs.com;visitor.us-east4.gcp.omnitagjs.com;vop.sundaysky.com;wt.rqtrk.eu;www.google-analytics.com;www.google.com;www.googletagmanager.com;www.temu.com;x.bidswitch.net
10117,abm99nftr2sm.api.amazonvideo.com,1,doh,15.9,15.9,15.9,91.09999999403954,1,abm99nftr2sm.api.amazonvideo.com
10091,api.login.aol.com,1,doh,0.01,0.01,0.01,192.3999999910593,1,api.login.aol.com
9867,bsync22-normal-alisg.tiktokv.com,1,doh,13.788,13.788,13.788,318.59999999403954,1,bsync22-normal-alisg.tiktokv.com
10155,open.spotifycdn.com,1,doh,13.048,13.048,13.048,83.3999999910593,1,open.spotifycdn.com
9327,oppomobile.com,1,doh,17.1,33.264,33.26399999999999,2120.7999999970198,2,activity-cdo.heytapimage.com;oppomobile.com
9438,mygaru.com,1,doh,17.061,132.535,97.64100000000005,1405.5,10,ajax.googleapis.com;cdn.embedly.com;cdn.jsdelivr.net;cdn.prod.website-files.com;challenges.cloudflare.com;d3e54v103j8qbb.cloudfront.net;fonts.googleapis.com;fonts.gstatic.com;mygaru.com;player.vimeo.com
9723,iteratehq.com,1,doh,15.003,186.764,102.50699999999989,1924.2999999970198,14,assets.calendly.com;cdn.jsdelivr.net;cdn.ravenjs.com;code.jquery.com;googleads.g.doubleclick.net;iteratehq.com;js.appboycdn.com;p.typekit.net;use.fontawesome.com;use.typekit.net;widget.intercom.io;www.google-analytics.com;www.google.com;www.googletagmanager.com
9159,mavrtracktor.com,1,doh,18.483,18.483,18.483,394,1,mavrtracktor.com
9836,sinker-t-usw2.s3.us-west-2.amazonaws.com,1,doh,18.154,18.154,18.154,337.09999999403954,1,sinker-t-usw2.s3.us-west-2.amazonaws.com
9397,dramaboxdb.com,1,doh,27.692,190.065,178.30699999999933,4125.70000000298,8,accounts.google.com;asc.dramaboxdb.com;dramaboxdb.com;log.dramaboxdb.com;thwztchapter.dramaboxdb.com;www.dramaboxdb.com;www.google-analytics.com;www.googletagmanager.com
9298,parastorage.com,1,doh,16.354,43.143,43.143,529.4000000059605,3,parastorage.com;static.parastorage.com;www.wix.com
9336,powerplatform.com,1,doh,19.054,595.2069999999999,502.8180000000019,3144.9000000059605,45,a.tribalfusion.com;accdn-vip.lpsnmedia.net;analytics.twitter.com;assets.adobedtm.com;browser.events.data.microsoft.com;bttrack.com;c.bing.com;c.s-microsoft.com;cdn-dynmedia-1.microsoft.com;cm.everesttech.net;cm.g.doubleclick.net;cms.analytics.yahoo.com;cms.quantserve.com;dpm.demdex.net;ds.reson8.com;edge.adobedc.net;ib.adnxs.com;idpix.media6degrees.com;idsync.rlcdn.com;jadserve.postrelease.com;js.monitor.azure.com;login.live.com;login.microsoftonline.com;lptag.liveperson.net;match.adsrvr.org;mscom.demdex.net;msftenterprise.sc.omtrdc.net;play.vidyard.com;powerplatform.com;publisher.liveperson.net;px.owneriq.net;rtd-tm.everesttech.net;rtd.tubemogul.com;rum.hlx.page;s.clarity.ms;s7d2.scene7.com;scripts.clarity.ms;servedby.flashtalking.com;static-assets.fs.liveperson.com;target.microsoft.com;uhf.microsoft.com;ups.analytics.yahoo.com;wcpstatic.microsoft.com;www.clarity.ms;www.microsoft.com
9937,sf16-teko.tiktokcdn-eu.com,1,doh,15.764,15.764,15.764,873.1000000089407,1,sf16-teko.tiktokcdn-eu.com
9551,zillow.com,1,doh,14.245,137.454,115.05100000000019,871.2999999970198,11,client.px-cloud.net;collector-pxhyx10rg3.px-client.net;collector-pxhyx10rg3.px-cloud.net;crcldu.com;fonts.googleapis.com;fonts.gstatic.com;fst-ec.perimeterx.net;tzm.px-cloud.net;www.zillow.com;www.zillowstatic.com;zillow.com
9222,www.googleoptimize.com,1,doh,0.0,13.297,13.296999999999997,229.5,1,www.google.com
9224,image.roku.com,1,doh,12.877,12.877,12.877,105.90000000596046,1,image.roku.com
9654,pub-ent-uswe-09-t.trouter.teams.microsoft.com,1,doh,25.069,25.069,25.069,358.5,1,pub-ent-uswe-09-t.trouter.teams.microsoft.com
10097,conf.letsmessagenow.com,1,doh,11.969,11.969,11.969,284.8999999910593,1,conf.letsmessagenow.com
10160,pubeasy.io,1,doh,16.412,52.368,29.676999999999985,4676.4000000059605,4,cdn.tailwindcss.com;is1-ssl.mzstatic.com;play-lh.googleusercontent.com;pubeasy.io
9500,pub-ent-usnc-03-t.trouter.teams.microsoft.com,1,doh,15.825,15.825,15.825,164.70000000298023,1,pub-ent-usnc-03-t.trouter.teams.microsoft.com
10171,evidence.com,1,doh,25.037,25.037,25.037,990,1,evidence.com
9696,pub-ent-ussc-08-t.trouter.teams.microsoft.com,1,doh,14.18,14.18,14.18,248,1,pub-ent-ussc-08-t.trouter.teams.microsoft.com
9197,t.mookie1.com,1,doh,12.732,12.732,12.732,98.40000000596046,1,t.mookie1.com
10159,whatfix.com,1,doh,17.602,161.32599999999996,87.22499999999994,1253,9,cdn.jsdelivr.net;dev.visualwebsiteoptimizer.com;fast.wistia.com;go.whatfix.com;r3.visualwebsiteoptimizer.com;storage.pardot.com;website.whatfix.com;whatfix.com;whatfix.wistia.com
9841,pub-ent-ussc-05-t.trouter.teams.microsoft.com,1,doh,22.342,22.342,22.342,271.20000000298023,1,pub-ent-ussc-05-t.trouter.teams.microsoft.com
9890,axon-v1.adobess.com,1,doh,15.673,15.673,15.673,86.80000001192093,1,axon-v1.adobess.com
9179,img2.hulu.com,1,doh,13.373,13.373,13.373,86.20000000298023,1,img2.hulu.com
9968,yield-manager.browsiprod.com,1,doh,17.696,17.696,17.696,161.5,1,yield-manager.browsiprod.com
9529,e2c10.gcp.gvt2.com,1,doh,17.008,17.008,17.008,5519,1,e2c10.gcp.gvt2.com
9725,e2c44.gcp.gvt2.com,1,doh,13.999,13.999,13.999,369.40000000596046,1,e2c44.gcp.gvt2.com
9325,serviceupdates.frameo.net,1,doh,13.439,13.439,13.439,114.8999999910593,1,serviceupdates.frameo.net
9649,e2c41.gcp.gvt2.com,1,doh,14.39,14.39,14.39,314.29999999701977,1,e2c41.gcp.gvt2.com
9581,e2c43.gcp.gvt2.com,1,doh,13.956,13.956,13.956,349.79999999701977,1,e2c43.gcp.gvt2.com
9342,applepay.cdn-apple.com,1,doh,16.166,16.166,16.166,89.40000000596046,1,applepay.cdn-apple.com
10224,jupiter.intl.sys.miui.com,1,doh,15.549,15.549,15.549,1000.3999999910593,1,jupiter.intl.sys.miui.com
10131,fandom.com,1,doh,13.104,27.017,27.01700000000001,399.8850000053644,2,challenges.cloudflare.com;fandom.com
9230,agentsn.msua02.manage.microsoft.com,1,doh,27.302,27.302,27.302,128.20000000298023,1,agentsn.msua02.manage.microsoft.com
9494,svr.smartcloudcon.com,1,doh,19.326,19.326,19.326,88.1000000089407,1,svr.smartcloudcon.com
9958,prod.ivs-device-config.live-video.net,1,doh,13.636,13.636,13.636,336.90000000596046,1,prod.ivs-device-config.live-video.net
10081,queue-it.net,1,doh,29.134,155.13299999999998,138.59699999999998,1019.8999999910593,7,consent.cookiebot.com;consentcdn.cookiebot.com;fonts.googleapis.com;fonts.gstatic.com;queue-it.com;queue-it.net;www.googletagmanager.com
9679,pvca-samsung-0.api.amazonvideo.com,1,doh,12.337,12.337,12.337,85.09999999403954,1,pvca-samsung-0.api.amazonvideo.com
9667,e2c51.gcp.gvt2.com,1,doh,17.555,17.555,17.555,400.20000000298023,1,e2c51.gcp.gvt2.com
9604,pix.adrta.com,1,doh,14.195,14.195,14.195,85.79999999701977,1,pix.adrta.com
9412,api-safari-ause1a.smoot.apple.com,1,doh,12.855,12.855,12.855,86.70000000298023,1,api-safari-ause1a.smoot.apple.com
9959,pbs-raptive-us.ay.delivery,1,doh,16.923,16.923,16.923,283.29999999701977,1,pbs-raptive-us.ay.delivery
10236,searchlite-pa.googleapis.com,1,doh,0.0,12.401,12.400999999999996,148.6000000089407,1,www.google.com
9205,t.me,1,doh,14.303,27.569000000000003,27.568999999999964,2429.5,2,t.me;telegram.org
9383,static.chasecdn.com,1,doh,13.749,13.749,13.749,182.40000000596046,1,static.chasecdn.com
9834,api.osano.com,1,doh,21.083,21.083,21.083,89.40000000596046,1,api.osano.com
9677,pub-ent-usea2-09-t.trouter.teams.microsoft.com,1,doh,23.72,23.72,23.72,132.80000001192093,1,pub-ent-usea2-09-t.trouter.teams.microsoft.com
9776,tag.simpli.fi,1,doh,16.753,16.753,16.753,110.40000000596046,1,tag.simpli.fi
10134,servicer.mgid.com,1,doh,14.485,14.485,14.485,96.20000000298023,1,servicer.mgid.com
9623,tsdtocl.com,1,doh,12.199,12.199,12.199,87.8999999910593,1,tsdtocl.com
9449,tr-eop-mira.office.com,1,doh,14.169,57.951,57.951000000000036,1110.9000000059605,4,aadcdn.msauth.net;login.microsoftonline.com;res.public.onecdn.static.microsoft;tr-eop-mira.office.com
9273,outlook-sdf.office.com,1,doh,68.196,173.975,173.975,479.5,6,aadcdn.msauth.net;login.live.com;login.microsoftonline.com;outlook-sdf.office.com;res.df.onecdn.static.microsoft;sdf.outlook.cloud.microsoft
9270,tr-ooc-fs.office.com,1,doh,16.991,56.434,56.43400000000004,802.4000000059605,4,aadcdn.msftauth.net;login.microsoftonline.com;res.public.onecdn.static.microsoft;tr-ooc-fs.office.com
9307,us.rdx2.nextlgsdp.com,1,doh,16.772,16.772,16.772,586.3999999910593,1,us.rdx2.nextlgsdp.com
10141,wmff.warnermediacdn.com,1,doh,13.74,13.74,13.74,158.90000000596046,1,wmff.warnermediacdn.com
10113,statsf-tm.everesttech.net,1,doh,22.552,22.552,22.552,89.3999999910593,1,statsf-tm.everesttech.net
9375,ios.bugly.qq.com,1,doh,14.611,14.611,14.611,742.6000000089407,1,ios.bugly.qq.com
9903,upsx.weather.com,1,doh,12.769,12.769,12.769,89.29999999701977,1,upsx.weather.com
9733,accounts-dsauthweb.cloud.com,1,doh,31.946,31.946,31.946,107.40000000596046,1,accounts-dsauthweb.cloud.com
9436,events.browsiprod.com,1,doh,13.071,13.071,13.071,308.70000000298023,1,events.browsiprod.com
10074,ht-cdn2.adtng.com,1,doh,15.542,15.542,15.542,390.40000000596046,1,ht-cdn2.adtng.com
9425,bid.contextweb.com,1,doh,15.478,15.478,15.478,89.59999999403954,1,bid.contextweb.com
10161,auth.wikimedia.org,1,doh,14.355,14.355,14.355,251.5,1,auth.wikimedia.org
9988,pb-ing-02.ccgateway.net,1,doh,16.207,16.207,16.207,287.70000000298023,1,pb-ing-02.ccgateway.net
9686,r.skimresources.com,1,doh,12.703,12.703,12.703,97.5,1,r.skimresources.com
9889,rm.aarki.net,1,doh,17.099,17.099,17.099,293.70000000298023,1,rm.aarki.net
9382,accounts.cloud.com,1,doh,15.781,15.781,15.781,96.59999999403954,1,accounts.cloud.com
9945,beacon.sojern.com,1,doh,17.175,17.175,17.175,100.70000000298023,1,beacon.sojern.com
9157,pull-flv-f77-sg01.tiktokcdn-us.com,1,doh,23.951,23.951,23.951,88.5,1,pull-flv-f77-sg01.tiktokcdn-us.com
9169,tr-common-mira.office.com,1,doh,18.232,67.54299999999999,67.54299999999998,546.2999999970198,4,aadcdn.msftauth.net;login.microsoftonline.com;res.public.onecdn.static.microsoft;tr-common-mira.office.com
9403,us.storage.endpoint.ingress.rapid7.com,1,doh,14.627,14.627,14.627,187.70000000298023,1,us.storage.endpoint.ingress.rapid7.com
10185,mgln.ai,1,doh,19.77,368.838,204.22400000000027,2239.1000000089407,23,ajax.googleapis.com;cdn.mgln-stage.ai;cdn.prod.website-files.com;content.verasafe.com;d3e54v103j8qbb.cloudfront.net;fonts.googleapis.com;fonts.gstatic.com;forms-na1.hsforms.com;forms.hsforms.com;js.hs-analytics.net;js.hs-banner.com;js.hs-scripts.com;js.hsadspixel.net;js.hscollectedforms.net;js.hsforms.net;js.hubspot.com;magellan-8272841.hs-sites.com;mgln.ai;perf-na1.hsforms.com;pixel.tapad.com;www.google-analytics.com;www.googletagmanager.com;www.magellan.ai
9297,sf19-teko.tiktokcdn.com,1,doh,13.32,13.32,13.32,86.30000001192093,1,sf19-teko.tiktokcdn.com
9561,taboola-d.openx.net,1,doh,12.678,12.678,12.678,100.40000000596046,1,taboola-d.openx.net
9873,pretty-fly4.com,1,doh,24.779,24.779,24.779,437.8999999910593,1,pretty-fly4.com
9962,bluecore.com,1,doh,19.871,547.855,309.1540000000004,3862.7000000029802,37,527-fsf-769.mktoresp.com;analytics.google.com;api.bluecore.com;api.hubapi.com;bat.bing.com;bluecore.com;boards.greenhouse.io;cdn.bizible.com;cdn.bizibly.com;cdn.cookielaw.org;cdn.jsdelivr.net;cookiesstaging.blob.core.windows.net;epsilon.6sense.com;fonts.googleapis.com;fonts.gstatic.com;geolocation.onetrust.com;googleads.g.doubleclick.net;ipv6.6sc.co;j.6sc.co;js.hs-analytics.net;js.hs-banner.com;js.hs-scripts.com;js.hsadspixel.net;js.hscollectedforms.net;js.hubspot.com;munchkin.marketo.net;perf-na1.hsforms.com;px.ads.linkedin.com;secure.adnxs.com;snap.licdn.com;stats.g.doubleclick.net;track.hubspot.com;tracking-api.g2.com;tracking.g2crowd.com;www.google.com;www.googletagmanager.com;www.linkedin.com
9744,tk.amazon-adsystem.com,1,doh,14.196,14.196,14.196,94.40000000596046,1,tk.amazon-adsystem.com
9640,e2c62.gcp.gvt2.com,1,doh,15.932,15.932,15.932,604.0999999940395,1,e2c62.gcp.gvt2.com
9142,skycommands.webrootcloudav.com,1,doh,18.589,18.589,18.589,342.1000000089407,1,skycommands.webrootcloudav.com
9504,e2c42.gcp.gvt2.com,1,doh,14.009,14.009,14.009,333.70000000298023,1,e2c42.gcp.gvt2.com
9271,vast.extremereach.io,1,doh,12.831,12.831,12.831,86.29999999701977,1,vast.extremereach.io
9483,adserver.pandora.com,1,doh,13.966,13.966,13.966,381.6000000089407,1,adserver.pandora.com
9283,meetings.clients6.google.com,1,doh,0.0,12.508,12.50800000000001,222.90000000596046,1,www.google.com
9302,api-safari-ause1b.smoot.apple.com,1,doh,18.887,18.887,18.887,88.8999999910593,1,api-safari-ause1b.smoot.apple.com
10209,u2c-a.wbx2.com,1,doh,37.166,37.166,37.166,191.5,1,u2c-a.wbx2.com
10143,yieldlab.net,1,doh,17.499,17.499,17.499,371,1,yieldlab.net
9646,cdn.contentful.com,1,doh,15.19,15.19,15.19,109.70000000298023,1,cdn.contentful.com
9727,etrade.com,1,doh,14.549,639.413,480.7349999999994,2663.5,43,10086.global.siteimproveanalytics.io;4601119.fls.doubleclick.net;ad.doubleclick.net;adobedc.demdex.net;adservice.google.com;alb.reddit.com;analytics.twitter.com;api.glia.com;assets.adobedtm.com;bat.bing.com;beacon.lynx.cognitivlabs.com;c.amazon-adsystem.com;c.evidon.com;c.la1-c1cs-ph2.salesforceliveagent.com;c.pmsrv.co;cdn2.etrade.net;connect.facebook.net;d34r8q7sht0t9k.cloudfront.net;dpm.demdex.net;etrade.com;googleads.g.doubleclick.net;idsync.rlcdn.com;ipv4.podscribe.com;l.evidon.com;pixel-config.reddit.com;px.adentifi.com;px.ads.linkedin.com;s.amazon-adsystem.com;s.pinimg.com;s.yimg.com;siteimproveanalytics.com;smetrics.morganstanley.com;snap.licdn.com;sp.analytics.yahoo.com;static.ads-twitter.com;t.co;us.etrade.com;verifi.podscribe.com;www.google.com;www.googleadservices.com;www.googletagmanager.com;www.linkedin.com;www.redditstatic.com
9194,googleoptimize.com,1,doh,0.0,11.952,11.951999999999998,237.6000000089407,1,www.google.com
9164,wcpstatic.microsoft.com,1,doh,14.12,14.12,14.12,414.8999999910593,1,wcpstatic.microsoft.com
10188,remote-config.gslb.sgw.shopeemobile.com,1,doh,15.922,15.922,15.922,768.5999999940395,1,remote-config.gslb.sgw.shopeemobile.com
10261,eastus1-5.pushnp.svc.ms,1,doh,17.885,17.885,17.885,114.70000000298023,1,eastus1-5.pushnp.svc.ms
9371,ws.zoominfo.com,1,doh,13.85,13.85,13.85,312.09999999403954,1,ws.zoominfo.com
10218,www.adsensecustomsearchads.com,1,doh,0.0,14.27,14.27000000000001,287.20000000298023,1,www.google.com
10166,locus-r.wbx2.com,1,doh,16.799,16.799,16.799,399.90000000596046,1,locus-r.wbx2.com
10226,www.pornhub.com,1,doh,14.293,124.027,86.65100000000007,2485.0999999940395,11,analytics.google.com;cdn1-smallimg.phncdn.com;ei.phncdn.com;i.pornhub.com;media.trafficjunky.net;pix-cdn77.phncdn.com;pix-fl.phncdn.com;static.trafficjunky.com;stats.g.doubleclick.net;www.googletagmanager.com;www.pornhub.com
9462,pub-ent-ussc-12-t.trouter.teams.microsoft.com,1,doh,15.739,15.739,15.739,254.1000000089407,1,pub-ent-ussc-12-t.trouter.teams.microsoft.com
9642,e2c57.gcp.gvt2.com,1,doh,24.074,24.074,24.074,395.5,1,e2c57.gcp.gvt2.com
9473,mediation-gab-normal-sg.capcutapi.com,1,doh,19.435,19.435,19.435,833.8999999910593,1,mediation-gab-normal-sg.capcutapi.com
9225,mediacloud.xiaohongshu.com,1,doh,16.896,16.896,16.896,374.3999999910593,1,mediacloud.xiaohongshu.com
9308,collector.xhamster.com,1,doh,17.029,17.029,17.029,540.1000000089407,1,collector.xhamster.com
9163,title.auth.xboxlive.com,1,doh,20.264,20.264,20.264,139.29999999701977,1,title.auth.xboxlive.com
10106,intunemaape3.cus.attest.azure.net,1,doh,20.386,20.386,20.386,196.40000000596046,1,intunemaape3.cus.attest.azure.net
9125,adclick.g.doubleclick.net,1,doh,0.0,12.945,12.944999999999993,152.6000000089407,1,www.google.com
9564,tr-ecs-mira.office.com,1,doh,23.197,80.53099999999999,80.53100000000015,875.1999999880791,4,aadcdn.msauth.net;login.microsoftonline.com;res.public.onecdn.static.microsoft;tr-ecs-mira.office.com
9735,cdn.heapanalytics.com,1,doh,13.654,13.654,13.654,111.20000000298023,1,cdn.heapanalytics.com
9605,e2c77.gcp.gvt2.com,1,doh,15.749,15.749,15.749,685.9000000059605,1,e2c77.gcp.gvt2.com
9688,log.api.zaloapp.com,1,doh,1010.281,1010.281,1010.281,1819.2000000029802,1,log.api.zaloapp.com
10019,pull-flv-l77-tt01.tiktokcdn.com,1,doh,15.145,15.145,15.145,78.59999999403954,1,pull-flv-l77-tt01.tiktokcdn.com
10227,pull-flv-f77-tt02.tiktokcdn.com,1,doh,24.759,24.759,24.759,95.20000000298023,1,pull-flv-f77-tt02.tiktokcdn.com
9878,grey.erne.co,1,doh,14.671,14.671,14.671,293.70000000298023,1,grey.erne.co
9947,sync-sc-main-was.aniview.com,1,doh,15.948,15.948,15.948,90.09999999403954,1,sync-sc-main-was.aniview.com
9695,pub-ent-usea2-14-t.trouter.teams.microsoft.com,1,doh,28.156,28.156,28.156,138.70000000298023,1,pub-ent-usea2-14-t.trouter.teams.microsoft.com
9120,www.etsy.com,1,doh,17.789,60.13,60.12999999999997,425.8999999910593,4,ct.captcha-delivery.com;geo.captcha-delivery.com;static.captcha-delivery.com;www.etsy.com
9910,pull-flv-w11-sg01.tiktokcdn.com,1,doh,14.809,14.809,14.809,352.90000000596046,1,pull-flv-w11-sg01.tiktokcdn.com
9527,image.api.playstation.com,1,doh,16.672,16.672,16.672,566.8999999910593,1,image.api.playstation.com
9461,e2c55.gcp.gvt2.com,1,doh,14.232,14.232,14.232,511.70000000298023,1,e2c55.gcp.gvt2.com
10107,vivo.com.cn,1,doh,16.918,3263.204,1501.4879999999998,5866.20000000298,9,asia-exstatic.vivoglobal.com;cn-exstatic-vivofs.iqoo.com;portalstatic-cn.vivo.com;sentinelapi.vivo.com.cn;stpc.vivo.com.cn;vivo.com.cn;www.vivo.com;www.vivo.com.cn;wwwresstatic.vivo.com.cn
9931,eh.vk.com,1,doh,15.453,15.453,15.453,439.20000000298023,1,eh.vk.com
9281,zillowstatic.com,1,doh,15.718,15.718,15.718,218.5,1,zillowstatic.com
10032,photos.zillowstatic.com,1,doh,16.624,16.624,16.624,102.59999999403954,1,photos.zillowstatic.com
9150,sync.aralego.com,1,doh,13.04,13.04,13.04,780,1,sync.aralego.com
9707,gsp-ssl-commute.ls.apple.com,1,doh,22.184,22.184,22.184,109.79999999701977,1,gsp-ssl-commute.ls.apple.com
9987,avs-alexa-19-na.amazon.com,1,doh,15.017,15.017,15.017,132.90000000596046,1,avs-alexa-19-na.amazon.com
9657,metrics-dra.dt.dbankcloud.com,1,doh,14.773,14.773,14.773,763.7999999970198,1,metrics-dra.dt.dbankcloud.com
9490,e2c64.gcp.gvt2.com,1,doh,15.655,15.655,15.655,109.5,1,e2c64.gcp.gvt2.com
9359,samizdat-graphql.nytimes.com,1,doh,16.008,16.008,16.008,90.29999999701977,1,samizdat-graphql.nytimes.com
9341,bisrtb.vidazoo.com,1,doh,15.119,15.119,15.119,109.5,1,bisrtb.vidazoo.com
10181,device-configuration-r.wbx2.com,1,doh,14.568,14.568,14.568,406,1,device-configuration-r.wbx2.com
9122,connect.epicgames.dev,1,doh,15.335,15.335,15.335,89,1,connect.epicgames.dev
9177,rc.conviva.com,1,doh,14.186,14.186,14.186,93.59999999403954,1,rc.conviva.com
9331,us.uniflowonline.com,1,doh,16.578,16.578,16.578,191.29999999701977,1,us.uniflowonline.com
10237,o1407395.ingest.sentry.io,1,doh,17.544,17.544,17.544,201.1000000089407,1,o1407395.ingest.sentry.io
10231,board-r.wbx2.com,1,doh,43.814,43.814,43.814,432.1000000089407,1,board-r.wbx2.com
9795,pub-ent-ussc-18-t.trouter.teams.microsoft.com,1,doh,22.482,22.482,22.482,256.59999999403954,1,pub-ent-ussc-18-t.trouter.teams.microsoft.com
9418,appgw.conviva.com,1,doh,16.726,16.726,16.726,196.3999999910593,1,appgw.conviva.com
10168,aic.cdpsvc.lgtvcommon.com,1,doh,13.34,13.34,13.34,351.59999999403954,1,aic.cdpsvc.lgtvcommon.com
9734,prod.euid.eu,1,doh,17.353,17.353,17.353,309.09999999403954,1,prod.euid.eu
9422,pub-ent-usea-01-t.trouter.teams.microsoft.com,1,doh,14.937,14.937,14.937,115.59999999403954,1,pub-ent-usea-01-t.trouter.teams.microsoft.com
9862,api.paypal.com,1,doh,0.012,0.012,0.012,254.29999999701977,1,api.paypal.com
10268,api-spotlight-ause2a.smoot.apple.com,1,doh,15.753,15.753,15.753,139.19999998807907,1,api-spotlight-ause2a.smoot.apple.com
9329,smetrics.costco.com,1,doh,15.599,15.599,15.599,85.80000001192093,1,smetrics.costco.com
9250,api.tnapplications.com,1,doh,14.899,14.899,14.899,90.20000000298023,1,api.tnapplications.com
10222,ad.yieldlab.net,1,doh,19.853,19.853,19.853,185.20000000298023,1,ad.yieldlab.net
9574,passport.yandex.ru,1,doh,10.86,209.17699999999996,182.18500000000017,5339.100000008941,8,adfstat.yandex.ru;captcha-backgrounds.s3.yandex.net;cdnrhkgfkkpupuotntfj.svc.cdn.yandex.net;id.yandex.ru;mc.yandex.ru;passport.yandex.ru;yandex.ru;yastatic.net
10083,um4.eqads.com,1,doh,22.974,22.974,22.974,84.59999999403954,1,um4.eqads.com
9806,usersync.getpublica.com,1,doh,16.006,16.006,16.006,91.59999999403954,1,usersync.getpublica.com
10125,www.yammer.com,1,doh,15.479,96.89200000000001,72.0349999999999,488.70000000298023,5,aadcdn.msauth.net;login.live.com;login.microsoftonline.com;outlook-1.cdn.office.net;www.yammer.com
9635,pub-ent-ussc-13-t.trouter.teams.microsoft.com,1,doh,24.514,24.514,24.514,277.69999998807907,1,pub-ent-ussc-13-t.trouter.teams.microsoft.com
10154,xapi.ozon.ru,1,doh,15.343,15.343,15.343,492.3999999910593,1,xapi.ozon.ru
9803,collector-pxu6b0qd2s.px-cloud.net,1,doh,14.753,14.753,14.753,109.70000000298023,1,collector-pxu6b0qd2s.px-cloud.net
10095,ad.twinrdengine.com,1,doh,13.746,13.746,13.746,122.40000000596046,1,ad.twinrdengine.com
9350,a3s5bh2hu6vayf.us-east-1.prod.service.minerva.devices.a2z.com,1,doh,15.229,15.229,15.229,158.20000000298023,1,a3s5bh2hu6vayf.us-east-1.prod.service.minerva.devices.a2z.com
9502,e2c49.gcp.gvt2.com,1,doh,14.568,14.568,14.568,3665.4000000059605,1,e2c49.gcp.gvt2.com
9419,www.xvideos.com,1,doh,14.886,95.08599999999998,95.08600000000015,1207.300000011921,6,a.orbsrv.com;assets-cdn77.xvideos-cdn.com;s.orbsrv.com;thumbs-gcore.xvideos-cdn.com;www.xvideos.com;z6v2p9a8.bkcdn.net
10182,asus.com,1,doh,21.611,205.285,180.94200000000012,2106.0999999940395,12,apps.bazaarvoice.com;asus-brand-assistant.asus.com;asus.com;c.go-mpulse.net;cdn.fonts.net;csapi.asus.com;dlcdnimgs.asus.com;network-a.bazaarvoice.com;odinapi.asus.com;s.go-mpulse.net;www.asus.com;www.googletagmanager.com
9257,ccext-static.adobecces.com,1,doh,36.644,36.644,36.644,118.8999999910593,1,ccext-static.adobecces.com
9712,pub-ent-usea2-04-t.trouter.teams.microsoft.com,1,doh,22.375,22.375,22.375,126.40000000596046,1,pub-ent-usea2-04-t.trouter.teams.microsoft.com
9146,net.mtgglobals.com,1,doh,14.026,14.026,14.026,94.90000000596046,1,net.mtgglobals.com
9719,pub-ent-usea2-13-t.trouter.teams.microsoft.com,1,doh,21.511,21.511,21.511,129.59999999403954,1,pub-ent-usea2-13-t.trouter.teams.microsoft.com
9645,e2c83.gcp.gvt2.com,1,doh,13.979,13.979,13.979,29852.89999999106,1,e2c83.gcp.gvt2.com
9132,cdn.mxpnl.com,1,doh,13.93,13.93,13.93,151.8999999910593,1,cdn.mxpnl.com
9853,ouraring.com,1,doh,15.138,265.54800000000006,200.9779999999989,2131.4000000059605,17,api.amplitude.com;api.segment.io;cdn.amplitude.com;cdn.cookielaw.org;cdn.noibu.com;cdn.segment.com;cdn1.affirm.com;d2o9p5vky89u4e.cloudfront.net;decagon.ai;features.affirm.com;geolocation.onetrust.com;getrockerbox.com;o94626.ingest.us.sentry.io;ourahealth.imgix.net;ouraring.com;ouraringconfig.com;rb1g93ne.ouraring.com
10173,res.wx.qq.com,1,doh,16.043,16.043,16.043,333.1000000089407,1,res.wx.qq.com
9103,developer.api.autodesk.com,1,doh,33.241,33.241,33.241,123.1000000089407,1,developer.api.autodesk.com
9442,stats-collector.zdoiodhtqahjizqq.net,1,doh,14.453,14.453,14.453,186,1,stats-collector.zdoiodhtqahjizqq.net
9822,configure.rayjump.com,1,doh,62.114,62.114,62.114,169,1,configure.rayjump.com
9845,eventstreamappsgw.prod.gws.ring.amazon.dev,1,doh,14.618,14.618,14.618,84.29999999701977,1,eventstreamappsgw.prod.gws.ring.amazon.dev
10164,use3-sync.a-mo.net,1,doh,14.197,14.197,14.197,81.69999998807907,1,use3-sync.a-mo.net
9380,prd-api-us.prd.rings.solutions,1,doh,15.602,15.602,15.602,87.5,1,prd-api-us.prd.rings.solutions
9570,pub-ent-uswe-10-t.trouter.teams.microsoft.com,1,doh,14.905,14.905,14.905,342.29999999701977,1,pub-ent-uswe-10-t.trouter.teams.microsoft.com
9978,bluebook.app.collegeboard.org,1,doh,16.736,133.072,103.80700000000012,1315.6000000089407,7,athena.collegeboard.org;atlas.collegeboard.org;bluebook.app.collegeboard.org;cdn.cookielaw.org;dta.collegeboard.org;geolocation.onetrust.com;kiwi.collegeboard.org
9192,cdn.zimperium.com,1,doh,15.393,15.393,15.393,149.59999999403954,1,cdn.zimperium.com
9441,e2c3.gcp.gvt2.com,1,doh,14.702,14.702,14.702,2548.5999999940395,1,e2c3.gcp.gvt2.com
10068,rgepodownload.mediatek.com,1,doh,14.198,14.198,14.198,586.2000000029802,1,rgepodownload.mediatek.com
9431,cloud.lakesidesoftware.com,1,doh,23.444,103.632,70.27200000000003,1192.5,6,cdn.jsdelivr.net;cdn.pendo.io;cloud.lakesidesoftware.com;fonts.googleapis.com;fonts.gstatic.com;kit.fontawesome.com
9211,www.t-mobile.com,1,doh,13.72,394.259,275.50099999999975,1430.5,26,accdn.lpsnmedia.net;analytics.google.com;api2.branch.io;app.link;assets.adobedtm.com;cdn.branch.io;cdn.cookielaw.org;cdn.moengage.com;cdn.quantummetric.com;geolocation.onetrust.com;googletagmanager.com;ingest.quantummetric.com;ipinfo.io;lpcdn.lpsnmedia.net;lptag.liveperson.net;match.adsrvr.org;pnapi.invoca.net;rum.hlx.page;smetrics.t-mobile.com;solutions.invocacdn.com;stats.g.doubleclick.net;t-mobile.scene7.com;tmo-assets.fs.liveperson.com;unpkg.com;va.v.liveperson.net;www.t-mobile.com
9378,sentry.insops.net,1,doh,26.362,26.362,26.362,1452.5,1,sentry.insops.net
9784,pub-ent-uswe-13-t.trouter.teams.microsoft.com,1,doh,17.964,17.964,17.964,345.90000000596046,1,pub-ent-uswe-13-t.trouter.teams.microsoft.com
10244,et.w.inmobi.com,1,doh,23.293,23.293,23.293,110.79999999701977,1,et.w.inmobi.com
9345,cdn.lijit.com,1,doh,14.351,14.351,14.351,130.59999999403954,1,cdn.lijit.com
10266,s2.adform.net,1,doh,15.445,30.168,30.168,412.40000000596046,2,s2.adform.net;track.adform.net
9184,rm-script.dotmetrics.net,1,doh,15.04,15.04,15.04,337.30000001192093,1,rm-script.dotmetrics.net
9292,pull-flv-l77-tt04.tiktokcdn.com,1,doh,13.352,13.352,13.352,77.20000000298023,1,pull-flv-l77-tt04.tiktokcdn.com
9210,gtglobal.intl.miui.com,1,doh,14.524,14.524,14.524,773.7000000029802,1,gtglobal.intl.miui.com
9459,pub-ent-usea-16-t.trouter.teams.microsoft.com,1,doh,16.818,16.818,16.818,110.70000000298023,1,pub-ent-usea-16-t.trouter.teams.microsoft.com
9597,pub-ent-usnc-11-t.trouter.teams.microsoft.com,1,doh,24.538,24.538,24.538,173.29999999701977,1,pub-ent-usnc-11-t.trouter.teams.microsoft.com
9567,aichouphaugn.com,1,doh,16.467,16.467,16.467,290.90000000596046,1,aichouphaugn.com
9480,q.adrta.com,1,doh,14.033,14.033,14.033,85.30000001192093,1,q.adrta.com
9423,pub-ent-usnc-06-t.trouter.teams.microsoft.com,1,doh,23.069,23.069,23.069,174,1,pub-ent-usnc-06-t.trouter.teams.microsoft.com
9940,fireoscaptiveportal.com,1,doh,14.812,14.812,14.812,85.40000000596046,1,fireoscaptiveportal.com
9780,files.acrobat.com,1,doh,14.671,280.489,251.27600000000058,2264,20,acrobat.adobe.com;acroipm2.adobe.com;adobeid-na1.services.adobe.com;assets.adobedtm.com;auth-light.identity.adobe.com;auth.services.adobe.com;client.messaging.adobe.com;cloud.acrobat.com;dcs.adobedc.net;documentcloud.adobe.com;files.acrobat.com;ims-na1.adobelogin.com;o4505393339695104.ingest.us.sentry.io;p.typekit.net;prod.adobeccstatic.com;server.messaging.adobe.com;shared-components.adobe.com;sstats.adobe.com;use.typekit.net;widget.uservoice.com
9212,cisco-my.sharepoint.com,1,doh,15.485,70.763,57.34199999999991,1100.7999999970198,5,aadcdn.msauth.net;aadcdn.msauthimages.net;cisco-my.sharepoint.com;login.live.com;login.microsoftonline.com
9426,cdn.adnxs.com,1,doh,14.991,14.991,14.991,93.6000000089407,1,cdn.adnxs.com
9960,studio.youtube.com,1,doh,0.0,12.102,12.101999999999975,494.20000000298023,1,ssl.gstatic.com
10140,lacnic.net,1,doh,16.929,642.952,441.6730000000001,4789.79999999702,27,analytics.google.com;api.olark.com;apievt.lacnic.net;blog.lacnic.net;cdn.amcharts.com;connect.facebook.net;fonts.googleapis.com;fonts.gstatic.com;github.com;googleads.g.doubleclick.net;ipapi.co;knrpc.olark.com;lacnic.net;px.ads.linkedin.com;rdap.lacnic.net;release-assets.githubusercontent.com;snap.licdn.com;stat.ripe.net;static.hotjar.com;static.olark.com;stats.g.doubleclick.net;webmeasurements.net;www.google.com;www.googletagmanager.com;www.gstatic.com;www.lacnic.net;www.linkedin.com
10187,mcs-sg.tiktokv.com,1,doh,15.357,15.357,15.357,383.29999999701977,1,mcs-sg.tiktokv.com
9337,analytics-ingestion-v3.main-production-custom.production.k8s.tubi.io,1,doh,17.677,17.677,17.677,312.5,1,analytics-ingestion-v3.main-production-custom.production.k8s.tubi.io
9995,usrtb.c.appier.net,1,doh,16.53,16.53,16.53,86.8999999910593,1,usrtb.c.appier.net
9521,e2c31.gcp.gvt2.com,1,doh,16.201,16.201,16.201,3594.7000000029802,1,e2c31.gcp.gvt2.com
9596,a.wb.ru,1,doh,14.549,14.549,14.549,447,1,a.wb.ru
9213,static.canva.com,1,doh,15.105,15.105,15.105,156.40000000596046,1,static.canva.com
10031,ampproject.net,1,doh,0.0,72.995,72.99499999999998,506.09999999403954,5,amp.dev;cdn.ampproject.org;www.ampproject.org;www.google-analytics.com;www.googletagmanager.com
9451,e2c17.gcp.gvt2.com,1,doh,16.271,16.271,16.271,333.70000000298023,1,e2c17.gcp.gvt2.com
9148,tpsc-video.doubleverify.com,1,doh,14.988,14.988,14.988,117.5,1,tpsc-video.doubleverify.com
9253,bff-ext.clients.peacocktv.com,1,doh,14.78,14.78,14.78,117.8999999910593,1,bff-ext.clients.peacocktv.com
9486,sites.google.com,1,doh,0.0,13.019,13.019000000000005,457.90000000596046,1,ssl.gstatic.com
9111,chunk-composing.canva.com,1,doh,13.214,13.214,13.214,116.79999999701977,1,chunk-composing.canva.com
9116,cdn.4dvertible.com,1,doh,14.977,14.977,14.977,368.09999999403954,1,cdn.4dvertible.com
9395,ssb-global.smartadserver.com,1,doh,18.477,18.477,18.477,93.09999999403954,1,ssb-global.smartadserver.com
10110,www.srmdata.com,1,doh,14.773,14.773,14.773,301.30000001192093,1,www.srmdata.com
10170,api-spotlight-ause1c.smoot.apple.com,1,doh,15.937,15.937,15.937,91.19999998807907,1,api-spotlight-ause1c.smoot.apple.com
10205,bam.eu01.nr-data.net,1,doh,15.264,15.264,15.264,198.70000000298023,1,bam.eu01.nr-data.net
10206,jsc.mgid.com,1,doh,13.763,13.763,13.763,137.19999998807907,1,jsc.mgid.com
9540,ping-edge.smartscreen.microsoft.com,1,doh,21.345,21.345,21.345,110.70000000298023,1,ping-edge.smartscreen.microsoft.com
10093,fox.com,1,doh,16.384,247.93899999999996,152.61699999999968,2505.5,16,cdn.amplitude.com;cdn.ketchjs.com;cdn.us.heap-api.com;configs.knotch.com;fox.com;frontdoor.knotch.it;global.ketchcdn.com;images.api.fox.com;onelinksmartscript.appsflyersdk.com;sr-client-cfg.amplitude.com;static-media.fox.com;use.fontawesome.com;websdk.appsflyersdk.com;www.fox.com;www.googletagmanager.com;www.knotch-cdn.com
10120,c.mgid.com,1,doh,13.026,13.026,13.026,94.5,1,c.mgid.com
9906,pixel.idmap.ai,1,doh,15.601,15.601,15.601,564.5999999940395,1,pixel.idmap.ai
10020,streamingaudio.itunes.apple.com,1,doh,22.774,22.774,22.774,121.5,1,streamingaudio.itunes.apple.com
9740,events.syd-1.linewize.net,1,doh,17.336,17.336,17.336,117.8999999910593,1,events.syd-1.linewize.net
9739,lighthouse.edoinc.com,1,doh,13.822,13.822,13.822,319.69999998807907,1,lighthouse.edoinc.com
9475,api.foxnews.com,1,doh,15.89,15.89,15.89,83.5,1,api.foxnews.com
9829,pub-ent-uswe-08-t.trouter.teams.microsoft.com,1,doh,29.158,29.158,29.158,367.09999999403954,1,pub-ent-uswe-08-t.trouter.teams.microsoft.com
9632,nsone.net,1,doh,18.523,110.16799999999999,94.99899999999988,2570.7000000029802,7,1.www.s81c.com;cdn.walkme.com;consent.trustarc.com;fonts.googleapis.com;nsone.net;tags.tiqcdn.com;www-api.ibm.com
10232,cdn.id.supercell.com,1,doh,14.408,14.408,14.408,88.20000000298023,1,cdn.id.supercell.com
9794,pub-ent-usea-03-t.trouter.teams.microsoft.com,1,doh,24.375,24.375,24.375,193,1,pub-ent-usea-03-t.trouter.teams.microsoft.com
9560,pub-ent-usea-13-t.trouter.teams.microsoft.com,1,doh,23.522,23.522,23.522,118.70000000298023,1,pub-ent-usea-13-t.trouter.teams.microsoft.com
9552,e2c67.gcp.gvt2.com,1,doh,16.012,16.012,16.012,29909.79999999702,1,e2c67.gcp.gvt2.com
10025,secure.chase.com,1,doh,15.257,211.987,150.45999999999998,804.2999999970198,14,asset.chase.com;c.go-mpulse.net;d.agkn.com;dc.ads.linkedin.com;googleads.g.doubleclick.net;measure.chase.com;px.ads.linkedin.com;s2.go-mpulse.net;secure.chase.com;static.chasecdn.com;www.chase.com;www.facebook.com;www.google.com;www.linkedin.com
9984,delivery-cdn-cf.adswizz.com,1,doh,15.363,15.363,15.363,321.79999999701977,1,delivery-cdn-cf.adswizz.com
9468,pub-ent-uswe-15-t.trouter.teams.microsoft.com,1,doh,23.934,23.934,23.934,376.59999999403954,1,pub-ent-uswe-15-t.trouter.teams.microsoft.com
10028,dispatcher.is.autonavi.com,1,doh,15.448,15.448,15.448,828.1000000089407,1,dispatcher.is.autonavi.com
9967,api-cf.affirm.com,1,doh,13.917,26.436,26.436000000000007,191.70000000298023,2,api-cf.affirm.com;static.cloudflareinsights.com
9706,ios-tuner.pandora.com,1,doh,15.334,15.334,15.334,95,1,ios-tuner.pandora.com
9930,serverstatus.apple.com,1,doh,14.52,14.52,14.52,135.09999999403954,1,serverstatus.apple.com
10115,cdn.prod.euid.eu,1,doh,21.368,21.368,21.368,143.6000000089407,1,cdn.prod.euid.eu
9161,xvideos.com,1,doh,19.297,98.86499999999998,98.85400000000024,1342.300000011921,6,a.orbsrv.com;assets-cdn77.xvideos-cdn.com;s.orbsrv.com;thumbs-gcore.xvideos-cdn.com;xvideos.com;z6v2p9a8.bkcdn.net
10077,cursor.sh,1,doh,32.952,260.722,204.28399999999982,896.2999999970198,12,0ay7zb.cursor.com;alb.reddit.com;analytics.google.com;analytics.roadwayai.com;analytics.tiktok.com;connect.facebook.net;cursor.com;cursor.sh;ip.conceptualhq.com;ptht05hbb1ssoooe.public.blob.vercel-storage.com;www.googletagmanager.com;www.redditstatic.com
9973,www.peacocktv.com,1,doh,19.945,798.3990000000002,482.9609999999996,3112.2999999970198,44,9374122.fls.doubleclick.net;9899657.fls.doubleclick.net;a18026570151.cdn.optimizely.com;ad.doubleclick.net;adservice.google.com;api.ipify.org;ara.paa-reporting-advertising.amazon;assets.adobedtm.com;browser-intake-datadoghq.com;c.amazon-adsystem.com;cdn-pci.optimizely.com;cdn.cookielaw.org;cdn3.optimizely.com;cm.everesttech.net;cm.g.doubleclick.net;cnv.event.prod.bidr.io;d.agkn.com;d.impactradius-event.com;dpm.demdex.net;edge.fullstory.com;geolocation.onetrust.com;googleads.g.doubleclick.net;ib.adnxs.com;imageservice.disco.peacocktv.com;imp.i305175.net;insight.adsrvr.org;jssdkcdns.mparticle.com;jssdks.mparticle.com;logx.optimizely.com;nbcstreaming.sc.omtrdc.net;nbcuss.demdex.net;pixel.rubiconproject.com;rs.fullstory.com;s.amazon-adsystem.com;s.pinimg.com;s.yimg.com;sp.analytics.yahoo.com;stats.g.doubleclick.net;wpromote-4-adswizz.attribution.adswizz.com;www.google-analytics.com;www.google.com;www.googleadservices.com;www.googletagmanager.com;www.peacocktv.com
9183,sns-avatar-qc.xhscdn.com,1,doh,19.061,19.061,19.061,121.30000001192093,1,sns-avatar-qc.xhscdn.com
10148,release-assets.githubusercontent.com,1,doh,13.121,13.121,13.121,84.09999999403954,1,release-assets.githubusercontent.com
9143,sync.browser.yandex.net,1,doh,13.843,13.843,13.843,667.6000000089407,1,sync.browser.yandex.net
9935,fa000000156.resources.office.net,1,doh,18.427,18.427,18.427,223.3999999910593,1,fa000000156.resources.office.net
9523,lens.poly.com,1,doh,24.161,305.46799999999996,236.64700000000002,845.7000000029802,14,analytics.google.com;cacheorcheck.mopinion.com;clientstream.launchdarkly.com;collect.mopinion.com;deploy.mopinion.com;fonts.googleapis.com;fonts.gstatic.com;fonts.mopinion.com;gstatic.mopinion.com;lens.poly.com;lenscdndev.azureedge.net;login.silica-prod01.io.lens.poly.com;stats.g.doubleclick.net;www.googletagmanager.com
9536,pub-ent-usea-02-t.trouter.teams.microsoft.com,1,doh,15.474,15.474,15.474,116.8999999910593,1,pub-ent-usea-02-t.trouter.teams.microsoft.com
9705,sdk.codegridnode.com,1,doh,44.299,44.299,44.299,347.59999999403954,1,sdk.codegridnode.com
9590,e2c20.gcp.gvt2.com,1,doh,12.699,12.699,12.699,29860.90000000596,1,e2c20.gcp.gvt2.com
9905,idmap.ai,1,doh,27.262,50.115,50.11500000000004,419.5,3,fonts.googleapis.com;fonts.gstatic.com;idmap.ai
10172,cnam4c-gcdsdk.appsflyersdk.com,1,doh,25.466,25.466,25.466,132.70000000298023,1,cnam4c-gcdsdk.appsflyersdk.com
9453,pub-ent-usnc-13-t.trouter.teams.microsoft.com,1,doh,12.27,12.27,12.27,165,1,pub-ent-usnc-13-t.trouter.teams.microsoft.com
9901,ad-stir.com,1,doh,19.683,123.514,98.04899999999986,2907.7999999970198,8,ad-stir.com;ajax.googleapis.com;cdnv.ad-stir.com;connect.facebook.net;fonts.googleapis.com;fonts.gstatic.com;www.google-analytics.com;www.googletagmanager.com
9566,pub-ent-usea2-18-t.trouter.teams.microsoft.com,1,doh,22.418,22.418,22.418,134.29999999701977,1,pub-ent-usea2-18-t.trouter.teams.microsoft.com
9107,pa.openx.net,1,doh,12.097,12.097,12.097,83.09999999403954,1,pa.openx.net
9698,gateway.zscalerone.net,1,doh,12.568,40.9,40.89999999999999,570.7999999970198,2,gateway.zscalerone.net;login.zscalerone.net
10167,expedia.com,1,doh,16.206,66.372,66.37199999999997,760.5,5,c.travel-assets.com;expedia.com;geo.captcha-delivery.com;static.captcha-delivery.com;www.expedia.com
9279,grafana.com,1,doh,12.061,220.22799999999998,164.88999999999993,880.0999999940395,14,a-us.storyblok.com;analytics.google.com;app.clearbit.com;connect.facebook.net;grafana.com;px.ads.linkedin.com;satgt.grafana.com;snap.licdn.com;stats.g.doubleclick.net;widget.intercom.io;www.google-analytics.com;www.googletagmanager.com;www.linkedin.com;x.clearbitjs.com
9228,api-safari-ause2b.smoot.apple.com,1,doh,12.355,12.355,12.355,125.3999999910593,1,api-safari-ause2b.smoot.apple.com
9993,bam-sdk-configs.bamgrid.com,1,doh,14.896,14.896,14.896,220,1,bam-sdk-configs.bamgrid.com
9489,atlas.ngtv.io,1,doh,14.354,14.354,14.354,91.20000000298023,1,atlas.ngtv.io
9700,pub-ent-usea-18-t.trouter.teams.microsoft.com,1,doh,14.882,14.882,14.882,107.59999999403954,1,pub-ent-usea-18-t.trouter.teams.microsoft.com
9362,cpl-t-sightsafe.wyzecam.com,1,doh,28.369,28.369,28.369,116.5,1,cpl-t-sightsafe.wyzecam.com
9844,pub-ent-ussc-17-t.trouter.teams.microsoft.com,1,doh,12.954,12.954,12.954,252.59999999403954,1,pub-ent-ussc-17-t.trouter.teams.microsoft.com
9534,www.hulu.com,1,doh,14.267,505.261,238.6190000000003,2067.4000000059605,35,3797690.fls.doubleclick.net;ad.doubleclick.net;adservice.google.com;analytics-ipv6.tiktokw.us;analytics.tiktok.com;apps.rokt.com;assetshuluimcom-a.akamaihd.net;b.videoamp.com;cdn.cookielaw.org;cm.g.doubleclick.net;cnbl-cdn.bamgrid.com;collector-1564.tvsquared.com;connect.facebook.net;d.impactradius-event.com;disney.my.sentry.io;geolocation.onetrust.com;img1.hulu.com;img2.hulu.com;img4.hulu.com;insight.adsrvr.org;js.adsrvr.org;metcon.hulu.com;s.yimg.com;sanalytics.disneyplus.com;sc-static.net;sp.analytics.yahoo.com;tag.rmp.rakuten.com;tags.tiqcdn.com;tr.snapchat.com;uconnect.tealiumiq.com;vortex.hulu.com;www.facebook.com;www.google.com;www.googletagmanager.com;www.hulu.com
10158,consent.adjust.com,1,doh,12.689,12.689,12.689,668.5,1,consent.adjust.com
9572,pub-ent-usea-10-t.trouter.teams.microsoft.com,1,doh,25.436,25.436,25.436,119.5,1,pub-ent-usea-10-t.trouter.teams.microsoft.com
9562,cdn.cxense.com,1,doh,13.639,13.639,13.639,212.1000000089407,1,cdn.cxense.com
9328,atlas.halcyon.ai,1,doh,13.151,13.151,13.151,269.40000000596046,1,atlas.halcyon.ai
9373,inkwell.femetrics.grammarly.io,1,doh,12.815,12.815,12.815,82.5,1,inkwell.femetrics.grammarly.io
9631,pub-ent-usnc-17-t.trouter.teams.microsoft.com,1,doh,20.482,20.482,20.482,173.90000000596046,1,pub-ent-usnc-17-t.trouter.teams.microsoft.com
9189,analytics.ff.avast.com,1,doh,11.758,11.758,11.758,94.40000000596046,1,analytics.ff.avast.com
9470,e2c45.gcp.gvt2.com,1,doh,13.24,13.24,13.24,29681.40000000596,1,e2c45.gcp.gvt2.com
9487,pub-ent-usnc-09-t.trouter.teams.microsoft.com,1,doh,24.791,24.791,24.791,176.79999999701977,1,pub-ent-usnc-09-t.trouter.teams.microsoft.com
10217,adsensecustomsearchads.com,1,doh,0.0,12.251,12.251000000000005,247.40000000596046,1,www.google.com
9557,e2c50.gcp.gvt2.com,1,doh,12.837,12.837,12.837,29572.09999999404,1,e2c50.gcp.gvt2.com
9114,c.gumgum.com,1,doh,16.099,16.099,16.099,86.8999999910593,1,c.gumgum.com
9119,yammer.com,1,doh,13.1,92.17999999999998,64.09100000000004,466.19999998807907,5,aadcdn.msftauth.net;login.live.com;login.microsoftonline.com;outlook-1.cdn.office.net;yammer.com
9579,e2c78.gcp.gvt2.com,1,doh,12.801,12.801,12.801,108.40000000596046,1,e2c78.gcp.gvt2.com
10196,idaas6.cph.liveintent.com,1,doh,13.004,13.004,13.004,89.70000000298023,1,idaas6.cph.liveintent.com
9593,e2c29.gcp.gvt2.com,1,doh,13.843,13.843,13.843,278.29999999701977,1,e2c29.gcp.gvt2.com
10029,home-assistant.io,1,doh,18.551,97.35899999999998,58.312000000000026,606,7,cdn.jsdelivr.net;cdnjs.cloudflare.com;code.iconify.design;fonts.googleapis.com;fonts.gstatic.com;home-assistant.io;static.cloudflareinsights.com
9926,nbcstreaming.sc.omtrdc.net,1,doh,12.356,12.356,12.356,87.5,1,nbcstreaming.sc.omtrdc.net
9288,otpi0g-launches.appsflyersdk.com,1,doh,26.695,26.695,26.695,125.90000000596046,1,otpi0g-launches.appsflyersdk.com
10145,clientsapigw.us-east-1.prod.v2.gws.ring.amazon.dev,1,doh,13.779,13.779,13.779,77,1,clientsapigw.us-east-1.prod.v2.gws.ring.amazon.dev
9921,squarecdn.com,1,doh,28.788,345.41200000000003,260.3550000000006,1399.0999999940395,23,a8447815042.cdn-pci.optimizely.com;api.squareup.com;assets.ctfassets.net;campaign-hub-production-f.squarecdn.com;cash-f.squarecdn.com;cdn.cookielaw.org;cdn.jsdelivr.net;images.ctfassets.net;logx.optimizely.com;martech-production-c.squarecdn.com;munchkin.marketo.net;o160250.ingest.us.sentry.io;pw-assets-production-c.squarecdn.com;pw-renderer-production-c.squarecdn.com;pwt-production-c.squarecdn.com;sales-bridge-production-c.squarecdn.com;squarecdn.com;squareup.com;www.datadoghq-browser-agent.com;www.google-analytics.com;www.google.com;www.googletagmanager.com;xms-production-f.squarecdn.com
9819,sitereview.zscaler.com,1,doh,13.003,13.017,13.01700000000001,1494.2000000029802,1,sitereview.zscaler.com
10214,img-cdn.clinch.co,1,doh,12.983,12.983,12.983,92.20000000298023,1,img-cdn.clinch.co
9317,o315582.ingest.sentry.io,1,doh,16.862,16.862,16.862,197.40000000596046,1,o315582.ingest.sentry.io
9160,tradingview.com,1,doh,29.395,162.826,116.74600000000005,3738.699999988079,13,accounts.google.com;analytics.google.com;economic-calendar.tradingview.com;news-mediator.tradingview.com;s3-symbol-logo.tradingview.com;scanner.tradingview.com;securepubads.g.doubleclick.net;snowplow-pixel.tradingview.com;static.tradingview.com;stats.g.doubleclick.net;tradingview.com;www.google-analytics.com;www.googletagmanager.com
9793,cdn.dv.tech,1,doh,13.742,13.742,13.742,239.69999998807907,1,cdn.dv.tech
9856,pub-ent-uswe-04-t.trouter.teams.microsoft.com,1,doh,20.913,20.913,20.913,355.8999999910593,1,pub-ent-uswe-04-t.trouter.teams.microsoft.com
10193,api.bitwarden.com,1,doh,14.477,14.477,14.477,115.29999999701977,1,api.bitwarden.com
9178,zdn.vn,1,doh,276.222,276.222,276.222,1147.0999999940395,1,zdn.vn
9344,azure-na-cdn.contentstack.com,1,doh,18.932,18.932,18.932,114.29999999701977,1,azure-na-cdn.contentstack.com
9704,pub-ent-usea2-01-t.trouter.teams.microsoft.com,1,doh,19.583,19.583,19.583,130.69999998807907,1,pub-ent-usea2-01-t.trouter.teams.microsoft.com
9594,e2c30.gcp.gvt2.com,1,doh,12.291,12.291,12.291,1242.9000000059605,1,e2c30.gcp.gvt2.com
9126,indeed.com,1,doh,14.305,26.319,26.31900000000001,184.80000001192093,2,indeed.com;t.indeed.com
9791,pub-ent-uswe-06-t.trouter.teams.microsoft.com,1,doh,12.583,12.583,12.583,346.79999999701977,1,pub-ent-uswe-06-t.trouter.teams.microsoft.com
9458,acctcdn.msftauth.net,1,doh,14.982,14.982,14.982,584.6999999880791,1,acctcdn.msftauth.net
9810,pub-ent-ussc-16-t.trouter.teams.microsoft.com,1,doh,12.357,12.357,12.357,259,1,pub-ent-ussc-16-t.trouter.teams.microsoft.com
9511,datarouter.cfef.live.use1a.on.epicgames.com,1,doh,14.801,14.801,14.801,85.3999999910593,1,datarouter.cfef.live.use1a.on.epicgames.com
9877,m-us.spaces.glanceapis.com,1,doh,13.433,13.433,13.433,162.70000000298023,1,m-us.spaces.glanceapis.com
9294,consumer.cloud.gist.build,1,doh,12.781,12.781,12.781,175.3999999910593,1,consumer.cloud.gist.build
9871,signal-service.pbs.yahoo.com,1,doh,12.608,500.838,255.14400000000052,1226.800000011921,40,ad-delivery.net;ads.pubmatic.com;ads.yieldmo.com;api.rlcdn.com;c2shb-oao.ssp.yahoo.com;cdn.p-n.io;cdn.taboola.com;cm.g.doubleclick.net;consent.cmp.oath.com;d2mqt2joll4fma.cloudfront.net;display.bidder.taboola.com;exchange.kueezrtb.com;fastlane.rubiconproject.com;grid-bidder.criteo.com;guce.yahoo.com;htlb.casalemedia.com;ib.adnxs.com;idx.liadm.com;ncp-gw-frontpage.media.yahoo.com;nexus-gateway-prod.media.yahoo.com;noa.yahoo.com;opus.analytics.yahoo.com;pbs-yahoo-us.ay.delivery;pbs.yahoo.com;prebid-server.rubiconproject.com;prebid.media.net;rp.liadm.com;rtb.openx.net;s.seedtag.com;s.yimg.com;sb.scorecardresearch.com;securepubads.g.doubleclick.net;signal-service.pbs.yahoo.com;tlx.3lift.com;ups.analytics.yahoo.com;us-trc-events.taboola.com;wnsrvbjmeprtfrnfx.ay.delivery;www.googletagmanager.com;www.yahoo.com;yahoo-match.dotomi.com
9742,www.chase.com,1,doh,11.893,64.83800000000001,61.815999999999974,720.7000000029802,5,asset.chase.com;c.go-mpulse.net;s2.go-mpulse.net;static.chasecdn.com;www.chase.com
9340,ocsp.pki.goog,1,doh,0.0,12.05,12.050000000000011,168.59999999403954,1,www.google.com
10165,c2shb.ssp.yahoo.com,1,doh,13.555,13.555,13.555,124.3999999910593,1,c2shb.ssp.yahoo.com
9751,datapipeline.logitech.io,1,doh,13.988,13.988,13.988,116.20000000298023,1,datapipeline.logitech.io
9092,cm-exchange.toast.com,1,doh,16.462,16.462,16.462,674.2000000029802,1,cm-exchange.toast.com
9736,agent.conn-quality-agent.prod.e2ro.com,1,doh,14.476,14.476,14.476,313.59999999403954,1,agent.conn-quality-agent.prod.e2ro.com
9622,pub-ent-usea2-08-t.trouter.teams.microsoft.com,1,doh,13.178,13.178,13.178,128.20000000298023,1,pub-ent-usea2-08-t.trouter.teams.microsoft.com
9669,cws-sjc2-rdc2.conviva.com,1,doh,13.207,13.207,13.207,273.69999998807907,1,cws-sjc2-rdc2.conviva.com
9911,pub-ent-ussc-09-t.trouter.teams.microsoft.com,1,doh,18.849,18.849,18.849,263.79999999701977,1,pub-ent-ussc-09-t.trouter.teams.microsoft.com
9883,dalyfeds.com,1,doh,18.326,131.592,100.4010000000001,317.8999999910593,5,dalyfeds.com;news-api.fnyfeds.com;news-cdn.fnyfeds.com;static.wshareit.com;weather-api.fnyfeds.com
9676,pub-ent-usea2-05-t.trouter.teams.microsoft.com,1,doh,22.15,22.15,22.15,132.79999999701977,1,pub-ent-usea2-05-t.trouter.teams.microsoft.com
9815,www.lightboxcdn.com,1,doh,13.749,13.749,13.749,192.5,1,www.lightboxcdn.com
10257,amer.devicemgmt.teams.microsoft.com,1,doh,21.79,21.79,21.79,166.30000001192093,1,amer.devicemgmt.teams.microsoft.com
9289,sentitlement2.mobile.att.net,1,doh,15.232,15.232,15.232,206.09999999403954,1,sentitlement2.mobile.att.net
9542,pub-ent-usnc-07-t.trouter.teams.microsoft.com,1,doh,25.985,25.985,25.985,184.5,1,pub-ent-usnc-07-t.trouter.teams.microsoft.com
10082,a32doymun6dtxa.us-east-1.prod.service.minerva.devices.a2z.com,1,doh,14.313,14.313,14.313,154.90000000596046,1,a32doymun6dtxa.us-east-1.prod.service.minerva.devices.a2z.com
9176,b.6sc.co,1,doh,12.531,38.075,38.07500000000001,157.20000000298023,3,b.6sc.co;fonts.googleapis.com;fonts.gstatic.com
9781,t.dtscdn.com,1,doh,12.793,12.793,12.793,134.20000000298023,1,t.dtscdn.com
10127,proxy.uet.s.microsoft.com,1,doh,23.432,23.432,23.432,111,1,proxy.uet.s.microsoft.com
9319,line.me,1,doh,14.075,206.188,206.18800000000005,1052.5999999940395,3,cdn.jsdelivr.net;line.me;www.line.me
9726,pub-ent-uswe-18-t.trouter.teams.microsoft.com,1,doh,24.037,24.037,24.037,359.09999999403954,1,pub-ent-uswe-18-t.trouter.teams.microsoft.com
9697,asia-vpushonrt-stsdk.vivoglobal.com,1,doh,14.838,14.838,14.838,744.2000000029802,1,asia-vpushonrt-stsdk.vivoglobal.com
10270,fedoraproject.org,1,doh,15.729,15.729,15.729,509.20000000298023,1,fedoraproject.org
9456,pub-ent-ussc-14-t.trouter.teams.microsoft.com,1,doh,20.691,20.691,20.691,269.5,1,pub-ent-ussc-14-t.trouter.teams.microsoft.com
9152,ios18.ws.prod.cloud.netflix.com,1,doh,13.565,13.565,13.565,140.29999999701977,1,ios18.ws.prod.cloud.netflix.com
9821,pub-ent-uswe-02-t.trouter.teams.microsoft.com,1,doh,20.028,20.028,20.028,354.59999999403954,1,pub-ent-uswe-02-t.trouter.teams.microsoft.com
9603,e2c72.gcp.gvt2.com,1,doh,12.357,12.357,12.357,275.6000000089407,1,e2c72.gcp.gvt2.com
9928,tk.kargo.com,1,doh,14.053,14.053,14.053,137.90000000596046,1,tk.kargo.com
9180,visitor.us-west1.gcp.omnitagjs.com,1,doh,18.389,18.389,18.389,303.20000000298023,1,visitor.us-west1.gcp.omnitagjs.com
9448,advertising.walmart.com,1,doh,14.631,108.95400000000001,97.74499999999992,1778.199999988079,8,advertising.walmart.com;client.px-cloud.net;collector-pxzitus4e5.px-client.net;collector-pxzitus4e5.px-cloud.net;fonts.googleapis.com;i5.wal.co;i5.walmartimages.com;tzm.px-cloud.net
9775,store-cfg-gl.heytapmobile.com,1,doh,23.848,23.848,23.848,787.5999999940395,1,store-cfg-gl.heytapmobile.com
10197,thinkingdata.cn,1,doh,14.431,291.312,279.7959999999999,2184.5,6,api.fontshare.com;cdn.fontshare.com;fonts.googleapis.com;thinkingai.io;thinkingdata-image.oss-cn-shanghai.aliyuncs.com;thinkingdata.cn
9805,t7.a.market.xiaomi.com,1,doh,12.123,12.123,12.123,202,1,t7.a.market.xiaomi.com
9687,pub-ent-uswe-12-t.trouter.teams.microsoft.com,1,doh,20.064,20.064,20.064,352,1,pub-ent-uswe-12-t.trouter.teams.microsoft.com
10230,trueanthem.com,1,doh,16.207,16.207,16.207,840,1,trueanthem.com
9097,lf16-effectcdn.byteeffecttos-g.com,1,doh,14.751,14.751,14.751,772.7000000029802,1,lf16-effectcdn.byteeffecttos-g.com
9265,hbomax.com,1,doh,27.057,188.24499999999998,163.90700000000015,1650.3999999910593,15,128-239-2-78_s-23-55-176-230_ts-1776305842-clienttons-s.akamaihd.net;beam-images.warnermediacdn.com;braze-images.com;browser.sentry-cdn.com;c.go-mpulse.net;default.any-any.prd.api.hbomax.com;default.beam-amer.prd.api.hbomax.com;hbomax.com;lightning.warnermediacdn.com;qdxqetqx3xr2m2pai2za-p0a7wn-b9e83b2ae-clientnsv4-s.akamaihd.net;s.go-mpulse.net;trial-eum-clientnsv4-s.akamaihd.net;trial-eum-clienttons-s.akamaihd.net;www.googletagmanager.com;www.hbomax.com
9353,tr-ooc-geo.office.com,1,doh,19.317,60.346000000000004,60.34599999999991,704.2000000029802,4,aadcdn.msftauth.net;login.microsoftonline.com;res.public.onecdn.static.microsoft;tr-ooc-geo.office.com
10015,pjs.srv.stackadapt.com,1,doh,27.218,27.218,27.218,96.6000000089407,1,pjs.srv.stackadapt.com
9514,pub-ent-usnc-05-t.trouter.teams.microsoft.com,1,doh,20.649,20.649,20.649,173.20000000298023,1,pub-ent-usnc-05-t.trouter.teams.microsoft.com
9674,img-1000736.ad-score.com,1,doh,12.797,12.797,12.797,152.29999999701977,1,img-1000736.ad-score.com
9879,ipv6.adrta.com,1,doh,15.372,15.372,15.372,286.20000000298023,1,ipv6.adrta.com
10245,myapps.microsoft.com,1,doh,18.727,58.525999999999996,45.15300000000025,745.4000000059605,4,aadcdn.msftauth.net;login.live.com;login.microsoftonline.com;myapps.microsoft.com
9166,vrtcal.com,1,doh,15.118,68.278,56.31600000000004,710.8999999910593,5,cdnjs.cloudflare.com;fonts.googleapis.com;fonts.gstatic.com;vrtcal.com;www.vrtcal.com
9709,smetrics.t-mobile.com,1,doh,12.724,12.724,12.724,81.8999999910593,1,smetrics.t-mobile.com
9550,dareprobe.office.com,1,doh,19.845,60.389,60.38899999999987,818.5,4,aadcdn.msftauth.net;dareprobe.office.com;login.microsoftonline.com;res.public.onecdn.static.microsoft
9216,highlights.us-east-2.intelligence.webex.com,1,doh,15.378,15.378,15.378,135.20000000298023,1,highlights.us-east-2.intelligence.webex.com
10249,sdkopmetrics-eu.dsp-api.moloco.com,1,doh,14.028,14.028,14.028,165.19999998807907,1,sdkopmetrics-eu.dsp-api.moloco.com
9823,getadblock.com,1,doh,14.616,88.145,88.14500000000002,729.7000000029802,6,fonts.googleapis.com;fonts.gstatic.com;getadblock.com;logs.getadblock.com;www.google-analytics.com;www.googletagmanager.com
10072,static-nss.xhcdn.com,1,doh,21.499,21.499,21.499,625.3999999910593,1,static-nss.xhcdn.com
9290,p16-webcast.tiktokcdn.com,1,doh,14.282,14.282,14.282,179,1,p16-webcast.tiktokcdn.com
10142,lazada.sg,1,doh,87.004,900.076,790.9579999999999,9350.60000000894,17,55308.ase.aidcgroup.net;acs-m.lazada.sg;ase.aidcgroup.net;cart.lazada.sg;epss.alibaba-inc.com;fourier.alibaba.com;fourier.taobao.com;g.alicdn.com;g.lazcdn.com;lazada.sg;member.lazada.sg;my.lazada.sg;octpf.tdum.alibaba.com;pagead2.googlesyndication.com;sg.mmstat.com;umlazada.alibaba.com;www.lazada.sg
9612,datatables.net,1,doh,24.253,37.152,37.152,945.5,2,datatables.net;media.ethicalads.io
9769,pub-ent-ussc-06-t.trouter.teams.microsoft.com,1,doh,11.553,11.553,11.553,242.5,1,pub-ent-ussc-06-t.trouter.teams.microsoft.com
9923,hints.voice.roku.com,1,doh,13.234,13.234,13.234,127.59999999403954,1,hints.voice.roku.com
9644,pub-ent-usea2-06-t.trouter.teams.microsoft.com,1,doh,20.791,20.791,20.791,226.79999999701977,1,pub-ent-usea2-06-t.trouter.teams.microsoft.com
9460,acctcdn.msauth.net,1,doh,13.79,13.79,13.79,413,1,acctcdn.msauth.net
9896,bigolive.tv,1,doh,15.443,320.96500000000003,259.4709999999999,3692.7999999970198,21,285088a9.cubetecn.com;analytics.google.com;bigolive.tv;c.bing.com;c.clarity.ms;connect.facebook.net;esx.bigo.sg;front-perf.like-video.com;googleads.g.doubleclick.net;mc.yandex.ru;s.clarity.ms;scripts.clarity.ms;sec.bigo.sg;static-act.da7akni.net;static-web.bigolive.tv;stats.g.doubleclick.net;ta.bigolive.tv;www.clarity.ms;www.google-analytics.com;www.google.com;www.googletagmanager.com
10079,playtime.tubemogul.com,1,doh,14.182,14.182,14.182,288.20000000298023,1,playtime.tubemogul.com
9384,cleanbrowsing.org,1,doh,13.463,128.738,63.57399999999996,583.7999999970198,9,analytics.ahrefs.com;cdn.jsdelivr.net;cdnjs.cloudflare.com;cleanbrowsing.org;fonts.googleapis.com;fonts.gstatic.com;plausible.io;www.google-analytics.com;www.googletagmanager.com
9306,jetbrains.com,1,doh,26.736,574.1679999999999,374.5229999999998,1958.5,39,a.quora.com;a26669750187.cdn.optimizely.com;alb.reddit.com;analytics.google.com;analytics.tiktok.com;analytics.twitter.com;ara.paa-reporting-advertising.amazon;bat.bing.com;bat.bing.net;c.amazon-adsystem.com;c.bing.com;c.clarity.ms;capi-automation.s3.us-east-2.amazonaws.com;cdn.cookiehub.eu;connect.facebook.net;data.services.jetbrains.com;googleads.g.doubleclick.net;j.nrich.ai;jetbrains.com;logx.optimizely.com;pixel-config.reddit.com;px.ads.linkedin.com;q.quora.com;resources.jetbrains.com;s.amazon-adsystem.com;s.clarity.ms;scripts.clarity.ms;sgtm.jetbrains.com;snap.licdn.com;static.ads-twitter.com;stats.g.doubleclick.net;t.co;tag.nrich.ai;www.clarity.ms;www.google.com;www.googletagmanager.com;www.jetbrains.com;www.linkedin.com;www.redditstatic.com
9714,e2c15.gcp.gvt2.com,1,doh,15.261,15.261,15.261,312.5,1,e2c15.gcp.gvt2.com
9235,login.vk.com,1,doh,12.676,24.369,24.368999999999986,979.7000000029802,2,login.vk.com;vk.com
10265,grammarly.net,1,doh,24.939,705.6260000000001,344.4089999999998,2820.3999999910593,55,11910764.fls.doubleclick.net;a.quora.com;accounts.google.com;ad.doubleclick.net;adresults-19-adswizz.attribution.adswizz.com;adservice.google.com;analytics-ipv6.tiktokw.us;analytics.google.com;analytics.tiktok.com;bat.bing.com;c.clarity.ms;cdn.pdst.fm;cdn.taboola.com;cm.g.doubleclick.net;collector-21641.us.tvsquared.com;connect.facebook.net;d34r8q7sht0t9k.cloudfront.net;data.adxcel-ec2.com;dsum-sec.casalemedia.com;gateway.grammarly.com;gnar.grammarly.com;googleads.g.doubleclick.net;grammarly.net;grammarly.pxf.io;ib.adnxs.com;insight.adsrvr.org;ipv4.podscribe.com;ipv6.6sc.co;j.6sc.co;js.adsrvr.org;js.zi-scripts.com;pixel.rubiconproject.com;pixel.tapad.com;px.ads.linkedin.com;px.gumgum.com;s.clarity.ms;scripts.clarity.ms;secure.adnxs.com;simage2.pubmatic.com;snap.licdn.com;static-web.grammarly.com;stats.g.doubleclick.net;tags.w55c.net;transcend-cdn.com;utt.impactcdn.com;verifi.podscribe.com;ws.zoominfo.com;www.clarity.ms;www.facebook.com;www.google-analytics.com;www.google.com;www.googletagmanager.com;www.grammarly.com;www.linkedin.com;x.bidswitch.net
9915,mem.gfx.ms,1,doh,13.366,13.366,13.366,337.20000000298023,1,mem.gfx.ms
10002,tiktok.adsmeasurement.com,1,doh,12.635,12.635,12.635,89.3999999910593,1,tiktok.adsmeasurement.com
9721,pub-ent-usea-12-t.trouter.teams.microsoft.com,1,doh,19.752,19.752,19.752,98.8999999910593,1,pub-ent-usea-12-t.trouter.teams.microsoft.com
9638,e2c81.gcp.gvt2.com,1,doh,26.485,26.485,26.485,258.40000000596046,1,e2c81.gcp.gvt2.com
9694,e2c28.gcp.gvt2.com,1,doh,14.262,14.262,14.262,268.1000000089407,1,e2c28.gcp.gvt2.com
9732,wellsfargo.com,1,doh,13.664,391.3540000000001,241.92800000000085,1868.2000000029802,28,adobedc.demdex.net;analytics.google.com;api.rlcdn.com;b.videoamp.com;c1.wfinterface.com;cm.everesttech.net;cm.g.doubleclick.net;cms.analytics.yahoo.com;connect.secure.wellsfargo.com;connect.secure.wf.com;dpm.demdex.net;gbxreport-prod.wf.com;geolocation.onetrust.com;idsync.rlcdn.com;okra.wf.com;ort.wellsfargo.com;px.ads.linkedin.com;s.amazon-adsystem.com;static.wellsfargo.com;stats.g.doubleclick.net;td.doubleclick.net;trc.taboola.com;ups.analytics.yahoo.com;wellsfargo.com;www.facebook.com;www.google.com;www.wellsfargo.com;www17.wellsfargomedia.com
9248,lf16-cdn-tos.tiktokcdn-us.com,1,doh,11.519,11.519,11.519,227.6000000089407,1,lf16-cdn-tos.tiktokcdn-us.com
10259,sf16-tk-sg.tiktokcdn-us.com,1,doh,14.033,14.033,14.033,355.29999999701977,1,sf16-tk-sg.tiktokcdn-us.com
9747,staticassets-creator-design.criteo.net,1,doh,14.835,14.835,14.835,94.5,1,staticassets-creator-design.criteo.net
9994,presentation-pdx1.turn.com,1,doh,13.449,138.543,118.94400000000012,1033.3999999910593,6,assets.amobee.com;browser-intake-datadoghq.com;login.amobee.com;platform.amobee.com;presentation-pdx1.turn.com;www.datadoghq-browser-agent.com
9843,ngfts.lge.com,1,doh,13.296,13.296,13.296,91.40000000596046,1,ngfts.lge.com
9729,pub-ent-ussc-03-t.trouter.teams.microsoft.com,1,doh,14.474,14.474,14.474,259.5,1,pub-ent-ussc-03-t.trouter.teams.microsoft.com
9513,e2c80.gcp.gvt2.com,1,doh,12.687,12.687,12.687,29797.20000000298,1,e2c80.gcp.gvt2.com
9602,e2c21.gcp.gvt2.com,1,doh,13.308,13.308,13.308,29316.59999999404,1,e2c21.gcp.gvt2.com
9802,gat.us5.us.criteo.com,1,doh,11.48,11.48,11.48,86.20000000298023,1,gat.us5.us.criteo.com
9285,log.sptag2.com,1,doh,13.206,13.206,13.206,89.79999999701977,1,log.sptag2.com
9391,support.google.com,1,doh,0.0,130.621,66.84400000000002,1053.3999999910593,12,apis.google.com;fonts.googleapis.com;fonts.gstatic.com;gstatic.com;lh3.googleusercontent.com;ogads-pa.clients6.google.com;ssl.gstatic.com;storage.googleapis.com;www.google-analytics.com;www.google.com;www.googletagmanager.com;www.gstatic.com
9526,e2c59.gcp.gvt2.com,1,doh,16.781,16.781,16.781,709,1,e2c59.gcp.gvt2.com
9809,adriver.ru,1,doh,138.077,413.57500000000005,371.19900000000007,6349.5,11,ad.adriver.ru;adriver.ru;cdnjs.cloudflare.com;counter.yadro.ru;ev.adriver.ru;maxcdn.bootstrapcdn.com;mlb5.adriver.ru;tags.soloway.ru;www.adriver.ru;www.google-analytics.com;www.googletagmanager.com
9531,fortinet.com,1,doh,13.023,1138.8410000000001,851.1259999999993,3085.0999999940395,58,10104846.fls.doubleclick.net;a.dpmsrv.com;a.quora.com;ad.doubleclick.net;adservice.google.com;analytics.twitter.com;api-v2.mutinyhq.io;api.consentjs.datagrail.io;assets.adobedtm.com;attr-td.ml-api.io;bam.nr-data.net;bat.bing.com;cdn-app.pathfactory.com;cdn.schemaapp.com;cdn.webexperiences.com;client-registry.mutinycdn.com;cm.everesttech.net;cm.g.doubleclick.net;connect.facebook.net;d2i34c80a0ftze.cloudfront.net;dpm.demdex.net;epsilon.6sense.com;fortinet.com;fortinet.demdex.net;fortinet.my.salesforce-scrt.com;fortinet.my.site.com;fortinet.tt.omtrdc.net;googleads.g.doubleclick.net;ib.adnxs.com;img.en25.com;ipv6.6sc.co;j.6sc.co;js-agent.newrelic.com;jukebox.pathfactory.com;lantern.fortinet.com;lltrck.com;marvel-b1-cdn.bc0a.com;marvel-b2-cdn.bc0a.com;marvel-processor.bc0a.com;match.adsrvr.org;metrics.fortinet.com;pixel.mathtag.com;pixel.rubiconproject.com;px.ads.linkedin.com;rum.hlx.page;s.dpmsrv.com;s3049749.t.eloqua.com;secure.adnxs.com;snap.licdn.com;static.ads-twitter.com;t.co;tags.srv.stackadapt.com;trk.techtarget.com;wec-assets.terminus.services;www.fortinet.com;www.google.com;www.googletagmanager.com;www.linkedin.com
9387,tr-ecs-fs.office.com,1,doh,16.438,57.31400000000001,57.313999999999865,1060.6000000089407,4,aadcdn.msauth.net;login.microsoftonline.com;res.public.onecdn.static.microsoft;tr-ecs-fs.office.com
10042,psb.taboola.com,1,doh,15.855,15.855,15.855,82.40000000596046,1,psb.taboola.com
10088,track.sv.rkdms.com,1,doh,15.267,15.267,15.267,85.29999999701977,1,track.sv.rkdms.com
9897,hls-cdn77.xnxx-cdn.com,1,doh,15.613,35.543,35.543000000000006,225.09999999403954,2,error.c.cdn77.org;hls-cdn77.xnxx-cdn.com
9808,pull-flv-l77-tt02.tiktokcdn.com,1,doh,22.811,22.811,22.811,90.20000000298023,1,pull-flv-l77-tt02.tiktokcdn.com
9831,editor16-normal-us-ttp.capcutapi.us,1,doh,14.325,14.325,14.325,110.90000000596046,1,editor16-normal-us-ttp.capcutapi.us
9783,auth.services.adobe.com,1,doh,12.008,12.008,12.008,124.59999999403954,1,auth.services.adobe.com
9641,pub-ent-usnc-01-t.trouter.teams.microsoft.com,1,doh,21.208,21.208,21.208,174.1000000089407,1,pub-ent-usnc-01-t.trouter.teams.microsoft.com
9255,cdn.browsiprod.com,1,doh,13.565,13.565,13.565,334.3999999910593,1,cdn.browsiprod.com
10008,iot.mi.com,1,doh,15.326,110.556,80.06300000000007,11609.10000000894,6,cdn.cnbj1.fds.api.mi-img.com;font.sec.miui.com;iot.mi.com;sentry.d.xiaomi.net;ssl-cdn.static.browser.mi-img.com;tracking.miui.com
9971,points.wb.ru,1,doh,12.591,12.591,12.591,651.6000000089407,1,points.wb.ru
9754,pub-ent-ussc-02-t.trouter.teams.microsoft.com,1,doh,24.747,24.747,24.747,271.20000000298023,1,pub-ent-ussc-02-t.trouter.teams.microsoft.com
9715,filerep-replica-win.ff.avast.com,1,doh,12.854,12.854,12.854,95.59999999403954,1,filerep-replica-win.ff.avast.com
10263,resources.xg4ken.com,1,doh,13.44,13.44,13.44,85.5,1,resources.xg4ken.com
9522,pub-ent-usnc-14-t.trouter.teams.microsoft.com,1,doh,24.681,24.681,24.681,179.5,1,pub-ent-usnc-14-t.trouter.teams.microsoft.com
9204,siteimproveanalytics.com,1,doh,12.964,24.606,24.605999999999995,409.5,2,siteimproveanalytics.com;static.cloudflareinsights.com
9861,eastus1-6.pushnp.svc.ms,1,doh,27.18,27.18,27.18,124.90000000596046,1,eastus1-6.pushnp.svc.ms
10047,pull-w5-sg01.tiktokcdn.com,1,doh,14.837,14.837,14.837,85.90000000596046,1,pull-w5-sg01.tiktokcdn.com
9825,figma.com,1,doh,11.7,144.39200000000002,76.52699999999994,915.5,7,cdn.sanity.io;f.vimeocdn.com;featureassets.org;figma.com;i.vimeocdn.com;player.vimeo.com;vimeo.com
9320,itunes.com,1,doh,13.344,48.53999999999999,48.53999999999997,781.0999999940395,3,itunes.com;securemetrics.apple.com;www.apple.com
9193,anonymised.io,1,doh,16.729,173.124,110.06700000000014,1265.7000000029802,11,anonymised.io;api.cmp.inmobi.com;cdn.jsdelivr.net;cdn.prod.website-files.com;cmp.inmobi.com;d3e54v103j8qbb.cloudfront.net;privacy-seal.heydata.eu;visit-server.inmobi-choice.io;www.anonymised.io;www.googletagmanager.com;ykyp33.csb.app
9571,e2c69.gcp.gvt2.com,1,doh,11.974,11.974,11.974,151.19999998807907,1,e2c69.gcp.gvt2.com
10102,asia-st-exappupgrade.vivoglobal.com,1,doh,14.705,14.705,14.705,762,1,asia-st-exappupgrade.vivoglobal.com
9876,try.abtasty.com,1,doh,13.395,13.395,13.395,469.8999999910593,1,try.abtasty.com
9553,e2c7.gcp.gvt2.com,1,doh,13.007,13.007,13.007,835.2999999970198,1,e2c7.gcp.gvt2.com
9245,policy.samsungcloud.com,1,doh,15.453,15.453,15.453,319,1,policy.samsungcloud.com
10215,fa000000117.resources.office.net,1,doh,16.494,16.494,16.494,410.80000001192093,1,fa000000117.resources.office.net
9236,o.isx.unity3d.com,1,doh,13.558,13.558,13.558,87.79999999701977,1,o.isx.unity3d.com
9133,gew1-dealer.g2.spotify.com,1,doh,12.633,12.633,12.633,435.5,1,gew1-dealer.g2.spotify.com
10163,ricoh.com,1,doh,181.678,328.88,307.6410000000001,3973.2999999970198,10,ce.mf.marsflag.com;cookie-cdn.cookiepro.com;geolocation.onetrust.com;px.ads.linkedin.com;ricoh.com;ricoh.static.fontplus.jp;snap.licdn.com;www.google-analytics.com;www.linkedin.com;www.ricoh.com
9807,pub-ent-ussc-07-t.trouter.teams.microsoft.com,1,doh,23.72,23.72,23.72,263.09999999403954,1,pub-ent-ussc-07-t.trouter.teams.microsoft.com
9437,p19-comment-sg-sign.tiktokcdn-us.com,1,doh,12.965,12.965,12.965,76.09999999403954,1,p19-comment-sg-sign.tiktokcdn-us.com
9389,myapplications.microsoft.com,1,doh,14.736,69.43900000000001,56.36899999999994,1452,5,aadcdn.msauth.net;eu-mobile.events.data.microsoft.com;login.live.com;login.microsoftonline.com;myapplications.microsoft.com
9421,pub-ent-usea2-10-t.trouter.teams.microsoft.com,1,doh,14.148,14.148,14.148,124.90000000596046,1,pub-ent-usea2-10-t.trouter.teams.microsoft.com
9525,e2c53.gcp.gvt2.com,1,doh,12.902,12.902,12.902,29377.60000000894,1,e2c53.gcp.gvt2.com
9982,dsu-a.shalltry.com,1,doh,12.986,12.986,12.986,385.59999999403954,1,dsu-a.shalltry.com
9583,e2c16.gcp.gvt2.com,1,doh,13.942,13.942,13.942,944,1,e2c16.gcp.gvt2.com
9773,log-config.samsungacr.com,1,doh,12.956,12.956,12.956,98.5,1,log-config.samsungacr.com
9717,solutions.invocacdn.com,1,doh,12.153,12.153,12.153,132,1,solutions.invocacdn.com
9855,www.twitter.com,1,doh,12.676,89.769,89.7690000000001,2325.7999999970198,7,abs-0.twimg.com;abs.twimg.com;accounts.google.com;appleid.cdn-apple.com;fonts.gstatic.com;www.twitter.com;x.com
10211,commerce32-normal-sg.capcutapi.com,1,doh,31.224,31.224,31.224,779,1,commerce32-normal-sg.capcutapi.com
9765,pub-ent-uswe-01-t.trouter.teams.microsoft.com,1,doh,15.537,15.537,15.537,346.6000000089407,1,pub-ent-uswe-01-t.trouter.teams.microsoft.com
10027,gcs-eu-00002.content-storage-download.googleapis.com,1,doh,14.89,14.89,14.89,627.2000000029802,1,gcs-eu-00002.content-storage-download.googleapis.com
9335,guc3-dealer-ssl.spotify.com,1,doh,12.445,12.445,12.445,100.3999999910593,1,guc3-dealer-ssl.spotify.com
9186,statusapi.micloud.xiaomi.net,1,doh,12.806,12.806,12.806,933.3000000119209,1,statusapi.micloud.xiaomi.net
9601,e2c82.gcp.gvt2.com,1,doh,15.585,15.585,15.585,188.5,1,e2c82.gcp.gvt2.com
9434,pub-ent-usea-07-t.trouter.teams.microsoft.com,1,doh,21.274,21.274,21.274,109.59999999403954,1,pub-ent-usea-07-t.trouter.teams.microsoft.com
9870,yelp.com,1,doh,14.624,146.31100000000004,124.79100000000028,1658.199999988079,11,accounts.google.com;api-js.datadome.co;cdn.cookielaw.org;geolocation.onetrust.com;js.datadome.co;s3-media0.fl.yelpcdn.com;sb.scorecardresearch.com;www.google-analytics.com;www.googletagmanager.com;www.yelp.com;yelp.com
9515,qualcomm.com,1,doh,18.558,124.51599999999999,90.48099999999977,1982,11,a40.usablenet.com;assets.adobedtm.com;cdn.bc0a.com;cdn.cookielaw.org;geolocation.onetrust.com;ixfd2-api.bc0a.com;prdgraphql.www.qualcomm.com;qualcomm.com;s7d1.scene7.com;static.cloud.coveo.com;www.qualcomm.com
9874,sub.pretty-fly4.com,1,doh,21.546,21.546,21.546,433.69999998807907,1,sub.pretty-fly4.com
9310,fpjs.io,1,doh,17.766,617.6429999999999,284.2289999999999,4218,44,44.238.122.172;a.usbrowserspeed.com;alb.reddit.com;analytics.google.com;api.fpjs.pro;api.hubapi.com;api.ipify.org;api.mapbox.com;api.vector.co;aplo-evnt.com;app.clearbit.com;app.factors.ai;assets.apollo.io;cdn.drda.io;cdn.dreamdata.cloud;cdn.metadata.io;cdn.vector.co;connect.facebook.net;dx.mountain.com;fingerprint.com;fonts.googleapis.com;fonts.gstatic.com;fpjs.io;googleads.g.doubleclick.net;js.hs-analytics.net;js.hs-banner.com;js.hs-scripts.com;js.hsadspixel.net;pixel-config.reddit.com;px.ads.linkedin.com;sdk.userledclient.io;snap.licdn.com;stats.g.doubleclick.net;tag.clearbitscripts.com;track.hubspot.com;tracking-api.g2.com;tracking.g2crowd.com;us-assets.i.posthog.com;us.assets.userled.io;www.google.com;www.googletagmanager.com;www.linkedin.com;www.redditstatic.com;x.clearbitjs.com
10034,ir.ebaystatic.com,1,doh,16.088,16.088,16.088,4311.79999999702,1,ir.ebaystatic.com
9355,tr-eop-fs.office.com,1,doh,15.957,52.356,52.35599999999989,787,4,aadcdn.msftauth.net;login.microsoftonline.com;res.public.onecdn.static.microsoft;tr-eop-fs.office.com
9629,e2c47.gcp.gvt2.com,1,doh,15.52,15.52,15.52,29360.5,1,e2c47.gcp.gvt2.com
9147,tvp-ads-log.samsungads.com,1,doh,14.05,14.05,14.05,86.79999999701977,1,tvp-ads-log.samsungads.com
9467,e2c48.gcp.gvt2.com,1,doh,12.495,12.495,12.495,202.40000000596046,1,e2c48.gcp.gvt2.com
9938,hw.zuimeitianqi.com,1,doh,13.793,13.793,13.793,194.19999998807907,1,hw.zuimeitianqi.com
9377,q.quora.com,1,doh,11.119,11.119,11.119,94.1000000089407,1,q.quora.com
9577,redfast.com,1,doh,25.996,514.8159999999999,328.29699999999985,678,39,439-lsc-903.mktoresp.com;alb.reddit.com;analytics.google.com;b.6sc.co;c.6sc.co;c.bing.com;c.clarity.ms;cdn.cookielaw.org;connect.facebook.net;distillery.wistia.com;embed-cloudfront.wistia.com;embed-ssl.wistia.com;epsilon.6sense.com;fast.wistia.com;fast.wistia.net;geolocation.onetrust.com;images.ctfassets.net;ipv6.6sc.co;j.6sc.co;js.zi-scripts.com;munchkin.marketo.net;pipedream.wistia.com;pixel-config.reddit.com;px.ads.linkedin.com;recurly.com;redfast.com;s.clarity.ms;scripts.clarity.ms;secure.adnxs.com;snap.licdn.com;stats.g.doubleclick.net;tracking.g2crowd.com;trk.techtarget.com;ws.zoominfo.com;www.clarity.ms;www.google.com;www.googletagmanager.com;www.linkedin.com;www.redditstatic.com
9904,gce-beacons.gcp.gvt2.com,1,doh,13.045,13.045,13.045,90.40000000596046,1,gce-beacons.gcp.gvt2.com
9278,coinbase.com,1,doh,13.822,25.718,25.717999999999957,458.25,2,challenges.cloudflare.com;coinbase.com
9952,config.gorgias.chat,1,doh,12.513,12.513,12.513,108.20000000298023,1,config.gorgias.chat
10238,ichef.bbci.co.uk,1,doh,13.675,13.675,13.675,107.70000000298023,1,ichef.bbci.co.uk
10022,service.officepy.microsoftusercontent.com,1,doh,13.71,13.71,13.71,122.5,1,service.officepy.microsoftusercontent.com
10251,lf16-tiktok-common.tiktokcdn-us.com,1,doh,14.664,14.664,14.664,342.29999999701977,1,lf16-tiktok-common.tiktokcdn-us.com
9360,pub-ent-usea-08-t.trouter.teams.microsoft.com,1,doh,13.149,13.149,13.149,91.79999999701977,1,pub-ent-usea-08-t.trouter.teams.microsoft.com
9681,rec.xiaohongshu.com,1,doh,15.315,15.315,15.315,338.1000000089407,1,rec.xiaohongshu.com
9798,wl.amazon-dss.com,1,doh,12.676,12.676,12.676,80.20000000298023,1,wl.amazon-dss.com
9263,api.company-target.com,1,doh,12.644,12.644,12.644,82.20000000298023,1,api.company-target.com
9537,bigo.sg,1,doh,14.623,352.011,286.4480000000001,1972.9000000059605,9,bigo.sg;gdl.bigo.sg;manage-www.bigo.sg;static-web.bigolive.tv;static-web.likeevideo.com;static.f2ecdn.com;support-json.like.video;www.google-analytics.com;www.googletagmanager.com
9518,pub-ent-usea-11-t.trouter.teams.microsoft.com,1,doh,13.821,13.821,13.821,100.40000000596046,1,pub-ent-usea-11-t.trouter.teams.microsoft.com
9131,track.securedvisit.com,1,doh,14.905,14.905,14.905,89.09999999403954,1,track.securedvisit.com
9898,ap-southeast-1.log.aliyuncs.com,1,doh,82.544,82.544,82.544,1062.5999999940395,1,ap-southeast-1.log.aliyuncs.com
9659,www.google.ca,1,doh,0.0,12.376999999999999,12.376999999999953,741.8999999910593,3,ogads-pa.clients6.google.com;play.google.com;www.gstatic.com
9530,js.gumgum.com,1,doh,14.274,14.274,14.274,116.40000000596046,1,js.gumgum.com
9609,eesysoft.com,1,doh,15.359,15.359,15.359,19604.20000000298,1,eesysoft.com
10220,p19-comment-va-sign.tiktokcdn-us.com,1,doh,14.315,14.315,14.315,83.79999999701977,1,p19-comment-va-sign.tiktokcdn-us.com
9799,pub-ent-ussc-01-t.trouter.teams.microsoft.com,1,doh,22.536,22.536,22.536,266.79999999701977,1,pub-ent-ussc-01-t.trouter.teams.microsoft.com
9613,dns-filter.familyzone.com,1,doh,12.856,12.856,12.856,95.80000001192093,1,dns-filter.familyzone.com
9909,c.albss.com,1,doh,10.37,10.37,10.37,134.1000000089407,1,c.albss.com
10119,cm.smadex.com,1,doh,13.516,13.516,13.516,130.70000000298023,1,cm.smadex.com
9416,o13855.ingest.sentry.io,1,doh,18.63,18.63,18.63,194.70000000298023,1,o13855.ingest.sentry.io
9182,frameo.net,1,doh,15.839,126.11800000000002,97.40300000000013,1329.7999999970198,9,cdnjs.cloudflare.com;ekr.zdassets.com;fonts.googleapis.com;frameo.net;frameo.zendesk.com;static.zdassets.com;use.typekit.net;www.frameo.com;www.termsfeed.com
9576,zmaticoo.com,1,doh,28.769,28.769,28.769,263.40000000596046,1,zmaticoo.com
9627,e2c65.gcp.gvt2.com,1,doh,13.535,13.535,13.535,132.30000001192093,1,e2c65.gcp.gvt2.com
9859,pull-cmaf-f77-tt02.tiktokcdn-us.com,1,doh,16.996,16.996,16.996,88.70000000298023,1,pull-cmaf-f77-tt02.tiktokcdn-us.com
9575,pub-ent-usea-05-t.trouter.teams.microsoft.com,1,doh,20.945,20.945,20.945,115.1000000089407,1,pub-ent-usea-05-t.trouter.teams.microsoft.com
9811,wgw.calix.ai,1,doh,12.955,12.955,12.955,91.19999998807907,1,wgw.calix.ai
9559,ts.eset.com,1,doh,13.279,13.279,13.279,417.8999999910593,1,ts.eset.com
9156,vod-dash.main.amazon.pv-cdn.net,1,doh,13.195,13.195,13.195,142.3999999910593,1,vod-dash.main.amazon.pv-cdn.net
9833,api-2-0.spot.im,1,doh,13.635,13.635,13.635,88.5,1,api-2-0.spot.im
9619,powerbi.com,1,doh,20.079,72.918,67.65699999999998,325.80000001192093,5,app.powerbi.com;content.powerapps.com;js.monitor.azure.com;login.microsoftonline.com;powerbi.com
9466,pub-ent-usnc-16-t.trouter.teams.microsoft.com,1,doh,22.396,22.396,22.396,181.70000000298023,1,pub-ent-usnc-16-t.trouter.teams.microsoft.com
9338,login.epm.cyberark.com,1,doh,14.061,14.061,14.061,2927.699999988079,1,login.epm.cyberark.com
9357,community.steamstatic.com,1,doh,20.753,20.753,20.753,115.79999999701977,1,community.steamstatic.com
9611,e2c2.gcp.gvt2.com,1,doh,13.507,13.507,13.507,660.2000000029802,1,e2c2.gcp.gvt2.com
9920,prdpmpolicyeastus.blob.core.windows.net,1,doh,12.732,12.732,12.732,120.8999999910593,1,prdpmpolicyeastus.blob.core.windows.net
9866,pull-flv-f10-sg01.tiktokcdn.com,1,doh,13.578,13.578,13.578,261.09999999403954,1,pull-flv-f10-sg01.tiktokcdn.com
9244,media.admob.com,1,doh,12.151,60.91,49.848999999999975,775.1999999880791,5,ajax.googleapis.com;fonts.googleapis.com;fonts.gstatic.com;media.admob.com;www.google-analytics.com
9274,passport16-normal-us-ttp.capcutapi.us,1,doh,14.988,14.988,14.988,114,1,passport16-normal-us-ttp.capcutapi.us
9134,yabs.yandex.ru,1,doh,13.128,13.128,13.128,684.9000000059605,1,yabs.yandex.ru
9580,pub-ent-usnc-12-t.trouter.teams.microsoft.com,1,doh,15.867,15.867,15.867,165.5,1,pub-ent-usnc-12-t.trouter.teams.microsoft.com
9854,pm.facebook.com,1,doh,14.9,14.9,14.9,144.20000000298023,1,pm.facebook.com
9481,et.nytimes.com,1,doh,20.555,20.555,20.555,89.5,1,et.nytimes.com
9658,rtb.linkedin.com,1,doh,11.697,22.411,22.410999999999998,133.59999999403954,2,rtb.linkedin.com;static.licdn.com
9832,pub-ent-uswe-11-t.trouter.teams.microsoft.com,1,doh,14.826,14.826,14.826,349.79999999701977,1,pub-ent-uswe-11-t.trouter.teams.microsoft.com
9752,pub-ent-uswe-07-t.trouter.teams.microsoft.com,1,doh,20.038,20.038,20.038,357.5,1,pub-ent-uswe-07-t.trouter.teams.microsoft.com
9991,cdn.mediago.io,1,doh,12.831,12.831,12.831,440.90000000596046,1,cdn.mediago.io
9153,api.locketcamera.com,1,doh,12.525,12.525,12.525,108.20000000298023,1,api.locketcamera.com
10216,www.myworkday.com,1,doh,13.598,13.598,13.598,136,1,www.myworkday.com
9154,amer01.azure-devices.net,1,doh,15.197,15.197,15.197,336.29999999701977,1,amer01.azure-devices.net
9636,pub-ent-uswe-05-t.trouter.teams.microsoft.com,1,doh,20.755,20.755,20.755,363.20000000298023,1,pub-ent-uswe-05-t.trouter.teams.microsoft.com
9589,gew4-dealer.g2.spotify.com,1,doh,14.809,14.809,14.809,434.29999999701977,1,gew4-dealer.g2.spotify.com
10073,alexa.na.gateway.devices.a2z.com,1,doh,16.463,16.463,16.463,92.30000001192093,1,alexa.na.gateway.devices.a2z.com
9976,intunemaape2.eus2.attest.azure.net,1,doh,12.645,12.645,12.645,115.20000000298023,1,intunemaape2.eus2.attest.azure.net
9986,pull-flv-f1-sg01.tiktokcdn.com,1,doh,15.254,15.254,15.254,83.20000000298023,1,pull-flv-f1-sg01.tiktokcdn.com
9863,sitecheck.opera.com,1,doh,14.744,14.744,14.744,155.5,1,sitecheck.opera.com
9200,shared.fastly.steamstatic.com,1,doh,12.818,12.818,12.818,84.20000000298023,1,shared.fastly.steamstatic.com
9315,user.auth.xboxlive.com,1,doh,14.545,14.545,14.545,217.5,1,user.auth.xboxlive.com
9330,pub-ent-usea-17-t.trouter.teams.microsoft.com,1,doh,13.483,13.483,13.483,109,1,pub-ent-usea-17-t.trouter.teams.microsoft.com
9356,ingest.vfw.prod.skywave.jetstream.advertising.a2z.com,1,doh,29.851,29.851,29.851,152.80000001192093,1,ingest.vfw.prod.skywave.jetstream.advertising.a2z.com
9492,e2c54.gcp.gvt2.com,1,doh,40.893,40.893,40.893,305.09999999403954,1,e2c54.gcp.gvt2.com
10267,na-eb2.3lift.com,1,doh,26.511,26.511,26.511,140.80000001192093,1,na-eb2.3lift.com
9396,pub-ent-usea-09-t.trouter.teams.microsoft.com,1,doh,19.746,19.746,19.746,109.3999999910593,1,pub-ent-usea-09-t.trouter.teams.microsoft.com
9759,pub-ent-usea2-11-t.trouter.teams.microsoft.com,1,doh,20.438,20.438,20.438,131.30000001192093,1,pub-ent-usea2-11-t.trouter.teams.microsoft.com
9482,a.et.nytimes.com,1,doh,13.726,13.726,13.726,105.70000000298023,1,a.et.nytimes.com
9666,jampp.com,1,doh,26.301,327.46099999999996,220.05300000000034,2257.9000000059605,22,analytics.google.com;api.hubapi.com;cdn.jsdelivr.net;cdn.prod.website-files.com;d3e54v103j8qbb.cloudfront.net;googleads.g.doubleclick.net;jampp.com;js.hs-analytics.net;js.hs-banner.com;js.hs-scripts.com;js.hsadspixel.net;px.ads.linkedin.com;sc.lfeeder.com;snap.licdn.com;stats.g.doubleclick.net;tr.lfeeder.com;track.hubspot.com;www.google-analytics.com;www.google.com;www.googletagmanager.com;www.jampp.com;www.linkedin.com
9757,pub-ent-usea2-03-t.trouter.teams.microsoft.com,1,doh,49.658,49.658,49.658,157.40000000596046,1,pub-ent-usea2-03-t.trouter.teams.microsoft.com
9792,ic-vt-nss.xhpingcdn.com,1,doh,21.636,21.636,21.636,104.09999999403954,1,ic-vt-nss.xhpingcdn.com
9720,d2.sc.omtrdc.net,1,doh,18.328,18.328,18.328,87.20000000298023,1,d2.sc.omtrdc.net
9758,pub-ent-usea-06-t.trouter.teams.microsoft.com,1,doh,23.884,23.884,23.884,122.90000000596046,1,pub-ent-usea-06-t.trouter.teams.microsoft.com
10225,rt.services.visualstudio.com,1,doh,15.327,15.327,15.327,347.59999999403954,1,rt.services.visualstudio.com
9830,static.parastorage.com,1,doh,15.264,15.264,15.264,369,1,static.parastorage.com
9956,mediation-sg.pangle.io,1,doh,11.911,11.911,11.911,368,1,mediation-sg.pangle.io
9801,pub-ent-uswe-16-t.trouter.teams.microsoft.com,1,doh,49.952,49.952,49.952,384.5,1,pub-ent-uswe-16-t.trouter.teams.microsoft.com
9849,gateway.bingviz.microsoftapp.net,1,doh,15.305,213.38900000000004,201.37300000000002,497.6000000089407,15,assets.msn.com;browser.events.data.msn.com;c.bing.com;c.msn.com;gateway.bingviz.microsoftapp.net;img-s-msn-com.akamaized.net;login.live.com;login.microsoftonline.com;m.adnxs.com;px.ads.linkedin.com;r.bing.com;trc.taboola.com;www.bing.com;www.msn.com;www2.bing.com
9857,fa000000116.resources.office.net,1,doh,14.923,14.923,14.923,160.1000000089407,1,fa000000116.resources.office.net
9309,api.engager.ecbsn.com,1,doh,14.029,14.029,14.029,565.7000000029802,1,api.engager.ecbsn.com
