rank,site,run,strategy,main_dns_ms,total_dns_sum_ms,wall_clock_dns_ms,page_load_ms,unique_domains_resolved,domains_resolved
7213,pull-flv-l77-gcp01.tiktokcdn.com,1,doh,13.525,13.525,13.525,63.400000005960464,1,pull-flv-l77-gcp01.tiktokcdn.com
6553,p170-content.icloud.com,1,doh,16.145,16.145,16.145,143.79999999701977,1,p170-content.icloud.com
6809,fa000000129.resources.office.net,1,doh,14.359,14.359,14.359,238.1000000089407,1,fa000000129.resources.office.net
6736,api.b2c.com,1,doh,15.331,27.759999999999998,27.76,277.90000000596046,2,api.b2c.com;static.cloudflareinsights.com
7058,mediation.goog,1,doh,0.0,14.733,14.733000000000004,248.5,1,www.google.com
7487,p19-comment-sign-sg.tiktokcdn.com,1,doh,15.568,15.568,15.568,82.40000000596046,1,p19-comment-sign-sg.tiktokcdn.com
7741,xblmessaging.xboxlive.com,1,doh,13.587,13.587,13.587,142.19999998807907,1,xblmessaging.xboxlive.com
7450,oec32-normal-no1a.tiktokv.eu,1,doh,120.77,120.77,120.77,491.20000000298023,1,oec32-normal-no1a.tiktokv.eu
6884,img.3lift.com,1,doh,15.283,71.014,71.014,246,4,divp3w86nodu0.cloudfront.net;fonts.googleapis.com;fonts.gstatic.com;img.3lift.com
6713,visualstudio.microsoft.com,1,doh,15.54,213.33399999999997,160.9869999999998,920.9000000059605,14,app.vssps.visualstudio.com;bam.nr-data.net;browser.events.data.microsoft.com;js-agent.newrelic.com;js.monitor.azure.com;login.live.com;mem.gfx.ms;s.clarity.ms;scripts.clarity.ms;uhf.microsoft.com;visualstudio.microsoft.com;wcpstatic.microsoft.com;www.clarity.ms;www.microsoft.com
7335,az416426.vo.msecnd.net,1,doh,15.302,15.302,15.302,417.3999999910593,1,az416426.vo.msecnd.net
7013,mon16-normal-no1a.tiktokv.eu,1,doh,16.924,16.924,16.924,377.69999998807907,1,mon16-normal-no1a.tiktokv.eu
6844,wise.public.cdn.office.net,1,doh,17.034,17.034,17.034,189.29999999701977,1,wise.public.cdn.office.net
6520,dig.bdurl.net,1,doh,14.492,14.492,14.492,467.19999998807907,1,dig.bdurl.net
7179,assets.mintegral.com,1,doh,16.036,16.036,16.036,121.90000000596046,1,assets.mintegral.com
6883,screencastify.com,1,doh,15.884,771.0109999999999,391.12900000000053,1831.2999999970198,48,accounts-api-us.ortto.app;ajax.googleapis.com;analytics.google.com;analytics.twitter.com;api.livechatinc.com;cdn-cookieyes.com;cdn.jsdelivr.net;cdn.livechatinc.com;cdn.prod.website-files.com;cm.g.doubleclick.net;connect.facebook.net;d.adroll.com;d3e54v103j8qbb.cloudfront.net;directory.cookieyes.com;dsum-sec.casalemedia.com;eb2.3lift.com;fonts.googleapis.com;fonts.gstatic.com;googleads.g.doubleclick.net;ib.adnxs.com;idsync.rlcdn.com;image2.pubmatic.com;joinamply.github.io;lex.33across.com;log.cookieyes.com;m.autopilotapp.com;match.adsrvr.org;ml314.com;pippio.com;pixel.rubiconproject.com;pixel.tapad.com;ps.eyeota.net;public.profitwell.com;px.ads.linkedin.com;s.adroll.com;screencastify.com;static.ads-twitter.com;stats.g.doubleclick.net;sync.outbrain.com;sync.taboola.com;t.co;track.mail.castify.com;us-u.openx.net;ww2.screencastify.com;www.google.com;www.googletagmanager.com;www.screencastify.com;x.bidswitch.net
7307,ec2.web.eu-north-1.prod.diagnostic.networking.aws.dev,1,doh,18.012,18.012,18.012,403.5,1,ec2.web.eu-north-1.prod.diagnostic.networking.aws.dev
6877,static.v2kyu1kjr.com,1,doh,23.394,23.394,23.394,945.2999999970198,1,static.v2kyu1kjr.com
7298,ip.claspws.tv,1,doh,13.7,13.7,13.7,85.5,1,ip.claspws.tv
7004,static.hj2k2.com,1,doh,45.165,45.165,45.165,417.20000000298023,1,static.hj2k2.com
7337,pull-f5-vr-va01.tiktokcdn.com,1,doh,15.881,15.881,15.881,93.70000000298023,1,pull-f5-vr-va01.tiktokcdn.com
7353,pull-f5-tt04.tiktokcdn-eu.com,1,doh,15.08,15.08,15.08,369.90000000596046,1,pull-f5-tt04.tiktokcdn-eu.com
7321,prod-1.us-east-1.mdcs.mshop.amazon.dev,1,doh,16.033,16.033,16.033,86.70000000298023,1,prod-1.us-east-1.mdcs.mshop.amazon.dev
7370,cdn.blisspointmedia.com,1,doh,15.902,15.902,15.902,92.5,1,cdn.blisspointmedia.com
7428,prod.appsuggestions.teams.cloud.microsoft,1,doh,13.665,13.665,13.665,149.29999999701977,1,prod.appsuggestions.teams.cloud.microsoft
7742,onedriveclubprodbn20051.blob.core.windows.net,1,doh,13.258,13.258,13.258,137.6000000089407,1,onedriveclubprodbn20051.blob.core.windows.net
7558,s2.go-mpulse.net,1,doh,14.455,14.455,14.455,194,1,s2.go-mpulse.net
7300,oculus.com,1,doh,15.111,222.615,188.61100000000107,2347,16,alb.reddit.com;analytics.google.com;analytics.tiktok.com;connect.facebook.net;lookaside.fbsbx.com;metadotcom.fbthirdpartypixel.com;oculus.com;sc-static.net;static.ads-twitter.com;static.xx.fbcdn.net;t.co;tags.tiqcdn.com;www.googletagmanager.com;www.meta.com;www.oculus.com;www.redditstatic.com
6594,s-b1731d75.kinesisvideo.us-west-2.amazonaws.com,1,doh,13.546,13.546,13.546,312.29999999701977,1,s-b1731d75.kinesisvideo.us-west-2.amazonaws.com
6963,ssbsync-use1.smartadserver.com,1,doh,14.445,14.445,14.445,88.70000000298023,1,ssbsync-use1.smartadserver.com
6581,p105-content.icloud.com,1,doh,13.735,13.735,13.735,151.30000001192093,1,p105-content.icloud.com
7584,imap-mail.outlook.com,1,doh,14.339,68.426,68.40099999999984,516.0999999940395,5,aadcdn.msftauth.net;imap-mail.outlook.com;login.live.com;login.microsoftonline.com;res.public.onecdn.static.microsoft
6792,outlook-cba.office365.com,1,doh,0.013,40.598000000000006,40.59799999999992,742.7000000029802,4,aadcdn.msftauth.net;login.microsoftonline.com;outlook-cba.office365.com;res.public.onecdn.static.microsoft
7631,finance-pa.googleapis.com,1,doh,0.0,12.318,12.317999999999998,138.1000000089407,1,www.google.com
6871,dsp-service.pixad.com.tr,1,doh,14.986,14.986,14.986,211.40000000596046,1,dsp-service.pixad.com.tr
6865,launcher-public-service-prod06.ol.epicgames.com,1,doh,20.737,20.737,20.737,118.70000000298023,1,launcher-public-service-prod06.ol.epicgames.com
6817,affirm.com,1,doh,13.958,631.5340000000001,368.04599999999965,2017.2000000029802,41,13382940.fls.doubleclick.net;ad.doubleclick.net;adservice.google.com;affirm.com;alb.reddit.com;analytics.google.com;api.company-target.com;api2.branch.io;app.link;beacon.lynx.cognitivlabs.com;cdn.branch.io;cdn.cookielaw.org;cdn.jsdelivr.net;cdn1.affirm.com;connect.facebook.net;dsum-sec.casalemedia.com;geolocation.onetrust.com;googleads.g.doubleclick.net;idsync.rlcdn.com;images.ctfassets.net;info.affirm.com;lottie.host;o4506950416203776.ingest.us.sentry.io;partners.tremorhub.com;pi.pardot.com;pixel-config.reddit.com;pixel.rubiconproject.com;s.company-target.com;s.pinimg.com;segments.company-target.com;static.cloudflareinsights.com;static.hotjar.com;stats.g.doubleclick.net;tag.demandbase.com;tracking-api.g2.com;tracking.g2crowd.com;videos.ctfassets.net;www.google.com;www.googleadservices.com;www.googletagmanager.com;www.redditstatic.com
6600,websdk.appsflyer.com,1,doh,16.344,16.344,16.344,111.5,1,websdk.appsflyer.com
6710,gridx.ai,1,doh,30.998,257.429,159.42300000000034,1519.2999999970198,16,cdn.jsdelivr.net;cdn.prod.website-files.com;cookiechimp.com;d3e54v103j8qbb.cloudfront.net;forms-na1.hsforms.com;forms.hsforms.com;gridx.ai;hubspotonwebflow.com;hubspotv2.use1-marketplace-1p-apps-prod-red.if.webflow.services;js.hs-banner.com;js.hs-scripts.com;js.hsforms.net;pagead2.googlesyndication.com;static.cloudflareinsights.com;www.googletagmanager.com;www.gridx.ai
6892,autopatch.juno.ea.com,1,doh,16.829,16.829,16.829,144.1000000089407,1,autopatch.juno.ea.com
6692,pull-flv-f77-sg01.tiktokcdn.com,1,doh,23.687,23.687,23.687,92.59999999403954,1,pull-flv-f77-sg01.tiktokcdn.com
6930,client-update.fastly.steamstatic.com,1,doh,17.282,17.282,17.282,157.20000000298023,1,client-update.fastly.steamstatic.com
7702,eastus1-mediap.svc.ms,1,doh,15.1,15.1,15.1,156.30000001192093,1,eastus1-mediap.svc.ms
7382,pull-w5-gcp01.tiktokcdn.com,1,doh,20.455,20.455,20.455,99.3999999910593,1,pull-w5-gcp01.tiktokcdn.com
7469,appstore-tv-prod-na.amazon.com,1,doh,15.475,15.475,15.475,100.70000000298023,1,appstore-tv-prod-na.amazon.com
6951,wb.ru,1,doh,139.496,279.933,279.933,201,2,wb.ru;www.wildberries.ru
7181,resolver1.opendns.com,1,doh,12.925,12.925,12.925,89.59999999403954,1,resolver1.opendns.com
7752,onedriveclubprodbn20041.blob.core.windows.net,1,doh,12.802,12.802,12.802,133.29999999701977,1,onedriveclubprodbn20041.blob.core.windows.net
7727,pull-flv-f64-sg01.tiktokcdn.com,1,doh,15.238,15.238,15.238,85.59999999403954,1,pull-flv-f64-sg01.tiktokcdn.com
6929,api.instabug.com,1,doh,13.165,13.165,13.165,115,1,api.instabug.com
6811,helpshift.com,1,doh,25.609,81.642,81.64200000000014,1727.699999988079,4,fonts.googleapis.com;fonts.gstatic.com;helpshift.com;www.helpshift.com
7683,configprd.samsungcloudsolution.net,1,doh,12.792,12.792,12.792,275.09999999403954,1,configprd.samsungcloudsolution.net
7103,vidazoo.com,1,doh,16.485,243.25200000000004,150.2920000000007,1665.300000011921,17,consent.cookiebot.com;consentcdn.cookiebot.com;evt.undertone.com;forms-na1.hsforms.com;forms.hsforms.com;js.hsforms.net;match.adsrvr.org;perion.com;pixel.tapad.com;px.ads.linkedin.com;snap.licdn.com;unpkg.com;vee-crm.com;vidazoo.com;www.google-analytics.com;www.googletagmanager.com;www.linkedin.com
6707,api.userway.org,1,doh,12.56,12.56,12.56,1530.7000000029802,1,api.userway.org
7073,cxense.com,1,doh,20.122,502.01399999999995,385.4110000000001,2538.5999999940395,31,api.axept.io;api.framer.com;app.framerstatic.com;cdn.claydar.com;cdn.cxense.com;cdn.leandata.com;cdn.tinypass.com;cdn1.leandata.com;client.axept.io;cxense.com;events.framer.com;fonts.axept.io;fonts.googleapis.com;fqwcfzg.pa-cd.com;framer.com;framerusercontent.com;googleads.g.doubleclick.net;marketing.piano.io;p1cluster.cxense.com;pi.pardot.com;piano.io;px.ads.linkedin.com;snap.licdn.com;static.axept.io;static.claydar.com;tag.aticdn.net;website-for-pianoio.pages.dev;www.google.com;www.googletagmanager.com;www.linkedin.com;www.piano.io
6636,amspbs.com,1,doh,15.518,15.518,15.518,85.30000001192093,1,amspbs.com
7569,amazonsilk.com,1,doh,30.642,70.688,70.68799999999999,247.70000000298023,3,amazonsilk.com;images-na.ssl-images-amazon.com;www.amazon.com
7635,xmppapi.zoom.us,1,doh,14.692,14.692,14.692,88.70000000298023,1,xmppapi.zoom.us
7356,optidigital.com,1,doh,15.289,680.6770000000001,252.45299999999838,5377.699999988079,43,analytics.google.com;api.consentframework.com;api.hubapi.com;app.hubspot.com;cache.consentframework.com;cdn.abconsent.net;choices.consentframework.com;cm.g.doubleclick.net;cms.analytics.yahoo.com;cookie-matching.mediarithmics.com;dpm.demdex.net;googleads.g.doubleclick.net;i.simpli.fi;image6.pubmatic.com;js.hs-analytics.net;js.hs-banner.com;js.hs-scripts.com;js.hsadspixel.net;js.hscollectedforms.net;js.hsforms.net;js.hubspot.com;js.sddan.com;js.usemessages.com;map.sddan.com;match.adsrvr.org;new.optidigital.com;optidigital.com;perf-na1.hsforms.com;pixel.rubiconproject.com;ps.eyeota.net;px.ads.linkedin.com;redirect.frontend.weborama.fr;s.amazon-adsystem.com;secure.adnxs.com;sitebehaviour-cdn.fra1.cdn.digitaloceanspaces.com;snap.licdn.com;static.hsappstatic.net;stats.g.doubleclick.net;sync.crwdcntrl.net;sync.smartadserver.com;ups.analytics.yahoo.com;www.google.com;www.linkedin.com
7035,classlink.com,1,doh,23.864,413.34899999999993,232.07799999999958,2437,27,accounts.finsweet.com;ajax.googleapis.com;api.consentpro.com;c.bing.com;c.clarity.ms;cdn.jetboost.io;cdn.jsdelivr.net;cdn.prod.website-files.com;cdn.weglot.com;challenges.cloudflare.com;classlink.com;d3e54v103j8qbb.cloudfront.net;fonts.googleapis.com;fonts.gstatic.com;p.typekit.net;s.clarity.ms;sc.lfeeder.com;scripts.clarity.ms;tr.lfeeder.com;use.typekit.net;webassets-cdn.classlink.com;www.clarity.ms;www.classlink.com;www.google-analytics.com;www.google.com;www.googletagmanager.com;www.gstatic.com
7649,lat-services.api.data.roku.com,1,doh,13.266,13.266,13.266,113.1000000089407,1,lat-services.api.data.roku.com
6986,dldir1v6.qq.com,1,doh,230.089,230.089,230.089,2192.2999999970198,1,dldir1v6.qq.com
7443,manifest.prod.boltdns.net,1,doh,14.046,14.046,14.046,123.29999999701977,1,manifest.prod.boltdns.net
6766,manage-selfhost.microsoft.com,1,doh,31.785,130.249,126.6770000000001,691.6999999880791,7,aadcdn.msauth.net;aka.ms;intune.microsoft.com;login.live.com;login.microsoftonline.com;manage-selfhost.microsoft.com;portal.azure.com
7760,tdms.apple.com,1,doh,32.198,32.198,32.198,113.8999999910593,1,tdms.apple.com
6914,ensighten.com,1,doh,27.496,580.745,323.2180000000001,2748.9000000059605,35,analytics.google.com;api.hubapi.com;app.clearbit.com;august.takingbackjuly.com;bat.bing.com;cdnjs.cloudflare.com;cheq.ai;connect.facebook.net;doh.cq0.co;ensighten.com;forms-na1.hsforms.com;forms.hsforms.com;googleads.g.doubleclick.net;js.chilipiper.com;js.hs-analytics.net;js.hs-banner.com;js.hs-scripts.com;js.hsadspixel.net;js.hscollectedforms.net;js.hsforms.net;june.takingbackjuly.com;player.vimeo.com;pocustrack.com;px.ads.linkedin.com;snap.licdn.com;stats.g.doubleclick.net;tag.clearbitscripts.com;tms.cheq.ai;track.hubspot.com;www.clickcease.com;www.google.com;www.googletagmanager.com;www.linkedin.com;www.youtube.com;x.clearbitjs.com
6941,sogou.com,1,doh,240.428,297.843,283.53999999999985,2286.5999999940395,4,dlweb.sogoucdn.com;h.trace.qq.com;pb.sogou.com;sogou.com
7359,fout.jp,1,doh,15.327,890.499,740.5640000000002,3409.2999999970198,21,analytics-ipv6.tiktokw.us;analytics.google.com;analytics.tiktok.com;audiencedata.im-apps.net;cdnjs.cloudflare.com;cnt.fout.jp;code.jquery.com;connect.facebook.net;dmp.im-apps.net;fonts.googleapis.com;fonts.gstatic.com;fout.jp;googleads.g.doubleclick.net;js.fout.jp;make-some-noise.fout.co.jp;stats.g.doubleclick.net;www.fout.co.jp;www.google-analytics.com;www.google.com;www.googletagmanager.com;www2.fout.co.jp
6823,p177-content.icloud.com,1,doh,17.56,17.56,17.56,157.8999999910593,1,p177-content.icloud.com
7084,platform-api.sharethis.com,1,doh,13.897,13.897,13.897,222.40000000596046,1,platform-api.sharethis.com
6785,dc.applicationinsights.azure.com,1,doh,45.235,45.235,45.235,142.59999999403954,1,dc.applicationinsights.azure.com
7675,api.cylance.com,1,doh,14.138,14.138,14.138,83.6000000089407,1,api.cylance.com
7530,music.amazon.com,1,doh,15.537,129.27599999999998,99.82600000000014,467.5,8,api2.branch.io;app.link;cdn.branch.io;client.rum.us-east-1.amazonaws.com;d5fx445wy2wpk.cloudfront.net;m.media-amazon.com;music.amazon.com;na.web.skill.music.a2z.com
6572,clients.config.gcc.office.net,1,doh,16.041,16.041,16.041,214.5,1,clients.config.gcc.office.net
6721,api.radar.io,1,doh,13.703,13.703,13.703,93.70000000298023,1,api.radar.io
7679,pps.whatsapp.net,1,doh,18.775,18.775,18.775,78.59999999403954,1,pps.whatsapp.net
6564,ads.roku.com,1,doh,16.293,205.39199999999997,162.42100000000067,1054.7999999970198,13,ads.roku.com;ads.w55c.net;api.ads.roku.com;cdn.auth0.com;cdn.jsdelivr.net;cdn.pendo.io;data.pendo.io;fonts.googleapis.com;fonts.gstatic.com;image.roku.com;login.ads.roku.com;static.cloudflareinsights.com;widget.intercom.io
7011,sf-teko-source.tiktokcdn.com,1,doh,20.232,20.232,20.232,91.40000000596046,1,sf-teko-source.tiktokcdn.com
6599,cmp.osano.com,1,doh,14.313,14.313,14.313,79.29999999701977,1,cmp.osano.com
7483,arcore.googleapis.com,1,doh,0.0,13.352,13.352000000000004,199.40000000596046,1,www.google.com
7006,quad9.net,1,doh,16.235,16.235,16.235,928.0999999940395,1,quad9.net
7025,shepherd.ff.avast.com,1,doh,12.64,12.64,12.64,102.30000001192093,1,shepherd.ff.avast.com
6559,p182-content.icloud.com,1,doh,14.091,14.091,14.091,148.59999999403954,1,p182-content.icloud.com
7301,ec2.web.eu-south-1.prod.diagnostic.networking.aws.dev,1,doh,13.099,13.099,13.099,368.30000001192093,1,ec2.web.eu-south-1.prod.diagnostic.networking.aws.dev
7626,c.us.heap-api.com,1,doh,14.836,679.5150000000001,532.2440000000009,2913.2999999970198,45,alb.reddit.com;analytics.google.com;app.clearbit.com;assets.apollo.io;c.contentsquare.net;c.us.heap-api.com;cdn.cookielaw.org;cdn.heapanalytics.com;cdn.jsdelivr.net;connect.facebook.net;contentsquare.chilipiper.com;epsilon.6sense.com;eu.api.fpjs.io;fpjscdn.net;geolocation.onetrust.com;googleads.g.doubleclick.net;heap.io;heapanalytics.com;images.ctfassets.net;ipv6.6sc.co;j.6sc.co;k-aus1.contentsquare.net;marketo.clearbit.com;munchkin.marketo.net;page.contentsquare.com;pixel-config.reddit.com;pubads.g.doubleclick.net;px.ads.linkedin.com;snap.licdn.com;srm.bf.contentsquare.net;static.cloudflareinsights.com;static.hj.contentsquare.net;stats.g.doubleclick.net;t.contentsquare.net;tag.clearbitscripts.com;tracking-api.g2.com;tracking.g2crowd.com;videos.ctfassets.net;www.google-analytics.com;www.google.com;www.googleadservices.com;www.googletagmanager.com;www.linkedin.com;www.redditstatic.com;x.clearbitjs.com
6667,salesforce-scrt.com,1,doh,17.813,32.192,32.19199999999999,355.3999999910593,2,salesforce-scrt.com;www.salesforce.com
7007,m.7df5u.com,1,doh,232.458,232.458,232.458,1051.2000000029802,1,m.7df5u.com
7351,algolia.net,1,doh,13.29,13.29,13.29,456.59999999403954,1,algolia.net
7637,onedriveclubproddm20031.blob.core.windows.net,1,doh,15.196,15.196,15.196,259.79999999701977,1,onedriveclubproddm20031.blob.core.windows.net
6514,portal.manage.microsoft.us,1,doh,54.021,81.562,81.56199999999994,1006.7000000029802,3,aadcdn.msftauth.net;login.microsoftonline.us;portal.manage.microsoft.us
7706,ts01-laggar-gcw.cloudsink.net,1,doh,16.382,16.382,16.382,308.59999999403954,1,ts01-laggar-gcw.cloudsink.net
7327,media.yahoo.com,1,doh,31.097,800.4519999999997,379.8559999999999,1084,58,ad-delivery.net;ads.pubmatic.com;ads.yieldmo.com;analytics.google.com;ap.lijit.com;api.rlcdn.com;bb.lijit.com;bh.contextweb.com;c2shb-oao.ssp.yahoo.com;cdn.p-n.io;cdn.taboola.com;cm.g.doubleclick.net;consent.cmp.oath.com;contextual.media.net;eus.rubiconproject.com;exchange.kueezrtb.com;fastlane.rubiconproject.com;grid-bidder.criteo.com;guce.yahoo.com;hbopenbid.pubmatic.com;htlb.casalemedia.com;ib.adnxs.com;idx.liadm.com;match.sharethrough.com;measureadv.com;media.yahoo.com;ms-cookie-sync.presage.io;ncp-gw-frontpage.media.yahoo.com;nexus-gateway-prod.media.yahoo.com;noa.yahoo.com;onetag-sys.com;opus.analytics.yahoo.com;pbs-cs.yellowblue.io;pbs-yahoo-us.ay.delivery;pbs.yahoo.com;pm-widget.taboola.com;prebid-match.dotomi.com;prebid-server.rubiconproject.com;prebid.media.net;rp.liadm.com;rtb.gumgum.com;rtb.mfadsrvr.com;rtb.openx.net;s.seedtag.com;s.yimg.com;sb.scorecardresearch.com;secure-assets.rubiconproject.com;securepubads.g.doubleclick.net;signal-service.pbs.yahoo.com;ssc-cms.33across.com;ssp-sync.criteo.com;stats.g.doubleclick.net;tlx.3lift.com;tsdtocl.com;ups.analytics.yahoo.com;wnsrvbjmeprtfrnfx.ay.delivery;www.googletagmanager.com;www.yahoo.com
6590,www.google.com.vn,1,doh,0.0,13.195000000000002,13.19500000000005,635.0999999940395,3,ogads-pa.clients6.google.com;play.google.com;www.gstatic.com
7688,alert.life360.com,1,doh,17.791,35.981,35.980999999999995,210.79999999701977,2,alert.life360.com;static.cloudflareinsights.com
6765,fdz.flashtalking.com,1,doh,13.433,13.433,13.433,76.3999999910593,1,fdz.flashtalking.com
6742,nam04.safelinks.protection.outlook.com,1,doh,17.116,17.116,17.116,144.20000000298023,1,nam04.safelinks.protection.outlook.com
7169,in.treasuredata.com,1,doh,14.825,14.825,14.825,95.09999999403954,1,in.treasuredata.com
7319,tnc16-alisg.isnssdk.com,1,doh,18.176,18.176,18.176,387.09999999403954,1,tnc16-alisg.isnssdk.com
7769,seed-mix-image.spotifycdn.com,1,doh,14.444,14.444,14.444,86.6000000089407,1,seed-mix-image.spotifycdn.com
6686,ipac.ctnsnet.com,1,doh,13.463,13.463,13.463,133.8999999910593,1,ipac.ctnsnet.com
6735,rdbroker.wvd.microsoft.com,1,doh,24.219,24.219,24.219,139.40000000596046,1,rdbroker.wvd.microsoft.com
7239,sxp.smartclip.net,1,doh,28.463,107.143,81.26000000000008,1129.2999999970198,5,cdn.auth0.com;cdnjs.cloudflare.com;login.smartclip.net;stackpath.bootstrapcdn.com;sxp.smartclip.net
6887,powerapps.com,1,doh,24.102,763.3069999999999,618.3039999999991,4583.5,44,a.tribalfusion.com;accdn-vip.lpsnmedia.net;analytics.twitter.com;assets.adobedtm.com;browser.events.data.microsoft.com;c.bing.com;c.s-microsoft.com;cdn-dynmedia-1.microsoft.com;cm.everesttech.net;cm.g.doubleclick.net;cms.analytics.yahoo.com;cms.quantserve.com;dpm.demdex.net;edge.adobedc.net;ib.adnxs.com;idpix.media6degrees.com;idsync.rlcdn.com;js.monitor.azure.com;login.live.com;login.microsoftonline.com;lptag.liveperson.net;match.adsrvr.org;mscom.demdex.net;msftenterprise.sc.omtrdc.net;play.vidyard.com;powerapps.com;powerapps.microsoft.com;proteanwps-gdftf3fgf0f0fye5.b01.azurefd.net;publisher.liveperson.net;px.owneriq.net;rtd-tm.everesttech.net;rtd.tubemogul.com;rum.hlx.page;s.clarity.ms;scripts.clarity.ms;servedby.flashtalking.com;static-assets.fs.liveperson.com;target.microsoft.com;uhf.microsoft.com;ups.analytics.yahoo.com;va-vip.v.liveperson.net;wcpstatic.microsoft.com;www.clarity.ms;www.microsoft.com
7758,powerpoint-telemetry.officeapps.live.com,1,doh,13.534,221.13400000000001,151.46500000000037,1620.2000000029802,16,admin.microsoft.com;browser.events.data.microsoft.com;c.s-microsoft.com;config.edge.skype.com;js.monitor.azure.com;login.live.com;login.microsoftonline.com;mem.gfx.ms;powerpoint-telemetry.officeapps.live.com;res.cdn.office.net;s.clarity.ms;scripts.clarity.ms;uhf.microsoft.com;www.clarity.ms;www.microsoft.com;www.office.com
6770,js.klarna.com,1,doh,16.05,16.05,16.05,116.1000000089407,1,js.klarna.com
6677,cdn.clinch.co,1,doh,14.713,14.713,14.713,124.3999999910593,1,cdn.clinch.co
7186,ec2.web.eu-west-2.prod.diagnostic.networking.aws.dev,1,doh,13.656,13.656,13.656,308.09999999403954,1,ec2.web.eu-west-2.prod.diagnostic.networking.aws.dev
7526,fonts.net,1,doh,18.354,18.354,18.354,19717.70000000298,1,fonts.net
7352,ads.adthrive.com,1,doh,15.065,15.065,15.065,154.29999999701977,1,ads.adthrive.com
7729,patronus.idata.shopeemobile.com,1,doh,14.966,14.966,14.966,762.8000000119209,1,patronus.idata.shopeemobile.com
7166,gcs-us-00002.content-storage-download.googleapis.com,1,doh,15.207,15.207,15.207,113.20000000298023,1,gcs-us-00002.content-storage-download.googleapis.com
6909,p179-content.icloud.com,1,doh,14.843,14.843,14.843,152.70000000298023,1,p179-content.icloud.com
7086,widget-pixels.outbrain.com,1,doh,19.665,19.665,19.665,178.79999999701977,1,widget-pixels.outbrain.com
7368,weather.swishapps.ai,1,doh,14.222,14.222,14.222,89.80000001192093,1,weather.swishapps.ai
7434,ire-dsc.shalltry.com,1,doh,15.344,15.344,15.344,486.09999999403954,1,ire-dsc.shalltry.com
6615,server.cpmstar.com,1,doh,13.221,13.221,13.221,81.20000000298023,1,server.cpmstar.com
7320,authsvc.teams.microsoft.com,1,doh,15.305,15.305,15.305,163,1,authsvc.teams.microsoft.com
6683,k.clarity.ms,1,doh,14.338,14.338,14.338,105.30000001192093,1,k.clarity.ms
7391,provisioning.agentcontrol.us-west-2.prd.cdo.system-monitor.com,1,doh,25.439,25.439,25.439,331.3999999910593,1,provisioning.agentcontrol.us-west-2.prd.cdo.system-monitor.com
7473,pubnub.com,1,doh,13.476,463.07500000000005,324.0889999999999,2247.1000000089407,26,330-xqk-637.mktoresp.com;analytics.google.com;api-ingest.pocustrack.com;api.cr-proxy.com;api.segment.io;api.vector.co;bat.bing.com;cdn.amplitude.com;cdn.builder.io;cdn.cookielaw.org;cdn.cr-proxy.com;cdn.vector.co;fonts.googleapis.com;geolocation.onetrust.com;googleads.g.doubleclick.net;js.zi-scripts.com;munchkin.marketo.net;pubads.g.doubleclick.net;pubnub.com;sentry.pubnub.com;stats.g.doubleclick.net;ws.zoominfo.com;www.google-analytics.com;www.google.com;www.googletagmanager.com;www.pubnub.com
7371,service-aggregation-layer.juno.ea.com,1,doh,15.226,15.226,15.226,272.59999999403954,1,service-aggregation-layer.juno.ea.com
7376,aggr16-normal.tiktokv.com,1,doh,17.199,17.199,17.199,96.5,1,aggr16-normal.tiktokv.com
7091,na1.data.workspaceone.com,1,doh,18.939,80.188,80.18800000000005,1810.5999999940395,3,cdn.pendo.io;d2oh183cm2fzuo.cloudfront.net;na1.data.workspaceone.com
7099,download.lenovo.com,1,doh,16.732,16.732,16.732,142.70000000298023,1,download.lenovo.com
7522,uniflowonline.com,1,doh,17.924,145.135,124.63400000000007,937.7999999970198,10,app.usercentrics.eu;fonts.gstatic.com;googleads.g.doubleclick.net;i.ytimg.com;static.doubleclick.net;uct.service.usercentrics.eu;uniflowonline.com;www.google.com;www.uniflowonline.com;www.youtube.com
7051,img4.hulu.com,1,doh,14.355,14.355,14.355,108.69999998807907,1,img4.hulu.com
6697,nintendo.com,1,doh,18.943,317.249,241.1619999999997,4229.0999999940395,23,a5740182066954240.cdn.optimizely.com;accounts.nintendo.com;api.accounts.nintendo.com;assets.nintendo.com;caru.bbbprograms.org;cdn.accounts.nintendo.com;cdn.cookielaw.org;cdn.pricespider.com;cdn.quantummetric.com;geolocation.onetrust.com;graph.nintendo.com;ingest.quantummetric.com;logx.optimizely.com;nintendo.com;o4507091576815616.ingest.us.sentry.io;pagead2.googlesyndication.com;polyfill-fastly.io;siteintercept.qualtrics.com;www.google-analytics.com;www.google.com;www.googletagmanager.com;www.nintendo.com;zn5aocakgjj2uagxj-nintendoofamerica.siteintercept.qualtrics.com
6977,secure.livechatinc.com,1,doh,15.966,177.575,95.15200000000002,644.9000000059605,10,accounts.livechat.com;analytics.google.com;cdn.livechat-static.com;cdnx.livechatinc.com;fonts.googleapis.com;fonts.gstatic.com;secure.livechatinc.com;stats.g.doubleclick.net;www.google-analytics.com;www.googletagmanager.com
7491,aggregator.service.usercentrics.eu,1,doh,13.947,13.947,13.947,181.29999999701977,1,aggregator.service.usercentrics.eu
7612,onedriveclubproddm20025.blob.core.windows.net,1,doh,15.055,15.055,15.055,223.29999999701977,1,onedriveclubproddm20025.blob.core.windows.net
7714,myworkdaycdn.com,1,doh,15.956,28.127,28.126999999999992,171.3999999910593,2,myworkdaycdn.com;static.cloudflareinsights.com
6897,m.9ffyu1g9c.com,1,doh,32.788,32.788,32.788,809.5999999940395,1,m.9ffyu1g9c.com
6657,is3-ssl.mzstatic.com,1,doh,14.527,14.527,14.527,91.70000000298023,1,is3-ssl.mzstatic.com
6867,s.w-x.co,1,doh,12.937,12.937,12.937,108.5,1,s.w-x.co
7427,prod-rel-ffc-ccm.oobesaas.adobe.com,1,doh,14.403,14.403,14.403,90,1,prod-rel-ffc-ccm.oobesaas.adobe.com
7564,secure-dcr.imrworldwide.com,1,doh,13.905,13.905,13.905,84.90000000596046,1,secure-dcr.imrworldwide.com
7260,ec2.web.ap-southeast-3.prod.diagnostic.networking.aws.dev,1,doh,15.211,15.211,15.211,815.0999999940395,1,ec2.web.ap-southeast-3.prod.diagnostic.networking.aws.dev
7751,e8.c.lencr.org,1,doh,16.782,16.782,16.782,338.40000000596046,1,e8.c.lencr.org
6848,p175-content.icloud.com,1,doh,13.24,13.24,13.24,153,1,p175-content.icloud.com
7763,gfwsl.geforce.com,1,doh,13.693,13.693,13.693,1034.699999988079,1,gfwsl.geforce.com
6530,us-east-1-cs-rtb.openwebmp.com,1,doh,15.118,15.118,15.118,96,1,us-east-1-cs-rtb.openwebmp.com
7548,control-zoo-dtsprod.tvinteractive.tv,1,doh,11.983,11.983,11.983,83.59999999403954,1,control-zoo-dtsprod.tvinteractive.tv
7690,pull-f5-sg01.fcdn.eu.tiktokcdn.com,1,doh,15.133,15.133,15.133,375.20000000298023,1,pull-f5-sg01.fcdn.eu.tiktokcdn.com
7116,apex.go.sonobi.com,1,doh,15.987,15.987,15.987,271.29999999701977,1,apex.go.sonobi.com
7165,data.cylance.com,1,doh,16.201,16.201,16.201,99.3999999910593,1,data.cylance.com
7746,bid.sparteo.com,1,doh,12.623,12.623,12.623,342.59999999403954,1,bid.sparteo.com
7511,ec2.web.mx-central-1.prod.diagnostic.networking.aws.dev,1,doh,14.175,14.175,14.175,314.3999999910593,1,ec2.web.mx-central-1.prod.diagnostic.networking.aws.dev
7112,ec2.web.ap-south-2.prod.diagnostic.networking.aws.dev,1,doh,13.95,13.95,13.95,896.5,1,ec2.web.ap-south-2.prod.diagnostic.networking.aws.dev
6726,dynamics.com,1,doh,19.378,649.9660000000002,528.4299999999982,4039.1000000089407,43,a.tribalfusion.com;accdn-vip.lpsnmedia.net;analytics.twitter.com;assets.adobedtm.com;browser.events.data.microsoft.com;c.bing.com;c.s-microsoft.com;cdn-dynmedia-1.microsoft.com;cm.everesttech.net;cm.g.doubleclick.net;cms.quantserve.com;dpm.demdex.net;dynamics.com;dynamics.microsoft.com;edge.adobedc.net;galleryapplogos2-ajhfbbhxfmembqf5.b02.azurefd.net;ib.adnxs.com;idpix.media6degrees.com;idsync.rlcdn.com;js.monitor.azure.com;login.live.com;login.microsoftonline.com;lptag.liveperson.net;match.adsrvr.org;mscom.demdex.net;msftenterprise.sc.omtrdc.net;play.vidyard.com;publisher.liveperson.net;res.cdn.office.net;rtd-tm.everesttech.net;rtd.tubemogul.com;rum.hlx.page;s.clarity.ms;scripts.clarity.ms;servedby.flashtalking.com;static-assets.fs.liveperson.com;store-images.s-microsoft.com;target.microsoft.com;uhf.microsoft.com;va-vip.v.liveperson.net;wcpstatic.microsoft.com;www.clarity.ms;www.microsoft.com
7005,sync.ex.co,1,doh,13.67,13.67,13.67,67.40000000596046,1,sync.ex.co
6790,vst.c.appier.net,1,doh,14.874,14.874,14.874,75.6000000089407,1,vst.c.appier.net
7360,roovza.cdn-settings.appsflyersdk.com,1,doh,13.564,13.564,13.564,95.79999999701977,1,roovza.cdn-settings.appsflyersdk.com
6630,belkin.com,1,doh,15.198,541.448,331.8039999999992,3330.7999999970198,33,a.klaviyo.com;api.userway.org;belkin.com;belkin.my.salesforce-scrt.com;belkin.my.site.com;c.webtrends-optimize.com;cdn-loyalty.yotpo.com;cdn-swell-assets.yotpo.com;cdn-widgetsrepository.yotpo.com;cdn.cnstrc.com;cdn.cookielaw.org;cdn.cquotient.com;cdn.userway.org;cnstrc.com;d38xvr37kwwhcm.cloudfront.net;fast.a.klaviyo.com;fonts.cdnfonts.com;fonts.googleapis.com;geolocation.onetrust.com;js.klarna.com;maxcdn.bootstrapcdn.com;p.cquotient.com;pat.webtrends-optimize.com;s3.belkin.com;sdk.helloextend.com;static-forms.klaviyo.com;static.cloudflareinsights.com;static.klaviyo.com;unpkg.com;www.belkin.com;www.cloudflare.com;www.googletagmanager.com;x.klarnacdn.net
7066,ch-vid-events.taboola.com,1,doh,12.795,12.795,12.795,144,1,ch-vid-events.taboola.com
6890,v3.tiktokcdn.com,1,doh,249.021,249.021,249.021,1231.2999999970198,1,v3.tiktokcdn.com
7685,achievements.xboxlive.com,1,doh,13.727,13.727,13.727,464.59999999403954,1,achievements.xboxlive.com
7000,trackedevt.1rx.io,1,doh,12.543,12.543,12.543,9111.5,1,trackedevt.1rx.io
6544,console.us.code42.com,1,doh,13.676,25.805,25.80500000000002,647.7999999970198,2,console.us.code42.com;use.typekit.net
6978,piano.io,1,doh,15.401,476.446,325.5469999999998,2189.1000000089407,30,api.axept.io;api.framer.com;app.framerstatic.com;cdn.claydar.com;cdn.cxense.com;cdn.leandata.com;cdn.tinypass.com;cdn1.leandata.com;client.axept.io;events.framer.com;fonts.axept.io;fonts.googleapis.com;fqwcfzg.pa-cd.com;framer.com;framerusercontent.com;googleads.g.doubleclick.net;marketing.piano.io;p1cluster.cxense.com;pi.pardot.com;piano.io;px.ads.linkedin.com;snap.licdn.com;static.axept.io;static.claydar.com;tag.aticdn.net;website-for-pianoio.pages.dev;www.google.com;www.googletagmanager.com;www.linkedin.com;www.piano.io
6558,s-56832325.kinesisvideo.us-west-2.amazonaws.com,1,doh,14.899,14.899,14.899,313,1,s-56832325.kinesisvideo.us-west-2.amazonaws.com
7589,login.okta.com,1,doh,15.868,15.868,15.868,223.5,1,login.okta.com
7314,findnms.samsungiotcloud.com,1,doh,14.584,14.584,14.584,127.90000000596046,1,findnms.samsungiotcloud.com
7753,onedriveclubprodbn20050.blob.core.windows.net,1,doh,13.873,13.873,13.873,143.90000000596046,1,onedriveclubprodbn20050.blob.core.windows.net
7267,metrics.brightcove.com,1,doh,15.533,15.533,15.533,112.70000000298023,1,metrics.brightcove.com
7237,westus-0.in.applicationinsights.azure.com,1,doh,14.536,14.536,14.536,405.29999999701977,1,westus-0.in.applicationinsights.azure.com
7634,adsdk.bing.net,1,doh,14.676,14.676,14.676,141.29999999701977,1,adsdk.bing.net
7328,ec2.web.ap-northeast-1.prod.diagnostic.networking.aws.dev,1,doh,14.417,14.417,14.417,592.5,1,ec2.web.ap-northeast-1.prod.diagnostic.networking.aws.dev
7770,dr.yandex.net,1,doh,15.44,15.44,15.44,658.7000000029802,1,dr.yandex.net
7514,sessiondirectory.xboxlive.com,1,doh,16.942,16.942,16.942,138,1,sessiondirectory.xboxlive.com
6779,ols.officeapps.live.com,1,doh,16.338,228.915,163.90699999999984,2403.3999999910593,16,admin.microsoft.com;browser.events.data.microsoft.com;c.s-microsoft.com;config.edge.skype.com;js.monitor.azure.com;login.live.com;login.microsoftonline.com;mem.gfx.ms;ols.officeapps.live.com;res.cdn.office.net;s.clarity.ms;scripts.clarity.ms;uhf.microsoft.com;www.clarity.ms;www.microsoft.com;www.office.com
6527,www.dwin1.com,1,doh,13.659,13.659,13.659,101.90000000596046,1,www.dwin1.com
7561,acs.m.taobao.com,1,doh,15.234,15.234,15.234,886.5,1,acs.m.taobao.com
7492,edge-term4.roblox.com,1,doh,13.914,13.914,13.914,102.70000000298023,1,edge-term4.roblox.com
7102,ec2.web.ap-southeast-1.prod.diagnostic.networking.aws.dev,1,doh,17.271,17.271,17.271,766.7000000029802,1,ec2.web.ap-southeast-1.prod.diagnostic.networking.aws.dev
7038,sync.sparteo.com,1,doh,13.774,13.774,13.774,176.70000000298023,1,sync.sparteo.com
6942,us1.wysemanagementsuite.com,1,doh,17.551,17.578,17.56500000000001,1088.699999988079,1,us1.wysemanagementsuite.com
6645,android-api-cf.duolingo.com,1,doh,13.963,13.963,13.963,94.6000000089407,1,android-api-cf.duolingo.com
7248,ec2.web.sa-east-1.prod.diagnostic.networking.aws.dev,1,doh,17.308,17.308,17.308,421.79999999701977,1,ec2.web.sa-east-1.prod.diagnostic.networking.aws.dev
7665,rt.udmserve.net,1,doh,14.852,154.56,154.56000000000003,1521.7000000029802,9,api.cmp.inmobi.com;cmp.inmobi.com;fonts.googleapis.com;fonts.gstatic.com;rt.udmserve.net;underdogmedia.com;visit-server.inmobi-choice.io;www.google-analytics.com;www.googletagmanager.com
7700,dpmawp.itsupport247.net,1,doh,14.145,14.145,14.145,164.90000000596046,1,dpmawp.itsupport247.net
7653,pull-w5-sg01.tiktokcdn-us.com,1,doh,14.044,14.044,14.044,121.90000000596046,1,pull-w5-sg01.tiktokcdn-us.com
7152,api2.smoot.apple.com,1,doh,16.781,16.781,16.781,135.8999999910593,1,api2.smoot.apple.com
6919,log.svc.screencastify.com,1,doh,0.0,0.0,0.0,126.20000000298023,0,
6763,sus.sophosupd.com,1,doh,12.139,12.139,12.139,134.09999999403954,1,sus.sophosupd.com
7440,app.ringcentral.com,1,doh,13.041,109.991,98.97799999999918,6018,9,app.pendo.io;app.ringcentral.com;cdn.cookielaw.org;cdn.mxpnl.com;cdn.pendo.io;discovery.ringcentral.biz;geolocation.onetrust.com;sentry.io;storage.googleapis.com
7379,apisd.ebay.com,1,doh,13.671,13.671,13.671,156,1,apisd.ebay.com
7386,edge-hls.growcdnssedge.com,1,doh,20.627,20.627,20.627,174.6000000089407,1,edge-hls.growcdnssedge.com
7457,target.scene7.com,1,doh,13.172,13.172,13.172,261,1,target.scene7.com
6666,www.google.com.ph,1,doh,0.0,11.908999999999999,11.909000000000049,761.8999999910593,3,ogads-pa.clients6.google.com;play.google.com;www.gstatic.com
7098,pull-o5-gcp01.tiktokcdn.com,1,doh,15.03,15.03,15.03,92.6000000089407,1,pull-o5-gcp01.tiktokcdn.com
7015,ec2.web.ap-east-2.prod.diagnostic.networking.aws.dev,1,doh,13.771,13.771,13.771,660.3000000119209,1,ec2.web.ap-east-2.prod.diagnostic.networking.aws.dev
7097,ec2.web.us-east-2.prod.diagnostic.networking.aws.dev,1,doh,12.832,12.832,12.832,132.90000000596046,1,ec2.web.us-east-2.prod.diagnostic.networking.aws.dev
7140,meta.wikimedia.org,1,doh,13.627,25.535,25.53499999999999,847.2000000029802,2,meta.wikimedia.org;upload.wikimedia.org
7636,mobifts.ebay.com,1,doh,13.463,13.463,13.463,179,1,mobifts.ebay.com
7185,api.aadrm.com,1,doh,13.685,13.685,13.685,108.69999998807907,1,api.aadrm.com
6597,static.5egytucuw.com,1,doh,23.034,23.034,23.034,334.70000000298023,1,static.5egytucuw.com
6714,api.ds.gridx.ai,1,doh,38.811,38.811,38.811,382.8999999910593,1,api.ds.gridx.ai
7178,ec2.web.us-west-1.prod.diagnostic.networking.aws.dev,1,doh,12.368,12.368,12.368,281.20000000298023,1,ec2.web.us-west-1.prod.diagnostic.networking.aws.dev
7164,vidoomy.com,1,doh,88.541,317.888,299.78000000000003,2801.7000000029802,7,googleads.g.doubleclick.net;use.typekit.net;vidoomy.com;www.google-analytics.com;www.google.com;www.googletagmanager.com;www.vidoomy.com
6504,osb-tnc-v2-appsacc.samsungqbe.com,1,doh,13.274,13.274,13.274,93.79999999701977,1,osb-tnc-v2-appsacc.samsungqbe.com
6849,us02web.zoom.us,1,doh,13.51,878.934,391.22100000000034,2936.1000000089407,63,44.238.122.172;9513928.fls.doubleclick.net;ad.doubleclick.net;adservice.google.com;alb.reddit.com;analytics.twitter.com;api.company-target.com;bat.bing.com;c.contentsquare.net;cdn.amplitude.com;cdn.bc0a.com;cdn.cookielaw.org;cdn.jsdelivr.net;cdn.metadata.io;cm.g.doubleclick.net;collector-29673.us.tvsquared.com;connect.facebook.net;csxd.contentsquare.net;dsum-sec.casalemedia.com;dx.mountain.com;geolocation.onetrust.com;googleads.g.doubleclick.net;id.rlcdn.com;ixfd2-api.bc0a.com;js.zi-scripts.com;partners.tremorhub.com;pixel-config.reddit.com;pixel.byspotify.com;pixel.rubiconproject.com;pixels.spotify.com;px.adentifi.com;px.ads.linkedin.com;s.company-target.com;s.usea01.idio.episerver.net;s.yimg.jp;scout-cdn.salesloft.com;scout.salesloft.com;segments.company-target.com;snap.licdn.com;sr-client-cfg.amplitude.com;st1.zoom.us;static.ads-twitter.com;static.cloudflareinsights.com;t.co;t.contentsquare.net;tag-logger.demandbase.com;tag.demandbase.com;tracking-api.g2.com;tracking.g2crowd.com;trkn.us;us.telemetry.zoom.us;us01campaign.zoom.us;us02web.zoom.us;utt.impactcdn.com;ws-assets.zoominfo.com;ws.zoominfo.com;www.google.com;www.googletagmanager.com;www.linkedin.com;www.redditstatic.com;www.zoom.com;zoom.sjv.io;zoom.us
6545,an.yandex.ru,1,doh,13.982,13.982,13.982,700.2000000029802,1,an.yandex.ru
7536,gcs-eu-00002.content-storage-upload.googleapis.com,1,doh,13.129,13.129,13.129,207,1,gcs-eu-00002.content-storage-upload.googleapis.com
7488,clientsapigw-geo.prod.gws.ring.amazon.dev,1,doh,14.103,14.103,14.103,86.69999998807907,1,clientsapigw-geo.prod.gws.ring.amazon.dev
7118,api.fitbit.com,1,doh,0.0,0.0,0.0,88.3999999910593,0,
7373,widget-content.spotify.com,1,doh,15.89,15.89,15.89,101.90000000596046,1,widget-content.spotify.com
6542,cc-embed.adobe.com,1,doh,19.271,19.271,19.271,384,1,cc-embed.adobe.com
7575,browsiprod.com,1,doh,28.319,28.319,28.319,10141.89999999106,1,browsiprod.com
6807,mobile.zscalertwo.net,1,doh,12.876,73.75800000000001,73.75800000000018,360.19999998807907,5,admin.zscalertwo.net;cdn.mxpnl.com;cms.zscaler.com;mobile.zscalertwo.net;mobileadmin.zscalertwo.net
7660,uef.np.dl.playstation.net,1,doh,14.324,14.324,14.324,1641.800000011921,1,uef.np.dl.playstation.net
7633,dns.quad9.net,1,doh,12.268,12.268,12.268,89.30000001192093,1,dns.quad9.net
7254,api.micloud.xiaomi.net,1,doh,15.742,15.742,15.742,1127.6000000089407,1,api.micloud.xiaomi.net
7149,quora.com,1,doh,28.771,41.061,41.06100000000002,434.25999999046326,2,challenges.cloudflare.com;quora.com
6607,usmia1.icloud-content.com,1,doh,15.966,15.966,15.966,227.79999999701977,1,usmia1.icloud-content.com
6616,p178-content.icloud.com,1,doh,12.897,12.897,12.897,156,1,p178-content.icloud.com
7566,rdbroker-g-us-r1.wvd.microsoft.com,1,doh,37.575,37.575,37.575,155,1,rdbroker-g-us-r1.wvd.microsoft.com
7302,cell8001.iad.mobile.bid-na.ads.aps.amazon-adsystem.com,1,doh,13.801,13.801,13.801,128.59999999403954,1,cell8001.iad.mobile.bid-na.ads.aps.amazon-adsystem.com
7342,pgammedia.com,1,doh,22.942,95.05699999999999,95.05699999999996,468.20000000298023,4,fonts.googleapis.com;fonts.gstatic.com;pgammedia.com;www.pgammedia.com
7282,www.notion.so,1,doh,15.632,453.59700000000004,281.73699999999985,1925.7999999970198,31,414-xmy-838.mktoresp.com;accounts.google.com;adora-cdn.com;analytics.google.com;analytics.twitter.com;c.adora-cdn.com;cdn.metadata.io;connect.facebook.net;d34r8q7sht0t9k.cloudfront.net;exp.notion.so;googleads.g.doubleclick.net;images.ctfassets.net;ipv4.pdscrb.com;munchkin.marketo.net;o324374.ingest.sentry.io;px.ads.linkedin.com;snap.licdn.com;ssl.pstatic.net;static.ads-twitter.com;t.co;transcend-cdn.com;trkn.us;verifi.pdscrb.com;videos.ctfassets.net;wcs.naver.com;wcs.naver.net;www.google.com;www.googletagmanager.com;www.linkedin.com;www.notion.com;www.notion.so
7041,config.monetization-sdk.chartboost.com,1,doh,16.053,16.053,16.053,89.59999999403954,1,config.monetization-sdk.chartboost.com
7531,www.google.com.mx,1,doh,0.0,13.835,13.835000000000093,611.4000000059605,3,ogads-pa.clients6.google.com;play.google.com;www.gstatic.com
7486,segment.prod.bidr.io,1,doh,13.694,13.694,13.694,78.70000000298023,1,segment.prod.bidr.io
7474,bl-server.alphonso.tv,1,doh,15.482,15.482,15.482,118.5,1,bl-server.alphonso.tv
6563,m.5egytucuw.com,1,doh,88.224,88.224,88.224,633.7999999970198,1,m.5egytucuw.com
7496,zimperium.com,1,doh,17.359,524.4440000000001,264.20899999999983,2212.0999999940395,38,46745145.hs-sites.com;7052064.fs1.hubspotusercontent-na1.net;analytics.twitter.com;api.company-target.com;api.hubapi.com;cdn.jsdelivr.net;cdn.ketchjs.com;cdnjs.cloudflare.com;cta-service-cms2.hubspot.com;dsum-sec.casalemedia.com;global.ketchcdn.com;id.rlcdn.com;js.hs-analytics.net;js.hs-banner.com;js.hs-scripts.com;js.hsadspixel.net;js.hubspot.com;js.qualified.com;okt.to;partners.tremorhub.com;perf-na1.hsforms.com;pixel.rubiconproject.com;px.ads.linkedin.com;s.company-target.com;scout-cdn.salesloft.com;scout.salesloft.com;segments.company-target.com;snap.licdn.com;static.ads-twitter.com;static.hsappstatic.net;static.oktopost.com;t.co;tag-logger.demandbase.com;tag.demandbase.com;www.google-analytics.com;www.googletagmanager.com;www.linkedin.com;zimperium.com
7597,js.hsadspixel.net,1,doh,14.634,14.634,14.634,125.59999999403954,1,js.hsadspixel.net
7055,heytapimg.com,1,doh,22.18,105.73400000000001,76.1679999999995,2531.5,7,heytapimg.com;magzineimgf-sg2.nearme.com.cn;securepubads.g.doubleclick.net;ums-rum-global.heytapimage.com;ums-telemetry-sgp.heytapmobi.com;www.google-analytics.com;www.googletagmanager.com
7308,sqs.us-west-2.amazonaws.com,1,doh,14.753,14.753,14.753,363.79999999701977,1,sqs.us-west-2.amazonaws.com
7755,eventproxy.na1.data.workspaceone.com,1,doh,14.091,14.091,14.091,307.79999999701977,1,eventproxy.na1.data.workspaceone.com
6861,media.pushlycdn.com,1,doh,25.861,25.861,25.861,135.5,1,media.pushlycdn.com
7709,ab-merchandise.opera-api.com,1,doh,13.373,13.373,13.373,142.90000000596046,1,ab-merchandise.opera-api.com
7573,gsp51-ssl.ls.apple.com,1,doh,15.809,15.809,15.809,346.3999999910593,1,gsp51-ssl.ls.apple.com
7289,pull-flv-f11-sg01.tiktokcdn.com,1,doh,94.744,94.744,94.744,458.29999999701977,1,pull-flv-f11-sg01.tiktokcdn.com
6870,roovza.inapps.appsflyersdk.com,1,doh,18.668,18.668,18.668,162,1,roovza.inapps.appsflyersdk.com
7715,onedriveclubprodbn20054.blob.core.windows.net,1,doh,24.293,24.293,24.293,149.5,1,onedriveclubprodbn20054.blob.core.windows.net
6560,p101-content.icloud.com,1,doh,12.515,12.515,12.515,155.20000000298023,1,p101-content.icloud.com
7705,onedriveclubprodbn20021.blob.core.windows.net,1,doh,16.68,16.68,16.68,142.29999999701977,1,onedriveclubprodbn20021.blob.core.windows.net
6769,visitor.us-east4.gcp.omnitagjs.com,1,doh,12.666,12.666,12.666,82.79999999701977,1,visitor.us-east4.gcp.omnitagjs.com
6538,riotgames.com,1,doh,16.67,148.803,97.91600000000008,1559.7999999970198,10,auth.riotgames.com;cdn.ravenjs.com;cdn.rgpub.io;cmp.osano.com;fast.fonts.net;lolstatic-a.akamaihd.net;riotgames.com;www.googletagmanager.com;www.riotgames.com;xsso.riotgames.com
6913,client.px-cloud.net,1,doh,12.576,12.576,12.576,84.09999999403954,1,client.px-cloud.net
6656,caldav.icloud.com,1,doh,13.697,13.697,13.697,136.5,1,caldav.icloud.com
7479,presence-public-service-prod.ol.epicgames.com,1,doh,14.524,14.524,14.524,125,1,presence-public-service-prod.ol.epicgames.com
6755,firefox-settings-attachments.cdn.mozilla.net,1,doh,13.404,13.404,13.404,80.40000000596046,1,firefox-settings-attachments.cdn.mozilla.net
7067,playgateway-pa.googleapis.com,1,doh,0.0,12.709,12.709000000000003,424.40000000596046,1,www.google.com
7049,action1.com,1,doh,20.788,137.43,125.27699999999997,836.7000000029802,10,action1.com;dev.visualwebsiteoptimizer.com;fonts.gstatic.com;googleads.g.doubleclick.net;i.ytimg.com;static.doubleclick.net;www.action1.com;www.google.com;www.youtube.com;yt3.ggpht.com
6660,aliexpress.com,1,doh,12.579,713.6600000000001,665.1349999999998,2216.4000000059605,11,aeis.alicdn.com;aliexpress.com;at.alicdn.com;cf.aliyun.com;f0slmk.tdum.alibaba.com;g.alicdn.com;img.alicdn.com;log.mmstat.com;o.alicdn.com;s-gm.mmstat.com;ynuf.aliapp.org
6751,cchome.adobe.io,1,doh,14.298,14.298,14.298,80.90000000596046,1,cchome.adobe.io
7389,config.claspws.tv,1,doh,14.5,14.5,14.5,170.6000000089407,1,config.claspws.tv
7092,api16-normal-i-alisg.tiktokv.com,1,doh,15.953,15.953,15.953,341.30000001192093,1,api16-normal-i-alisg.tiktokv.com
7400,signifyd.com,1,doh,20.802,133.07000000000002,115.3299999999999,696.0999999940395,9,cdn-ildoljb.nitrocdn.com;cdn.cookielaw.org;geolocation.onetrust.com;nitroscripts.com;signifyd.com;to.getnitropack.com;www.google.com;www.googletagmanager.com;www.signifyd.com
7057,liveupdate.symantec.com,1,doh,16.221,172.917,172.91699999999994,1470.7000000029802,9,cdn.cookielaw.org;geolocation.onetrust.com;images.sw.broadcom.com;img.en25.com;liveupdate.symantec.com;secure.sw.broadcom.com;www.broadcom.com;www.google-analytics.com;www.googletagmanager.com
7380,samsungknox.com,1,doh,27.662,163.694,107.4390000000001,1220.5,9,a.tribalfusion.com;cdn.builder.io;img06.en25.com;samsungknox.com;snap.licdn.com;tags.srv.stackadapt.com;www.google-analytics.com;www.googletagmanager.com;www.samsungknox.com
7340,ec2.web.eu-west-1.prod.diagnostic.networking.aws.dev,1,doh,12.857,12.857,12.857,338.5,1,ec2.web.eu-west-1.prod.diagnostic.networking.aws.dev
7670,treatment.grammarly.com,1,doh,15.697,15.697,15.697,135.3999999910593,1,treatment.grammarly.com
7417,lptag.liveperson.net,1,doh,13.851,13.851,13.851,93.1000000089407,1,lptag.liveperson.net
7767,us-api.mimecast.com,1,doh,14.324,14.324,14.324,118.40000000596046,1,us-api.mimecast.com
7028,nianticlabs.com,1,doh,0.0,53.951,53.950999999999794,1706.6000000089407,4,lh3.googleusercontent.com;storage.googleapis.com;www.google-analytics.com;www.googletagmanager.com
6720,badges.roblox.com,1,doh,15.254,15.254,15.254,87.40000000596046,1,badges.roblox.com
6979,tag.device9.com,1,doh,12.172,12.172,12.172,84.09999999403954,1,tag.device9.com
7050,judge.me,1,doh,14.09,203.10700000000003,114.7369999999996,1603.5,15,analytics.google.com;api.judge.me;app.framerstatic.com;c.bing.com;c.clarity.ms;events.framer.com;framer.com;framerusercontent.com;judge.me;scripts.clarity.ms;static.hotjar.com;stats.g.doubleclick.net;www.clarity.ms;www.google.com;www.googletagmanager.com
7144,pull-f5-gcp01.tiktokcdn.com,1,doh,18.185,18.185,18.185,351.40000000596046,1,pull-f5-gcp01.tiktokcdn.com
6944,ads.travelaudience.com,1,doh,14.895,14.895,14.895,175.29999999701977,1,ads.travelaudience.com
6800,reqhfg-cdn-settings.appsflyersdk.com,1,doh,14.375,14.375,14.375,157.5,1,reqhfg-cdn-settings.appsflyersdk.com
7295,sberbank.ru,1,doh,13.78,13.78,13.78,592.3999999910593,1,sberbank.ru
6731,c2.halcyon.ai,1,doh,13.623,13.623,13.623,284.29999999701977,1,c2.halcyon.ai
7761,google.co.th,1,doh,0.0,12.516,12.516000000000076,798.2999999970198,3,ogads-pa.clients6.google.com;play.google.com;www.gstatic.com
7230,c.eset.com,1,doh,75.131,75.131,75.131,383.40000000596046,1,c.eset.com
7629,edge.api.brightcove.com,1,doh,13.7,13.7,13.7,88.70000000298023,1,edge.api.brightcove.com
7392,api.box.com,1,doh,11.56,11.56,11.56,133.8999999910593,1,api.box.com
6700,geotrust.com,1,doh,14.262,419.27499999999986,341.47900000000016,3417.5,25,8182015.fls.doubleclick.net;api.company-target.com;api.userway.org;assets.adobedtm.com;cdn.pendo.io;cdn.userway.org;cm.everesttech.net;data.pendo.io;digicert.demdex.net;digicert.my.site.com;dpm.demdex.net;eu-assets.i.posthog.com;eu.i.posthog.com;geotrust.com;googleads.g.doubleclick.net;img04.en25.com;s1701211846.t.eloqua.com;smetrics.digicert.com;tag-logger.demandbase.com;tag.demandbase.com;transcend-cdn.com;www.geotrust.com;www.google-analytics.com;www.google.com;www.googletagmanager.com
6862,p102-content.icloud.com,1,doh,17.56,17.56,17.56,153.5,1,p102-content.icloud.com
7418,imgsct.cookiebot.com,1,doh,14.94,14.94,14.94,226.59999999403954,1,imgsct.cookiebot.com
7694,i.simpli.fi,1,doh,12.37,12.37,12.37,92.79999999701977,1,i.simpli.fi
7232,pull-hls-f77-gcp01.tiktokcdn.com,1,doh,15.129,15.129,15.129,407.79999999701977,1,pull-hls-f77-gcp01.tiktokcdn.com
7256,ec2.web.ap-southeast-6.prod.diagnostic.networking.aws.dev,1,doh,13.794,13.794,13.794,778.5,1,ec2.web.ap-southeast-6.prod.diagnostic.networking.aws.dev
7754,storage.cloud.kargo.com,1,doh,19.698,19.698,19.698,131.3999999910593,1,storage.cloud.kargo.com
6796,static.addtoany.com,1,doh,15.938,15.938,15.938,98.19999998807907,1,static.addtoany.com
6960,p171-content.icloud.com,1,doh,15.761,15.761,15.761,159.6000000089407,1,p171-content.icloud.com
6962,pull-flv-f77-va01.tiktokcdn.com,1,doh,22.877,22.877,22.877,88.70000000298023,1,pull-flv-f77-va01.tiktokcdn.com
7701,got.iad3rs0zonea.pubnative.net,1,doh,13.93,13.93,13.93,92.29999999701977,1,got.iad3rs0zonea.pubnative.net
7202,cta-service-cms2.hubspot.com,1,doh,17.153,17.153,17.153,146,1,cta-service-cms2.hubspot.com
7339,account-public-service-prod03.ol.epicgames.com,1,doh,14.71,14.71,14.71,85.69999998807907,1,account-public-service-prod03.ol.epicgames.com
7209,cmp.inmobi.com,1,doh,16.181,16.181,16.181,412.5,1,cmp.inmobi.com
7728,nytrng.com,1,doh,13.837,13.837,13.837,274.8999999910593,1,nytrng.com
7466,vision.meraki.com,1,doh,36.968,100.743,100.7430000000001,1847.5999999940395,5,bam-cell.nr-data.net;cdn.ingest-lr.com;js-agent.newrelic.com;vision.meraki.com;www.googletagmanager.com
6858,tracker-shr.ortb.net,1,doh,12.924,12.924,12.924,88.8999999910593,1,tracker-shr.ortb.net
6949,img3.hulu.com,1,doh,12.496,12.496,12.496,88.70000000298023,1,img3.hulu.com
6705,s10.histats.com,1,doh,18.259,18.259,18.259,114.09999999403954,1,s10.histats.com
6894,machines.threatdown.com,1,doh,13.778,13.778,13.778,81.19999998807907,1,machines.threatdown.com
7442,edith.xiaohongshu.com,1,doh,14.976,14.976,14.976,427.79999999701977,1,edith.xiaohongshu.com
7543,p19-common-sign.tiktokcdn-eu.com,1,doh,12.439,12.439,12.439,82.40000000596046,1,p19-common-sign.tiktokcdn-eu.com
6854,gcs.garmin.com,1,doh,18.444,30.939,30.939000000000004,201.40000000596046,2,gcs.garmin.com;static.cloudflareinsights.com
6925,lyra-r.wbx2.com,1,doh,16.45,16.45,16.45,405.19999998807907,1,lyra-r.wbx2.com
6879,t.applovin.com,1,doh,15.039,15.039,15.039,132.90000000596046,1,t.applovin.com
7529,nexus.ensighten.com,1,doh,15.104,15.104,15.104,97.09999999403954,1,nexus.ensighten.com
6715,feed16-normal-sg.capcutapi.com,1,doh,15.713,15.713,15.713,346.1000000089407,1,feed16-normal-sg.capcutapi.com
7603,onedriveclubproddm20027.blob.core.windows.net,1,doh,24.737,24.737,24.737,219.20000000298023,1,onedriveclubproddm20027.blob.core.windows.net
7617,http-intake.logs.datadoghq.com,1,doh,15.224,15.224,15.224,85.90000000596046,1,http-intake.logs.datadoghq.com
7764,vid-io-iad.springserve.com,1,doh,14.139,14.139,14.139,84.59999999403954,1,vid-io-iad.springserve.com
6618,www.ebay.com,1,doh,12.652,346.5269999999999,249.01899999999966,1255.2999999970198,26,13341218.fls.doubleclick.net;ad.doubleclick.net;adservice.google.com;alb.reddit.com;backstory.ebay.com;connect.facebook.net;dynamic.criteo.com;googleads.g.doubleclick.net;gum.criteo.com;i.ebayimg.com;ir.ebaystatic.com;mkttag.ebay.com;pixel-config.reddit.com;rover.ebay.com;s.pinimg.com;sc-static.net;sherlock-events-sampler.ebay.com;sp.analytics.yahoo.com;sslwidget.criteo.com;tags.tiqcdn.com;tr.snapchat.com;www.ebay.com;www.ebayadservices.com;www.google.com;www.googletagmanager.com;www.redditstatic.com
7402,cloudconf-app-sg.heytapmobile.com,1,doh,29.641,29.641,29.641,781.4000000059605,1,cloudconf-app-sg.heytapmobile.com
6955,saupdates.dell.com,1,doh,13.626,28.398,28.397999999999932,168.59999999403954,2,downloads.dell.com;saupdates.dell.com
7347,ec2.web.eu-central-2.prod.diagnostic.networking.aws.dev,1,doh,13.847,13.847,13.847,364.59999999403954,1,ec2.web.eu-central-2.prod.diagnostic.networking.aws.dev
6640,data.hicloud.com,1,doh,17.875,17.875,17.875,749,1,data.hicloud.com
6555,qagpublic.qg1.apps.qualys.com,1,doh,13.658,13.658,13.658,306.30000001192093,1,qagpublic.qg1.apps.qualys.com
6981,play.hulu.com,1,doh,14.613,14.613,14.613,191.79999999701977,1,play.hulu.com
6685,as-sec.casalemedia.com,1,doh,11.566,11.566,11.566,101.3999999910593,1,as-sec.casalemedia.com
6952,wordonline.nel.measure.office.net,1,doh,13.977,26.567999999999998,26.567999999999895,1873.0999999940395,2,ajax.aspnetcdn.com;wordonline.nel.measure.office.net
7367,pbs.optidigital.com,1,doh,13.422,13.422,13.422,108.80000001192093,1,pbs.optidigital.com
7083,pus2-collabhubrtc.officeapps.live.com,1,doh,27.023,27.023,27.023,217.59999999403954,1,pus2-collabhubrtc.officeapps.live.com
6934,p165-content.icloud.com,1,doh,13.937,13.937,13.937,154.70000000298023,1,p165-content.icloud.com
7618,static.yieldmo.com,1,doh,15.29,15.29,15.29,130.09999999403954,1,static.yieldmo.com
7475,k.codegridnode.com,1,doh,22.174,22.174,22.174,124.70000000298023,1,k.codegridnode.com
6974,p16-comment-sign-sg.tiktokcdn.com,1,doh,17.575,17.575,17.575,98.09999999403954,1,p16-comment-sign-sg.tiktokcdn.com
6905,gridx-de-ds-production-vpnctl.s3.eu-central-1.amazonaws.com,1,doh,27.699,27.699,27.699,390.70000000298023,1,gridx-de-ds-production-vpnctl.s3.eu-central-1.amazonaws.com
6745,oec22-normal-alisg.tiktokv.com,1,doh,16.469,16.469,16.469,328.29999999701977,1,oec22-normal-alisg.tiktokv.com
6744,mon-sg.capcutapi.com,1,doh,21.018,21.018,21.018,306.30000001192093,1,mon-sg.capcutapi.com
7590,content.cdn.viber.com,1,doh,15.214,15.214,15.214,125.8999999910593,1,content.cdn.viber.com
7537,ims-prod07.adobelogin.com,1,doh,13.764,13.764,13.764,107.5,1,ims-prod07.adobelogin.com
6659,eqt-gc.rendering.sharethrough.com,1,doh,14.28,41.684,41.684,1430.5,3,eqt-gc.rendering.sharethrough.com;fonts.googleapis.com;fonts.gstatic.com
6723,nakheelteam.cc,1,doh,16.899,31.01,31.00999999999999,948.5,2,nakheelteam.cc;static.cloudflareinsights.com
7324,newsaggreg.shalltry.com,1,doh,14.231,14.231,14.231,394.8999999910593,1,newsaggreg.shalltry.com
7023,cdn-cookieyes.com,1,doh,15.352,15.352,15.352,189.70000000298023,1,cdn-cookieyes.com
6684,radar.io,1,doh,17.274,823.0309999999997,523.352,3686.800000011921,57,117421970.intellimizeio.com;a.remarketstats.com;a.usbrowserspeed.com;analytics.ahrefs.com;analytics.google.com;api.hubapi.com;api.intellimize.co;api.segment.io;api.vector.co;app.clearbit.com;bat.bing.com;c.clarity.ms;cdn.claydar.com;cdn.embedly.com;cdn.intellimize.co;cdn.prod.website-files.com;cdn.segment.com;cdn.vector.co;cmp.osano.com;connect.facebook.net;d-code.liadm.com;d3e54v103j8qbb.cloudfront.net;data.processwebsitedata.com;fonts.gstatic.com;googleads.g.doubleclick.net;hubspotonwebflow.com;i.ytimg.com;js.hs-analytics.net;js.hs-banner.com;js.hs-scripts.com;js.hsadspixel.net;knock2-backend-2ba4792164c3.herokuapp.com;knock2-frontend.web.app;log.intellimize.co;match.prod.bidr.io;px.ads.linkedin.com;radar.com;radar.io;s.clarity.ms;s3-us-west-2.amazonaws.com;scripts.clarity.ms;snap.licdn.com;static.claydar.com;static.doubleclick.net;static.radar.com;stats.g.doubleclick.net;tag.clearbitscripts.com;tag.prospectdesk.ai;tag.trovo-tag.com;track.hubspot.com;ws.zoominfo.com;www.clarity.ms;www.google.com;www.googletagmanager.com;www.linkedin.com;www.youtube.com;x.clearbitjs.com
7736,www.wikipedia.org,1,doh,18.24,18.24,18.24,627.2999999970198,1,www.wikipedia.org
7745,fa000000128.resources.office.net,1,doh,19.226,19.226,19.226,425.20000000298023,1,fa000000128.resources.office.net
7722,onedriveclubprodbn20023.blob.core.windows.net,1,doh,26.641,26.641,26.641,148.90000000596046,1,onedriveclubprodbn20023.blob.core.windows.net
6759,gw-cp-us-isp.temu.com,1,doh,15.068,15.068,15.068,91.3999999910593,1,gw-cp-us-isp.temu.com
6676,payments-graph.instagram.com,1,doh,13.58,13.58,13.58,300.3999999910593,1,payments-graph.instagram.com
6753,has.spserv.microsoft.com,1,doh,13.367,13.367,13.367,300.29999999701977,1,has.spserv.microsoft.com
7106,p16-oec-common-useast2a.ibyteimg.com,1,doh,30.354,30.354,30.354,556.4000000059605,1,p16-oec-common-useast2a.ibyteimg.com
7734,thumb-cdn77.xnxx-cdn.com,1,doh,18.698,48.452,48.45199999999999,254.59999999403954,2,error.c.cdn77.org;thumb-cdn77.xnxx-cdn.com
7024,akamai.com,1,doh,24.252,42.007999999999996,42.00799999999997,221.40000000596046,2,akamai.com;www.akamai.com
7264,ec2.web.ap-southeast-2.prod.diagnostic.networking.aws.dev,1,doh,15.997,15.997,15.997,678.0999999940395,1,ec2.web.ap-southeast-2.prod.diagnostic.networking.aws.dev
7404,vgepodownload.mediatek.com,1,doh,14.274,14.274,14.274,748.1000000089407,1,vgepodownload.mediatek.com
6541,cpmstar.com,1,doh,22.058,303.978,180.52500000000003,374.20000000298023,17,acsbapp.com;api.hubapi.com;cdn.acsbapp.com;cpmstar-website.prismic.io;cpmstar.com;images.prismic.io;js.hs-analytics.net;js.hs-banner.com;js.hs-scripts.com;js.hsadspixel.net;js.hscollectedforms.net;px.ads.linkedin.com;snap.licdn.com;static.cdn.prismic.io;track.hubspot.com;www.cpmstar.com;www.linkedin.com
7656,analytics.pangle-ads.com,1,doh,16.483,16.483,16.483,114.20000000298023,1,analytics.pangle-ads.com
6829,drafts-a.wbx2.com,1,doh,19.189,19.189,19.189,178.5,1,drafts-a.wbx2.com
7384,udmserve.net,1,doh,13.452,177.046,165.22399999999976,1497.2000000029802,9,api.cmp.inmobi.com;cmp.inmobi.com;fonts.googleapis.com;fonts.gstatic.com;udmserve.net;underdogmedia.com;visit-server.inmobi-choice.io;www.google-analytics.com;www.googletagmanager.com
6743,dtscout.com,1,doh,22.578,244.823,209.973,851.4000000059605,15,connect.facebook.net;d.adroll.com;dtscout.com;fonts.googleapis.com;fonts.gstatic.com;lex.33across.com;match.adsrvr.org;ml314.com;pixel.tapad.com;ps.eyeota.net;s.adroll.com;t.dtscout.com;www.dtscout.com;www.google-analytics.com;www.googletagmanager.com
6518,target.com,1,doh,14.57,625.9049999999999,475.7069999999978,4401.20000000298,32,59f466a7e7416d5bf711abea52c381cf.safeframe.googlesyndication.com;arw46kigczklenzwjhujb73pjmmetyciaaaafthk6pw.mcl.io;assets.adobedtm.com;assets.targetimg1.com;cdn.dv.tech;cdn.speedcurve.com;client.px-cloud.net;cm.everesttech.net;cm.g.doubleclick.net;collector-pxgwpp4wus.px-cloud.net;dpm.demdex.net;edge.fullstory.com;ep1.adtrafficquality.google;ep2.adtrafficquality.google;js.mcl.io;mcl.spur.us;pagead2.googlesyndication.com;ponos.zeronaught.com;pub.doubleverify.com;pub.dv.tech;resources.digital-cloud.medallia.com;rs.fullstory.com;securepubads.g.doubleclick.net;target.com;target.demdex.net;target.scene7.com;tpc.googlesyndication.com;tps-dn-ue1.doubleverify.com;tps.doubleverify.com;tzm.px-cloud.net;vtrk.dv.tech;www.google.com
7609,onedriveclubproddm20032.blob.core.windows.net,1,doh,16.641,16.641,16.641,220.5,1,onedriveclubproddm20032.blob.core.windows.net
7021,ocsp.r2m02.amazontrust.com,1,doh,13.264,13.264,13.264,86.29999999701977,1,ocsp.r2m02.amazontrust.com
7651,imprchmp.taboola.com,1,doh,15.094,15.094,15.094,114.79999999701977,1,imprchmp.taboola.com
7159,ec2.web.ap-southeast-4.prod.diagnostic.networking.aws.dev,1,doh,15.525,15.525,15.525,719.7000000029802,1,ec2.web.ap-southeast-4.prod.diagnostic.networking.aws.dev
6863,p106-content.icloud.com,1,doh,13.925,13.925,13.925,170.5,1,p106-content.icloud.com
7220,ec2.web.eu-south-2.prod.diagnostic.networking.aws.dev,1,doh,16.144,16.144,16.144,350.40000000596046,1,ec2.web.eu-south-2.prod.diagnostic.networking.aws.dev
6529,edge-usw2.demdex.net,1,doh,30.7,30.7,30.7,323,1,edge-usw2.demdex.net
7196,venetia.iad.appboy.com,1,doh,15.046,15.046,15.046,143.80000001192093,1,venetia.iad.appboy.com
7676,ac.onedsp.inmobi.com,1,doh,14.258,14.258,14.258,94.5,1,ac.onedsp.inmobi.com
6601,binaries.templates.cdn.office.net,1,doh,15.967,15.967,15.967,512.7999999970198,1,binaries.templates.cdn.office.net
6927,notion.so,1,doh,20.752,462.36699999999985,267.23800000000017,1622.2000000029802,27,accounts.google.com;adora-cdn.com;analytics.google.com;analytics.twitter.com;c.adora-cdn.com;cdn.metadata.io;connect.facebook.net;d34r8q7sht0t9k.cloudfront.net;googleads.g.doubleclick.net;images.ctfassets.net;ipv4.pdscrb.com;munchkin.marketo.net;notion.so;o324374.ingest.sentry.io;px.ads.linkedin.com;snap.licdn.com;ssl.pstatic.net;static.ads-twitter.com;t.co;transcend-cdn.com;trkn.us;verifi.pdscrb.com;videos.ctfassets.net;wcs.naver.net;www.google.com;www.googletagmanager.com;www.notion.com
7502,web-fallback.facebook.com,1,doh,21.746,63.063,63.062999999999946,1046.7999999970198,4,static.xx.fbcdn.net;web-fallback.facebook.com;www.facebook.com;www.instagram.com
6901,publickeyservice.msmt.gcp.privacysandboxservices.com,1,doh,17.04,17.04,17.04,136,1,publickeyservice.msmt.gcp.privacysandboxservices.com
7022,images.pluto.tv,1,doh,18.174,18.174,18.174,127.59999999403954,1,images.pluto.tv
7468,aca-livecards-service.amazon.com,1,doh,12.562,25.415999999999997,25.415999999999997,142.80000001192093,2,aca-livecards-service.amazon.com;g-ecx.images-amazon.com
6552,events.swishapps.ai,1,doh,13.771,13.771,13.771,96.20000000298023,1,events.swishapps.ai
7749,cloud.kargo.com,1,doh,31.002,31.002,31.002,120.79999999701977,1,cloud.kargo.com
6593,p180-content.icloud.com,1,doh,13.629,13.629,13.629,151.20000000298023,1,p180-content.icloud.com
6838,mintegral.com,1,doh,26.375,151.224,118.44399999999996,3668,6,assets-official.mintegral.com;icheck.mintegral.com;mintegral.com;s3.amazonaws.com;www.google-analytics.com;www.googletagmanager.com
6954,sync6.im-apps.net,1,doh,14.774,14.774,14.774,281,1,sync6.im-apps.net
6550,s-8e923eff.kinesisvideo.us-west-2.amazonaws.com,1,doh,18.387,18.387,18.387,312.90000000596046,1,s-8e923eff.kinesisvideo.us-west-2.amazonaws.com
7593,zinfandel-agent-notifications.centrastage.net,1,doh,28.273,28.273,28.273,305.70000000298023,1,zinfandel-agent-notifications.centrastage.net
7625,rtb-trk4.linkedin.com,1,doh,16.007,31.257,31.257,139.69999998807907,2,rtb-trk4.linkedin.com;static.licdn.com
7572,flask.us.nextdoor.com,1,doh,16.713,16.713,16.713,314,1,flask.us.nextdoor.com
6696,rtbc-uw1.doubleverify.com,1,doh,16.161,16.161,16.161,167.20000000298023,1,rtbc-uw1.doubleverify.com
6604,p103-content.icloud.com,1,doh,16.024,16.024,16.024,143.29999999701977,1,p103-content.icloud.com
6691,mobile.zscaler.net,1,doh,16.03,82.281,82.2810000000004,421.8999999910593,5,admin.zscaler.net;cdn.mxpnl.com;cms.zscaler.com;mobile.zscaler.net;mobileadmin.zscaler.net
6958,activate.agent-common.prod.us003-prod.arcticwolf.net,1,doh,29.101,29.101,29.101,165.20000000298023,1,activate.agent-common.prod.us003-prod.arcticwolf.net
7768,zinfandel-monitoring.centrastage.net,1,doh,14.881,14.881,14.881,283.19999998807907,1,zinfandel-monitoring.centrastage.net
7615,onedriveclubproddm20023.blob.core.windows.net,1,doh,16.884,16.884,16.884,219.79999999701977,1,onedriveclubproddm20023.blob.core.windows.net
7452,vmware.com,1,doh,18.607,344.691,275.3749999999999,1346.7000000029802,13,cdn.cookielaw.org;connect.facebook.net;geolocation.onetrust.com;img.en25.com;pagead2.googlesyndication.com;px.ads.linkedin.com;sec.vmware.com;snap.licdn.com;vmware.com;www.google-analytics.com;www.googletagmanager.com;www.linkedin.com;www.vmware.com
7398,pull-flv-l10-gcp01.tiktokcdn.com,1,doh,16.029,16.029,16.029,771.2000000029802,1,pull-flv-l10-gcp01.tiktokcdn.com
7740,track1.aniview.com,1,doh,0.0,0.0,0.0,91.09999999403954,0,
7538,ipv6.unagi-na.amazon.com,1,doh,18.564,18.564,18.564,107.09999999403954,1,ipv6.unagi-na.amazon.com
6760,treasuredata.com,1,doh,27.08,543.855,375.52000000000055,2406.8999999910593,35,46950662.fs1.hubspotusercontent-na2.net;714-xij-402.mktoresp.com;a.usbrowserspeed.com;analytics.google.com;analytics.twitter.com;bat.bing.com;browser.sentry-cdn.com;cdn.cookielaw.org;cdn.treasuredata.com;cta-na2.hubspot.com;fast.wistia.com;geolocation.onetrust.com;googleads.g.doubleclick.net;js-na2.hs-analytics.net;js-na2.hs-banner.com;js-na2.hscollectedforms.net;js-na2.hubspot.com;munchkin.marketo.net;perf-na2.hsforms.com;px.ads.linkedin.com;snap.licdn.com;static.ads-twitter.com;static.hotjar.com;static.hsappstatic.net;stats.g.doubleclick.net;t.co;tracking-api.g2.com;tracking.intentsify.io;treasuredata.com;tse4.mm.bing.net;www.google.com;www.googletagmanager.com;www.linkedin.com;www.treasuredata.com;www.youtube.com
7750,p.teads.tv,1,doh,18.451,18.451,18.451,586.8000000119209,1,p.teads.tv
7646,us-east-1.event.prod.bidr.io,1,doh,19.214,19.214,19.214,81.70000000298023,1,us-east-1.event.prod.bidr.io
6595,directory-search-a.wbx2.com,1,doh,15.352,15.352,15.352,165.6000000089407,1,directory-search-a.wbx2.com
6825,pushlycdn.com,1,doh,28.959,28.959,28.959,228.70000000298023,1,pushlycdn.com
7577,pull-f5-tt01.fcdn.eu.tiktokcdn.com,1,doh,14.618,14.618,14.618,351.09999999403954,1,pull-f5-tt01.fcdn.eu.tiktokcdn.com
7698,www.netgear.com,1,doh,14.413,779.2549999999999,483.7569999999999,3339.3999999910593,45,api.consentjs.datagrail.io;apps.bazaarvoice.com;ara.paa-reporting-advertising.amazon;assets.netgear.com;b-code.liadm.com;bat.bing.com;browser-intake-datadoghq.com;c.amazon-adsystem.com;cdn.attn.tv;cdn.gbqofs.com;cdn.glassboxcdn.com;cdn.optimizely.com;cm.g.doubleclick.net;connect.facebook.net;container.pepperjam.com;dynamic.criteo.com;events.attentivemobile.com;googleads.g.doubleclick.net;gum.criteo.com;ib.adnxs.com;insight.adsrvr.org;js.adsrvr.org;logx.optimizely.com;netgear-us.attn.tv;network-a.bazaarvoice.com;ob.powerstarsbuilding.com;obs.powerstarsbuilding.com;pixel.rubiconproject.com;px.ads.linkedin.com;report.netgear.glassboxdigital.io;rp.liadm.com;s.amazon-adsystem.com;server-side-tagging-kquh5nqcta-uc.a.run.app;snap.licdn.com;sslwidget.criteo.com;static.cloudflareinsights.com;unpkg.com;www.datadoghq-browser-agent.com;www.downloads.netgear.com;www.google-analytics.com;www.google.com;www.googleadservices.com;www.googletagmanager.com;www.linkedin.com;www.netgear.com
6627,sdk-services.uds.lenovo.com,1,doh,15.997,15.997,15.997,145.8999999910593,1,sdk-services.uds.lenovo.com
7346,noa.yahoo.com,1,doh,14.476,35.872,31.59299999999999,170.79999999701977,2,noa.yahoo.com;sec.yimg.com
7493,path1.xtracloud.net,1,doh,13.87,13.87,13.87,297.20000000298023,1,path1.xtracloud.net
6588,s-472d74ac.kinesisvideo.us-west-2.amazonaws.com,1,doh,17.92,17.92,17.92,316.90000000596046,1,s-472d74ac.kinesisvideo.us-west-2.amazonaws.com
6747,cds.connatix.com,1,doh,12.972,12.972,12.972,127,1,cds.connatix.com
6687,intercomcdn.com,1,doh,28.422,128.917,113.89200000000008,991.0999999940395,9,api-visitor-analytics.intercom.com;cdn.cookielaw.org;geolocation.onetrust.com;intercomcdn.com;unpkg.com;vercel.intercom.com;widget.intercom.io;www.googletagmanager.com;www.intercom.com
6669,tracenep.admaster.cc,1,doh,12.321,12.321,12.321,156.70000000298023,1,tracenep.admaster.cc
6798,msft-ssp-useast.adnxs.com,1,doh,14.701,14.701,14.701,101.29999999701977,1,msft-ssp-useast.adnxs.com
6937,p169-content.icloud.com,1,doh,18.155,18.155,18.155,162.20000000298023,1,p169-content.icloud.com
7692,identity.webex.com,1,doh,14.501,14.501,14.501,164.70000000298023,1,identity.webex.com
6620,gcs.prod.monitoring.core.windows.net,1,doh,15.463,15.463,15.463,112.70000000298023,1,gcs.prod.monitoring.core.windows.net
7093,ec2.web.us-west-2.prod.diagnostic.networking.aws.dev,1,doh,16.064,16.064,16.064,313,1,ec2.web.us-west-2.prod.diagnostic.networking.aws.dev
7336,ok.ru,1,doh,13.953,404.94599999999997,342.61700000000064,6953.29999999702,19,732231.ms.ok.ru;api.vk.com;counter.yadro.ru;dzen.ru;limg.imgsmail.ru;mc.yandex.ru;ok.ru;privacy-cs.mail.ru;r3.mail.ru;rs.mail.ru;st-ok.cdn-vk.ru;st.okcdn.ru;stats.g.doubleclick.net;top-fwz1.mail.ru;www.google-analytics.com;www.googletagmanager.com;www.tns-counter.ru;yandex.ru;yastatic.net
6971,static.jr5yu01aa.com,1,doh,100.062,100.062,100.062,416.19999998807907,1,static.jr5yu01aa.com
7772,tracking.crazyegg.com,1,doh,15.244,15.244,15.244,157.70000000298023,1,tracking.crazyegg.com
7695,beacon.qq.com,1,doh,20.742,940.5559999999999,940.5349999999996,6121.5999999940395,8,beacon.cdn.qq.com;beacon.qq.com;cdn3.codesign.qq.com;galileotelemetry.tencent.com;turing.captcha.gtimg.com;turing.captcha.qcloud.com;www.google-analytics.com;www.googletagmanager.com
7199,pool.liftdsp.com,1,doh,15.77,15.77,15.77,346.5,1,pool.liftdsp.com
7357,events.mz.unity3d.com,1,doh,13.165,13.165,13.165,110.20000000298023,1,events.mz.unity3d.com
6523,mweb.ck.inmobi.com,1,doh,20.857,20.857,20.857,148.90000000596046,1,mweb.ck.inmobi.com
6855,cdn.evgnet.com,1,doh,15.186,15.186,15.186,123.90000000596046,1,cdn.evgnet.com
7458,prod-zephyr.goguardian.com,1,doh,15.41,15.41,15.41,308.09999999403954,1,prod-zephyr.goguardian.com
7135,gspe76-ssl.ls.apple.com,1,doh,17.691,17.691,17.691,97.5,1,gspe76-ssl.ls.apple.com
7582,ads.creative-serving.com,1,doh,14.947,14.947,14.947,121.3999999910593,1,ads.creative-serving.com
7716,api.config-security.com,1,doh,14.694,14.694,14.694,129.59999999403954,1,api.config-security.com
7604,mrf.io,1,doh,17.488,17.488,17.488,94.09999999403954,1,mrf.io
6617,titlehub.xboxlive.com,1,doh,15.781,15.781,15.781,113.80000001192093,1,titlehub.xboxlive.com
6820,z-m-static.xx.fbcdn.net,1,doh,14,50.787,50.78699999999995,855.5,4,static.xx.fbcdn.net;www.facebook.com;www.instagram.com;z-m-static.xx.fbcdn.net
6991,players.brightcove.net,1,doh,14.369,14.369,14.369,137.5,1,players.brightcove.net
7639,skimresources.com,1,doh,29.302,69.09700000000001,56.79,345,4,fonts.googleapis.com;fonts.gstatic.com;skimresources.com;ssl.google-analytics.com
6931,opus.analytics.yahoo.com,1,doh,14.029,14.029,14.029,132.8999999910593,1,opus.analytics.yahoo.com
7020,us-api.samsungpositioning.com,1,doh,15.006,15.006,15.006,307.90000000596046,1,us-api.samsungpositioning.com
7040,smartclip.net,1,doh,28.741,28.741,28.741,119.20000000298023,1,smartclip.net
7621,cdn.w55c.net,1,doh,14.625,46.035,46.035,174.5,2,cdn.w55c.net;www.w55c.net
6903,c.pub.network,1,doh,16.494,16.494,16.494,119.69999998807907,1,c.pub.network
6512,www.pandora.com,1,doh,13.577,178.263,85.94600000000007,682.8999999910593,8,browser-intake-datadoghq.com;cdn.cookielaw.org;client.px-cloud.net;collector-pxxljwhhue.px-cloud.net;geolocation.onetrust.com;tzm.px-cloud.net;web-cdn.pandora.com;www.pandora.com
7504,ringapigw-geo.prod.gws.ring.amazon.dev,1,doh,16.165,16.165,16.165,82.69999998807907,1,ringapigw-geo.prod.gws.ring.amazon.dev
7234,events.newsroom.bi,1,doh,13.927,13.927,13.927,363.69999998807907,1,events.newsroom.bi
7334,iid.googleapis.com,1,doh,0.0,12.471,12.471000000000004,242.29999999701977,1,www.google.com
6888,video.qq.com,1,doh,15.179,3086.9780000000005,2139.7560000000017,12903.39999999106,24,active.v.qq.com;beacon.cdn.qq.com;cache.wuji.qq.com;galileotelemetry.tencent.com;game.weixin.qq.com;gif.media.qpic.cn;h.trace.qq.com;infozb6.video.qq.com;iwan-s.video.qq.com;media-img.puui.qpic.cn;p.l.qq.com;pbaccess.video.qq.com;pgdt.gtimg.cn;puui.qpic.cn;res.ab.qq.com;staticfile.qq.com;v.qq.com;vfiles.gtimg.cn;video.qq.com;vip.image.video.qpic.cn;vm.gtimg.cn;vmmp.qpic.cn;wfiles.gtimg.cn;xs.gdt.qq.com
7133,ec2.web.ap-northeast-2.prod.diagnostic.networking.aws.dev,1,doh,15.456,15.456,15.456,662.7999999970198,1,ec2.web.ap-northeast-2.prod.diagnostic.networking.aws.dev
7294,pull-cmaf-l16-gcp01.tiktokcdn.com,1,doh,15.286,15.286,15.286,490.6000000089407,1,pull-cmaf-l16-gcp01.tiktokcdn.com
7010,dx.mountain.com,1,doh,12.825,12.825,12.825,116.19999998807907,1,dx.mountain.com
6886,o.iads.unity3d.com,1,doh,14.703,14.703,14.703,84.20000000298023,1,o.iads.unity3d.com
6910,api.gcs.garmin.com,1,doh,13.728,13.728,13.728,156.5,1,api.gcs.garmin.com
7316,a.thumbs.redditmedia.com,1,doh,15.048,15.048,15.048,102.1000000089407,1,a.thumbs.redditmedia.com
7218,www.mozilla.org,1,doh,16.049,72.079,72.07899999999992,994,4,transcend-cdn.com;www.google-analytics.com;www.googletagmanager.com;www.mozilla.org
7278,east-ocse.us.code42.com,1,doh,17.664,17.664,17.664,114.40000000596046,1,east-ocse.us.code42.com
6695,clientstream-ga.launchdarkly.com,1,doh,14.739,14.739,14.739,90.29999999701977,1,clientstream-ga.launchdarkly.com
6718,pus3-collabhubrtc.officeapps.live.com,1,doh,24.354,24.354,24.354,170.29999999701977,1,pus3-collabhubrtc.officeapps.live.com
7393,feed-api-sg.capcut.com,1,doh,18.293,18.293,18.293,436.29999999701977,1,feed-api-sg.capcut.com
7060,etsy.com,1,doh,15.029,74.923,74.92299999999997,516.6999999880791,5,ct.captcha-delivery.com;etsy.com;geo.captcha-delivery.com;static.captcha-delivery.com;www.etsy.com
6893,p167-content.icloud.com,1,doh,14.771,14.771,14.771,150.79999999701977,1,p167-content.icloud.com
7145,cus-config.officeapps.live.com,1,doh,21.835,21.835,21.835,248.59999999403954,1,cus-config.officeapps.live.com
6635,eyeo.com,1,doh,16.027,86.91600000000001,48.82399999999991,1037,6,cdn-ukwest.onetrust.com;eyeo.com;js-eu1.hs-scripts.com;p.typekit.net;use.typekit.net;www.googletagmanager.com
7151,acsbapp.com,1,doh,16.329,16.329,16.329,143.29999999701977,1,acsbapp.com
7518,rtlog16-normal-no1a.tiktokv.eu,1,doh,12.892,12.892,12.892,519.0999999940395,1,rtlog16-normal-no1a.tiktokv.eu
6936,static-cdn.jtvnw.net,1,doh,14.371,14.371,14.371,158,1,static-cdn.jtvnw.net
7480,alive.github.com,1,doh,14.335,14.335,14.335,95.09999999403954,1,alive.github.com
7330,pull-a5-gcp01.tiktokcdn.com,1,doh,16.967,16.967,16.967,95,1,pull-a5-gcp01.tiktokcdn.com
6568,sync.bumlam.com,1,doh,14.412,14.412,14.412,375,1,sync.bumlam.com
6625,cf.vast.doubleverify.com,1,doh,20.122,430.7879999999999,299.8129999999998,1594.3999999910593,26,46126064.fs1.hubspotusercontent-na1.net;888-uxn-063.mktoresp.com;acsbapp.com;analytics.google.com;api.userback.io;cdn.acsbapp.com;cf.vast.doubleverify.com;consent.trustarc.com;cta-service-cms2.hubspot.com;doubleverify.com;forms-na1.hsforms.com;googleads.g.doubleclick.net;js.hs-analytics.net;js.hs-banner.com;js.hsforms.net;js.hubspot.com;munchkin.marketo.net;perf-na1.hsforms.com;px.ads.linkedin.com;snap.licdn.com;static.userback.io;stats.g.doubleclick.net;www.doubleverify.com;www.google.com;www.googletagmanager.com;www.linkedin.com
7620,otel-mobile.doordash.com,1,doh,13.61,32.459,32.45899999999999,239.20000000298023,2,otel-mobile.doordash.com;typography.doordash.com
7568,agentserviceapi.guestconfiguration.azure.com,1,doh,0.015,0.015,0.015,166.40000000596046,1,agentserviceapi.guestconfiguration.azure.com
7432,customer.io,1,doh,16.056,500.7049999999999,292.33500000000004,1972.5999999940395,34,alb.reddit.com;analytics.twitter.com;api.sitelytics.tech;aqfer.lijit.com;bat.bing.com;c.clarity.ms;cdn.sanity.io;cdn.sitelytics.tech;cdp.customer.io;ce.lijit.com;consent.cookiebot.com;consentcdn.cookiebot.com;customer.io;js.zi-scripts.com;pagead2.googlesyndication.com;pixel-config.reddit.com;px.ads.linkedin.com;pxdrop.lijit.com;s.clarity.ms;scout-cdn.salesloft.com;scout.salesloft.com;scripts.clarity.ms;snap.licdn.com;static.ads-twitter.com;t.co;tracking-api.g2.com;tracking.g2crowd.com;ws-assets.zoominfo.com;ws.zoominfo.com;www.clarity.ms;www.google-analytics.com;www.googletagmanager.com;www.linkedin.com;www.redditstatic.com
7663,acronis.com,1,doh,16.73,391.207,161.86200000000053,694.1000000089407,25,account.acronis.com;acronis.com;bat.bing.com;cdn.cookielaw.org;cdn.cr-relay.com;connect.facebook.net;dev.visualwebsiteoptimizer.com;geolocation.onetrust.com;googleads.g.doubleclick.net;j.6sc.co;js.driftt.com;o394472.ingest.sentry.io;pagead2.googlesyndication.com;snap.licdn.com;tag.demandbase.com;tags.srv.stackadapt.com;trkn.us;websiteapi.acronis.com;www.clarity.ms;www.google.com;www.googletagmanager.com;www.mczbf.com;www.redditstatic.com;www.upsellit.com;www.youtube.com
7562,cdn.pdst.fm,1,doh,14.781,14.781,14.781,172.70000000298023,1,cdn.pdst.fm
6885,wysemanagementsuite.com,1,doh,21.052,21.066,21.06600000000001,938.5,1,wysemanagementsuite.com
7042,a.orbsrv.com,1,doh,15.424,15.424,15.424,91.29999999701977,1,a.orbsrv.com
7170,partner.googleadservices.com,1,doh,0.0,13.009,13.009,147.20000000298023,1,www.google.com
7238,tesla.com,1,doh,15.452,15.452,15.452,463.5,1,tesla.com
6972,dspbeacons.old.ihasdsp.inmobi.com,1,doh,15.668,15.668,15.668,134.90000000596046,1,dspbeacons.old.ihasdsp.inmobi.com
7361,server.smartytech.io,1,doh,12.696,12.696,12.696,398.79999999701977,1,server.smartytech.io
7510,csync-global.smartadserver.com,1,doh,13.418,31.0,30.999999999999993,781.2999999970198,2,csync-global.smartadserver.com;csync-us.smartadserver.com
6967,zaloapp.com,1,doh,275.648,832.4250000000002,819.661,6013.70000000298,5,www.google-analytics.com;www.googletagmanager.com;zalo-site.zadn.vn;zalo.me;zaloapp.com
7424,a.slack-edge.com,1,doh,15.264,15.264,15.264,387.20000000298023,1,a.slack-edge.com
6988,webpermissionpredictions.googleapis.com,1,doh,0.0,14.267,14.266999999999996,215.59999999403954,1,www.google.com
7664,onedriveclubprodbn20007.blob.core.windows.net,1,doh,26.214,26.214,26.214,140.5,1,onedriveclubprodbn20007.blob.core.windows.net
6708,idsync.live.streamtheworld.com,1,doh,14.892,14.892,14.892,248.5,1,idsync.live.streamtheworld.com
7291,androidauthnimblegateway-pa.googleapis.com,1,doh,0.0,13.354,13.353999999999985,233.20000000298023,1,www.google.com
6899,img.hulu.com,1,doh,13.612,13.612,13.612,87.8999999910593,1,img.hulu.com
7719,metrics.rapidedge.io,1,doh,14.245,14.245,14.245,19616.70000000298,1,metrics.rapidedge.io
7699,onedriveclubprodbn20019.blob.core.windows.net,1,doh,15.443,15.443,15.443,142.5,1,onedriveclubprodbn20019.blob.core.windows.net
6842,assets.twitch.tv,1,doh,13.249,13.249,13.249,271.59999999403954,1,assets.twitch.tv
7739,rddiagnostics-g-us-r1.wvd.microsoft.com,1,doh,25.103,25.103,25.103,139.79999999701977,1,rddiagnostics-g-us-r1.wvd.microsoft.com
7032,newsroom.bi,1,doh,17.346,243.402,205.0279999999998,1045.1000000089407,15,aplo-evnt.com;assets.apollo.io;events.newsroom.bi;experiences.mrf.io;fonts.gstatic.com;googleads.g.doubleclick.net;i.ytimg.com;newsroom.bi;rr1---sn-p5qs7n6y.googlevideo.com;sdk.mrf.io;static.doubleclick.net;www.google.com;www.gstatic.com;www.marfeel.com;www.youtube.com
7717,pgorelease.nianticlabs.com,1,doh,15.56,15.56,15.56,131.59999999403954,1,pgorelease.nianticlabs.com
7046,b-0008.b-msedge.net,1,doh,16.485,16.485,16.485,108.6000000089407,1,b-0008.b-msedge.net
7383,hybird.mtgglobals.com,1,doh,15.373,15.373,15.373,541.9000000059605,1,hybird.mtgglobals.com
7608,config.mapbox.com,1,doh,14.374,14.374,14.374,127.40000000596046,1,config.mapbox.com
6608,dl.listdl.com,1,doh,13.86,13.86,13.86,929.9000000059605,1,dl.listdl.com
7560,thisisdax.com,1,doh,93.335,398.30100000000004,321.3009999999999,1795.9000000059605,16,ajax.googleapis.com;cdn.jsdelivr.net;cdn.privacy-mgmt.com;challenges.cloudflare.com;ekr.zdassets.com;fonts.googleapis.com;fonts.gstatic.com;global.com;global6590.zendesk.com;googleads.g.doubleclick.net;static.zdassets.com;thisisdax.com;www.google.com;www.googleadservices.com;www.googletagmanager.com;www.gstatic.com
7409,pull-flv-f77-gcp01.tiktokcdn.com,1,doh,14.721,14.721,14.721,83.20000000298023,1,pull-flv-f77-gcp01.tiktokcdn.com
7115,ec2.web.me-central-1.prod.diagnostic.networking.aws.dev,1,doh,14.433,14.433,14.433,665.9000000059605,1,ec2.web.me-central-1.prod.diagnostic.networking.aws.dev
7624,uk-script.dotmetrics.net,1,doh,14.84,14.84,14.84,154.09999999403954,1,uk-script.dotmetrics.net
6610,n.clarity.ms,1,doh,14.965,14.965,14.965,100.79999999701977,1,n.clarity.ms
7258,supercell.com,1,doh,30.918,130.75400000000002,130.75399999999993,630,6,accounts.supercell.com;cdn.cookielaw.org;cdn.supercell.com;geolocation.onetrust.com;o315582.ingest.sentry.io;supercell.com
6577,ic-nss.flixcdn.com,1,doh,18.336,18.336,18.336,204.70000000298023,1,ic-nss.flixcdn.com
7087,logmein.com,1,doh,16.155,535.6710000000002,292.4970000000003,2054.0999999940395,38,417-klk-478.mktoresp.com;alb.reddit.com;analytics.google.com;ariane.abtasty.com;bat.bing.com;cdn.cookielaw.org;cm.g.doubleclick.net;connect.facebook.net;dcinfos-cache.abtasty.com;edge.sitecorecloud.io;epsilon.6sense.com;geolocation.onetrust.com;googleads.g.doubleclick.net;ib.adnxs.com;insight.adsrvr.org;ipv6.6sc.co;j.6sc.co;js.adsrvr.org;js.qualified.com;lmiutilcdn.blob.core.windows.net;logmein.com;munchkin.marketo.net;pixel-config.reddit.com;pixel.rubiconproject.com;px.ads.linkedin.com;secure.adnxs.com;siteintercept.qualtrics.com;snap.licdn.com;stats.g.doubleclick.net;try.abtasty.com;utt.impactcdn.com;www.google-analytics.com;www.google.com;www.googletagmanager.com;www.linkedin.com;www.logmein.com;www.redditstatic.com;zn1nu7ve8yxy0nawq-logmeinvoc.siteintercept.qualtrics.com
7667,getpublica.com,1,doh,28.999,318.19399999999996,188.1720000000002,1859.5999999940395,18,ajax.googleapis.com;cdn-images.mailchimp.com;cdn.cookielaw.org;cdn.prod.website-files.com;d3e54v103j8qbb.cloudfront.net;fonts.googleapis.com;fonts.gstatic.com;geolocation.onetrust.com;getpublica.com;px.ads.linkedin.com;snap.licdn.com;widget.intercom.io;www.getpublica.com;www.google-analytics.com;www.google.com;www.googletagmanager.com;www.gstatic.com;www.linkedin.com
7571,konut-cdn.apple.com,1,doh,18.871,18.871,18.871,121.5,1,konut-cdn.apple.com
7192,cdn.parsely.com,1,doh,16.289,16.289,16.289,88.59999999403954,1,cdn.parsely.com
6889,exch.quantcount.com,1,doh,14.787,14.787,14.787,86.70000000298023,1,exch.quantcount.com
7284,streamingapi-ford-soa-24-prod-360.mountain.siriusxm.com,1,doh,18.344,50.483000000000004,50.48300000000001,764.9000000059605,3,fonts.googleapis.com;fonts.gstatic.com;streamingapi-ford-soa-24-prod-360.mountain.siriusxm.com
6569,shein.com,1,doh,25.897,708.754,360.6810000000009,3156,44,accounts.google.com;ads.nextdoor.com;alb.reddit.com;amplify.outbrain.com;analytics.twitter.com;armor.ltwebstatic.com;bat.bing.com;cdn.id5-sync.com;cdn.taboola.com;cinfo-v4.shein.com;cinfo-v6.shein.com;cjs.ltwebstatic.com;common.ltwebstatic.com;connect.facebook.net;count.shein.com;dynamic.criteo.com;gateway.shein.com;googleads.g.doubleclick.net;gum.criteo.com;id5-sync.com;img.shein.com;lb.eu-1-id5-sync.com;lbs.eu-1-id5-sync.com;pixel-config.reddit.com;pixel.tapad.com;px.ads.linkedin.com;s.pinimg.com;sc-static.net;sc.ltwebstatic.com;shein.com;snap.licdn.com;sslwidget.criteo.com;static.ads-twitter.com;static.gateway.shein.com;storage.googleapis.com;t.co;tr.outbrain.com;tr.snapchat.com;wave.outbrain.com;www.google.com;www.googletagmanager.com;www.linkedin.com;www.redditstatic.com;www.shein.com
7299,log.strm.yandex.ru,1,doh,15.048,15.048,15.048,685.0999999940395,1,log.strm.yandex.ru
7602,ire-oneid.shalltry.com,1,doh,16.563,16.563,16.563,189.70000000298023,1,ire-oneid.shalltry.com
7333,f.vimeocdn.com,1,doh,14.855,14.855,14.855,151.8999999910593,1,f.vimeocdn.com
6658,zaz.api.amazonvideo.com,1,doh,73.541,73.541,73.541,400.40000000596046,1,zaz.api.amazonvideo.com
7544,grpc.life360.com,1,doh,15.503,29.158,29.158,208.09999999403954,2,grpc.life360.com;static.cloudflareinsights.com
7627,trafficjunky.net,1,doh,16.09,396.96999999999997,304.4430000000001,1590.8999999910593,13,accounts.google.com;alb.reddit.com;fonts.googleapis.com;pagead2.googlesyndication.com;pixel-config.reddit.com;static.trafficjunky.com;trafficjunky.net;unpkg.com;webassets.trafficjunky.com;www.google-analytics.com;www.googletagmanager.com;www.redditstatic.com;www.trafficjunky.com
7030,api.gameanalytics.com,1,doh,17.237,17.237,17.237,87.20000000298023,1,api.gameanalytics.com
7684,clientsapigw-alb.us-east-1.prod.v2.gws.ring.amazon.dev,1,doh,16.049,16.049,16.049,81.70000000298023,1,clientsapigw-alb.us-east-1.prod.v2.gws.ring.amazon.dev
7191,adppa.api.autodesk.com,1,doh,35.131,35.131,35.131,185.90000000596046,1,adppa.api.autodesk.com
7723,ak.sail-horizon.com,1,doh,17.813,17.813,17.813,202.3999999910593,1,ak.sail-horizon.com
7008,dzen.ru,1,doh,15.582,539.095,387.81699999999967,7373.899999991059,21,ad.mail.ru;adv.mail.ru;api.vk.com;avatars.dzeninfra.ru;csp.yandex.net;dzen.ru;login.vk.com;privacy-cs.mail.ru;r.mradx.net;s3.dzeninfra.ru;sso.dzen.ru;sso.passport.yandex.ru;stacks.vk-portal.net;static-mon.yandex.net;static.dzeninfra.ru;static.vk.com;suggest.sso.dzen.ru;top-fwz1.mail.ru;vk.ru;yandex.ru;yastatic.net
6570,manage-beta.microsoft.com,1,doh,34.608,121.35499999999999,119.87000000000012,2000.7000000029802,6,aadcdn.msftauth.net;aka.ms;intune.microsoft.com;login.live.com;login.microsoftonline.com;manage-beta.microsoft.com
7691,xhpingcdn.com,1,doh,18.399,165.79600000000002,135.85800000000012,946.4000000059605,10,euob.iseaskies.com;exploreonlineresults.com;l.cdn-fileserver.com;msadsscale.microsoft.com;obseu.iseaskies.com;resultsfastfind.com;s.cdn-fileserver.com;s.yimg.com;scripts.clarity.ms;xhpingcdn.com
7127,ec2.web.af-south-1.prod.diagnostic.networking.aws.dev,1,doh,14.222,14.222,14.222,747,1,ec2.web.af-south-1.prod.diagnostic.networking.aws.dev
6526,cdn-store-icons-akamai-prd.unityads.unity3d.com,1,doh,19.604,19.604,19.604,156.29999999701977,1,cdn-store-icons-akamai-prd.unityads.unity3d.com
7713,loc.map.baidu.com,1,doh,15.714,15.714,15.714,766.3999999910593,1,loc.map.baidu.com
6674,autoupdate.opera.com,1,doh,13.824,13.824,13.824,206.69999998807907,1,autoupdate.opera.com
7193,api.helpshift.com,1,doh,13.655,13.655,13.655,139.20000000298023,1,api.helpshift.com
6935,contactservice.zoom.us,1,doh,15.329,15.329,15.329,121.6000000089407,1,contactservice.zoom.us
7654,onedriveclubproddm20046.blob.core.windows.net,1,doh,24.658,24.658,24.658,221.29999999701977,1,onedriveclubproddm20046.blob.core.windows.net
7771,browser-intake-us5-datadoghq.com,1,doh,15.431,15.431,15.431,134.69999998807907,1,browser-intake-us5-datadoghq.com
7311,audioeye.com,1,doh,21.252,347.73400000000004,271.2169999999999,2392.699999988079,21,analytics.audioeye.com;app.hubspot.com;audioeye.com;cdn-cookieyes.com;dev.visualwebsiteoptimizer.com;directory.cookieyes.com;fonts.googleapis.com;js.hs-scripts.com;js.hubspotfeedback.com;js.usemessages.com;log.cookieyes.com;static.hsappstatic.net;us-assets.i.posthog.com;useruploads.visualwebsiteoptimizer.com;wsmcdn.audioeye.com;wsv3cdn.audioeye.com;www-assets.audioeye.com;www.audioeye.com;www.clickcease.com;www.google.com;www.googletagmanager.com
7595,rcs-copper-us.googleapis.com,1,doh,0.0,0.0,0.0,107.09999999403954,0,
6906,bitdrift.io,1,doh,20.997,182.845,110.98999999999994,1844.0999999940395,12,api.iconify.design;aplo-evnt.com;assets.apollo.io;auth.bitdrift.io;bitdrift.io;blog.bitdrift.io;go.bitdrift.io;googleads.g.doubleclick.net;s3-us-west-2.amazonaws.com;www.google-analytics.com;www.google.com;www.googletagmanager.com
7762,douyin.com,1,doh,17.659,691.595,487.07899999999984,577.8999999910593,5,douyin.com;lf-cdn-tos.bytescm.com;lf-rc1.yhgfb-cn-static.com;rmc.bytedance.com;www.douyin.com
6547,p174-content.icloud.com,1,doh,14.164,14.164,14.164,148.40000000596046,1,p174-content.icloud.com
6614,p176-content.icloud.com,1,doh,15.19,15.19,15.19,149.90000000596046,1,p176-content.icloud.com
7195,a.pub.network,1,doh,13.369,36.756,36.756,291.8999999910593,2,a.pub.network;dashboard.freestar.io
7077,js.hubspot.com,1,doh,17.727,17.727,17.727,129.69999998807907,1,js.hubspot.com
6786,portal.manage-dogfood.microsoft.com,1,doh,31.779,46.661,46.661,307,2,login.windows-ppe.net;portal.manage-dogfood.microsoft.com
6632,sw88.espn.com,1,doh,15.764,15.764,15.764,83.80000001192093,1,sw88.espn.com
6730,dmp.im-apps.net,1,doh,15.022,15.022,15.022,722.6000000089407,1,dmp.im-apps.net
7310,pull-cmaf-f77-gcp01.tiktokcdn.com,1,doh,23.039,23.039,23.039,413.40000000596046,1,pull-cmaf-f77-gcp01.tiktokcdn.com
7225,ec2.web.us-east-1.prod.diagnostic.networking.aws.dev,1,doh,14.059,14.059,14.059,90.90000000596046,1,ec2.web.us-east-1.prod.diagnostic.networking.aws.dev
6818,www.belkin.com,1,doh,18.503,574.9549999999998,349.66399999999993,3152.8999999910593,32,a.klaviyo.com;api.userway.org;belkin.my.salesforce-scrt.com;belkin.my.site.com;c.webtrends-optimize.com;cdn-loyalty.yotpo.com;cdn-swell-assets.yotpo.com;cdn-widgetsrepository.yotpo.com;cdn.cnstrc.com;cdn.cookielaw.org;cdn.cquotient.com;cdn.userway.org;cnstrc.com;d38xvr37kwwhcm.cloudfront.net;fast.a.klaviyo.com;fonts.cdnfonts.com;fonts.googleapis.com;geolocation.onetrust.com;js.klarna.com;maxcdn.bootstrapcdn.com;p.cquotient.com;pat.webtrends-optimize.com;s3.belkin.com;sdk.helloextend.com;static-forms.klaviyo.com;static.cloudflareinsights.com;static.klaviyo.com;unpkg.com;www.belkin.com;www.cloudflare.com;www.googletagmanager.com;x.klarnacdn.net
7240,app.appsflyer.com,1,doh,17.93,17.93,17.93,107.19999998807907,1,app.appsflyer.com
6543,manage.agent-cluster1.prod.us003-prod.arcticwolf.net,1,doh,15.979,15.979,15.979,134.79999999701977,1,manage.agent-cluster1.prod.us003-prod.arcticwolf.net
7433,wyze-iot.s3.us-west-2.amazonaws.com,1,doh,17.532,17.532,17.532,311.79999999701977,1,wyze-iot.s3.us-west-2.amazonaws.com
7534,pull-cmaf-f16-gcp01.tiktokcdn.com,1,doh,15.66,15.66,15.66,509.09999999403954,1,pull-cmaf-f16-gcp01.tiktokcdn.com
7374,emoji.redditmedia.com,1,doh,15.803,15.803,15.803,136.5,1,emoji.redditmedia.com
6639,prd-lender.cdp.internal.unity3d.com,1,doh,20.778,20.778,20.778,120.6000000089407,1,prd-lender.cdp.internal.unity3d.com
6869,cameraddns.net,1,doh,277.918,277.918,277.918,3426.2000000029802,1,cameraddns.net
7318,links.duckduckgo.com,1,doh,14.533,14.533,14.533,88.40000000596046,1,links.duckduckgo.com
6835,i.vimeocdn.com,1,doh,15.438,15.438,15.438,100.8999999910593,1,i.vimeocdn.com
7037,gcc.activity.windows.us,1,doh,14.482,14.482,14.482,379.5,1,gcc.activity.windows.us
6551,mobile.zscalerthree.net,1,doh,16.525,84.84899999999999,84.84899999999996,493.79999999701977,5,admin.zscalerthree.net;cdn.mxpnl.com;cms.zscaler.com;mobile.zscalerthree.net;mobileadmin.zscalerthree.net
6571,egress.yandex.net,1,doh,19.631,19.643,19.642999999999944,1750.5,1,egress.yandex.net
7611,clientconfig.rpg.riotgames.com,1,doh,14.361,14.361,14.361,113.09999999403954,1,clientconfig.rpg.riotgames.com
6729,countvoncount.goguardian.com,1,doh,17.907,17.907,17.907,317.5,1,countvoncount.goguardian.com
7520,internal.cashappapi.com,1,doh,15.657,15.657,15.657,241.20000000298023,1,internal.cashappapi.com
6990,m.yziyu02by.com,1,doh,102.667,102.667,102.667,897.3999999910593,1,m.yziyu02by.com
7546,i.l-dsp.inmobicdn.net,1,doh,12.825,12.825,12.825,134.80000001192093,1,i.l-dsp.inmobicdn.net
6771,shared.officeapps.live.com,1,doh,21.688,21.688,21.688,120.90000000596046,1,shared.officeapps.live.com
6804,immy.bot,1,doh,17.163,281.052,186.80599999999998,2111.2000000029802,22,alb.reddit.com;api.hubapi.com;assets.calendly.com;fonts.googleapis.com;fonts.gstatic.com;googleads.g.doubleclick.net;immy.bot;js.hs-analytics.net;js.hs-banner.com;js.hs-scripts.com;js.hsadspixel.net;js.hubspot.com;perf-na1.hsforms.com;pixel-config.reddit.com;track.hubspot.com;us-assets.i.posthog.com;us.i.posthog.com;www.google-analytics.com;www.google.com;www.googletagmanager.com;www.immy.bot;www.redditstatic.com
7157,ox-rtb-us-west1.openx.net,1,doh,12.626,12.626,12.626,158.90000000596046,1,ox-rtb-us-west1.openx.net
6709,qos.prod.warm.ingest.monitor.core.windows.net,1,doh,12.466,12.466,12.466,108.69999998807907,1,qos.prod.warm.ingest.monitor.core.windows.net
7047,ec2.web.ap-south-1.prod.diagnostic.networking.aws.dev,1,doh,11.805,11.805,11.805,828.2999999970198,1,ec2.web.ap-south-1.prod.diagnostic.networking.aws.dev
6536,portal.manage-ppe.microsoft.us,1,doh,13.911,42.654,42.653999999999996,1034.0999999940395,3,aadcdn.msftauth.net;login.microsoftonline.us;portal.manage-ppe.microsoft.us
6738,tnc-boot.tiktokv.com,1,doh,14.182,14.182,14.182,304.3999999910593,1,tnc-boot.tiktokv.com
7233,pull-f5-vr-gcp01.tiktokcdn.com,1,doh,14.013,14.013,14.013,85.79999999701977,1,pull-f5-vr-gcp01.tiktokcdn.com
6624,s-8451b5cd.kinesisvideo.us-west-2.amazonaws.com,1,doh,18.319,18.319,18.319,315,1,s-8451b5cd.kinesisvideo.us-west-2.amazonaws.com
7757,store-dra.hispace.dbankcloud.com,1,doh,30.923,30.923,30.923,351.79999999701977,1,store-dra.hispace.dbankcloud.com
7117,cdngarenanow-a.akamaihd.net,1,doh,17.343,17.343,17.343,2635.5,1,cdngarenanow-a.akamaihd.net
6923,booking.com,1,doh,14.918,71.56099999999999,60.315999999999796,1787.9000000059605,6,account.booking.com;booking.com;cdn.cookielaw.org;cf.bstatic.com;geolocation.onetrust.com;www.booking.com
7231,androidtvlauncherxfe-pa.googleapis.com,1,doh,0.0,12.297,12.296999999999997,229.90000000596046,1,www.google.com
7662,calendar-r.wbx2.com,1,doh,14.783,14.783,14.783,403.8999999910593,1,calendar-r.wbx2.com
6622,p166-content.icloud.com,1,doh,13.824,13.824,13.824,140.6000000089407,1,p166-content.icloud.com
7224,snapshotsgw.us-east-2.prod.gws.ring.amazon.dev,1,doh,34.193,34.193,34.193,100.6000000089407,1,snapshotsgw.us-east-2.prod.gws.ring.amazon.dev
6525,c.aps.amazon-adsystem.com,1,doh,14.349,14.349,14.349,134.3999999910593,1,c.aps.amazon-adsystem.com
6983,ghent-gce-or.bidswitch.net,1,doh,14.034,14.034,14.034,287.20000000298023,1,ghent-gce-or.bidswitch.net
7385,r12.c.lencr.org,1,doh,13.349,13.349,13.349,412.5,1,r12.c.lencr.org
7036,az700632.vo.msecnd.net,1,doh,17.381,17.381,17.381,819.5999999940395,1,az700632.vo.msecnd.net
6623,s-6666510b.kinesisvideo.us-west-2.amazonaws.com,1,doh,14.626,14.626,14.626,312,1,s-6666510b.kinesisvideo.us-west-2.amazonaws.com
7422,cdn07.boxcdn.net,1,doh,15.135,15.135,15.135,129.5,1,cdn07.boxcdn.net
6724,xlivrdr.com,1,doh,14.764,14.764,14.764,398.90000000596046,1,xlivrdr.com
7525,us.i.posthog.com,1,doh,15.603,15.603,15.603,88.5,1,us.i.posthog.com
7236,api16-core-no1a.tiktokv.eu,1,doh,16.007,16.007,16.007,205.3999999910593,1,api16-core-no1a.tiktokv.eu
7484,onedriveclubproddm20045.blob.core.windows.net,1,doh,21.811,21.811,21.811,221.70000000298023,1,onedriveclubproddm20045.blob.core.windows.net
7206,lf16-effectcdn-sg.tiktokcdn.com,1,doh,13.884,13.884,13.884,889.7000000029802,1,lf16-effectcdn-sg.tiktokcdn.com
6515,e.clarity.ms,1,doh,13.389,13.389,13.389,102,1,e.clarity.ms
7461,metrics.getrockerbox.com,1,doh,14.756,756.2509999999997,441.09799999999973,2574.4000000059605,50,6823595ee2a3634bf77e7bfe.endpoint.csper.io;7052064.fs1.hubspotusercontent-na1.net;8ab0a26cb0027939bcf5-49c99c3c0c9c98b3365b710757036e1b.ssl.cf5.rackcdn.com;a.omappapi.com;acsbapp.com;alb.reddit.com;analytics.google.com;aorta.clickagy.com;api.hubapi.com;api.omappapi.com;app.hubspot.com;cdn.acsbapp.com;cdn.callrail.com;cdnjs.cloudflare.com;code.jquery.com;connect.facebook.net;consent.trustarc.com;fonts.gstatic.com;googleads.g.doubleclick.net;ib.adnxs.com;image.mux.com;insight.adsrvr.org;js.adsrvr.org;js.hs-analytics.net;js.hs-banner.com;js.hsadspixel.net;js.hscollectedforms.net;js.zi-scripts.com;kit-free.fontawesome.com;leads-api.gonorth.io;manifest-gcp-us-east1-vop1.edgemv.mux.com;metrics.getrockerbox.com;pixel-config.reddit.com;pixel.rubiconproject.com;play.hubspotvideo.com;px.ads.linkedin.com;snap.licdn.com;static.hsappstatic.net;stats.g.doubleclick.net;stream.mux.com;tag.unifyintent.com;tags.clickagy.com;us-u.openx.net;ws.zoominfo.com;www.cloudflare.com;www.google.com;www.googletagmanager.com;www.linkedin.com;www.redditstatic.com;www.rockerbox.com
6783,addtoany.com,1,doh,17.784,33.414,33.41400000000001,363,3,addtoany.com;static.addtoany.com;www.addtoany.com
6778,getrockerbox.com,1,doh,15.197,729.9950000000001,435.59600000000023,2801.3999999910593,52,6823595ee2a3634bf77e7bfe.endpoint.csper.io;7052064.fs1.hubspotusercontent-na1.net;8ab0a26cb0027939bcf5-49c99c3c0c9c98b3365b710757036e1b.ssl.cf5.rackcdn.com;a.omappapi.com;acsbapp.com;alb.reddit.com;analytics.google.com;aorta.clickagy.com;api.hubapi.com;api.omappapi.com;app.hubspot.com;cdn.acsbapp.com;cdn.callrail.com;cdnjs.cloudflare.com;cm.g.doubleclick.net;code.jquery.com;connect.facebook.net;consent.trustarc.com;exceptions.hubspot.com;fonts.gstatic.com;getrockerbox.com;googleads.g.doubleclick.net;ib.adnxs.com;image.mux.com;insight.adsrvr.org;js.adsrvr.org;js.hs-analytics.net;js.hs-banner.com;js.hsadspixel.net;js.hscollectedforms.net;js.zi-scripts.com;kit-free.fontawesome.com;leads-api.gonorth.io;manifest-gcp-us-east1-vop1.edgemv.mux.com;pixel-config.reddit.com;pixel.rubiconproject.com;play.hubspotvideo.com;px.ads.linkedin.com;snap.licdn.com;static.hsappstatic.net;stats.g.doubleclick.net;stream.mux.com;tag.unifyintent.com;tags.clickagy.com;us-u.openx.net;ws.zoominfo.com;www.cloudflare.com;www.google.com;www.googletagmanager.com;www.linkedin.com;www.redditstatic.com;www.rockerbox.com
6794,kampyle.com,1,doh,25.244,707.474,372.3210000000006,3128.7999999970198,48,141-hjw-872.mktoresp.com;adobedc.demdex.net;api.company-target.com;api.weglot.com;assets.adobedtm.com;cdn.bizible.com;cdn.bizibly.com;cdn.decibelinsight.net;cdn.jsdelivr.net;cdn.vidyard.com;cdn.weglot.com;cm.g.doubleclick.net;connect.facebook.net;consent.trustarc.com;dsum-sec.casalemedia.com;fonts.googleapis.com;fonts.gstatic.com;go2.medallia.com;googleads.g.doubleclick.net;ib.adnxs.com;id.rlcdn.com;insight.adsrvr.org;js.adsrvr.org;js.qualified.com;js.zi-scripts.com;kampyle.com;medalliaresources.s3.us-west-1.amazonaws.com;munchkin.marketo.net;na5.cdn.thunderhead.com;na5.thunderhead.com;nebula-cdn.kampyle.com;partners.tremorhub.com;pixel.rubiconproject.com;play.vidyard.com;px.ads.linkedin.com;resources.digital-cloud.medallia.com;s.company-target.com;segments.company-target.com;smetrics.medallia.com;snap.licdn.com;tag-logger.demandbase.com;tag.demandbase.com;ws.zoominfo.com;www.google-analytics.com;www.google.com;www.googletagmanager.com;www.linkedin.com;www.medallia.com
6511,rudderstack.com,1,doh,24.722,439.821,314.95099999999985,1142.7999999970198,26,a.quora.com;alb.reddit.com;c.bing.com;c.clarity.ms;cdn.claydar.com;cdn.ketchjs.com;cdn.sanity.io;cdn.snitcher.com;cdn.sy-d.io;global.ketchcdn.com;googleads.g.doubleclick.net;js.qualified.com;pixel-config.reddit.com;px.ads.linkedin.com;rudderstack.com;s.clarity.ms;scripts.clarity.ms;snap.licdn.com;static.claydar.com;www.clarity.ms;www.google-analytics.com;www.google.com;www.googletagmanager.com;www.linkedin.com;www.redditstatic.com;www.rudderstack.com
7365,blogger.googleusercontent.com,1,doh,0.0,11.851,11.850999999999999,264.30000001192093,1,www.google.com
7559,vcs-sg.capcutapi.com,1,doh,17.503,17.503,17.503,342.79999999701977,1,vcs-sg.capcutapi.com
6613,s-4010bf70.kinesisvideo.us-west-2.amazonaws.com,1,doh,12.983,12.983,12.983,308.79999999701977,1,s-4010bf70.kinesisvideo.us-west-2.amazonaws.com
7533,adobedc.demdex.net,1,doh,12.886,12.886,12.886,84.09999999403954,1,adobedc.demdex.net
7292,mycdn.me,1,doh,133.729,133.729,133.729,745.7000000029802,1,mycdn.me
7425,pus4-collabhubrtc.officeapps.live.com,1,doh,17.662,17.662,17.662,131.59999999403954,1,pus4-collabhubrtc.officeapps.live.com
7711,albert.apple.com,1,doh,13.363,13.363,13.363,135.80000001192093,1,albert.apple.com
6939,ocsp.r2m03.amazontrust.com,1,doh,27.185,27.185,27.185,131.6000000089407,1,ocsp.r2m03.amazontrust.com
7017,gameanalytics.com,1,doh,20.407,231.674,155.12299999999993,908,15,cdn.iubenda.com;cdn.jsdelivr.net;cdn.prod.website-files.com;d3e54v103j8qbb.cloudfront.net;embeds.iubenda.com;gameanalytics.com;hubspotonwebflow.com;idb.iubenda.com;kidsafe.com;p.typekit.net;pagead2.googlesyndication.com;use.typekit.net;www.gameanalytics.com;www.google-analytics.com;www.googletagmanager.com
7162,video-useast5.tiktokv.us,1,doh,12.254,12.254,12.254,95.79999999701977,1,video-useast5.tiktokv.us
6562,s-d6629a18.kinesisvideo.us-west-2.amazonaws.com,1,doh,14.014,14.014,14.014,299.29999999701977,1,s-d6629a18.kinesisvideo.us-west-2.amazonaws.com
7156,pollserver.lastpass.com,1,doh,14.245,14.245,14.245,369,1,pollserver.lastpass.com
7200,ec2.web.ca-central-1.prod.diagnostic.networking.aws.dev,1,doh,11.666,11.666,11.666,121.20000000298023,1,ec2.web.ca-central-1.prod.diagnostic.networking.aws.dev
7401,pull-cmaf-l10-gcp01.tiktokcdn.com,1,doh,12.337,12.337,12.337,764.7000000029802,1,pull-cmaf-l10-gcp01.tiktokcdn.com
7251,api.bilibili.com,1,doh,15.396,77.97,67.69799999999991,1967.9000000059605,6,api.bilibili.com;api.live.bilibili.com;data.bilibili.com;i0.hdslb.com;i1.hdslb.com;s1.hdslb.com
6915,st-relay-v3-univ-srs-win-3801-g3.api.splashtop.com,1,doh,25.73,25.73,25.73,302.90000000596046,1,st-relay-v3-univ-srs-win-3801-g3.api.splashtop.com
6596,vg-ali-ad-track-sdk.mtgglobals.com,1,doh,13.058,13.058,13.058,101.29999999701977,1,vg-ali-ad-track-sdk.mtgglobals.com
7524,pull-flv-f77-tt04.tiktokcdn-eu.com,1,doh,21.048,21.048,21.048,89.90000000596046,1,pull-flv-f77-tt04.tiktokcdn-eu.com
6583,p172-content.icloud.com,1,doh,13.68,13.68,13.68,146,1,p172-content.icloud.com
7228,ec2.web.eu-central-1.prod.diagnostic.networking.aws.dev,1,doh,13.71,13.71,13.71,349.5,1,ec2.web.eu-central-1.prod.diagnostic.networking.aws.dev
7325,js.intercomcdn.com,1,doh,15.293,15.293,15.293,347.79999999701977,1,js.intercomcdn.com
7542,autoelevate.com,1,doh,16.349,174.95600000000002,148.80200000000002,1308,11,analytics.google.com;autoelevate.com;cyberfox1.wpenginepowered.com;fonts.googleapis.com;fonts.gstatic.com;forms-na1.hsforms.com;forms.hsforms.com;js.hsforms.net;stats.g.doubleclick.net;www.cyberfox.com;www.googletagmanager.com
6637,ocsp.r2m01.amazontrust.com,1,doh,14.335,14.335,14.335,80,1,ocsp.r2m01.amazontrust.com
6773,adsmetadata.startappservice.com,1,doh,12.727,12.727,12.727,78.40000000596046,1,adsmetadata.startappservice.com
7068,bsync16-normal-no1a.tiktokv.eu,1,doh,13.306,13.306,13.306,202.40000000596046,1,bsync16-normal-no1a.tiktokv.eu
7467,img.riskified.com,1,doh,20.845,20.845,20.845,93.59999999403954,1,img.riskified.com
7074,sse.cisco.com,1,doh,21.438,86.528,61.76800000000004,1184.7000000029802,4,cdn.amplitude.com;d1hl4sbp06iqma.cloudfront.net;d36u8deuxga9bo.cloudfront.net;sse.cisco.com
6982,xapi-r.wbx2.com,1,doh,13.497,13.497,13.497,402,1,xapi-r.wbx2.com
7362,m.qq.com,1,doh,12.985,2139.0619999999994,798.9679999999997,3671.7999999970198,9,3gimg.qq.com;js.aq.qq.com;luban.m.qq.com;m.qq.com;rumt-zh.com;sdi.3g.qq.com;tam.cdn-go.cn;tools.3g.qq.com;webcdn.m.qq.com
6732,portal.manage-beta.microsoft.com,1,doh,20.627,58.257,55.669,659.1000000089407,4,aadcdn.msftauth.net;login.live.com;login.microsoftonline.com;portal.manage-beta.microsoft.com
6521,a.c.appier.net,1,doh,15.179,15.179,15.179,713.7000000029802,1,a.c.appier.net
6928,messenger.com,1,doh,16.015,67.25,56.2619999999999,1082.0999999940395,5,messenger.com;scontent-iad6-1.xx.fbcdn.net;static.xx.fbcdn.net;www.facebook.com;www.messenger.com
7581,media-hls.growcdnssedge.com,1,doh,23.913,23.913,23.913,111.69999998807907,1,media-hls.growcdnssedge.com
7681,onedriveclubprodbn20042.blob.core.windows.net,1,doh,29.904,29.904,29.904,153.8999999910593,1,onedriveclubprodbn20042.blob.core.windows.net
7142,v19.tiktokcdn.com,1,doh,12.812,12.812,12.812,136,1,v19.tiktokcdn.com
7498,l.sharethis.com,1,doh,18.913,18.913,18.913,161.40000000596046,1,l.sharethis.com
7317,intunemaape4.wus.attest.azure.net,1,doh,14.56,14.56,14.56,342.19999998807907,1,intunemaape4.wus.attest.azure.net
7449,tp-link.com,1,doh,12.271,23.996000000000002,23.995999999999995,1097.5999999940395,2,static.tp-link.com;tp-link.com
7600,contentstack.com,1,doh,22.403,569.6039999999997,325.28700000000003,907.2999999970198,39,489-wni-383.mktoresp.com;alb.reddit.com;analytics.google.com;analytics.twitter.com;api.company-target.com;assets.contentstack.io;assets.makeforms.io;c.lytics.io;cdn.bizible.com;cdn.bizibly.com;cdn.jsdelivr.net;cdn.metadata.io;connect.facebook.net;contentstack.com;cookie-cdn.cookiepro.com;dsum-sec.casalemedia.com;fonts.googleapis.com;fonts.gstatic.com;geolocation.onetrust.com;googleads.g.doubleclick.net;id.rlcdn.com;images.contentstack.io;js.qualified.com;munchkin.marketo.net;partners.tremorhub.com;pixel-config.reddit.com;pixel.rubiconproject.com;s.company-target.com;segments.company-target.com;static.ads-twitter.com;stats.g.doubleclick.net;t.co;tag-logger.demandbase.com;tag.demandbase.com;tags.srv.stackadapt.com;www.contentstack.com;www.google.com;www.googletagmanager.com;www.redditstatic.com
7630,adtidy.org,1,doh,15.933,15.933,15.933,380.59999999403954,1,adtidy.org
7246,ec2.web.ca-west-1.prod.diagnostic.networking.aws.dev,1,doh,16.848,16.848,16.848,282.3999999910593,1,ec2.web.ca-west-1.prod.diagnostic.networking.aws.dev
6664,cdn.userway.org,1,doh,15.54,15.54,15.54,131.20000000298023,1,cdn.userway.org
7148,ec2.web.ap-southeast-5.prod.diagnostic.networking.aws.dev,1,doh,16.078,16.078,16.078,786.7999999970198,1,ec2.web.ap-southeast-5.prod.diagnostic.networking.aws.dev
7411,tracking.rus.miui.com,1,doh,13.305,13.305,13.305,515.6000000089407,1,tracking.rus.miui.com
6654,sgp-howl.api.intl.miui.com,1,doh,275.485,275.485,275.485,1034.3999999910593,1,sgp-howl.api.intl.miui.com
7669,onedriveclubproddm20029.blob.core.windows.net,1,doh,13.394,13.394,13.394,258.6000000089407,1,onedriveclubproddm20029.blob.core.windows.net
7054,match-us-east-1-ecs.sharethrough.com,1,doh,13.457,13.457,13.457,79.8999999910593,1,match-us-east-1-ecs.sharethrough.com
7207,forticloud.com,1,doh,87.464,188.867,188.86700000000002,1561.7999999970198,3,fonts.gstatic.com;forticloud.com;www.forticloud.com
7397,cdn-stv.adgrx.com,1,doh,14.435,14.435,14.435,221.3999999910593,1,cdn-stv.adgrx.com
6802,tns-counter.ru,1,doh,16.649,16.649,16.649,775,1,tns-counter.ru
7674,rtb.gamoshi.io,1,doh,14.116,14.116,14.116,161.30000001192093,1,rtb.gamoshi.io
7034,seg.ad.gt,1,doh,14.338,14.338,14.338,189.59999999403954,1,seg.ad.gt
7039,install.monetization-sdk.chartboost.com,1,doh,13.002,13.002,13.002,88.90000000596046,1,install.monetization-sdk.chartboost.com
7704,cn-cloudflare.pidetupop.com,1,doh,13.661,13.661,13.661,95.8999999910593,1,cn-cloudflare.pidetupop.com
7598,onedriveclubproddm20033.blob.core.windows.net,1,doh,13.576,13.576,13.576,218.70000000298023,1,onedriveclubproddm20033.blob.core.windows.net
7641,forcesafesearch.google.com,1,doh,0.0,13.498,13.49799999999999,242,1,www.google.com
6995,default.any-any.prd.api.discomax.com,1,doh,12.705,12.705,12.705,97.29999999701977,1,default.any-any.prd.api.discomax.com
6976,cdn.mobilefuse.com,1,doh,13.691,13.691,13.691,126.3999999910593,1,cdn.mobilefuse.com
7737,secure.globalsign.com,1,doh,12.754,12.754,12.754,169,1,secure.globalsign.com
6961,titanium.roblox.com,1,doh,13.939,13.939,13.939,259.30000001192093,1,titanium.roblox.com
7345,perf-na1.hsforms.com,1,doh,12.354,297.583,173.03500000000037,2024,21,53.fs1.hubspotusercontent-na1.net;analytics.google.com;cdn2.hubspot.net;cta-service-cms2.hubspot.com;developers.hubspot.com;fonts.googleapis.com;hubspot.statuspage.io;js.hs-analytics.net;js.hs-banner.com;js.hsadspixel.net;js.hsforms.net;js.hubspotfeedback.com;js.usemessages.com;perf-na1.hsforms.com;static.hsappstatic.net;static2cdn.hubspot.com;wtcfns.hubspot.com;www.google-analytics.com;www.googletagmanager.com;www.hubspot.com;www.wthubspot.com
6876,p181-content.icloud.com,1,doh,13.991,13.991,13.991,149.69999998807907,1,p181-content.icloud.com
7163,imtwjwoasak-pmi-pixel-origin.s3.amazonaws.com,1,doh,16.044,16.044,16.044,133.70000000298023,1,imtwjwoasak-pmi-pixel-origin.s3.amazonaws.com
6946,usercontent.google.com,1,doh,0.0,13.394,13.394000000000005,245.79999999701977,1,www.google.com
7182,us.nextdoor.com,1,doh,16.02,226.02499999999998,144.47899999999987,3036.7999999970198,17,accounts.google.com;api2.branch.io;apis.google.com;app.link;appleid.cdn-apple.com;bat.bing.com;cdn.branch.io;connect.facebook.net;d19rpgkrjeba2z.cloudfront.net;flask.us.nextdoor.com;googleads.g.doubleclick.net;measure.nextdoor.com;sdk.privacy-center.org;us.nextdoor.com;www.datadoghq-browser-agent.com;www.google.com;www.googletagmanager.com
6797,appboy.com,1,doh,25.62,1035.035,523.2839999999987,3695.0999999940395,78,10732055.fls.doubleclick.net;11477521.fls.doubleclick.net;14616612.fls.doubleclick.net;367-guy-242.mktoresp.com;aa.agkn.com;action.dstillery.com;action.media6degrees.com;ad.doubleclick.net;adservice.google.com;alb.reddit.com;analytics.google.com;appboy.com;bcp.crwdcntrl.net;cdn.cookielaw.org;cdn.microad.jp;cdn.pdst.fm;cdn.sanity.io;ce.lijit.com;connect.facebook.net;d.agkn.com;dev.visualwebsiteoptimizer.com;dpm.demdex.net;dsum-sec.casalemedia.com;e1.emxdgt.com;eb2.3lift.com;edge.fullstory.com;epsilon.6sense.com;fei.pro-market.net;geolocation.onetrust.com;googleads.g.doubleclick.net;idsync.rlcdn.com;image2.pubmatic.com;insight.adsrvr.org;ipv6.6sc.co;j.6sc.co;js.adsrvr.org;js.qualified.com;loadm.exelator.com;mfx.mobilefuse.com;ml314.com;munchkin.marketo.net;pippio.com;pixel-config.reddit.com;pixel.rubiconproject.com;pixel.tapad.com;pixels.spotify.com;ps.eyeota.net;px.ads.linkedin.com;r3.visualwebsiteoptimizer.com;rs.fullstory.com;rules.quantcount.com;s.ad.smaato.net;s.yimg.com;secure-gl.imrworldwide.com;secure.adnxs.com;secure.quantserve.com;simage2.pubmatic.com;simplifi.partners.tremorhub.com;snap.licdn.com;sp.analytics.yahoo.com;sync.bfmio.com;sync.intentiq.com;synchroscript.deliveryengine.adswizz.com;tag.simpli.fi;tags.srv.stackadapt.com;tracking-api.g2.com;tracking.g2crowd.com;um.simpli.fi;universe.send.microad.jp;us-u.openx.net;user-sync.fwmrm.net;www.braze.com;www.google.com;www.googleadservices.com;www.googletagmanager.com;www.linkedin.com;www.redditstatic.com;x.bidswitch.net
7436,pbs-yahoo-us.ay.delivery,1,doh,13.78,13.78,13.78,315.5,1,pbs-yahoo-us.ay.delivery
7396,pull-q5-gcp01.tiktokcdn.com,1,doh,13.847,13.847,13.847,178.20000000298023,1,pull-q5-gcp01.tiktokcdn.com
7677,onedriveclubprodbn20028.blob.core.windows.net,1,doh,14.673,14.673,14.673,139.09999999403954,1,onedriveclubprodbn20028.blob.core.windows.net
7138,celtra.com,1,doh,21.378,83.78900000000002,83.78299999999992,913.6000000089407,6,cdn.cookielaw.org;celtra.com;geolocation.onetrust.com;pagead2.googlesyndication.com;www.google-analytics.com;www.googletagmanager.com
6920,abff.viber.com,1,doh,13.819,13.819,13.819,144.69999998807907,1,abff.viber.com
7343,pull-c5-gcp01.tiktokcdn.com,1,doh,14.659,14.659,14.659,86,1,pull-c5-gcp01.tiktokcdn.com
7223,client-side-metrics.us5.us.criteo.net,1,doh,12.577,12.577,12.577,86.3999999910593,1,client-side-metrics.us5.us.criteo.net
7738,cs.pgammedia.com,1,doh,12.188,12.188,12.188,124.29999999701977,1,cs.pgammedia.com
6840,clientperipherals.dell.com,1,doh,16.695,16.695,16.695,188,1,clientperipherals.dell.com
6822,euc-excel-telemetry.officeapps.live.com,1,doh,12.553,206.44099999999997,146.31299999999993,1329.5,16,admin.microsoft.com;browser.events.data.microsoft.com;c.s-microsoft.com;config.edge.skype.com;euc-excel-telemetry.officeapps.live.com;js.monitor.azure.com;login.live.com;login.microsoftonline.com;mem.gfx.ms;res.cdn.office.net;s.clarity.ms;scripts.clarity.ms;uhf.microsoft.com;www.clarity.ms;www.microsoft.com;www.office.com
7550,osb-v1-alb.samsungqbe.com,1,doh,14.798,14.798,14.798,85,1,osb-v1-alb.samsungqbe.com
6953,hpsmart.com,1,doh,14.41,106.28299999999999,94.04700000000021,2653.1000000089407,8,api.hpsmart.com;cdn.cookielaw.org;clientstream.launchdarkly.com;code.jquery.com;geolocation.onetrust.com;hpsmart.com;www.hp.com;www.hpsmart.com
7313,synology.com,1,doh,13.78,405.9519999999999,279.42399999999935,4209.0999999940395,26,analytics.google.com;api.livechatinc.com;bat.bing.com;c.clarity.ms;cdn.livechatinc.com;cdn.mouseflow.com;connect.facebook.net;fileres.synology.com;gallery.synology.com;googleads.g.doubleclick.net;px.ads.linkedin.com;s.clarity.ms;scripts.clarity.ms;snap.licdn.com;stats.g.doubleclick.net;synology.com;synostatic.synology.com;webec.synology.com;www-ai.synology.com;www.clarity.ms;www.google-analytics.com;www.google.com;www.googletagmanager.com;www.linkedin.com;www.synology.com;www.youtube.com
7552,path3.xtracloud.net,1,doh,15.541,15.541,15.541,313.20000000298023,1,path3.xtracloud.net
6866,p173-content.icloud.com,1,doh,15.868,15.868,15.868,158.59999999403954,1,p173-content.icloud.com
7642,aam.a47b.com,1,doh,13.09,13.09,13.09,97.5,1,aam.a47b.com
6703,a.magsrv.com,1,doh,13.222,13.222,13.222,81.5,1,a.magsrv.com
7167,quota.icloud.com,1,doh,13.536,13.536,13.536,151.59999999403954,1,quota.icloud.com
7216,ec2.web.ap-east-1.prod.diagnostic.networking.aws.dev,1,doh,12.617,12.617,12.617,702.6000000089407,1,ec2.web.ap-east-1.prod.diagnostic.networking.aws.dev
6647,fa000000043.resources.office.net,1,doh,15.113,15.113,15.113,624.5,1,fa000000043.resources.office.net
6882,bidder.smartytouch.co,1,doh,12.534,12.534,12.534,440.29999999701977,1,bidder.smartytouch.co
7388,prod-2.us-east-1.mdcs.mshop.amazon.dev,1,doh,14.233,14.233,14.233,89.20000000298023,1,prod-2.us-east-1.mdcs.mshop.amazon.dev
6943,dp1.33across.com,1,doh,13.293,13.293,13.293,158.29999999701977,1,dp1.33across.com
7358,hbevents-public.mz.unity3d.com,1,doh,12.803,12.803,12.803,114,1,hbevents-public.mz.unity3d.com
6775,portal.manage-selfhost.microsoft.com,1,doh,29.791,69.37299999999999,66.024,814.4000000059605,4,aadcdn.msftauth.net;login.live.com;login.microsoftonline.com;portal.manage-selfhost.microsoft.com
6532,manage-ppe.microsoft.us,1,doh,53.76,126.487,126.48699999999994,756.7000000029802,4,aadcdn.msftauth.net;intune.microsoft.us;login.microsoftonline.us;manage-ppe.microsoft.us
7128,tiles.virtualearth.net,1,doh,18.756,18.756,18.756,142.69999998807907,1,tiles.virtualearth.net
7497,pl.primis.tech,1,doh,16.694,16.694,16.694,92.59999999403954,1,pl.primis.tech
7090,sqs.us-east-1.amazonaws.com,1,doh,10.773,10.773,10.773,137.79999999701977,1,sqs.us-east-1.amazonaws.com
6592,p168-content.icloud.com,1,doh,13.901,13.901,13.901,130.19999998807907,1,p168-content.icloud.com
6828,aic-ngfts.lge.com,1,doh,13.567,13.567,13.567,93.20000000298023,1,aic-ngfts.lge.com
7616,xnxx.com,1,doh,13.405,53.907000000000004,53.90700000000007,1254.7000000029802,4,a.orbsrv.com;assets-cdn77.xnxx-cdn.com;thumbs-gcore.xnxx-cdn.com;xnxx.com
7372,yun.hihonor.com,1,doh,17.717,17.717,17.717,3706.1000000089407,1,yun.hihonor.com
6874,assistant-s3-pa.googleapis.com,1,doh,0.0,12.924,12.924000000000007,157.29999999701977,1,www.google.com
7155,ec2.web.eu-west-3.prod.diagnostic.networking.aws.dev,1,doh,17.437,17.437,17.437,429.70000000298023,1,ec2.web.eu-west-3.prod.diagnostic.networking.aws.dev
7545,api.accounts.firefox.com,1,doh,13.956,13.956,13.956,211.20000000298023,1,api.accounts.firefox.com
6847,pdx-col.eum-appdynamics.com,1,doh,13.37,13.37,13.37,304.59999999403954,1,pdx-col.eum-appdynamics.com
7638,marketiq.com,1,doh,25.628,120.377,85.16799999999999,1057.2000000029802,8,ajax.googleapis.com;fd.cleantalk.org;fonts.googleapis.com;fonts.gstatic.com;marketiq.com;moderate.cleantalk.org;www.google-analytics.com;www.googletagmanager.com
7652,agent-api.atera.com,1,doh,14.569,14.569,14.569,145.6000000089407,1,agent-api.atera.com
7072,dotmetrics.net,1,doh,28.958,202.48000000000002,157.2950000000001,1204.5,8,adex.dotmetrics.net;cdnjs.cloudflare.com;code.jquery.com;dotmetrics.net;fonts.googleapis.com;fonts.gstatic.com;internal-api.dotmetrics.net;script.dotmetrics.net
7203,imageproxy.us.criteo.net,1,doh,13.097,13.097,13.097,82.70000000298023,1,imageproxy.us.criteo.net
7168,pull-f5-vr-sg01.tiktokcdn.com,1,doh,15.483,15.483,15.483,179.70000000298023,1,pull-f5-vr-sg01.tiktokcdn.com
7718,s.secure.espncdn.com,1,doh,15.536,15.536,15.536,161.20000000298023,1,s.secure.espncdn.com
6754,ids.cdnwidget.com,1,doh,13.882,13.882,13.882,112.6000000089407,1,ids.cdnwidget.com
6517,pxdrop.lijit.com,1,doh,13.82,13.82,13.82,175.5,1,pxdrop.lijit.com
6740,ad.tpmn.io,1,doh,13.016,13.016,13.016,260.3999999910593,1,ad.tpmn.io
6868,adingo.jp,1,doh,26.438,102.895,90.69000000000004,1048.7999999970198,5,adingo.jp;analytics.google.com;corp.fluct.jp;stats.g.doubleclick.net;www.googletagmanager.com
7280,ec2.web.ap-southeast-7.prod.diagnostic.networking.aws.dev,1,doh,16.459,16.459,16.459,838,1,ec2.web.ap-southeast-7.prod.diagnostic.networking.aws.dev
6815,p104-content.icloud.com,1,doh,12.688,12.688,12.688,144.59999999403954,1,p104-content.icloud.com
7269,pull-cmaf-l77-gcp01.tiktokcdn.com,1,doh,13.836,35.656,35.65600000000016,4221.20000000298,2,error.c.cdn77.org;pull-cmaf-l77-gcp01.tiktokcdn.com
7137,google.com.mx,1,doh,0.0,16.776,16.775999999999897,666.8999999910593,3,ogads-pa.clients6.google.com;play.google.com;www.gstatic.com
6987,resources.licenses.adobe.com,1,doh,11.966,11.966,11.966,138.30000001192093,1,resources.licenses.adobe.com
6716,island.io,1,doh,20.247,1193.8529999999996,593.0470000000001,3772.3999999910593,76,117793454.intellimizeio.com;44.212.189.233;66b46c88bfe6c5c3eda83f59.services.infinigrow.com;ads-engagement.presage.io;ajax.googleapis.com;alb.reddit.com;analytics.ahrefs.com;analytics.google.com;analytics.roadwayai.com;analytics.twitter.com;api.fouanalytics.com;api.hubapi.com;api.intellimize.co;apix.b2c.com;arclight.vimeo.com;bat.bing.com;c.clarity.ms;cdn.calibermind.com;cdn.cookielaw.org;cdn.intellimize.co;cdn.jsdelivr.net;cdn.mgln.ai;cdn.prod.website-files.com;cdn.ravm.tv;cdnjs.cloudflare.com;code.jquery.com;collector-55210.us.tvsquared.com;connect.facebook.net;d3e54v103j8qbb.cloudfront.net;ddzuuyx7zj81k.cloudfront.net;dss6ntp5q2r0o.cloudfront.net;dx.mountain.com;e.calibermind.com;extend.vimeocdn.com;f.vimeocdn.com;fonts.googleapis.com;fonts.gstatic.com;geolocation.onetrust.com;googleads.g.doubleclick.net;isl-custom-code.onrender.com;island.io;js.hs-analytics.net;js.hs-banner.com;js.hs-scripts.com;js.hsadspixel.net;js.hscollectedforms.net;js.hubspot.com;lensflare.vimeo.com;lltrck.com;log.intellimize.co;monitor.fraudblocker.com;perf-na1.hsforms.com;pixel-config.reddit.com;pixel.tapad.com;player.vimeo.com;px.ads.linkedin.com;s.clarity.ms;scripts.clarity.ms;segment.prod.bidr.io;snap.licdn.com;static.ads-twitter.com;stats.g.doubleclick.net;t.co;tag.unifyintent.com;tags.srv.stackadapt.com;tags.w55c.net;track.hubspot.com;trk.techtarget.com;vimeo.com;vod-adaptive-ak.vimeocdn.com;www.clarity.ms;www.google.com;www.googletagmanager.com;www.island.io;www.linkedin.com;www.redditstatic.com
7686,dc-api-v2.adobe.io,1,doh,16.495,16.495,16.495,131.79999999701977,1,dc-api-v2.adobe.io
7172,fw-pcu.prod.gws.ring.amazon.dev,1,doh,15.255,15.255,15.255,130.20000000298023,1,fw-pcu.prod.gws.ring.amazon.dev
7126,liftdsp.com,1,doh,15.135,35.559,35.559000000000005,546,2,liftdsp.com;www.lift.win
6681,u3y8v8u4.aucdn.net,1,doh,21.302,21.302,21.302,313,1,u3y8v8u4.aucdn.net
7567,atera.com,1,doh,15.184,45.294,45.29400000000001,461.19999998807907,3,atera.com;static.cloudflareinsights.com;www.atera.com
6605,www.onenote.com,1,doh,17.216,107.08300000000001,107.08300000000008,921.2999999970198,8,aadcdn.msauth.net;browser.events.data.microsoft.com;c.s-microsoft.com;login.live.com;login.microsoftonline.com;onenote.cloud.microsoft;res.cdn.office.net;www.onenote.com
6557,arclight.vimeo.com,1,doh,13.786,13.786,13.786,91.09999999403954,1,arclight.vimeo.com
6611,ds.uncn.jp,1,doh,18.518,18.518,18.518,586.8999999910593,1,ds.uncn.jp
6587,portal.manage.microsoft.com,1,doh,24.533,65.392,61.747999999999934,1017.4000000059605,4,aadcdn.msftauth.net;login.live.com;login.microsoftonline.com;portal.manage.microsoft.com
7759,device-skynet-api.cloud.wyze.com,1,doh,14.112,14.112,14.112,376.8999999910593,1,device-skynet-api.cloud.wyze.com
7774,match.marketiq.com,1,doh,11.587,11.587,11.587,105.3999999910593,1,match.marketiq.com
7689,api.sail-personalize.com,1,doh,13.039,13.039,13.039,88.70000000298023,1,api.sail-personalize.com
7505,path2.xtracloud.net,1,doh,12.545,12.545,12.545,315,1,path2.xtracloud.net
7033,api.hpsmart.com,1,doh,13.556,13.556,13.556,320.70000000298023,1,api.hpsmart.com
6834,go.xlivrdr.com,1,doh,14.671,158.921,130.47800000000026,2496.699999988079,11,assets.chapturist.com;assets.strpssts-ana.com;cdnjs.cloudflare.com;creative.eizzih.com;go.eizzih.com;go.stripchat.com;go.xlivrdr.com;img.doppiocdn.net;mmp.doppiocdn.com;stripchat.com;ststandard.com
6819,cdn-ukwest.onetrust.com,1,doh,13.531,13.531,13.531,388,1,cdn-ukwest.onetrust.com
6895,playmoviesdfe-pa.googleapis.com,1,doh,0.0,13.054,13.054000000000002,231.5,1,www.google.com
6531,pps.adobe.io,1,doh,15.687,15.687,15.687,80.6000000089407,1,pps.adobe.io
7628,s.console.adtarget.com.tr,1,doh,29.208,29.208,29.208,435.79999999701977,1,s.console.adtarget.com.tr
6673,cs-rtb.minutemedia-prebid.com,1,doh,12.573,12.573,12.573,95.59999999403954,1,cs-rtb.minutemedia-prebid.com
7268,ec2.web.ap-northeast-3.prod.diagnostic.networking.aws.dev,1,doh,12.284,12.284,12.284,589.8000000119209,1,ec2.web.ap-northeast-3.prod.diagnostic.networking.aws.dev
7708,onedriveclubprodbn20022.blob.core.windows.net,1,doh,13.612,13.612,13.612,138,1,onedriveclubprodbn20022.blob.core.windows.net
7052,gql.twitch.tv,1,doh,13.94,13.94,13.94,159.79999999701977,1,gql.twitch.tv
7065,hihonor.com,1,doh,14.222,274.22999999999996,202.56500000000008,3229.1000000089407,20,analytics.google.com;cm.g.doubleclick.net;dap-cn.c.hihonor.com;googleads.g.doubleclick.net;hihonor.com;ib.adnxs.com;insight.adsrvr.org;isurvey.c.hihonor.com;js.adsrvr.org;pixel.rubiconproject.com;retail.hihonor.com;retail.honor.com;selfservice-sg.hihonor.com;stats.g.doubleclick.net;www-file.honor.com;www.google.com;www.googleadservices.com;www.googletagmanager.com;www.hihonor.com;www.honor.com
6509,visa.com,1,doh,12.419,153.114,103.12800000000041,1405.2999999970198,13,analytics.google.com;cdn.optimizely.com;code.jquery.com;googleads.g.doubleclick.net;policy.cookiereports.com;stats.g.doubleclick.net;tags.tiqcdn.com;visa.com;www.google-analytics.com;www.google.com;www.googletagmanager.com;www.visa.com;www.youtube.com
6992,device.auth.xboxlive.com,1,doh,13.369,13.369,13.369,128.90000000596046,1,device.auth.xboxlive.com
7429,gcs.sc-cdn.net,1,doh,13.75,13.75,13.75,102.20000000298023,1,gcs.sc-cdn.net
6556,wem.cloud.com,1,doh,17.34,141.736,141.73600000000005,1147.5,6,accounts-webassets.cloud.com;accounts.cloud.com;citrix-cloud-content.customer.pendo.io;citrix.cloud.com;wem.cloud.com;www.googletagmanager.com
7332,sdk-04.moengage.com,1,doh,12.287,12.287,12.287,103.5,1,sdk-04.moengage.com
6989,ad-host-backup-america.oss-us-west-1.aliyuncs.com,1,doh,13.392,13.392,13.392,310,1,ad-host-backup-america.oss-us-west-1.aliyuncs.com
6549,j.clarity.ms,1,doh,14.417,14.417,14.417,101,1,j.clarity.ms
6537,tplinkcloud.com,1,doh,11.012,165.35200000000003,58.16999999999999,491.79999999701977,4,d2baw28zdve8g3.cloudfront.net;tplinkcloud.com;www.google-analytics.com;www.tplinkcloud.com
7472,e.qq.com,1,doh,148.746,568.218,568.208,1419.4000000059605,2,e.qq.com;qzonestyle.gtimg.cn
7605,onedriveclubproddm20053.blob.core.windows.net,1,doh,12.741,12.741,12.741,247.59999999403954,1,onedriveclubproddm20053.blob.core.windows.net
6873,cclibraries-defaults-cdn.adobe.com,1,doh,19.913,19.913,19.913,329.6000000089407,1,cclibraries-defaults-cdn.adobe.com
7187,ec2.web.il-central-1.prod.diagnostic.networking.aws.dev,1,doh,16.828,16.828,16.828,500.69999998807907,1,ec2.web.il-central-1.prod.diagnostic.networking.aws.dev
7063,b.i.instagram.com,1,doh,12.024,12.024,12.024,430.5,1,b.i.instagram.com
6830,ib.msn.com,1,doh,11.718,11.718,11.718,97.5,1,ib.msn.com
7495,ringapigw.prod.gws.ring.amazon.dev,1,doh,26.929,26.929,26.929,89.40000000596046,1,ringapigw.prod.gws.ring.amazon.dev
7194,k8s1-event-tracker-ny.lb.indexww.com,1,doh,11.553,11.553,11.553,96.8999999910593,1,k8s1-event-tracker-ny.lb.indexww.com
6799,media4.grid.bidswitch.net,1,doh,16.688,16.688,16.688,91.5,1,media4.grid.bidswitch.net
7673,onedriveclubproddm20051.blob.core.windows.net,1,doh,13.047,13.047,13.047,257.70000000298023,1,onedriveclubproddm20051.blob.core.windows.net
