rank,site,unique_domains_resolved,domains_resolved
1,google.com,3,ogads-pa.clients6.google.com;play.google.com;www.gstatic.com
2,microsoft.com,39,browser.events.data.microsoft.com;c.az.clicktale.net;c.bing.com;c.clarity.ms;c.s-microsoft.com;cdn-dynmedia-1.microsoft.com;cdnssl.clicktale.net;cm.everesttech.net;cm.g.doubleclick.net;dpm.demdex.net;googleads.g.doubleclick.net;ib.adnxs.com;idpix.media6degrees.com;idsync.rlcdn.com;js.monitor.azure.com;login.live.com;login.microsoftonline.com;mem.gfx.ms;microsoft.com;mscom.demdex.net;msftenterprise.sc.omtrdc.net;pixel.everesttech.net;px.ads.linkedin.com;rtd-tm.everesttech.net;rtd.tubemogul.com;rum.hlx.page;s.clarity.ms;s7d2.scene7.com;scripts.clarity.ms;static.hj.contentsquare.net;target.microsoft.com;uhf.microsoft.com;wcpstatic.microsoft.com;www.clarity.ms;www.facebook.com;www.google.com;www.googletagmanager.com;www.linkedin.com;www.microsoft.com
7,www.google.com,3,ogads-pa.clients6.google.com;play.google.com;www.gstatic.com
8,office.com,15,admin.microsoft.com;browser.events.data.microsoft.com;c.s-microsoft.com;config.edge.skype.com;js.monitor.azure.com;login.live.com;login.microsoftonline.com;mem.gfx.ms;office.com;res.cdn.office.net;s.clarity.ms;scripts.clarity.ms;uhf.microsoft.com;www.clarity.ms;www.microsoft.com
12,live.com,10,browser.events.data.microsoft.com;eu-office.events.data.microsoft.com;live.com;login.live.com;login.microsoftonline.com;outlook.live.com;res.public.onecdn.static.microsoft;rum.hlx.page;uhf.microsoft.com;www.microsoft.com
13,digicert.com,4,digicert.com;fonts.googleapis.com;fonts.gstatic.com;www.digicert.com
15,login.microsoftonline.com,4,aadcdn.msftauth.net;login.live.com;login.microsoftonline.com;www.office.com
16,apple.com,4,apple.com;securemetrics.apple.com;securemvt.apple.com;www.apple.com
17,ecs.office.com,1,ecs.office.com
19,amazonaws.com,20,a.b.cdn.console.awsstatic.com;a0.awsstatic.com;amazonaws.com;amazonwebservices.d2.sc.omtrdc.net;aws.amazon.com;aws.demdex.net;cm.everesttech.net;cx0.m.awsstatic.com;d0.m.awsstatic.com;d1.awsstatic.com;d2c.aws.amazon.com;dpm.demdex.net;edge.adobedc.net;infra-api.us-east-1.prod.mrc-sunrise.marketing.aws.dev;loader.us-east-1.prod.mrc-sunrise.marketing.aws.dev;prod.log.shortbread.aws.dev;prod.pa.cdn.uis.awsstatic.com;t0.m.awsstatic.com;vs.aws.amazon.com;www.youtube.com
21,update.googleapis.com,1,www.google.com
26,mobile.events.data.microsoft.com,1,mobile.events.data.microsoft.com
27,skype.com,9,login.live.com;login.microsoftonline.com;s.clarity.ms;skype.com;statics.teams.cdn.live.net;teams.live.com;wcpstatic.microsoft.com;www.clarity.ms;www.skype.com
29,icloud.com,5,appleid.cdn-apple.com;icloud.com;setup.icloud.com;www.apple.com;www.icloud.com
30,edge.skype.com,1,edge.skype.com
31,config.edge.skype.com,1,config.edge.skype.com
32,self.events.data.microsoft.com,1,self.events.data.microsoft.com
34,officeapps.live.com,16,admin.microsoft.com;browser.events.data.microsoft.com;c.s-microsoft.com;config.edge.skype.com;js.monitor.azure.com;login.live.com;login.microsoftonline.com;mem.gfx.ms;officeapps.live.com;res.cdn.office.net;s.clarity.ms;scripts.clarity.ms;uhf.microsoft.com;www.clarity.ms;www.microsoft.com;www.office.com
37,accounts.google.com,1,ssl.gstatic.com
38,amazon.com,47,1c5c1ecf7303.c0b160fb.us-east-1.token.awswaf.com;aa.agkn.com;amazon.com;atv-ps.amazon.com;capi.connatix.com;cloudfront.xp-assets.aiv-cdn.net;cm.g.doubleclick.net;cookie-matching.mediarithmics.com;crb.kargo.com;csync.loopme.me;dpm.demdex.net;dsum-sec.casalemedia.com;eb2.3lift.com;fls-na.amazon.com;geo.ads.audio.thisisdax.com;ib.adnxs.com;image2.pubmatic.com;image4.pubmatic.com;images-na.ssl-images-amazon.com;jadserve.postrelease.com;lciapi.ninthdecimal.com;loadus.exelator.com;m.media-amazon.com;match.360yield.com;match.sharethrough.com;ms-cookie-sync.presage.io;odr.mookie1.com;pbs.yahoo.com;pi.ispot.tv;pixel.rubiconproject.com;public-prod-dspcookiematching.dmxleo.com;rtb-csync.smartadserver.com;s.amazon-adsystem.com;sb.scorecardresearch.com;spl.zeotap.com;sync-amazon.ads.yieldmo.com;sync.rfp.fout.jp;sync.taboola.com;uipglob.semasio.net;unagi.amazon.com;us-u.openx.net;user-sync.fwmrm.net;usersync.gumgum.com;usersync.samplicio.us;www.amazon.com;www.imdb.com;x.bidswitch.net
39,clientservices.googleapis.com,1,www.google.com
41,login.live.com,3,fpt.live.com;login.live.com;logincdn.msauth.net
42,facebook.com,4,facebook.com;static.xx.fbcdn.net;www.facebook.com;www.instagram.com
43,bing.com,15,assets.msn.com;bing.com;browser.events.data.msn.com;c.msn.com;ib.adnxs.com;img-s-msn-com.akamaized.net;login.live.com;login.microsoftonline.com;m.adnxs.com;px.ads.linkedin.com;r.bing.com;th.bing.com;trc.taboola.com;www.bing.com;www.msn.com
44,safebrowsing.googleapis.com,1,www.google.com
47,edge.microsoft.com,1,edge.microsoft.com
49,doubleclick.net,9,ajax.googleapis.com;fonts.googleapis.com;fonts.gstatic.com;googleads.g.doubleclick.net;lh3.googleusercontent.com;www.google-analytics.com;www.google.com;www.googletagmanager.com;www.gstatic.com
51,windows.com,55,2e6ce2ab2870e62cb4620de77fa717.1b.environment.api.powerplatform.com;a.tribalfusion.com;ag.innovid.com;analytics.twitter.com;api.company-target.com;assets.adobedtm.com;bat.bing.com;browser.events.data.microsoft.com;bttrack.com;c.clarity.ms;c.s-microsoft.com;c1.microsoft.com;cdn-dynmedia-1.microsoft.com;cdn.botframework.com;cm.everesttech.net;cm.g.doubleclick.net;cms.analytics.yahoo.com;cms.quantserve.com;connect.facebook.net;dmpsync.3lift.com;dpm.demdex.net;ds.reson8.com;go.microsoft.com;ib.adnxs.com;idpix.media6degrees.com;idsync.rlcdn.com;jadserve.postrelease.com;js.monitor.azure.com;login.live.com;match.adsrvr.org;mem.gfx.ms;mscom.demdex.net;msftenterprise.sc.omtrdc.net;offertoolproduction-fd-cwh9d4ahhtbkh8gq.b01.azurefd.net;px.ads.linkedin.com;px.owneriq.net;rtb.adentifi.com;rtd-tm.everesttech.net;rtd.tubemogul.com;s.clarity.ms;scripts.clarity.ms;servedby.flashtalking.com;snap.licdn.com;static.ads-twitter.com;sync.crwdcntrl.net;t.co;target.microsoft.com;uhf.microsoft.com;ups.analytics.yahoo.com;wcpstatic.microsoft.com;windows.com;windows.microsoft.com;www.clarity.ms;www.linkedin.com;www.microsoft.com
52,msn.com,28,aadcdn.msftauth.net;ab.dns-finder.com;ad-delivery.net;ad.doubleclick.net;adsdk.microsoft.com;api.btloader.com;api.msn.com;arc.msn.com;assets.msn.com;browser.events.data.msn.com;btloader.com;c.bing.com;c.msn.com;ecn.dev.virtualearth.net;ib.msn.com;img-s-msn-com.akamaized.net;js.monitor.azure.com;login.live.com;login.microsoftonline.com;m.adnxs.com;mem.gfx.ms;msn.com;px.ads.linkedin.com;sb.scorecardresearch.com;scripts.mf.webcontentassessor.com;srtb.msn.com;trc.taboola.com;www.msn.com
53,itunes.apple.com,3,itunes.apple.com;securemetrics.apple.com;www.apple.com
54,clients4.google.com,1,www.google.com
55,googleusercontent.com,1,www.google.com
57,logs.netflix.com,1,logs.netflix.com
58,cloudflare.com,36,713-xsc-918.mktoresp.com;ad.doubleclick.net;adservice.google.com;alb.reddit.com;analytics.twitter.com;api.company-target.com;bat.bing.com;bat.bing.net;cdn.bizible.com;cdn.bizibly.com;cf-assets.www.cloudflare.com;challenges.cloudflare.com;cloudflare.com;dsum-sec.casalemedia.com;id.rlcdn.com;insight.adsrvr.org;js.adsrvr.org;js.qualified.com;munchkin.marketo.net;ot.www.cloudflare.com;partners.tremorhub.com;pixel.rubiconproject.com;px.ads.linkedin.com;s.company-target.com;segments.company-target.com;snap.licdn.com;static.ads-twitter.com;static.cloudflareinsights.com;stats.g.doubleclick.net;t.co;tag-logger.demandbase.com;tag.demandbase.com;www.cloudflare.com;www.google.com;www.googletagmanager.com;www.linkedin.com
60,youtube.com,9,fonts.googleapis.com;fonts.gstatic.com;googleads.g.doubleclick.net;i.ytimg.com;rr1---sn-5hne6n6l.googlevideo.com;static.doubleclick.net;www.google.com;www.gstatic.com;youtube.com
61,manage.microsoft.com,6,aadcdn.msauth.net;intune.microsoft.com;login.live.com;login.microsoftonline.com;manage.microsoft.com;portal.azure.com
62,optimizationguide-pa.googleapis.com,1,www.google.com
63,play.googleapis.com,1,www.google.com
64,pki.goog,6,fonts.googleapis.com;fonts.gstatic.com;www.google-analytics.com;www.google.com;www.googletagmanager.com;www.gstatic.com
65,wyzecam.com,15,api.copilot.livex.ai;backend.alia-prod.com;chatbox.copilot.livex.ai;cmp.osano.com;fonts.googleapis.com;monorail-edge.shopifysvc.com;otlp-http-production.shopifysvc.com;shop.app;ssl.kaptcha.com;static.cloudflareinsights.com;static.klaviyo.com;static.rechargecdn.com;store-app.figpii.com;www.wyze.com;wyzecam.com
67,c.pki.goog,1,www.google.com
68,api.wyzecam.com,1,api.wyzecam.com
70,ftl.netflix.com,1,ftl.netflix.com
71,www.bing.com,14,assets.msn.com;browser.events.data.msn.com;c.bing.com;c.msn.com;img-s-msn-com.akamaized.net;login.live.com;login.microsoftonline.com;m.adnxs.com;px.ads.linkedin.com;r.bing.com;trc.taboola.com;www.bing.com;www.msn.com;www2.bing.com
74,googleads.g.doubleclick.net,8,ajax.googleapis.com;fonts.googleapis.com;fonts.gstatic.com;lh3.googleusercontent.com;www.google-analytics.com;www.google.com;www.googletagmanager.com;www.gstatic.com
75,www.googleapis.com,1,www.google.com
76,ocsp2.apple.com,1,ocsp2.apple.com
77,device-api.wyzecam.com,1,device-api.wyzecam.com
78,office365.com,44,analytics.twitter.com;api.company-target.com;assets.adobedtm.com;browser.events.data.microsoft.com;c.bing.com;c.s-microsoft.com;cdn-dynmedia-1.microsoft.com;cm.everesttech.net;cm.g.doubleclick.net;cms.analytics.yahoo.com;cms.quantserve.com;dpm.demdex.net;dsum-sec.casalemedia.com;edge.adobedc.net;ib.adnxs.com;id.rlcdn.com;idpix.media6degrees.com;js.monitor.azure.com;login.live.com;login.microsoftonline.com;match.adsrvr.org;mem.gfx.ms;mscom.demdex.net;msftenterprise.sc.omtrdc.net;office365.com;partners.tremorhub.com;pixel.rubiconproject.com;play.vidyard.com;res.cdn.office.net;rtd-tm.everesttech.net;rtd.tubemogul.com;rum.hlx.page;s.clarity.ms;s.company-target.com;scripts.clarity.ms;segments.company-target.com;servedby.flashtalking.com;tag-logger.demandbase.com;tag.demandbase.com;target.microsoft.com;uhf.microsoft.com;wcpstatic.microsoft.com;www.clarity.ms;www.microsoft.com
80,api.amazon.com,2,api.amazon.com;g-ecx.images-amazon.com
81,configservice.wyzecam.com,1,configservice.wyzecam.com
83,www.youtube.com,9,fonts.googleapis.com;fonts.gstatic.com;googleads.g.doubleclick.net;i.ytimg.com;rr4---sn-q4fl6n6d.googlevideo.com;static.doubleclick.net;www.google.com;www.gstatic.com;youtube.com
85,outlook.office365.com,5,aadcdn.msftauth.net;login.live.com;login.microsoftonline.com;outlook.office365.com;res.public.onecdn.static.microsoft
86,config.teams.microsoft.com,1,config.teams.microsoft.com
87,graph.microsoft.com,9,browser.events.data.microsoft.com;c.s-microsoft.com;developer.microsoft.com;graph.microsoft.com;js.monitor.azure.com;res.public.onecdn.static.microsoft;teams.microsoft.com;wcpstatic.microsoft.com;www.microsoft.com
89,nrdp.prod.ftl.netflix.com,1,nrdp.prod.ftl.netflix.com
90,play.google.com,8,fonts.gstatic.com;play-lh.googleusercontent.com;play.google.com;ssl.gstatic.com;www.google-analytics.com;www.google.com;www.googletagmanager.com;www.gstatic.com
92,azure.com,58,a.tribalfusion.com;accdn-vip.lpsnmedia.net;alb.reddit.com;analytics.tiktok.com;analytics.twitter.com;api.company-target.com;assets.adobedtm.com;azure.com;azure.microsoft.com;bat.bing.com;browser.events.data.microsoft.com;c.go-mpulse.net;c.s-microsoft.com;cdn-dynmedia-1.microsoft.com;cm.everesttech.net;cm.g.doubleclick.net;cms.analytics.yahoo.com;cms.quantserve.com;dc.ads.linkedin.com;dpm.demdex.net;dsum-sec.casalemedia.com;edge.adobedc.net;googleads.g.doubleclick.net;ib.adnxs.com;id.rlcdn.com;idpix.media6degrees.com;js.monitor.azure.com;lptag.liveperson.net;match.adsrvr.org;mscom.demdex.net;msftenterprise.sc.omtrdc.net;partners.tremorhub.com;pixel.rubiconproject.com;play.vidyard.com;publisher.liveperson.net;px.owneriq.net;rtd-tm.everesttech.net;rtd.tubemogul.com;rum.hlx.page;s.clarity.ms;s.company-target.com;s.go-mpulse.net;scripts.clarity.ms;segments.company-target.com;servedby.flashtalking.com;static-assets.fs.liveperson.com;tag-logger.demandbase.com;tag.demandbase.com;target.microsoft.com;uhf.microsoft.com;ups.analytics.yahoo.com;va-vip.v.liveperson.net;wcpstatic.microsoft.com;www.clarity.ms;www.facebook.com;www.google.com;www.linkedin.com;www.microsoft.com
93,sharepoint.com,4,aka.office.com;office.com;products.office.com;sharepoint.com
95,outlook.office.com,5,aadcdn.msauth.net;login.live.com;login.microsoftonline.com;outlook.office.com;res.public.onecdn.static.microsoft
96,googletagmanager.com,1,www.google.com
97,www.googletagmanager.com,1,www.google.com
99,push.prod.netflix.com,1,push.prod.netflix.com
100,bag.itunes.apple.com,1,bag.itunes.apple.com
101,lencr.org,4,fonts.googleapis.com;lencr.org;outreach.abetterinternet.org;pi.pardot.com
104,clients2.google.com,1,www.google.com
105,ntp.org,18,c.bing.com;c.clarity.ms;clients1.google.com;cse.google.com;ep1.adtrafficquality.google;ep2.adtrafficquality.google;fonts.googleapis.com;fonts.gstatic.com;ntp.org;pagead2.googlesyndication.com;s.clarity.ms;scripts.clarity.ms;www.clarity.ms;www.google-analytics.com;www.google.com;www.googletagmanager.com;www.ntp.org;www.nwtime.org
109,configuration.ls.apple.com,1,configuration.ls.apple.com
110,fastly.net,11,025-xko-469.mktoresp.com;117419923.intellimizeio.com;api.intellimize.co;cdn.cookielaw.org;cdn.intellimize.co;cdn.speedcurve.com;fastly.net;geolocation.onetrust.com;log.intellimize.co;munchkin.marketo.net;www.fastly.com
112,clients6.google.com,1,www.google.com
114,i.ytimg.com,0,
116,lh3.googleusercontent.com,1,www.google.com
118,opendns.com,35,analytics.google.com;analytics.twitter.com;bat.bing.com;c.clarity.ms;cdn.bizible.com;cdn.bizibly.com;cdn.cookielaw.org;customer.cludo.com;d3j20uveo70stj.cloudfront.net;dnn506yrbagrg.cloudfront.net;fonts.googleapis.com;geolocation.onetrust.com;googleads.g.doubleclick.net;img.en25.com;js.qualified.com;login.opendns.com;opendns.com;px.ads.linkedin.com;s2991720.t.eloqua.com;s4673582.t.eloqua.com;scripts.clarity.ms;sfc.leadspace.com;snap.licdn.com;static.ads-twitter.com;stats.g.doubleclick.net;t.co;tags.tiqcdn.com;tracking.umbrella.com;www.cisco.com;www.clarity.ms;www.google-analytics.com;www.google.com;www.googletagmanager.com;www.linkedin.com;www.opendns.com
121,nist.gov,8,bam.nr-data.net;customer-ltx6ylk10sje63q6.cloudflarestream.com;js-agent.newrelic.com;nist.gov;static.cloudflareinsights.com;time.gov;www.google-analytics.com;www.googletagmanager.com
122,fbcdn.net,4,fbcdn.net;static.xx.fbcdn.net;www.facebook.com;www.instagram.com
123,teams.events.data.microsoft.com,1,teams.events.data.microsoft.com
124,gsp-ssl.ls.apple.com,1,gsp-ssl.ls.apple.com
125,substrate.office.com,4,aadcdn.msftauth.net;login.microsoftonline.com;res.public.onecdn.static.microsoft;substrate.office.com
127,fonts.googleapis.com,1,www.google.com
128,google-analytics.com,8,ajax.googleapis.com;fonts.googleapis.com;fonts.gstatic.com;googleads.g.doubleclick.net;lh3.googleusercontent.com;www.google-analytics.com;www.googletagmanager.com;www.gstatic.com
129,yahoo.com,40,ad-delivery.net;ads.pubmatic.com;ads.yieldmo.com;api.rlcdn.com;c2shb-oao.ssp.yahoo.com;cdn.p-n.io;cdn.taboola.com;cm.g.doubleclick.net;consent.cmp.oath.com;d2mqt2joll4fma.cloudfront.net;display.bidder.taboola.com;exchange.kueezrtb.com;fastlane.rubiconproject.com;grid-bidder.criteo.com;guce.yahoo.com;ib.adnxs.com;idx.liadm.com;jadserve.postrelease.com;ncp-gw-frontpage.media.yahoo.com;nexus-gateway-prod.media.yahoo.com;noa.yahoo.com;opus.analytics.yahoo.com;pbs-yahoo-us.ay.delivery;pbs.yahoo.com;prebid-server.rubiconproject.com;prebid.media.net;rp.liadm.com;rtb.openx.net;s.seedtag.com;s.yimg.com;sb.scorecardresearch.com;securepubads.g.doubleclick.net;signal-service.pbs.yahoo.com;tlx.3lift.com;ups.analytics.yahoo.com;us-trc-events.taboola.com;wnsrvbjmeprtfrnfx.ay.delivery;www.googletagmanager.com;www.yahoo.com;yahoo.com
135,config.office.net,1,config.office.net
136,clients.config.office.net,6,browser.pipe.aria.microsoft.com;clients.config.office.net;res-1.cdn.office.net;res-h3.public.cdn.office.net;res.cdn.office.net;static2.sharepointonline.com
137,us-mobile.events.data.microsoft.com,1,us-mobile.events.data.microsoft.com
138,nexusrules.officeapps.live.com,17,admin.microsoft.com;browser.events.data.microsoft.com;c.s-microsoft.com;config.edge.skype.com;js.monitor.azure.com;login.live.com;login.microsoftonline.com;logincdn.msauth.net;mem.gfx.ms;nexusrules.officeapps.live.com;res.cdn.office.net;s.clarity.ms;scripts.clarity.ms;uhf.microsoft.com;www.clarity.ms;www.microsoft.com;www.office.com
139,www.google-analytics.com,7,ajax.googleapis.com;fonts.googleapis.com;fonts.gstatic.com;googleads.g.doubleclick.net;lh3.googleusercontent.com;www.googletagmanager.com;www.gstatic.com
142,googlesyndication.com,3,ogads-pa.clients6.google.com;play.google.com;www.gstatic.com
144,www.facebook.com,3,static.xx.fbcdn.net;www.facebook.com;www.instagram.com
145,smartscreen.microsoft.com,1,smartscreen.microsoft.com
147,graph.facebook.com,1,graph.facebook.com
151,sentry.io,4,plausible.io;reload.getsentry.net;sentry.io;unpkg.com
152,officeclient.microsoft.com,1,officeclient.microsoft.com
153,googleadservices.com,1,www.google.com
154,app-measurement.com,1,www.google.com
155,kv601.prod.do.dsp.mp.microsoft.com,1,kv601.prod.do.dsp.mp.microsoft.com
160,gateway.icloud.com,1,gateway.icloud.com
161,oauthaccountmanager.googleapis.com,1,www.google.com
162,www.googleadservices.com,1,www.google.com
163,storage.live.com,1,storage.live.com
165,cloud.microsoft,17,admin.microsoft.com;browser.events.data.microsoft.com;c.s-microsoft.com;cloud.microsoft;config.edge.skype.com;js.monitor.azure.com;login.live.com;login.microsoftonline.com;logincdn.msauth.net;m365.cloud.microsoft;mem.gfx.ms;res.cdn.office.net;s.clarity.ms;scripts.clarity.ms;uhf.microsoft.com;www.clarity.ms;www.microsoft.com
167,mesu.apple.com,1,mesu.apple.com
168,content-autofill.googleapis.com,1,www.google.com
172,pagead2.googlesyndication.com,1,www.google.com
173,he.net,5,googleads.g.doubleclick.net;he.net;ssl.google-analytics.com;www.google.com;www.googletagmanager.com
176,doh.opendns.com,1,doh.opendns.com
178,cornell.edu,13,6120104.global.siteimproveanalytics.io;ajax.googleapis.com;cdn.universityrelations.cornell.edu;cdnjs.cloudflare.com;cdnsecakmi.kaltura.com;cornell.edu;media.univcomm.cornell.edu;siteimproveanalytics.com;ssl.google-analytics.com;use.typekit.net;www.cornell.edu;www.google-analytics.com;www.googletagmanager.com
179,assets.msn.com,1,assets.msn.com
181,android.clients.google.com,1,www.google.com
185,instagram.com,4,instagram.com;static.cdninstagram.com;www.facebook.com;www.instagram.com
189,beacons.gcp.gvt2.com,1,www.google.com
191,windows.msn.com,1,windows.msn.com
196,www.msn.com,28,aadcdn.msauth.net;ab.dns-finder.com;ad-delivery.net;ad.doubleclick.net;adsdk.microsoft.com;api.btloader.com;api.msn.com;arc.msn.com;assets.msn.com;browser.events.data.msn.com;btloader.com;c.bing.com;c.msn.com;ecn.dev.virtualearth.net;ib.adnxs.com;ib.msn.com;img-s-msn-com.akamaized.net;js.monitor.azure.com;login.live.com;login.microsoftonline.com;m.adnxs.com;mem.gfx.ms;px.ads.linkedin.com;sb.scorecardresearch.com;scripts.mf.webcontentassessor.com;srtb.msn.com;trc.taboola.com;www.msn.com
199,oneclient.sfx.ms,55,a.tribalfusion.com;accdn-vip.lpsnmedia.net;analytics.twitter.com;api.company-target.com;assets.adobedtm.com;browser.events.data.microsoft.com;bttrack.com;c.bing.com;c.s-microsoft.com;cdn-dynmedia-1.microsoft.com;cm.everesttech.net;cm.g.doubleclick.net;cms.analytics.yahoo.com;cms.quantserve.com;dpm.demdex.net;ds.reson8.com;dsum-sec.casalemedia.com;edge.adobedc.net;ib.adnxs.com;id.rlcdn.com;idpix.media6degrees.com;jadserve.postrelease.com;js.monitor.azure.com;login.live.com;login.microsoftonline.com;lptag.liveperson.net;match.adsrvr.org;mem.gfx.ms;mscom.demdex.net;msftenterprise.sc.omtrdc.net;oneclient.sfx.ms;onedrive.live.com;partners.tremorhub.com;pixel.rubiconproject.com;play.vidyard.com;publisher.liveperson.net;px.owneriq.net;rtd-tm.everesttech.net;rtd.tubemogul.com;rum.hlx.page;s.clarity.ms;s.company-target.com;scripts.clarity.ms;segments.company-target.com;servedby.flashtalking.com;static-assets.fs.liveperson.com;tag-logger.demandbase.com;tag.demandbase.com;target.microsoft.com;uhf.microsoft.com;ups.analytics.yahoo.com;va-vip.v.liveperson.net;wcpstatic.microsoft.com;www.clarity.ms;www.microsoft.com
201,kv501.prod.do.dsp.mp.microsoft.com,1,kv501.prod.do.dsp.mp.microsoft.com
202,whatsapp.net,2,static.whatsapp.net;whatsapp.net
204,app-analytics-services.com,1,www.google.com
207,checkin.dm.microsoft.com,1,checkin.dm.microsoft.com
208,kv801.prod.do.dsp.mp.microsoft.com,1,kv801.prod.do.dsp.mp.microsoft.com
210,gspe79-ssl.ls.apple.com,1,gspe79-ssl.ls.apple.com
215,g.live.com,27,aadcdn.msftauth.net;ab.dns-finder.com;ad-delivery.net;ad.doubleclick.net;adsdk.microsoft.com;api.btloader.com;api.msn.com;arc.msn.com;browser.events.data.msn.com;btloader.com;c.bing.com;c.msn.com;ecn.dev.virtualearth.net;g.live.com;ib.msn.com;img-s-msn-com.akamaized.net;js.monitor.azure.com;login.live.com;login.microsoftonline.com;m.adnxs.com;mem.gfx.ms;px.ads.linkedin.com;sb.scorecardresearch.com;scripts.mf.webcontentassessor.com;srtb.msn.com;trc.taboola.com;www.msn.com
216,upload.fp.measure.office.com,1,upload.fp.measure.office.com
221,www.apple.com,3,securemetrics.apple.com;securemvt.apple.com;www.apple.com
222,edge-mqtt.facebook.com,1,edge-mqtt.facebook.com
223,pancake.apple.com,1,pancake.apple.com
224,ogads-pa.clients6.google.com,1,www.google.com
226,xp.apple.com,1,xp.apple.com
230,odc.officeapps.live.com,16,admin.microsoft.com;browser.events.data.microsoft.com;c.s-microsoft.com;config.edge.skype.com;js.monitor.azure.com;login.live.com;login.microsoftonline.com;mem.gfx.ms;odc.officeapps.live.com;res.cdn.office.net;s.clarity.ms;scripts.clarity.ms;uhf.microsoft.com;www.clarity.ms;www.microsoft.com;www.office.com
232,youtubei.googleapis.com,1,www.google.com
233,ad.doubleclick.net,9,ajax.googleapis.com;fonts.googleapis.com;fonts.gstatic.com;googleads.g.doubleclick.net;lh3.googleusercontent.com;www.google-analytics.com;www.google.com;www.googletagmanager.com;www.gstatic.com
236,arc.msn.com,1,arc.msn.com
240,yt3.ggpht.com,1,www.google.com
247,gateway.facebook.com,2,gateway.facebook.com;static.facebook.com
248,play-fe.googleapis.com,1,www.google.com
249,tpc.googlesyndication.com,1,www.google.com
250,apis.google.com,8,developers.google.com;feedback-pa.clients6.google.com;fonts.googleapis.com;fonts.gstatic.com;gstatic.com;www.google-analytics.com;www.googletagmanager.com;www.gstatic.com
251,browser.events.data.microsoft.com,1,browser.events.data.microsoft.com
252,outlook.com,13,browser.events.data.microsoft.com;c.s-microsoft.com;cdn-dynmedia-1.microsoft.com;login.live.com;login.microsoftonline.com;outlook.com;outlook.live.com;play.vidyard.com;res.public.onecdn.static.microsoft;rum.hlx.page;uhf.microsoft.com;wcpstatic.microsoft.com;www.microsoft.com
256,oneocsp.microsoft.com,1,oneocsp.microsoft.com
259,appsflyersdk.com,1,appsflyersdk.com
260,firebaselogging-pa.googleapis.com,1,www.google.com
261,mrodevicemgr.officeapps.live.com,16,admin.microsoft.com;browser.events.data.microsoft.com;c.s-microsoft.com;config.edge.skype.com;js.monitor.azure.com;login.live.com;login.microsoftonline.com;mem.gfx.ms;mrodevicemgr.officeapps.live.com;res.cdn.office.net;s.clarity.ms;scripts.clarity.ms;uhf.microsoft.com;www.clarity.ms;www.microsoft.com;www.office.com
262,mask-api.icloud.com,1,mask-api.icloud.com
265,amazon-adsystem.com,1,amazon-adsystem.com
266,umbrella.com,62,3569326.fls.doubleclick.net;ad.doubleclick.net;adservice.google.com;analytics.google.com;analytics.twitter.com;bat.bing.com;browser.sentry-cdn.com;c.contentsquare.net;cdn.bizible.com;cdn.bizibly.com;cdn.cookielaw.org;cdn.metadata.io;cdn.umbrella.marketops.umbrella.com;cdn1.adoberesources.net;cisco-tags.cisco.com;cisco.demdex.net;cm.g.doubleclick.net;cms.analytics.yahoo.com;conv-pix.adstk.io;csxd.contentsquare.net;customer.cludo.com;datacollect.cisco.com;distillery.wistia.com;dpm.demdex.net;embed-cloudfront.wistia.com;fast.wistia.com;geolocation.onetrust.com;googleads.g.doubleclick.net;id.cisco.com;img.en25.com;insight.adsrvr.org;ipv6.6sc.co;j.6sc.co;js.adsrvr.org;js.qualified.com;js.zi-scripts.com;k-aus1.contentsquare.net;pixel.rubiconproject.com;px.ads.linkedin.com;rtb.adgrx.com;secure.adnxs.com;sfc.leadspace.com;smetrics.cisco.com;snap.licdn.com;srm.bf.contentsquare.net;static.ads-twitter.com;stats.g.doubleclick.net;t.co;t.contentsquare.net;tags.tiqcdn.com;tracking.umbrella.com;uconnect.tealiumiq.com;umbrella.cisco.com;umbrella.com;ups.analytics.yahoo.com;ws.zoominfo.com;www.cisco.com;www.clarity.ms;www.google-analytics.com;www.google.com;www.googletagmanager.com;www.linkedin.com
267,go.trouter.teams.microsoft.com,1,go.trouter.teams.microsoft.com
268,clients3.google.com,0,
269,web.facebook.com,4,static.xx.fbcdn.net;web.facebook.com;www.facebook.com;www.instagram.com
272,analytics.google.com,2,csp.withgoogle.com;ssl.gstatic.com
273,notifications-pa.googleapis.com,1,www.google.com
275,doh.umbrella.com,1,doh.umbrella.com
276,i.instagram.com,1,i.instagram.com
277,mzstatic.com,4,mzstatic.com;securemetrics.apple.com;securemvt.apple.com;www.apple.com
278,ai-asm-api.wyzecam.com,1,ai-asm-api.wyzecam.com
280,fd.api.iris.microsoft.com,1,fd.api.iris.microsoft.com
281,scorecardresearch.com,4,code.jquery.com;scorecardresearch.com;www.google-analytics.com;www.googletagmanager.com
282,test-gateway.instagram.com,2,static.facebook.com;test-gateway.instagram.com
283,gs-loc.apple.com,1,gs-loc.apple.com
284,mail.google.com,1,ssl.gstatic.com
285,snapchat.com,7,accounts.google.com;growth-web-dev-tool.mesh.sc-corp.net;snapchat.com;static.snapchat.com;story.snapchat.com;www.google-analytics.com;www.googletagmanager.com
287,th.bing.com,1,th.bing.com
288,android.googleapis.com,1,www.google.com
292,connect.facebook.net,4,connect.facebook.net;static.xx.fbcdn.net;www.facebook.com;www.instagram.com
293,apps.apple.com,6,apps.apple.com;apptrailers.itunes.apple.com;is1-ssl.mzstatic.com;js-cdn.music.apple.com;www.apple.com;xp.apple.com
296,waa-pa.clients6.google.com,1,www.google.com
298,img-s-msn-com.akamaized.net,1,img-s-msn-com.akamaized.net
301,meraki.com,9,128-239-2-78_s-23-215-0-5_ts-1776304122-clienttons-s.akamaihd.net;173bf110.akstat.io;c.go-mpulse.net;meraki.cisco.com;meraki.com;qdxqetqx3lna42pah75a-pfqp59-96556d426-clientnsv4-s.akamaihd.net;s.go-mpulse.net;trial-eum-clientnsv4-s.akamaihd.net;trial-eum-clienttons-s.akamaihd.net
302,docs.google.com,1,ssl.gstatic.com
303,stats.g.doubleclick.net,8,ajax.googleapis.com;fonts.googleapis.com;fonts.gstatic.com;googleads.g.doubleclick.net;lh3.googleusercontent.com;www.google-analytics.com;www.googletagmanager.com;www.gstatic.com
304,gspe35-ssl.ls.apple.com,1,gspe35-ssl.ls.apple.com
305,swallow.apple.com,1,swallow.apple.com
306,nrdp.prod.cloud.netflix.com,1,nrdp.prod.cloud.netflix.com
307,safebrowsing.google.com,6,ajax.googleapis.com;fonts.googleapis.com;fonts.gstatic.com;www.google-analytics.com;www.google.com;www.gstatic.com
309,unitedstates.smartscreen.microsoft.com,1,unitedstates.smartscreen.microsoft.com
311,graph.instagram.com,1,graph.instagram.com
319,crashlytics.com,7,analytics.google.com;fonts.googleapis.com;fonts.gstatic.com;stats.g.doubleclick.net;www.google-analytics.com;www.googletagmanager.com;www.gstatic.com
321,configuration.apple.com,1,configuration.apple.com
323,dns.opendns.com,1,dns.opendns.com
325,securepubads.g.doubleclick.net,1,www.google.com
326,firebaseremoteconfig.googleapis.com,1,www.google.com
328,dns.umbrella.com,1,dns.umbrella.com
333,cisco.com,26,128-239-2-78_s-2-18-67-67_ts-1776305914-clienttons-s.akamaihd.net;analytics.twitter.com;c.go-mpulse.net;cdcvps.cloudapps.cisco.com;cdn.appdynamics.com;cdn.cookielaw.org;cisco.com;cisco.demdex.net;cm.g.doubleclick.net;cms.analytics.yahoo.com;dpm.demdex.net;dsc.cisco.com;fonts.googleapis.com;fonts.gstatic.com;geolocation.onetrust.com;qdxqetqx3xr2m2pai35a-panaxn-f7e7eaa96-clientnsv4-s.akamaihd.net;rum.hlx.page;s.go-mpulse.net;smetrics.cisco.com;tags.tiqcdn.com;target.cisco.com;trial-eum-clientnsv4-s.akamaihd.net;trial-eum-clienttons-s.akamaihd.net;ups.analytics.yahoo.com;virtualconcierge.cisco.com;www.cisco.com
334,firebase-settings.crashlytics.com,1,www.google.com
335,adnxs.com,1,adnxs.com
336,people-pa.googleapis.com,1,www.google.com
338,a.nel.cloudflare.com,1,a.nel.cloudflare.com
341,r4.res.office365.com,1,r4.res.office365.com
342,iot.us-west-2.amazonaws.com,1,iot.us-west-2.amazonaws.com
346,signaler-pa.clients6.google.com,1,www.google.com
350,discover-pa.googleapis.com,1,www.google.com
351,icloud-content.com,5,developer.apple.com;icloud-content.com;securemetrics.apple.com;sfss.cdn-apple.com;www.apple.com
352,sb.scorecardresearch.com,1,sb.scorecardresearch.com
353,cdnjs.cloudflare.com,1,cdnjs.cloudflare.com
356,static.doubleclick.net,9,ajax.googleapis.com;fonts.googleapis.com;fonts.gstatic.com;googleads.g.doubleclick.net;lh3.googleusercontent.com;www.google-analytics.com;www.google.com;www.googletagmanager.com;www.gstatic.com
357,adsrvr.org,5,adsrvr.org;bam.nr-data.net;code.jquery.com;js-agent.newrelic.com;www.thetradedesk.com
360,init-p01md.apple.com,1,init-p01md.apple.com
362,inbox.google.com,1,ssl.gstatic.com
363,apple-relay.cloudflare.com,3,apple-relay.cloudflare.com;fonts.googleapis.com;fonts.gstatic.com
365,gspe1-ssl.ls.apple.com,1,gspe1-ssl.ls.apple.com
366,cm.g.doubleclick.net,9,ajax.googleapis.com;fonts.googleapis.com;fonts.gstatic.com;googleads.g.doubleclick.net;lh3.googleusercontent.com;www.google-analytics.com;www.google.com;www.googletagmanager.com;www.gstatic.com
367,m.media-amazon.com,1,m.media-amazon.com
368,ampproject.org,5,amp.dev;cdn.ampproject.org;www.ampproject.org;www.google-analytics.com;www.googletagmanager.com
370,cdn.ampproject.org,1,www.google.com
372,titles.prod.mos.microsoft.com,1,titles.prod.mos.microsoft.com
375,valid.apple.com,1,valid.apple.com
376,token.safebrowsing.apple,1,token.safebrowsing.apple
377,adobe.io,6,adobe.io;adobeid-na1.services.adobe.com;auth.services.adobe.com;raw.githubusercontent.com;use.typekit.net;www.adobe.io
378,accounts.youtube.com,1,www.google.com
379,cloudflareinsights.com,2,cloudflareinsights.com;www.cloudflare.com
380,beacons.gvt2.com,1,www.google.com
381,linkedin.com,13,accounts.google.com;c.bing.com;cm.g.doubleclick.net;collector-pxdojv695v.protechts.net;dpm.demdex.net;fonts.gstatic.com;li.protechts.net;linkedin.com;lnkd.demdex.net;platform.linkedin.com;static.licdn.com;tzm.protechts.net;www.linkedin.com
382,us-prod.asyncgw.teams.microsoft.com,1,us-prod.asyncgw.teams.microsoft.com
383,gsp85-ssl.ls.apple.com,1,gsp85-ssl.ls.apple.com
385,static.cloudflareinsights.com,1,static.cloudflareinsights.com
386,kinesisvideo.us-west-2.amazonaws.com,1,kinesisvideo.us-west-2.amazonaws.com
387,adtrafficquality.google,6,ajax.googleapis.com;fonts.googleapis.com;fonts.gstatic.com;www.google-analytics.com;www.googletagmanager.com;www.gstatic.com
391,c.bing.com,1,c.bing.com
392,fpinit.itunes.apple.com,1,fpinit.itunes.apple.com
393,iadsdk.apple.com,1,iadsdk.apple.com
394,jnn-pa.googleapis.com,1,www.google.com
395,licensing.mp.microsoft.com,1,licensing.mp.microsoft.com
397,z-m-gateway.facebook.com,2,static.facebook.com;z-m-gateway.facebook.com
398,prod-lt-playstoregatewayadapter-pa.googleapis.com,1,www.google.com
399,rubiconproject.com,2,challenges.cloudflare.com;rubiconproject.com
400,pubmatic.com,21,analytics.google.com;analytics.twitter.com;arclight.vimeo.com;cdn.ketchjs.com;cdnjs.cloudflare.com;f.vimeocdn.com;global.ketchcdn.com;go.pubmatic.com;googleads.g.doubleclick.net;pi.pardot.com;player.vimeo.com;pubmatic.com;px.ads.linkedin.com;snap.licdn.com;static.ads-twitter.com;stats.g.doubleclick.net;t.co;vimeo.com;www.google.com;www.googletagmanager.com;www.linkedin.com
403,tiktokv.com,1,tiktokv.com
407,cdn.jsdelivr.net,4,cdn.jsdelivr.net;data.jsdelivr.com;datum.jsdelivr.com;www.jsdelivr.com
410,init.itunes.apple.com,1,init.itunes.apple.com
412,play-lh.googleusercontent.com,1,www.google.com
413,criteo.com,44,alb.reddit.com;analytics.tiktok.com;analytics.twitter.com;app.usercentrics.eu;bam.nr-data.net;bat.bing.com;browser.sentry-cdn.com;c.clarity.ms;cdn.dreamdata.cloud;cdn.eu.amplitude.com;cdn.jsdelivr.net;cdnjs.cloudflare.com;connect.facebook.net;criteo.com;distillery.wistia.com;embed-cloudfront.wistia.com;fast.wistia.com;fast.wistia.net;googleads.g.doubleclick.net;gum.criteo.com;js-agent.newrelic.com;pipedream.wistia.com;pixel-config.reddit.com;px.ads.linkedin.com;snap.licdn.com;static.ads-twitter.com;static.criteo.net;t.co;tracking-api.g2.com;tracking.g2crowd.com;tree-nation.com;uct.service.usercentrics.eu;unpkg.com;v1.api.service.cmp.usercentrics.eu;web.cmp.usercentrics.eu;widget.intercom.io;ws.zoominfo.com;www.clarity.ms;www.google-analytics.com;www.google.com;www.googletagmanager.com;www.linkedin.com;www.redditstatic.com;www2.criteo.com
414,firebaseinstallations.googleapis.com,1,www.google.com
416,lcdn-locator.apple.com,1,lcdn-locator.apple.com
417,dns.google,3,fonts.googleapis.com;fonts.gstatic.com;www.google.com
418,addons-pa.clients6.google.com,1,www.google.com
419,www.microsoft.com,36,browser.events.data.microsoft.com;c.az.clicktale.net;c.bing.com;c.clarity.ms;c.s-microsoft.com;cdn-dynmedia-1.microsoft.com;cdnssl.clicktale.net;cm.everesttech.net;cm.g.doubleclick.net;dpm.demdex.net;googleads.g.doubleclick.net;ib.adnxs.com;idsync.rlcdn.com;js.monitor.azure.com;login.live.com;login.microsoftonline.com;mem.gfx.ms;mscom.demdex.net;msftenterprise.sc.omtrdc.net;pixel.everesttech.net;px.ads.linkedin.com;rtd-tm.everesttech.net;rtd.tubemogul.com;rum.hlx.page;s.clarity.ms;scripts.clarity.ms;static.hj.contentsquare.net;target.microsoft.com;uhf.microsoft.com;wcpstatic.microsoft.com;www.clarity.ms;www.facebook.com;www.google.com;www.googletagmanager.com;www.linkedin.com;www.microsoft.com
420,augloop.svc.cloud.microsoft,1,augloop.svc.cloud.microsoft
421,launchdarkly.com,52,850-kkh-319.mktoresp.com;a.quora.com;alb.reddit.com;analytics.twitter.com;api.ipify.org;api.mutinyhq.io;app.clearbit.com;bat.bing.com;c.clarity.ms;cdn.bizible.com;cdn.bizibly.com;cdn.claydar.com;cdn.jsdelivr.net;cdn.metadata.io;cdn.segment.io;client-registry.mutinycdn.com;clientstream.launchdarkly.com;consent.cookiebot.com;consentcdn.cookiebot.com;go.launchdarkly.com;googleads.g.doubleclick.net;images.prismic.io;ipv6.6sc.co;j.6sc.co;js.qualified.com;launchdarkly-com.netlify.app;launchdarkly-marketingsite.cdn.prismic.io;launchdarkly.com;marketo.clearbit.com;munchkin.marketo.net;pagead2.googlesyndication.com;pixel-config.reddit.com;px.ads.linkedin.com;reveal.clearbit.com;s.clarity.ms;scripts.clarity.ms;snap.licdn.com;static.ads-twitter.com;static.claydar.com;t.co;tag.clearbitscripts.com;tracking-api.g2.com;tracking.g2crowd.com;trkn.us;www.clarity.ms;www.google-analytics.com;www.google.com;www.googleadservices.com;www.googletagmanager.com;www.linkedin.com;www.redditstatic.com;x.clearbitjs.com
422,ep1.adtrafficquality.google,1,www.google.com
423,geller-pa.googleapis.com,1,www.google.com
424,ep2.adtrafficquality.google,1,www.google.com
425,ade.googlesyndication.com,1,www.google.com
432,exo.nel.measure.office.net,2,ajax.aspnetcdn.com;exo.nel.measure.office.net
434,android.apis.google.com,1,www.google.com
435,ohttp-relay1.fastly-edge.com,1,ohttp-relay1.fastly-edge.com
437,rapid7.com,15,analytics.google.com;bat.bing.com;bat.bing.net;cdn.cookielaw.org;dev.visualwebsiteoptimizer.com;geolocation.onetrust.com;googleads.g.doubleclick.net;information.rapid7.com;p.typekit.net;play.vidyard.com;rapid7.com;stats.g.doubleclick.net;use.typekit.net;www.google.com;www.googletagmanager.com
438,gspe19-2-ssl.ls.apple.com,1,gspe19-2-ssl.ls.apple.com
445,spot-pa.googleapis.com,1,www.google.com
449,statics.teams.cdn.office.net,1,statics.teams.cdn.office.net
451,s.amazon-adsystem.com,1,s.amazon-adsystem.com
452,gmail.com,1,ssl.gstatic.com
454,res.cdn.office.net,1,res.cdn.office.net
455,www.googletagservices.com,1,www.google.com
457,storeedgefd.dsx.mp.microsoft.com,1,storeedgefd.dsx.mp.microsoft.com
458,activity.windows.com,1,activity.windows.com
459,doubleverify.com,24,46126064.fs1.hubspotusercontent-na1.net;888-uxn-063.mktoresp.com;acsbapp.com;analytics.google.com;api.userback.io;cdn.acsbapp.com;consent.trustarc.com;cta-service-cms2.hubspot.com;doubleverify.com;forms-na1.hsforms.com;googleads.g.doubleclick.net;js.hs-analytics.net;js.hs-banner.com;js.hsforms.net;js.hubspot.com;munchkin.marketo.net;perf-na1.hsforms.com;px.ads.linkedin.com;snap.licdn.com;static.userback.io;stats.g.doubleclick.net;www.google.com;www.googletagmanager.com;www.linkedin.com
461,storage.googleapis.com,0,
462,unagi-na.amazon.com,1,unagi-na.amazon.com
463,casalemedia.com,16,casalemedia.com;cdn.cookielaw.org;extend.vimeocdn.com;geolocation.onetrust.com;indexexchange.com;ka-f.fontawesome.com;kit.fontawesome.com;player.vimeo.com;px.ads.linkedin.com;s46182.pcdn.co;snap.licdn.com;static.hotjar.com;www.google-analytics.com;www.googletagmanager.com;www.indexexchange.com;www.linkedin.com
464,assets.adobedtm.com,1,assets.adobedtm.com
465,pubads.g.doubleclick.net,9,ajax.googleapis.com;fonts.googleapis.com;fonts.gstatic.com;googleads.g.doubleclick.net;lh3.googleusercontent.com;www.google-analytics.com;www.google.com;www.googletagmanager.com;www.gstatic.com
467,m365.cloud.microsoft,16,admin.microsoft.com;browser.events.data.microsoft.com;c.s-microsoft.com;config.edge.skype.com;js.monitor.azure.com;login.live.com;login.microsoftonline.com;logincdn.msauth.net;m365.cloud.microsoft;mem.gfx.ms;res.cdn.office.net;s.clarity.ms;scripts.clarity.ms;uhf.microsoft.com;www.clarity.ms;www.microsoft.com
468,captive.apple.com,1,captive.apple.com
471,firebaselogging.googleapis.com,1,www.google.com
472,taskassist-pa.googleapis.com,1,www.google.com
473,oauth2.googleapis.com,1,www.google.com
474,news-edge.apple.com,1,news-edge.apple.com
475,res.public.onecdn.static.microsoft,1,res.public.onecdn.static.microsoft
476,guzzoni.apple.com,1,guzzoni.apple.com
478,augloop.office.com,1,augloop.office.com
479,onedrive.live.com,53,a.tribalfusion.com;accdn-vip.lpsnmedia.net;analytics.twitter.com;api.company-target.com;assets.adobedtm.com;browser.events.data.microsoft.com;c.bing.com;c.s-microsoft.com;cdn-dynmedia-1.microsoft.com;cm.everesttech.net;cm.g.doubleclick.net;cms.analytics.yahoo.com;cms.quantserve.com;dpm.demdex.net;ds.reson8.com;dsum-sec.casalemedia.com;edge.adobedc.net;ib.adnxs.com;id.rlcdn.com;idpix.media6degrees.com;jadserve.postrelease.com;js.monitor.azure.com;login.live.com;login.microsoftonline.com;lptag.liveperson.net;match.adsrvr.org;mem.gfx.ms;mscom.demdex.net;msftenterprise.sc.omtrdc.net;onedrive.live.com;partners.tremorhub.com;pixel.rubiconproject.com;play.vidyard.com;publisher.liveperson.net;px.owneriq.net;rtd-tm.everesttech.net;rtd.tubemogul.com;rum.hlx.page;s.clarity.ms;s.company-target.com;scripts.clarity.ms;segments.company-target.com;servedby.flashtalking.com;static-assets.fs.liveperson.com;tag-logger.demandbase.com;tag.demandbase.com;target.microsoft.com;uhf.microsoft.com;ups.analytics.yahoo.com;va-vip.v.liveperson.net;wcpstatic.microsoft.com;www.clarity.ms;www.microsoft.com
480,ib.adnxs.com,1,ib.adnxs.com
481,weatherkit.apple.com,5,developer.apple.com;securemetrics.apple.com;sfss.cdn-apple.com;weatherkit.apple.com;www.apple.com
482,wg.spotify.com,1,wg.spotify.com
483,playstoregatewayadapter-pa.googleapis.com,1,www.google.com
484,fbs.smoot.apple.com,1,fbs.smoot.apple.com
485,lh3.google.com,1,www.google.com
486,msh.amazon.com,2,g-ecx.images-amazon.com;msh.amazon.com
489,tiktok.com,11,lf16-cdn-tos.tiktokcdn-us.com;lf16-tiktok-common.ibytedtos.com;lf16-tiktok-web.tiktokcdn-us.com;mcs.tiktokw.us;mon16-normal-useast5.tiktokv.us;sf16-website-login.neutral.ttwstatic.com;starling.tiktokv.us;storage.googleapis.com;tiktok.com;webcast.us.tiktok.com;www.tiktok.com
491,c.amazon-adsystem.com,1,c.amazon-adsystem.com
492,google-ohttp-relay-safebrowsing.fastly-edge.com,1,google-ohttp-relay-safebrowsing.fastly-edge.com
493,amp-api-edge.apps.apple.com,1,amp-api-edge.apps.apple.com
494,apps.mzstatic.com,1,apps.mzstatic.com
495,arcus-uswest.amazon.com,1,arcus-uswest.amazon.com
496,bam.nr-data.net,1,bam.nr-data.net
497,setup.icloud.com,1,setup.icloud.com
498,go.microsoft.com,38,browser.events.data.microsoft.com;c.az.clicktale.net;c.bing.com;c.clarity.ms;c.s-microsoft.com;cdn-dynmedia-1.microsoft.com;cdnssl.clicktale.net;cm.everesttech.net;cm.g.doubleclick.net;dpm.demdex.net;go.microsoft.com;googleads.g.doubleclick.net;ib.adnxs.com;idpix.media6degrees.com;idsync.rlcdn.com;js.monitor.azure.com;login.live.com;login.microsoftonline.com;mem.gfx.ms;mscom.demdex.net;msftenterprise.sc.omtrdc.net;pixel.everesttech.net;px.ads.linkedin.com;rtd-tm.everesttech.net;rtd.tubemogul.com;rum.hlx.page;s.clarity.ms;scripts.clarity.ms;static.hj.contentsquare.net;target.microsoft.com;uhf.microsoft.com;wcpstatic.microsoft.com;www.clarity.ms;www.facebook.com;www.google.com;www.googletagmanager.com;www.linkedin.com;www.microsoft.com
502,taboola.com,45,analytics-ipv6.tiktokw.us;analytics.google.com;analytics.tiktok.com;api-eu1.hubapi.com;bat.bing.com;c.clarity.ms;c.delivery.consentmanager.net;cdn.claydar.com;cdn.consentmanager.net;connect.facebook.net;cta-eu1.hubspot.com;d34r8q7sht0t9k.cloudfront.net;delivery.consentmanager.net;dev.visualwebsiteoptimizer.com;dsum-sec.casalemedia.com;googleads.g.doubleclick.net;insight.adsrvr.org;ipv4.pdscrb.com;js-eu1.hs-analytics.net;js-eu1.hs-banner.com;js-eu1.hs-scripts.com;js-eu1.hsadspixel.net;js-eu1.hubspot.com;js.adsrvr.org;js.nagich.co.il;px.ads.linkedin.com;s.clarity.ms;scripts.clarity.ms;simage2.pubmatic.com;snap.licdn.com;static.claydar.com;static.hotjar.com;stats.g.doubleclick.net;swissknife.taboola.com;taboola.com;track-eu1.hubspot.com;tvspix.com;verifi.pdscrb.com;www.clarity.ms;www.google.com;www.googleadservices.com;www.googletagmanager.com;www.linkedin.com;www.taboola.com;x.bidswitch.net
503,ioc-gw-prod-us-1b.sentinelone.net,1,ioc-gw-prod-us-1b.sentinelone.net
504,ioc-gw-prod-us-1a.sentinelone.net,1,ioc-gw-prod-us-1a.sentinelone.net
507,launches.appsflyersdk.com,1,launches.appsflyersdk.com
508,openx.net,1,openx.net
511,analytics.yahoo.com,40,ad-delivery.net;ads.pubmatic.com;ads.yieldmo.com;analytics.yahoo.com;api.rlcdn.com;c2shb-oao.ssp.yahoo.com;cdn.p-n.io;cdn.taboola.com;cm.g.doubleclick.net;consent.cmp.oath.com;d2mqt2joll4fma.cloudfront.net;display.bidder.taboola.com;exchange.kueezrtb.com;fastlane.rubiconproject.com;grid-bidder.criteo.com;guce.yahoo.com;htlb.casalemedia.com;ib.adnxs.com;idx.liadm.com;ncp-gw-frontpage.media.yahoo.com;nexus-gateway-prod.media.yahoo.com;noa.yahoo.com;opus.analytics.yahoo.com;pbs-yahoo-us.ay.delivery;pbs.yahoo.com;prebid-server.rubiconproject.com;prebid.media.net;rp.liadm.com;rtb.openx.net;s.seedtag.com;s.yimg.com;sb.scorecardresearch.com;securepubads.g.doubleclick.net;signal-service.pbs.yahoo.com;tlx.3lift.com;ups.analytics.yahoo.com;us-trc-events.taboola.com;wnsrvbjmeprtfrnfx.ay.delivery;www.googletagmanager.com;www.yahoo.com
516,appsgrowthpromo-pa.googleapis.com,1,www.google.com
518,s.youtube.com,1,www.google.com
519,roaming.officeapps.live.com,16,admin.microsoft.com;browser.events.data.microsoft.com;c.s-microsoft.com;config.edge.skype.com;js.monitor.azure.com;login.live.com;login.microsoftonline.com;mem.gfx.ms;res.cdn.office.net;roaming.officeapps.live.com;s.clarity.ms;scripts.clarity.ms;uhf.microsoft.com;www.clarity.ms;www.microsoft.com;www.office.com
522,api.msn.com,1,api.msn.com
524,appcenter.ms,3,appcenter.ms;az416426.vo.msecnd.net;c.s-microsoft.com
527,m.google.com,7,apis.google.com;feedback-pa.clients6.google.com;fonts.googleapis.com;fonts.gstatic.com;www.google-analytics.com;www.googletagmanager.com;www.gstatic.com
530,b1.nel.goog,1,www.google.com
535,redirector.googlevideo.com,1,www.google.com
536,adsafeprotected.com,1,adsafeprotected.com
540,3lift.com,17,3lift.com;app.usercentrics.eu;cdn.jsdelivr.net;cm.g.doubleclick.net;forms-na1.hsforms.com;forms.hsforms.com;ib.adnxs.com;insight.adsrvr.org;js.adsrvr.org;js.hs-analytics.net;js.hs-banner.com;js.hs-scripts.com;js.hsforms.net;pixel.rubiconproject.com;track.hubspot.com;triplelift.com;www.googletagmanager.com
541,tenable.com,72,10359888.fls.doubleclick.net;934-xqb-568.mktoresp.com;a.quora.com;a.usbrowserspeed.com;ad.doubleclick.net;adservice.google.com;alb.reddit.com;analytics.google.com;analytics.o11.tech;api.company-target.com;api.tenable.com;app.clearbit.com;app.upsellit.com;assets.trendemon.com;assets.vidyard.com;bat.bing.com;c.clarity.ms;cdn.vidyard.com;cloud.tenable.com;cm.g.doubleclick.net;cm.teads.tv;connect.facebook.net;d34r8q7sht0t9k.cloudfront.net;dpm.demdex.net;dsum-sec.casalemedia.com;googleads.g.doubleclick.net;grsm.io;ib.adnxs.com;id.rlcdn.com;info.tenable.com;ipv4.pdscrb.com;js.adsrvr.org;js.partnerstack.com;js.qualified.com;match.adsrvr.org;ml314.com;munchkin.marketo.net;p.teads.tv;partnerlinks.io;partners.tremorhub.com;pixel-config.reddit.com;pixel.rubiconproject.com;play.vidyard.com;ps.eyeota.net;px.ads.linkedin.com;s.clarity.ms;s.company-target.com;scripts.clarity.ms;scripts.demandbase.com;segments.company-target.com;simage2.pubmatic.com;snap.licdn.com;static.cloudflareinsights.com;static.hotjar.com;stats.g.doubleclick.net;t.teads.tv;tag-logger.demandbase.com;tag.clearbitscripts.com;tenable.com;tr.capterra.com;trackingapi.trendemon.com;verifi.pdscrb.com;www.clarity.ms;www.google.com;www.googletagmanager.com;www.linkedin.com;www.redditstatic.com;www.tenable.com;www.upsellit.com;www.youtube.com;x.bidswitch.net;x.clearbitjs.com
542,readaloud.googleapis.com,1,www.google.com
543,edge-cloud-resource-static.azureedge.net,1,edge-cloud-resource-static.azureedge.net
548,api.apple-cloudkit.com,1,api.apple-cloudkit.com
549,bat.bing.com,28,aadcdn.msftauth.net;ab.dns-finder.com;ad-delivery.net;ad.doubleclick.net;adsdk.microsoft.com;api.btloader.com;api.msn.com;arc.msn.com;assets.msn.com;bat.bing.com;browser.events.data.msn.com;btloader.com;c.msn.com;ecn.dev.virtualearth.net;ib.msn.com;img-s-msn-com.akamaized.net;js.monitor.azure.com;login.live.com;login.microsoftonline.com;m.adnxs.com;mem.gfx.ms;px.ads.linkedin.com;sb.scorecardresearch.com;scripts.mf.webcontentassessor.com;srtb.msn.com;trc.taboola.com;www.bing.com;www.msn.com
550,cloud.tenable.com,2,cdn.amplitude.com;cloud.tenable.com
551,in.appcenter.ms,1,in.appcenter.ms
554,aws.api.snapchat.com,1,aws.api.snapchat.com
557,edgedl.me.gvt1.com,11,2542116.fls.doubleclick.net;ad.doubleclick.net;adservice.google.com;edgedl.me.gvt1.com;fonts.googleapis.com;fonts.gstatic.com;tools.google.com;www.google-analytics.com;www.googletagmanager.com;www.gstatic.com;www.youtube.com
560,kvs-service.wyzecam.com,1,kvs-service.wyzecam.com
563,entitlements.itunes.apple.com,1,entitlements.itunes.apple.com
568,gcp.api.snapchat.com,1,gcp.api.snapchat.com
570,inmobi.com,43,api.company-target.com;az416426.vo.msecnd.net;cm.g.doubleclick.net;d.adroll.com;dsum-sec.casalemedia.com;eb2.3lift.com;ib.adnxs.com;id.rlcdn.com;image2.pubmatic.com;inmobi.com;js.hs-analytics.net;js.hs-banner.com;js.hs-scripts.com;js.hsadspixel.net;js.hubspot.com;js.zi-scripts.com;lex.33across.com;match.adsrvr.org;ml314.com;pagead2.googlesyndication.com;partners.tremorhub.com;perf-na1.hsforms.com;pippio.com;pixel.rubiconproject.com;pixel.tapad.com;ps.eyeota.net;px.ads.linkedin.com;s.adroll.com;s.company-target.com;segments.company-target.com;snap.licdn.com;static.hotjar.com;sync.outbrain.com;sync.taboola.com;tag.demandbase.com;tags.srv.stackadapt.com;track.hubspot.com;us-u.openx.net;web.inmobicdn.net;www.google-analytics.com;www.googletagmanager.com;www.linkedin.com;x.bidswitch.net
572,security.microsoft.com,4,aadcdn.msauth.net;login.live.com;login.microsoftonline.com;security.microsoft.com
573,geover.prod.do.dsp.mp.microsoft.com,1,geover.prod.do.dsp.mp.microsoft.com
580,sensor.cloud.tenable.com,3,cdn.amplitude.com;sensor.cloud.tenable.com;static.cloudflareinsights.com
582,outlook.cloud.microsoft,5,aadcdn.msftauth.net;login.live.com;login.microsoftonline.com;outlook.cloud.microsoft;res.public.onecdn.static.microsoft
583,static.xx.fbcdn.net,3,static.xx.fbcdn.net;www.facebook.com;www.instagram.com
584,amazonalexa.com,49,aa.agkn.com;amazonalexa.com;capi.connatix.com;cm.g.doubleclick.net;cookie-matching.mediarithmics.com;crb.kargo.com;csync.loopme.me;d12ja8zr03cjqo.cloudfront.net;dpm.demdex.net;dsum-sec.casalemedia.com;eb2.3lift.com;fls-na.amazon.com;geo.ads.audio.thisisdax.com;ib.adnxs.com;ih.adscale.de;image2.pubmatic.com;image4.pubmatic.com;images-na.ssl-images-amazon.com;jadserve.postrelease.com;lciapi.ninthdecimal.com;loadus.exelator.com;m.media-amazon.com;match.360yield.com;match.sharethrough.com;moneraappdevicesubs-us-east-1.prod-na-2.app.monera.adg.a2z.com;ms-cookie-sync.presage.io;odr.mookie1.com;pbs.yahoo.com;pi.ispot.tv;pixel.rubiconproject.com;public-prod-dspcookiematching.dmxleo.com;rtb-csync.smartadserver.com;s.amazon-adsystem.com;sb.scorecardresearch.com;spl.zeotap.com;sts.us-east-1.amazonaws.com;sync-amazon.ads.yieldmo.com;sync.rfp.fout.jp;sync.taboola.com;uipglob.semasio.net;unagi.amazon.com;us-east-sync.richaudience.com;us-u.openx.net;user-sync.fwmrm.net;usersync.gumgum.com;usersync.samplicio.us;www.amazon.com;www.imdb.com;x.bidswitch.net
585,connectivity-test.static.microsoft,1,connectivity-test.static.microsoft
586,zoom.us,62,52.71.121.170;9513928.fls.doubleclick.net;ad.doubleclick.net;adservice.google.com;alb.reddit.com;analytics.twitter.com;api.company-target.com;bat.bing.com;c.contentsquare.net;cdn.amplitude.com;cdn.bc0a.com;cdn.cookielaw.org;cdn.jsdelivr.net;cdn.metadata.io;cm.g.doubleclick.net;collector-29673.us.tvsquared.com;connect.facebook.net;csxd.contentsquare.net;dsum-sec.casalemedia.com;dx.mountain.com;geolocation.onetrust.com;googleads.g.doubleclick.net;id.rlcdn.com;ixfd2-api.bc0a.com;js.zi-scripts.com;partners.tremorhub.com;pixel-config.reddit.com;pixel.byspotify.com;pixel.rubiconproject.com;pixels.spotify.com;px.adentifi.com;px.ads.linkedin.com;s.company-target.com;s.usea01.idio.episerver.net;s.yimg.jp;scout-cdn.salesloft.com;scout.salesloft.com;segments.company-target.com;snap.licdn.com;sr-client-cfg.amplitude.com;st1.zoom.us;static.ads-twitter.com;static.cloudflareinsights.com;t.co;t.contentsquare.net;tag-logger.demandbase.com;tag.demandbase.com;tracking-api.g2.com;tracking.g2crowd.com;trkn.us;us.telemetry.zoom.us;us01campaign.zoom.us;utt.impactcdn.com;ws-assets.zoominfo.com;ws.zoominfo.com;www.google.com;www.googletagmanager.com;www.linkedin.com;www.redditstatic.com;www.zoom.com;zoom.sjv.io;zoom.us
587,s0.2mdn.net,0,
588,applovin.com,4,applovin.com;cdn.cookielaw.org;geolocation.onetrust.com;www.googletagmanager.com
593,gsp64-ssl.ls.apple.com,1,gsp64-ssl.ls.apple.com
594,twitter.com,7,abs-0.twimg.com;abs.twimg.com;accounts.google.com;appleid.cdn-apple.com;fonts.gstatic.com;twitter.com;x.com
595,armmf.adobe.com,1,armmf.adobe.com
596,cc-api-data.adobe.io,1,cc-api-data.adobe.io
597,cookielaw.org,28,113-zyd-389.mktoresp.com;alb.reddit.com;assets.adobedtm.com;bat.bing.com;c.clarity.ms;cdn.bizible.com;cdn.bizibly.com;cdn.cookielaw.org;challenges.cloudflare.com;cookielaw.org;geolocation.onetrust.com;googleads.g.doubleclick.net;js.qualified.com;munchkin.marketo.net;pixel-config.reddit.com;px.ads.linkedin.com;s.clarity.ms;scripts.clarity.ms;snap.licdn.com;vault.pactsafe.io;www.clarity.ms;www.cookielaw.org;www.everestjs.net;www.google.com;www.googletagmanager.com;www.linkedin.com;www.onetrust.com;www.redditstatic.com
598,cdn.cookielaw.org,1,cdn.cookielaw.org
599,branch.io,8,branch.io;cdn.cookielaw.org;click.prod.mplat-ppcprotect.com;client.prod.mplat-ppcprotect.com;geolocation.onetrust.com;www.branch.io;www.google.com;www.googletagmanager.com
601,inappcheck.itunes.apple.com,1,inappcheck.itunes.apple.com
604,eeroup.com,1,eeroup.com
605,meetings.googleapis.com,1,www.google.com
606,drivefrontend-pa.clients6.google.com,1,www.google.com
607,android.com,7,analytics.google.com;fonts.googleapis.com;fonts.gstatic.com;stats.g.doubleclick.net;www.google.com;www.googletagmanager.com;www.gstatic.com
610,smartadserver.com,21,assets.equativ.com;cdn.jsdelivr.net;cdn.matomo.cloud;cdn.prod.website-files.com;d3e54v103j8qbb.cloudfront.net;equativ.com;equativ.matomo.cloud;go.smartadserver.com;googleads.g.doubleclick.net;ipapi.co;p.typekit.net;pi.pardot.com;px.ads.linkedin.com;sdk.privacy-center.org;smartadserver.com;snap.licdn.com;use.typekit.net;www.equativ.com;www.google.com;www.googletagmanager.com;www.linkedin.com
611,cp601.prod.do.dsp.mp.microsoft.com,1,cp601.prod.do.dsp.mp.microsoft.com
612,whatsapp.com,3,static.whatsapp.net;whatsapp.com;www.whatsapp.com
614,gsp10-ssl.apple.com,1,gsp10-ssl.apple.com
616,default.exp-tas.com,1,default.exp-tas.com
617,us-api.asm.skype.com,1,us-api.asm.skype.com
618,newrelic.com,27,a.quora.com;alb.reddit.com;analytics.google.com;browser.sentry-cdn.com;cdn.jsdelivr.net;cdn.segment.com;cmp.osano.com;dev.visualwebsiteoptimizer.com;distillery.wistia.com;fast.wistia.com;fonts.googleapis.com;fpjscdn.net;googleads.g.doubleclick.net;j.6sc.co;launcher.1mind.com;munchkin.marketo.net;newrelic.com;ob.itstarsbuilding.com;pixel-config.reddit.com;px.ads.linkedin.com;snap.licdn.com;static.claydar.com;stats.g.doubleclick.net;www.google.com;www.googletagmanager.com;www.linkedin.com;www.redditstatic.com
620,gspe19-ssl.ls.apple.com,1,gspe19-ssl.ls.apple.com
621,peoplestack-pa.googleapis.com,1,www.google.com
622,x.bidswitch.net,1,x.bidswitch.net
623,visualstudio.com,17,app.vssps.visualstudio.com;bam.nr-data.net;browser.events.data.microsoft.com;c.s-microsoft.com;js-agent.newrelic.com;js.monitor.azure.com;login.live.com;mem.gfx.ms;s.clarity.ms;scripts.clarity.ms;uhf.microsoft.com;visualstudio.com;visualstudio.microsoft.com;wcpstatic.microsoft.com;www.clarity.ms;www.microsoft.com;www.visualstudio.com
626,reddit.com,1,reddit.com
629,braze.com,81,10732055.fls.doubleclick.net;11477521.fls.doubleclick.net;14616612.fls.doubleclick.net;367-guy-242.mktoresp.com;aa.agkn.com;action.dstillery.com;action.media6degrees.com;ad.doubleclick.net;ads.betweendigital.com;adservice.google.com;alb.reddit.com;analytics.google.com;b.6sc.co;bcp.crwdcntrl.net;braze.com;cdn.cookielaw.org;cdn.microad.jp;cdn.pdst.fm;cdn.sanity.io;ce.lijit.com;cm.g.doubleclick.net;connect.facebook.net;cs.media.net;d.agkn.com;dev.visualwebsiteoptimizer.com;dpm.demdex.net;dsum-sec.casalemedia.com;eb2.3lift.com;edge.fullstory.com;epsilon.6sense.com;fei.pro-market.net;geolocation.onetrust.com;googleads.g.doubleclick.net;ib.adnxs.com;idsync.rlcdn.com;image2.pubmatic.com;insight.adsrvr.org;ipv6.6sc.co;j.6sc.co;js.adsrvr.org;js.qualified.com;loadm.exelator.com;ml314.com;munchkin.marketo.net;pippio.com;pixel-config.reddit.com;pixel.rubiconproject.com;pixel.tapad.com;ps.eyeota.net;px.ads.linkedin.com;r1.visualwebsiteoptimizer.com;rs.fullstory.com;rules.quantcount.com;s.ad.smaato.net;s.yimg.com;secure-gl.imrworldwide.com;secure.adnxs.com;secure.quantserve.com;simplifi.partners.tremorhub.com;snap.licdn.com;sp.analytics.yahoo.com;stats.g.doubleclick.net;sync.bfmio.com;sync.intentiq.com;sync.smartadserver.com;synchroscript.deliveryengine.adswizz.com;tag.simpli.fi;tags.srv.stackadapt.com;tracking-api.g2.com;tracking.g2crowd.com;um.simpli.fi;universe.send.microad.jp;us-u.openx.net;user-sync.fwmrm.net;wt.rqtrk.eu;www.google.com;www.googleadservices.com;www.googletagmanager.com;www.linkedin.com;www.redditstatic.com;x.bidswitch.net
631,calendar.google.com,1,ssl.gstatic.com
632,media.net,26,ajax.googleapis.com;analytics.google.com;analytics.twitter.com;bat.bing.com;c.clarity.ms;cdn.consentmanager.net;cdn.prod.website-files.com;connect.facebook.net;d.delivery.consentmanager.net;d3e54v103j8qbb.cloudfront.net;delivery.consentmanager.net;fonts.googleapis.com;fonts.gstatic.com;googleads.g.doubleclick.net;media.net;s.clarity.ms;s31073.pcdn.co;scripts.clarity.ms;static.ads-twitter.com;stats.g.doubleclick.net;t.co;www.clarity.ms;www.google-analytics.com;www.google.com;www.googletagmanager.com;www.media.net
634,apple.news,4,apple.com;apple.news;securemetrics.apple.com;www.apple.com
635,c.apple.news,1,c.apple.news
637,tapad.com,21,assets.adobedtm.com;bcp.crwdcntrl.net;buttons-config.sharethis.com;cdn.jsdelivr.net;cdnjs.cloudflare.com;cloud.typography.com;cm.g.doubleclick.net;code.jquery.com;i.liadm.com;ib.adnxs.com;insight.adsrvr.org;l.sharethis.com;platform-api.sharethis.com;segments.company-target.com;sync.sharethis.com;t.sharethis.com;tapad.com;unpkg.com;us-u.openx.net;use.fontawesome.com;use.typekit.net
638,graph-fallback.facebook.com,1,graph-fallback.facebook.com
641,sandbox.itunes.apple.com,1,sandbox.itunes.apple.com
642,roaming.svc.cloud.microsoft,15,admin.microsoft.com;browser.events.data.microsoft.com;c.s-microsoft.com;config.edge.skype.com;js.monitor.azure.com;mem.gfx.ms;res.cdn.office.net;roaming.svc.cloud.microsoft;s.clarity.ms;scripts.clarity.ms;uhf.microsoft.com;wcpstatic.microsoft.com;www.clarity.ms;www.microsoft.com;www.office.com
643,weather.com,43,aax.amazon-adsystem.com;accounts.google.com;ads.rubiconproject.com;api.rlcdn.com;api.weather.com;bam.nr-data.net;c.amazon-adsystem.com;cdn.adsafeprotected.com;cdn.id5-sync.com;cdn.p-n.io;cdn.taboola.com;cm.g.doubleclick.net;config.aps.amazon-adsystem.com;dsx.weather.com;fid.agkn.com;gum.criteo.com;hq2zc2zefnwmg3wcm.ay.delivery;id.crwdcntrl.net;id5-sync.com;idx.liadm.com;invstatic101.creativecdn.com;js-agent.newrelic.com;launchpad-wrapper.privacymanager.io;launchpad.privacymanager.io;lb.eu-1-id5-sync.com;metrics.rapidedge.io;micro.rubiconproject.com;mparticle.weather.com;na.edge.optable.co;oa.openxcdn.net;pixel.adsafeprotected.com;pub.doubleverify.com;rp.liadm.com;s.w-x.co;scripts.webcontentassessor.com;secure.cdn.fastclick.net;securepubads.g.doubleclick.net;sli.em.weather.com;static.criteo.net;tags.crwdcntrl.net;weather-channel.solutions.cdn.optable.co;weather.com;writingcalls.com
644,config.fp.measure.office.com,1,config.fp.measure.office.com
646,r.manage.microsoft.com,6,aadcdn.msauth.net;intune.microsoft.com;login.live.com;login.microsoftonline.com;portal.azure.com;r.manage.microsoft.com
647,match.adsrvr.org,1,match.adsrvr.org
648,fpc.msedge.net,1,fpc.msedge.net
649,www.instagram.com,3,static.cdninstagram.com;www.facebook.com;www.instagram.com
651,us-east1-aws.api.snapchat.com,1,us-east1-aws.api.snapchat.com
653,id5-sync.com,1,id5-sync.com
655,webex.com,2,webex.com;www.webex.com
656,ogs.google.com,1,www.google.com
658,pixel.rubiconproject.com,1,pixel.rubiconproject.com
659,aws-proxy-gcp.api.snapchat.com,1,aws-proxy-gcp.api.snapchat.com
660,smp-device-content.apple.com,1,smp-device-content.apple.com
661,ups.analytics.yahoo.com,1,ups.analytics.yahoo.com
662,www.amazon.com,19,1c5c1ecf7303.c0b160fb.us-east-1.token.awswaf.com;aa.agkn.com;atv-ps.amazon.com;capi.connatix.com;cloudfront.xp-assets.aiv-cdn.net;dsum-sec.casalemedia.com;fls-na.amazon.com;geo.ads.audio.thisisdax.com;ib.adnxs.com;jadserve.postrelease.com;m.media-amazon.com;match.360yield.com;pbs.yahoo.com;public-prod-dspcookiematching.dmxleo.com;rtb-csync.smartadserver.com;s.amazon-adsystem.com;unagi.amazon.com;www.amazon.com;x.bidswitch.net
663,delve.office.com,5,aadcdn.msftauth.net;delve.office.com;login.live.com;login.microsoftonline.com;www.microsoft365.com
664,loki.delve.office.com,1,loki.delve.office.com
665,gum.criteo.com,1,gum.criteo.com
666,amp-api.apps.apple.com,1,amp-api.apps.apple.com
670,core.bdec.microsoft.com,1,core.bdec.microsoft.com
671,amplitude.com,77,138-cdn-550.mktoresp.com;691063a4bae96f8858ec7427.services.infinigrow.com;a.usbrowserspeed.com;alb.reddit.com;amplitude.com;analytics.google.com;analytics.twitter.com;aorta.clickagy.com;api-v2.mutinyhq.io;apikeys.civiccomputing.com;app.guideflow.com;assets.adoberesources.net;bat.bing.com;browser.sentry-cdn.com;cc.cdn.civiccomputing.com;cdn-app.pathfactory.com;cdn.amplitude.com;cdn.bizible.com;cdn.sanity.io;client-registry.mutinycdn.com;cm.g.doubleclick.net;connect.facebook.net;ddzuuyx7zj81k.cloudfront.net;distillery.wistia.com;dsum-sec.casalemedia.com;embed-cloudfront.wistia.com;embed-ssl.wistia.com;epsilon.6sense.com;fast.wistia.com;fast.wistia.net;fonts.cdnfonts.com;fonts.googleapis.com;fonts.gstatic.com;googleads.g.doubleclick.net;insight.adsrvr.org;ipv6.6sc.co;j.6sc.co;js.adsrvr.org;js.zi-scripts.com;jukebox.pathfactory.com;munchkin.marketo.net;nam.veta.naver.com;o13027.ingest.sentry.io;ob.roundprincemusic.com;obs.roundprincemusic.com;pagead2.googlesyndication.com;pipedream.wistia.com;pixel-config.reddit.com;pixel.rubiconproject.com;pubads.g.doubleclick.net;px.ads.linkedin.com;schedule.zoominfo.com;secure.adnxs.com;simage2.pubmatic.com;snap.licdn.com;snippet.infinigrow.com;sr-client-cfg.amplitude.com;ssl.pstatic.net;static.ads-twitter.com;stats.g.doubleclick.net;t.co;t.influ2.com;tags.clickagy.com;us-u.openx.net;wcs.naver.com;wcs.naver.net;ws-assets.zoominfo.com;ws.zoominfo.com;wt.inflection.io;www.clickcease.com;www.google-analytics.com;www.google.com;www.googletagmanager.com;www.influ2.com;www.linkedin.com;www.redditstatic.com;x.bidswitch.net
672,cdn.doubleverify.com,1,cdn.doubleverify.com
673,mzstorekit.itunes.apple.com,1,mzstorekit.itunes.apple.com
674,app-site-association.cdn-apple.com,4,app-site-association.cdn-apple.com;securemetrics.apple.com;securemvt.apple.com;www.apple.com
675,app-analytics-v2.snapchat.com,1,app-analytics-v2.snapchat.com
677,ads.linkedin.com,12,ads.linkedin.com;business.linkedin.com;c.bing.com;cm.g.doubleclick.net;content.linkedin.com;delivery-p143253-e1476319.adobeaemcloud.com;dpm.demdex.net;lnkd.demdex.net;lnkd.tt.omtrdc.net;platform.linkedin.com;static.licdn.com;www.linkedin.com
680,amazonvideo.com,8,amazonvideo.com;fls-na.amazon.com;images-na.ssl-images-amazon.com;m.media-amazon.com;unagi-na.amazon.com;unagi.amazon.com;www.amazon.com;www.primevideo.com
682,time.android.com,1,www.google.com
684,api.weather.com,1,api.weather.com
685,drive.google.com,1,ssl.gstatic.com
686,eu-mobile.events.data.microsoft.com,1,eu-mobile.events.data.microsoft.com
687,unity3d.com,1,unity3d.com
690,us-central1-gcp.api.snapchat.com,1,us-central1-gcp.api.snapchat.com
692,edge-consumer-static.azureedge.net,1,edge-consumer-static.azureedge.net
693,imasdk.googleapis.com,0,
694,px.ads.linkedin.com,1,px.ads.linkedin.com
695,crashlyticsreports-pa.googleapis.com,1,www.google.com
705,dc.services.visualstudio.com,1,dc.services.visualstudio.com
706,firebaseremoteconfigrealtime.googleapis.com,1,www.google.com
708,temu.com,9,accounts.google.com;adtk-us.temu.com;aimg.kwcdn.com;img.kwcdn.com;pftka-us.temu.com;static.kwcdn.com;temu.com;thtka-us.temu.com;www.temu.com
709,client-api.itunes.apple.com,1,client-api.itunes.apple.com
710,fundingchoicesmessages.google.com,1,www.google.com
711,api.smoot.apple.com,1,api.smoot.apple.com
714,chatgpt.com,1,challenges.cloudflare.com
717,i-fallback.instagram.com,1,i-fallback.instagram.com
718,outbrain.com,12,browser.sentry-cdn.com;cdn.cookielaw.org;distillery.wistia.com;embed-cloudfront.wistia.com;fast.wistia.com;fonts.googleapis.com;fonts.gstatic.com;geolocation.onetrust.com;outbrain.com;pipedream.wistia.com;www.googletagmanager.com;www.outbrain.com
722,vungle.com,30,browser.sentry-cdn.com;cdn.bizible.com;cdn.bizibly.com;cdn.metadata.io;cdn.transifex.com;connect.facebook.net;fast.wistia.com;fonts.googleapis.com;fonts.gstatic.com;forms-na2.hsforms.com;forms.hsforms.com;js-na2.hs-analytics.net;js-na2.hs-banner.com;js-na2.hs-scripts.com;js-na2.hsadspixel.net;js-na2.hscollectedforms.net;js.hsforms.net;liftoff.ai;liftoff.io;live-detector.svc.transifex.net;maxcdn.bootstrapcdn.com;rum-collector-2.pingdom.net;rum-static.pingdom.net;stats.g.doubleclick.net;telemetry.svc.transifex.net;track-na2.hubspot.com;vungle.com;www.google-analytics.com;www.google.com;www.googletagmanager.com
724,analytics.tiktok.com,1,analytics.tiktok.com
726,metrics.icloud.com,1,metrics.icloud.com
732,api.facebook.com,1,api.facebook.com
734,appsflyer.com,53,108-avt-732.mktoresp.com;52.22.50.55;a.omappapi.com;a.quora.com;a.usbrowserspeed.com;alb.reddit.com;api.company-target.com;api.omappapi.com;appsflyer.com;bat.bing.com;browser.sentry-cdn.com;cdn.cookielaw.org;cdn.jsdelivr.net;cdn.mxpnl.com;cdnjs.cloudflare.com;connect.facebook.net;dsum-sec.casalemedia.com;dx.mountain.com;fast.wistia.com;fonts.gstatic.com;geolocation.onetrust.com;go.appsflyer.com;googleads.g.doubleclick.net;id.rlcdn.com;js.navattic.com;munchkin.marketo.net;partners.tremorhub.com;pixel-config.reddit.com;pixel.rubiconproject.com;px.ads.linkedin.com;rum-collector-2.pingdom.net;rum-static.pingdom.net;s.company-target.com;sdk.getlimy.ai;segments.company-target.com;snap.licdn.com;t.influ2.com;tag-logger.demandbase.com;tag.demandbase.com;tracking-api.g2.com;tracking.g2crowd.com;unpkg.com;wa.appsflyersdk.com;wa.onelink.me;websdk.appsflyer.com;www.appsflyer.com;www.google-analytics.com;www.google.com;www.googletagmanager.com;www.influ2.com;www.linkedin.com;www.redditstatic.com;www.youtube.com
735,teams-ring.msedge.net,1,teams-ring.msedge.net
736,spo-ring.msedge.net,1,spo-ring.msedge.net
738,us.sentry.io,1,us.sentry.io
741,wac-ring.msedge.net,1,wac-ring.msedge.net
742,samsungcloud.com,4,samsungcloud.com;www.google-analytics.com;www.googletagmanager.com;www.samsungcloud.com
744,cds.apple.com,1,cds.apple.com
745,dual-s-ring.msedge.net,1,dual-s-ring.msedge.net
746,b-graph.facebook.com,1,b-graph.facebook.com
748,tps.doubleverify.com,1,tps.doubleverify.com
751,autodiscover-s.outlook.com,6,aadcdn.msauth.net;autodiscover-s.outlook.com;login.live.com;login.microsoftonline.com;outlook.office365.com;res.public.onecdn.static.microsoft
752,cp501.prod.do.dsp.mp.microsoft.com,1,cp501.prod.do.dsp.mp.microsoft.com
754,storecatalogrevocation.storequality.microsoft.com,1,storecatalogrevocation.storequality.microsoft.com
756,graph-next.fp.measure.office.com,9,browser.events.data.microsoft.com;c.s-microsoft.com;developer.microsoft.com;graph-next.fp.measure.office.com;js.monitor.azure.com;res.public.onecdn.static.microsoft;teams.microsoft.com;wcpstatic.microsoft.com;www.microsoft.com
757,api.flightproxy.teams.microsoft.com,1,api.flightproxy.teams.microsoft.com
758,api.amazonalexa.com,2,api.amazonalexa.com;g-ecx.images-amazon.com
759,amd-infra.itunes.apple.com,3,amd-infra.itunes.apple.com;idmsac.apple.com;www.apple.com
760,cs.dds.microsoft.com,1,cs.dds.microsoft.com
765,bugsnag.com,13,browser.sentry-cdn.com;bugsnag.com;cdn-4.convertexperiments.com;distillery.wistia.com;embed-ssl.wistia.com;fast.wistia.com;fast.wistia.net;fonts.googleapis.com;fonts.gstatic.com;imagedelivery.net;pipedream.wistia.com;static.cloudflareinsights.com;www.bugsnag.com
768,inference.location.live.net,1,inference.location.live.net
771,store.microsoft.com,39,ad.doubleclick.net;bat.bing.com;browser.events.data.microsoft.com;c.az.clicktale.net;c.clarity.ms;c.s-microsoft.com;cdn-dynmedia-1.microsoft.com;cdnssl.clicktale.net;cm.everesttech.net;cm.g.doubleclick.net;dpm.demdex.net;googleads.g.doubleclick.net;ib.adnxs.com;idsync.rlcdn.com;js.monitor.azure.com;login.live.com;login.microsoftonline.com;mem.gfx.ms;mscom.demdex.net;msftenterprise.sc.omtrdc.net;pixel.everesttech.net;px.ads.linkedin.com;rtd-tm.everesttech.net;rtd.tubemogul.com;rum.hlx.page;s.clarity.ms;scripts.clarity.ms;static.hj.contentsquare.net;store.microsoft.com;target.microsoft.com;uhf.microsoft.com;wcpstatic.microsoft.com;www.clarity.ms;www.facebook.com;www.google.com;www.googletagmanager.com;www.linkedin.com;www.microsoft.com;www.microsoftstore.com
774,graph.whatsapp.net,1,graph.whatsapp.net
776,access-point.cloudmessaging.edge.microsoft.com,1,access-point.cloudmessaging.edge.microsoft.com
777,passwordsleakcheck-pa.googleapis.com,1,www.google.com
785,time.google.com,3,ogads-pa.clients6.google.com;play.google.com;www.gstatic.com
787,proactivebackend-pa.googleapis.com,1,www.google.com
790,opera.com,12,analytics.google.com;bat.bing.com;c.clarity.ms;cdn-production-opera-website.operacdn.com;googleads.g.doubleclick.net;opera.com;scripts.clarity.ms;stats.g.doubleclick.net;www.clarity.ms;www.google.com;www.googletagmanager.com;www.opera.com
792,mozilla.com,6,mozilla.com;transcend-cdn.com;www.firefox.com;www.google-analytics.com;www.googletagmanager.com;www.mozilla.org
793,spov-ring-fallback.msedge.net,1,spov-ring-fallback.msedge.net
794,dell.com,2,dell.com;www.dell.com
795,copilot.cloud.microsoft,12,browser.events.data.microsoft.com;c.s-microsoft.com;copilot.cloud.microsoft;js.monitor.azure.com;mem.gfx.ms;res.cdn.office.net;s.clarity.ms;scripts.clarity.ms;uhf.microsoft.com;wcpstatic.microsoft.com;www.clarity.ms;www.microsoft.com
796,wac-ring-fallback.msedge.net,1,wac-ring-fallback.msedge.net
798,www.clarity.ms,1,www.clarity.ms
799,dual-s-ring-fallback.msedge.net,1,dual-s-ring-fallback.msedge.net
801,substrate.svc.cloud.microsoft,4,aadcdn.msftauth.net;login.microsoftonline.com;res.public.onecdn.static.microsoft;substrate.svc.cloud.microsoft
802,teams-ring-fallback.msedge.net,1,teams-ring-fallback.msedge.net
806,roku.com,17,analytics.google.com;bam.nr-data.net;cdn.sprig.com;cigars.roku.com;cm.g.doubleclick.net;image.roku.com;images.sr.roku.com;js-agent.newrelic.com;pixel.web.roku.com;roku.com;static.cloudflareinsights.com;stats.g.doubleclick.net;tags.w55c.net;www.google.com;www.googletagmanager.com;www.mczbf.com;www.roku.com
807,lijit.com,1,lijit.com
809,connectivity-test.usercontent.microsoft,1,connectivity-test.usercontent.microsoft
810,tunnel.googlezip.net,0,
811,connectivity-test.cloud.microsoft,1,connectivity-test.cloud.microsoft
813,cp801.prod.do.dsp.mp.microsoft.com,1,cp801.prod.do.dsp.mp.microsoft.com
817,tr-ssc-mira.office.com,4,aadcdn.msauth.net;login.microsoftonline.com;res.public.onecdn.static.microsoft;tr-ssc-mira.office.com
818,yt3.googleusercontent.com,1,www.google.com
819,pixel.tapad.com,1,pixel.tapad.com
820,peoplestack-pa.clients6.google.com,1,www.google.com
823,ipv4probe.office.com,4,aadcdn.msftauth.net;ipv4probe.office.com;login.microsoftonline.com;res.public.onecdn.static.microsoft
827,clients1.google.com,3,ogads-pa.clients6.google.com;play.google.com;www.gstatic.com
828,is1-ssl.mzstatic.com,1,is1-ssl.mzstatic.com
829,res-1.cdn.office.net,1,res-1.cdn.office.net
830,csp.withgoogle.com,3,fonts.googleapis.com;fonts.gstatic.com;www.google.com
831,usc1-gcp-v62.api.snapchat.com,1,usc1-gcp-v62.api.snapchat.com
832,hola.org,14,analytics.google.com;brightdata.com;c.bing.com;c.clarity.ms;cdn4.hola.org;googleads.g.doubleclick.net;hola.org;perr.hola.org;s.clarity.ms;scripts.clarity.ms;stats.g.doubleclick.net;www.clarity.ms;www.google.com;www.googletagmanager.com
835,acdc-direct.office.com,4,aadcdn.msftauth.net;acdc-direct.office.com;login.microsoftonline.com;res.public.onecdn.static.microsoft
838,logs.ads.vungle.com,1,logs.ads.vungle.com
839,adservice.google.com,1,www.google.com
841,ajax.googleapis.com,5,fonts.googleapis.com;fonts.gstatic.com;www.google-analytics.com;www.googletagmanager.com;www.gstatic.com
844,cdn.branch.io,1,cdn.branch.io
845,gateway.instagram.com,2,gateway.instagram.com;static.facebook.com
846,eb2.3lift.com,1,eb2.3lift.com
847,onetrust.com,27,113-zyd-389.mktoresp.com;alb.reddit.com;assets.adobedtm.com;bat.bing.com;c.clarity.ms;cdn.bizible.com;cdn.bizibly.com;cdn.cookielaw.org;challenges.cloudflare.com;geolocation.onetrust.com;googleads.g.doubleclick.net;js.qualified.com;munchkin.marketo.net;onetrust.com;pixel-config.reddit.com;px.ads.linkedin.com;s.clarity.ms;scripts.clarity.ms;snap.licdn.com;vault.pactsafe.io;www.clarity.ms;www.everestjs.net;www.google.com;www.googletagmanager.com;www.linkedin.com;www.onetrust.com;www.redditstatic.com
848,srv.stackadapt.com,1,srv.stackadapt.com
849,rt.applovin.com,1,rt.applovin.com
852,browser.pipe.aria.microsoft.com,1,browser.pipe.aria.microsoft.com
853,bolt-gcdn.sc-cdn.net,1,bolt-gcdn.sc-cdn.net
856,life360.com,3,life360.com;static.cloudflareinsights.com;www.life360.com
859,c.msn.com,2,c.bing.com;c.msn.com
866,android-context-data.googleapis.com,1,www.google.com
867,appsgenaiserver-pa.googleapis.com,1,www.google.com
868,fls.doubleclick.net,1,www.google.com
869,mmx-ds.cdn.whatsapp.net,1,mmx-ds.cdn.whatsapp.net
870,graph-fallback.instagram.com,1,graph-fallback.instagram.com
871,storeedge.microsoft.com,1,storeedge.microsoft.com
873,idsync.rlcdn.com,1,idsync.rlcdn.com
874,token.rubiconproject.com,1,token.rubiconproject.com
875,suggestqueries.google.com,3,ogads-pa.clients6.google.com;play.google.com;www.gstatic.com
877,searchnotifications-pa.googleapis.com,1,www.google.com
879,adjust.com,38,a.storyblok.com;adjust.com;analytics.google.com;api.adjust.com;api.company-target.com;api.db-ip.com;bat.bing.com;browser.sentry-cdn.com;cdn.fonts.net;connect.facebook.net;consent.cookiebot.com;consentcdn.cookiebot.com;distillery.wistia.com;dsum-sec.casalemedia.com;embed-ssl.wistia.com;fast.wistia.com;go.adjust.com;googleads.g.doubleclick.net;id.rlcdn.com;pagead2.googlesyndication.com;partners.tremorhub.com;pi.pardot.com;pipedream.wistia.com;pixel.rubiconproject.com;px.ads.linkedin.com;s.company-target.com;segments.company-target.com;snap.licdn.com;stats.g.doubleclick.net;tag-logger.demandbase.com;tag.demandbase.com;tracking-api.g2.com;tracking.g2crowd.com;www.adjust.com;www.google-analytics.com;www.google.com;www.googletagmanager.com;www.linkedin.com
880,ads.pubmatic.com,1,ads.pubmatic.com
881,maps.googleapis.com,15,analytics.google.com;apis.google.com;developers-dot-devsite-v2-prod.appspot.com;feedback-pa.clients6.google.com;fonts.googleapis.com;fonts.gstatic.com;googleads.g.doubleclick.net;i.ytimg.com;static.doubleclick.net;stats.g.doubleclick.net;www.google-analytics.com;www.google.com;www.googletagmanager.com;www.gstatic.com;www.youtube.com
895,peoplestackwebexperiments-pa.clients6.google.com,1,www.google.com
899,mixpanel.com,42,alb.reddit.com;analytics.google.com;api-js.mixpanel.com;api.framer.com;app.framerstatic.com;bat.bing.com;c.6sc.co;c.clarity.ms;cdn.mxpnl.com;cdn.optimizely.com;cdn.smartnews-ads.com;cdn3.optimizely.com;connect.facebook.net;consent.trustarc.com;events.framer.com;framer.com;framerusercontent.com;googleads.g.doubleclick.net;i.smartnews-ads.com;i6.smartnews-ads.com;ipv6.6sc.co;j.6sc.co;js.qualified.com;js.sentry-cdn.com;logx.optimizely.com;mixpanel.com;o81318.ingest.us.sentry.io;pixel-config.reddit.com;px.ads.linkedin.com;s.clarity.ms;s.pinimg.com;s.yimg.jp;scripts.clarity.ms;snap.licdn.com;stats.g.doubleclick.net;tracking-api.g2.com;tracking.g2crowd.com;www.clarity.ms;www.google.com;www.googletagmanager.com;www.linkedin.com;www.redditstatic.com
900,drivefrontend-pa.googleapis.com,1,www.google.com
901,atm-fp-direct.office.com,4,aadcdn.msauth.net;atm-fp-direct.office.com;login.microsoftonline.com;res.public.onecdn.static.microsoft
903,adform.net,1,adform.net
904,us-u.openx.net,1,us-u.openx.net
905,p16-common-sign.tiktokcdn-us.com,1,p16-common-sign.tiktokcdn-us.com
908,fastlane.rubiconproject.com,1,fastlane.rubiconproject.com
909,browser-intake-datadoghq.com,1,browser-intake-datadoghq.com
911,autologon.microsoftazuread-sso.com,1,autologon.microsoftazuread-sso.com
914,mobile.pipe.aria.microsoft.com,1,mobile.pipe.aria.microsoft.com
915,webshell.suite.office.com,1,webshell.suite.office.com
921,enterprise.activity.windows.com,1,enterprise.activity.windows.com
922,ep2.facebook.com,1,ep2.facebook.com
926,yandex.ru,21,ad.mail.ru;adv.mail.ru;api.vk.com;avatars.dzeninfra.ru;avatars.mds.yandex.net;csp.yandex.net;dzen.ru;favicon.yandex.net;login.vk.com;privacy-cs.mail.ru;sso.dzen.ru;sso.passport.yandex.ru;stacks.vk-portal.net;static-mon.yandex.net;static.dzeninfra.ru;static.vk.com;suggest.sso.dzen.ru;top-fwz1.mail.ru;vk.ru;yandex.ru;yastatic.net
929,quantserve.com,2,quantserve.com;static.quantcast.com
930,aa.agkn.com,1,aa.agkn.com
931,qualys.com,8,cdn2.qualys.com;consent.cookiebot.com;consentcdn.cookiebot.com;ik.imagekit.io;qualys.com;static.cloudflareinsights.com;www.googletagmanager.com;www.qualys.com
934,ssum-sec.casalemedia.com,1,ssum-sec.casalemedia.com
938,qq.com,28,apd-f8282f3d8d49ba181c3a58c98c2f6a25.v.smtcdns.com;appcfg.v.qq.com;dp3.qq.com;h.trace.qq.com;h5.ssp.qq.com;i.news.qq.com;inews.gtimg.com;l.qq.com;mat1.gtimg.com;news.qq.com;news.ssp.qq.com;op.ssp.qq.com;p.l.qq.com;p.qpic.cn;puui.qpic.cn;qq.com;sports3.gtimg.com;sqt.gtimg.cn;staticfile.qq.com;tnfe.gtimg.com;v.qq.com;vd6.l.qq.com;vfiles.gtimg.cn;video.qq.com;vm.gtimg.cn;wa.gtimg.com;wfiles.gtimg.cn;www.qq.com
939,dayunlinks.cn,1,dayunlinks.cn
940,devpush-hapseemate.dayunlinks.cn,1,devpush-hapseemate.dayunlinks.cn
941,moloco.com,52,48752163.fs1.hubspotusercontent-na1.net;6381084.hs-sites.com;7052064.fs1.hubspotusercontent-na1.net;ajax.googleapis.com;analytics.google.com;api.company-target.com;api.hubapi.com;cdn.cookielaw.org;cdn.prod.website-files.com;connect.facebook.net;d3e54v103j8qbb.cloudfront.net;dsum-sec.casalemedia.com;fonts.googleapis.com;fonts.gstatic.com;forms-na1.hsforms.com;forms.hsforms.com;geolocation.onetrust.com;googleads.g.doubleclick.net;hubspotv2.use1-marketplace-1p-apps-prod-red.if.webflow.services;id.rlcdn.com;js.hs-analytics.net;js.hs-banner.com;js.hs-scripts.com;js.hsadspixel.net;js.hscollectedforms.net;js.hsforms.net;js.hubspot.com;moloco.com;nam.veta.naver.com;partners.tremorhub.com;perf-na1.hsforms.com;pixel.rubiconproject.com;px.ads.linkedin.com;rum.browser-intake-datadoghq.com;s.company-target.com;segments.company-target.com;snap.licdn.com;ssl.pstatic.net;static.hsappstatic.net;stats.g.doubleclick.net;tag-logger.demandbase.com;tag.demandbase.com;tracking-api.g2.com;tracking.g2crowd.com;wcs.naver.com;wcs.naver.net;www.datadoghq-browser-agent.com;www.google.com;www.googleadservices.com;www.googletagmanager.com;www.linkedin.com;www.moloco.com
942,s.mzstatic.com,1,s.mzstatic.com
946,mozilla.org,5,mozilla.org;transcend-cdn.com;www.google-analytics.com;www.googletagmanager.com;www.mozilla.org
948,clientstream.launchdarkly.com,1,clientstream.launchdarkly.com
949,chat.google.com,1,ssl.gstatic.com
951,i.liadm.com,1,i.liadm.com
954,me.com,5,appleid.cdn-apple.com;me.com;setup.icloud.com;www.apple.com;www.icloud.com
955,gsp57-ssl-background.ls.apple.com,1,gsp57-ssl-background.ls.apple.com
958,rtb.openx.net,1,rtb.openx.net
960,www.linkedin.com,12,accounts.google.com;c.bing.com;cm.g.doubleclick.net;collector-pxdojv695v.protechts.net;dpm.demdex.net;fonts.gstatic.com;li.protechts.net;lnkd.demdex.net;merchantpool1.linkedin.com;platform.linkedin.com;static.licdn.com;www.linkedin.com
964,instantmessaging-pa.googleapis.com,1,www.google.com
965,ci3.googleusercontent.com,1,www.google.com
966,acroipm2.adobe.com,1,acroipm2.adobe.com
967,secure.adnxs.com,1,secure.adnxs.com
970,kinesis.us-east-1.amazonaws.com,1,kinesis.us-east-1.amazonaws.com
971,ms.applovin.com,1,ms.applovin.com
972,publicassets.cdn-apple.com,1,publicassets.cdn-apple.com
974,us-east4-gcp.api.snapchat.com,1,us-east4-gcp.api.snapchat.com
975,htlb.casalemedia.com,1,htlb.casalemedia.com
976,www.temu.com,9,accounts.google.com;adtk-us.temu.com;aimg.kwcdn.com;commimg.kwcdn.com;img.kwcdn.com;pftka-us.temu.com;static.kwcdn.com;thtka-us.temu.com;www.temu.com
977,p19-oec-va.ibyteimg.com,1,p19-oec-va.ibyteimg.com
981,teads.tv,2,cdn.teads.tv;teads.tv
982,match.sharethrough.com,1,match.sharethrough.com
985,hbopenbid.pubmatic.com,1,hbopenbid.pubmatic.com
986,yandex.net,9,adfstat.yandex.ru;captcha-backgrounds.s3.yandex.net;cdnrhkgfkkpupuotntfj.svc.cdn.yandex.net;mc.yandex.ru;sso.passport.yandex.ru;ya.ru;yandex.net;yandex.ru;yastatic.net
990,health.apple.com,3,health.apple.com;securemetrics.apple.com;www.apple.com
992,nav-edge.smartscreen.microsoft.com,1,nav-edge.smartscreen.microsoft.com
996,prodregistryv2.org,1,prodregistryv2.org
997,cdn.id5-sync.com,1,cdn.id5-sync.com
1001,location.life360.com,2,location.life360.com;static.cloudflareinsights.com
1002,us.api.endpoint.ingress.rapid7.com,1,us.api.endpoint.ingress.rapid7.com
1003,m.facebook.com,3,m.facebook.com;static.xx.fbcdn.net;www.instagram.com
1009,yimg.com,1,yimg.com
1011,api.account.samsung.com,1,api.account.samsung.com
1012,p19-oec-ttp.tiktokcdn-us.com,1,p19-oec-ttp.tiktokcdn-us.com
1014,ow1.res.office365.com,1,ow1.res.office365.com
1015,s.yimg.com,3,bcn.fp.yahoo.com;geo.yahoo.com;s.yimg.com
1021,f.c2r.ts.cdn.office.net,1,f.c2r.ts.cdn.office.net
1023,flashtalking.com,18,331-xpm-231.mktoresp.com;ajax.googleapis.com;analytics.ahrefs.com;apikeys.civiccomputing.com;cc.cdn.civiccomputing.com;cdn.jsdelivr.net;cdn.prod.website-files.com;cdnjs.cloudflare.com;d3e54v103j8qbb.cloudfront.net;flashtalking.com;fonts.googleapis.com;fonts.gstatic.com;info.mediaocean.com;munchkin.marketo.net;p.typekit.net;use.typekit.net;www.googletagmanager.com;www.innovid.com
1028,obs.cn-south-1.myhuaweicloud.com,1,obs.cn-south-1.myhuaweicloud.com
1029,dit.whatsapp.net,1,dit.whatsapp.net
1031,firefox.settings.services.mozilla.com,1,firefox.settings.services.mozilla.com
1033,functional.events.data.microsoft.com,1,functional.events.data.microsoft.com
1034,dsum-sec.casalemedia.com,1,dsum-sec.casalemedia.com
1037,events.launchdarkly.com,1,events.launchdarkly.com
1038,cloudbirds.cn,1,cloudbirds.cn
1039,chromewebstore.googleapis.com,1,www.google.com
1042,waconatm.officeapps.live.com,16,admin.microsoft.com;browser.events.data.microsoft.com;c.s-microsoft.com;config.edge.skype.com;js.monitor.azure.com;login.live.com;login.microsoftonline.com;mem.gfx.ms;res.cdn.office.net;s.clarity.ms;scripts.clarity.ms;uhf.microsoft.com;waconatm.officeapps.live.com;www.clarity.ms;www.microsoft.com;www.office.com
1043,geolocation.onetrust.com,26,113-zyd-389.mktoresp.com;alb.reddit.com;assets.adobedtm.com;bat.bing.com;c.clarity.ms;cdn.bizible.com;cdn.bizibly.com;cdn.cookielaw.org;challenges.cloudflare.com;geolocation.onetrust.com;googleads.g.doubleclick.net;js.qualified.com;munchkin.marketo.net;pixel-config.reddit.com;px.ads.linkedin.com;s.clarity.ms;scripts.clarity.ms;snap.licdn.com;vault.pactsafe.io;www.clarity.ms;www.everestjs.net;www.google.com;www.googletagmanager.com;www.linkedin.com;www.onetrust.com;www.redditstatic.com
1045,recent.svc.cloud.microsoft,1,recent.svc.cloud.microsoft
1047,waconafd.officeapps.live.com,1,waconafd.officeapps.live.com
1051,contextweb.com,1,contextweb.com
1054,yieldmo.com,16,api.userway.org;cdn.cookielaw.org;cdn.userway.org;edge.fullstory.com;fonts.googleapis.com;fonts.gstatic.com;geolocation.onetrust.com;js.hs-analytics.net;js.hs-banner.com;js.hs-scripts.com;js.hscollectedforms.net;rs.fullstory.com;thenai.org;track.hubspot.com;www.google-analytics.com;yieldmo.com
1055,match.prod.bidr.io,1,match.prod.bidr.io
1056,device-config.pcms.apple.com,1,device-config.pcms.apple.com
1057,eus.rubiconproject.com,1,eus.rubiconproject.com
1063,use.typekit.net,14,adobeid-na1.services.adobe.com;afwebcdn.fonts.adobe.com;assets.fonts.adobe.com;auth-light.identity.adobe.com;auth.services.adobe.com;bam.nr-data.net;fonts.adobe.com;ims-na1.adobelogin.com;js-agent.newrelic.com;p.typekit.net;prod.adobeccstatic.com;use.typekit.net;www.google-analytics.com;www.googletagmanager.com
1065,aad.cs.dds.microsoft.com,1,aad.cs.dds.microsoft.com
1067,tr.snapchat.com,1,tr.snapchat.com
1068,safelinks.protection.outlook.com,1,safelinks.protection.outlook.com
1069,indexww.com,1,indexww.com
1070,onetag-sys.com,2,onetag-cdn.com;onetag-sys.com
1071,ws.chatgpt.com,1,ws.chatgpt.com
1072,pendo.io,29,alb.reddit.com;analytics.google.com;b.6sc.co;bat.bing.com;browser.sentry-cdn.com;cdn.builder.io;cdn.cookielaw.org;cdn.jsdelivr.net;cdn.metadata.io;dx.mountain.com;embed-cloudfront.wistia.com;fast.wistia.com;fast.wistia.net;fonts.googleapis.com;fonts.gstatic.com;geolocation.onetrust.com;j.6sc.co;munchkin.marketo.net;pendo.io;pixel.byspotify.com;snap.licdn.com;spider.australiarevival.com;static.ads-twitter.com;stats.g.doubleclick.net;tags.srv.stackadapt.com;www.google.com;www.googletagmanager.com;www.pendo.io;www.redditstatic.com
1076,rupload.facebook.com,1,rupload.facebook.com
1077,dt.adsafeprotected.com,1,dt.adsafeprotected.com
1079,firestore.googleapis.com,1,www.google.com
1087,api2.amplitude.com,1,api2.amplitude.com
1088,sync.srv.stackadapt.com,1,sync.srv.stackadapt.com
1094,grammarly.com,57,11910764.fls.doubleclick.net;a.quora.com;accounts.google.com;ad.doubleclick.net;adresults-19-adswizz.attribution.adswizz.com;adservice.google.com;analytics-ipv6.tiktokw.us;analytics.google.com;analytics.tiktok.com;b.6sc.co;bat.bing.com;c.6sc.co;c.clarity.ms;cdn.pdst.fm;cdn.taboola.com;cm.g.doubleclick.net;collector-21641.us.tvsquared.com;connect.facebook.net;d34r8q7sht0t9k.cloudfront.net;data.adxcel-ec2.com;dsum-sec.casalemedia.com;gateway.grammarly.com;gnar.grammarly.com;googleads.g.doubleclick.net;grammarly.com;grammarly.pxf.io;ib.adnxs.com;insight.adsrvr.org;ipv4.podscribe.com;ipv6.6sc.co;j.6sc.co;js.adsrvr.org;js.zi-scripts.com;pixel.rubiconproject.com;pixel.tapad.com;px.ads.linkedin.com;px.gumgum.com;s.clarity.ms;scripts.clarity.ms;secure.adnxs.com;simage2.pubmatic.com;snap.licdn.com;static-web.grammarly.com;stats.g.doubleclick.net;tags.w55c.net;transcend-cdn.com;utt.impactcdn.com;verifi.podscribe.com;ws.zoominfo.com;www.clarity.ms;www.facebook.com;www.google-analytics.com;www.google.com;www.googletagmanager.com;www.grammarly.com;www.linkedin.com;x.bidswitch.net
1095,trc.taboola.com,1,trc.taboola.com
1100,tremorhub.com,1,tremorhub.com
1103,fwmrm.net,24,ad.ipredictive.com;cdn.cookielaw.org;cdn.jsdelivr.net;cdnjs.cloudflare.com;cnv.event.prod.bidr.io;connect.facebook.net;extend.vimeocdn.com;freewheel.com;fwmrm.net;geolocation.onetrust.com;googleads.g.doubleclick.net;js.hs-banner.com;js.hs-scripts.com;js.hubspot.com;js.ipredictive.com;perf-na1.hsforms.com;player.vimeo.com;px.ads.linkedin.com;snap.licdn.com;static.hotjar.com;www.google-analytics.com;www.google.com;www.googletagmanager.com;www.linkedin.com
1105,sectigo.com,44,analytics.google.com;aorta.clickagy.com;cm.g.doubleclick.net;consent.cookiebot.com;consentcdn.cookiebot.com;edge.fullstory.com;file-paa.zoom.us;find.userpilot.io;fonts.gstatic.com;googleads.g.doubleclick.net;i.ytimg.com;ib.adnxs.com;insight.adsrvr.org;js.adsrvr.org;js.hsforms.net;js.stripe.com;js.userpilot.io;js.zi-scripts.com;log-gateway.zoom.us;m.stripe.com;m.stripe.network;p.typekit.net;pixel.rubiconproject.com;rs.fullstory.com;sectigo.com;secure.trust-provider.com;st1.zoom.us;static.doubleclick.net;stats.g.doubleclick.net;tags.clickagy.com;us-u.openx.net;us.telemetry.zoom.us;us01-zcb.zoom.us;us01campaign.zoom.us;us01cciapi.zoom.us;us01ccistatic.zoom.us;use.typekit.net;ws-assets.zoominfo.com;ws.zoominfo.com;www.google.com;www.googletagmanager.com;www.sectigo.com;www.youtube.com;zoom.us
1108,a-mo.net,2,1x1.a-mo.net;a-mo.net
1110,ct.pinterest.com,1,ct.pinterest.com
1111,p19-common-sign.tiktokcdn-us.com,1,p19-common-sign.tiktokcdn-us.com
1112,typekit.com,14,adobeid-na1.services.adobe.com;afwebcdn.fonts.adobe.com;assets.fonts.adobe.com;auth-light.identity.adobe.com;auth.services.adobe.com;bam.nr-data.net;fonts.adobe.com;ims-na1.adobelogin.com;js-agent.newrelic.com;prod.adobeccstatic.com;typekit.com;use.typekit.net;www.google-analytics.com;www.googletagmanager.com
1113,ads.yieldmo.com,1,ads.yieldmo.com
1115,aws.duplex.snapchat.com,1,aws.duplex.snapchat.com
1119,xgapromomanager-pa.googleapis.com,1,www.google.com
1120,scripts.clarity.ms,1,scripts.clarity.ms
1122,d.applovin.com,1,d.applovin.com
1123,beacons2.gvt2.com,1,www.google.com
1125,zemanta.com,10,cdn.cookielaw.org;geolocation.onetrust.com;js-tag.zemanta.com;p1.outbrain.com;use.typekit.net;www.google-analytics.com;www.google.com;www.googletagmanager.com;www.gstatic.com;zemanta.com
1127,polka.typekit.com,1,polka.typekit.com
1129,musicstatus.itunes.apple.com,1,musicstatus.itunes.apple.com
1131,messaging.engagement.office.com,1,messaging.engagement.office.com
1133,ad.360yield.com,1,ad.360yield.com
1135,image8.pubmatic.com,1,image8.pubmatic.com
1138,notify.adobe.io,1,notify.adobe.io
1141,oec19-normal-useast5.tiktokv.us,1,oec19-normal-useast5.tiktokv.us
1143,mail.yahoo.com,5,consent.cmp.oath.com;guce.yahoo.com;mail.yahoo.com;s.yimg.com;udc.yahoo.com
1144,static.whatsapp.net,1,static.whatsapp.net
1145,snapkit.com,8,analytics.google.com;csp-central.appspot.com;fonts.googleapis.com;fonts.gstatic.com;stats.g.doubleclick.net;web-platform.snap.com;www.googletagmanager.com;www.snapchat.com
1147,tlx.3lift.com,4,divp3w86nodu0.cloudfront.net;fonts.googleapis.com;fonts.gstatic.com;tlx.3lift.com
1149,gsp10-ssl.ls.apple.com,1,gsp10-ssl.ls.apple.com
1150,enterpriseregistration.windows.net,1,enterpriseregistration.windows.net
1153,api16-core.tiktokv.com,1,api16-core.tiktokv.com
1154,cdn.optimizely.com,1,cdn.optimizely.com
1155,agents.msua06.manage.microsoft.com,1,agents.msua06.manage.microsoft.com
1156,thousandeyes.com,2,thousandeyes.com;www.thousandeyes.com
1157,dns-tunnel-check.googlezip.net,1,www.google.com
1158,pd.itunes.apple.com,1,pd.itunes.apple.com
1163,acrobat.adobe.com,16,acrobat.adobe.com;acroipm2.adobe.com;adobeid-na1.services.adobe.com;assets.adobedtm.com;auth-light.identity.adobe.com;auth.services.adobe.com;client.messaging.adobe.com;dc-api.adobe.io;dcs.adobedc.net;ims-na1.adobelogin.com;o4505393339695104.ingest.us.sentry.io;prod.adobeccstatic.com;shared-components.adobe.com;sstats.adobe.com;use.typekit.net;widget.uservoice.com
1164,srtb.msn.com,1,srtb.msn.com
1166,api22-core.tiktokv.com,1,api22-core.tiktokv.com
1167,s.ad.smaato.net,1,s.ad.smaato.net
1172,my.microsoftpersonalcontent.com,5,df.cfp.microsoft.com;fpt.live.com;login.live.com;logincdn.msauth.net;my.microsoftpersonalcontent.com
1173,intel.com,21,882-ojj-890.mktoresp.com;c.bing.com;c.clarity.ms;cane.intel.com;cdn.cookielaw.org;cm.g.doubleclick.net;consumer.intel.com;dogo.intel.com;dpm.demdex.net;geolocation.onetrust.com;intel.com;intelcorp.scene7.com;munchkin.marketo.net;pagead2.googlesyndication.com;s.clarity.ms;scripts.clarity.ms;www.clarity.ms;www.google.com;www.googletagmanager.com;www.intel.com;zn3vonk1wgpmvfrmg-inteldotcomvoc.siteintercept.qualtrics.com
1176,ntp.msn.com,1,ntp.msn.com
1177,unpkg.com,3,unpkg.com;www.google-analytics.com;www.googletagmanager.com
1181,static.adsafeprotected.com,1,static.adsafeprotected.com
1183,config.aps.amazon-adsystem.com,1,config.aps.amazon-adsystem.com
1185,trustarc.com,24,846-llz-652.mktoresp.com;analytics.google.com;arclight.vimeo.com;collect.datas3ntinel.com;config.datas3ntinel.com;consent.trustarc.com;f.vimeocdn.com;googleads.g.doubleclick.net;info.trustarc.com;munchkin.marketo.net;opps-api.getwarmly.com;opps-widget.getwarmly.com;p.typekit.net;player.vimeo.com;px.ads.linkedin.com;snap.licdn.com;stats.g.doubleclick.net;trustarc.com;use.typekit.net;vimeo.com;www.google-analytics.com;www.google.com;www.googletagmanager.com;www.linkedin.com
1187,images-na.ssl-images-amazon.com,1,images-na.ssl-images-amazon.com
1189,rtb-csync.smartadserver.com,1,rtb-csync.smartadserver.com
1191,history.google.com,4,fonts.gstatic.com;ogads-pa.clients6.google.com;play.google.com;www.gstatic.com
1192,nexus.officeapps.live.com,1,nexus.officeapps.live.com
1194,id.rlcdn.com,1,id.rlcdn.com
1195,admanmedia.com,5,admanmedia.com;api.cmp.inmobi.com;cmp.inmobi.com;www.google-analytics.com;www.googletagmanager.com
1196,dis.criteo.com,1,dis.criteo.com
1198,api.snapkit.com,1,api.snapkit.com
1199,cf.iadsdk.apple.com,1,cf.iadsdk.apple.com
1200,signaler-pa.googleapis.com,1,www.google.com
1202,ws.prod.cloud.netflix.com,1,ws.prod.cloud.netflix.com
1204,b1sync.zemanta.com,1,b1sync.zemanta.com
1205,content-storage-upload.googleapis.com,1,content-storage-upload.googleapis.com
1207,sitescout.com,67,6399057.fls.doubleclick.net;ad.doubleclick.net;adservice.google.com;analytics.google.com;api.intentiq.com;app.factori.ai;app.lifesight.io;arclight.vimeo.com;assets.trendemon.com;basis.com;basis.net;bh.contextweb.com;c.bing.com;c.clarity.ms;cdn-4.convertexperiments.com;cdn.cookielaw.org;cdn01.basis.net;ce.lijit.com;cm.g.doubleclick.net;connect.facebook.net;d.agkn.com;download-video-ak.vimeocdn.com;dpm.demdex.net;dsum-sec.casalemedia.com;eb2.3lift.com;epsilon.6sense.com;f.vimeocdn.com;fei.pro-market.net;fonts.googleapis.com;fonts.gstatic.com;geolocation.onetrust.com;googleads.g.doubleclick.net;gtm.basis.com;hello.basis.com;i.vimeocdn.com;ib.adnxs.com;idsync.rlcdn.com;image2.pubmatic.com;ipv6.6sc.co;j.6sc.co;loadm.exelator.com;pi.pardot.com;pixel-sync.sitescout.com;pixel.sitescout.com;pixel.tapad.com;player.vimeo.com;px.ads.linkedin.com;rtb-csync.smartadserver.com;s.clarity.ms;scripts.clarity.ms;sitescout.com;static.hotjar.com;sync.crwdcntrl.net;tracking-api.g2.com;tracking.g2crowd.com;trackingapi.trendemon.com;unpkg.com;up.pixel.ad;us-u.openx.net;use.fontawesome.com;vimeo.com;www.basis.com;www.clarity.ms;www.google.com;www.googleadservices.com;www.googletagmanager.com;www.linkedin.com
1208,eu-1-id5-sync.com,1,eu-1-id5-sync.com
1210,gspe79-ssl-96.ls.apple.com,1,gspe79-ssl-96.ls.apple.com
1217,oauth.officeapps.live.com,16,admin.microsoft.com;browser.events.data.microsoft.com;c.s-microsoft.com;config.edge.skype.com;js.monitor.azure.com;login.live.com;login.microsoftonline.com;logincdn.msauth.net;mem.gfx.ms;oauth.officeapps.live.com;res.cdn.office.net;s.clarity.ms;scripts.clarity.ms;www.clarity.ms;www.microsoft.com;www.office.com
1218,jquery.com,2,code.jquery.com;jquery.com
1219,web.diagnostic.networking.aws.dev,1,web.diagnostic.networking.aws.dev
1220,code.jquery.com,1,code.jquery.com
1221,sc-static.net,1,sc-static.net
1222,cs.admanmedia.com,1,cs.admanmedia.com
1224,intercom.io,9,api-visitor-analytics.intercom.com;cdn.cookielaw.org;geolocation.onetrust.com;intercom.io;unpkg.com;vercel.intercom.com;widget.intercom.io;www.googletagmanager.com;www.intercom.com
1225,run.app,1,www.google.com
1226,aliyuncs.com,1,aliyuncs.com
1227,c1.adform.net,1,c1.adform.net
1228,pixel-sync.sitescout.com,1,pixel-sync.sitescout.com
1229,nleditor.osi.office.net,1,nleditor.osi.office.net
1230,u.openx.net,1,u.openx.net
1232,www.redditstatic.com,1,www.redditstatic.com
1235,azure.net,61,a.tribalfusion.com;accdn-vip.lpsnmedia.net;alb.reddit.com;analytics.tiktok.com;analytics.twitter.com;api.company-target.com;assets.adobedtm.com;azure.microsoft.com;azure.net;bat.bing.com;browser.events.data.microsoft.com;c.go-mpulse.net;c.s-microsoft.com;casoneroutegold-prod-bggfgca0dkaag8a8.b01.azurefd.net;cdn-dynmedia-1.microsoft.com;cm.everesttech.net;cm.g.doubleclick.net;cms.analytics.yahoo.com;cms.quantserve.com;dc.ads.linkedin.com;dpm.demdex.net;ds.reson8.com;dsum-sec.casalemedia.com;edge.adobedc.net;googleads.g.doubleclick.net;ib.adnxs.com;id.rlcdn.com;idpix.media6degrees.com;jadserve.postrelease.com;js.monitor.azure.com;lptag.liveperson.net;match.adsrvr.org;msftenterprise.sc.omtrdc.net;partners.tremorhub.com;pixel.rubiconproject.com;play.vidyard.com;publisher.liveperson.net;px.ads.linkedin.com;px.owneriq.net;rtd-tm.everesttech.net;rtd.tubemogul.com;rum.hlx.page;s.clarity.ms;s.company-target.com;s.go-mpulse.net;scripts.clarity.ms;segments.company-target.com;servedby.flashtalking.com;static-assets.fs.liveperson.com;tag-logger.demandbase.com;tag.demandbase.com;target.microsoft.com;uhf.microsoft.com;ups.analytics.yahoo.com;va-vip.v.liveperson.net;wcpstatic.microsoft.com;www.clarity.ms;www.facebook.com;www.google.com;www.linkedin.com;www.microsoft.com
1236,pull-f5-tt02.tiktokcdn-us.com,1,pull-f5-tt02.tiktokcdn-us.com
1237,lb.eu-1-id5-sync.com,1,lb.eu-1-id5-sync.com
1238,api.mixpanel.com,1,api.mixpanel.com
1239,photosdata-pa.googleapis.com,1,www.google.com
1240,alb.reddit.com,1,alb.reddit.com
1242,mediaservices.cdn-apple.com,1,mediaservices.cdn-apple.com
1243,servedby.flashtalking.com,1,servedby.flashtalking.com
1244,china-dayunlinks.obs.cn-south-1.myhuaweicloud.com,1,china-dayunlinks.obs.cn-south-1.myhuaweicloud.com
1248,b1sync.outbrain.com,1,b1sync.outbrain.com
1249,pull-f5-tt01.tiktokcdn-us.com,1,pull-f5-tt01.tiktokcdn-us.com
1250,lf16-gecko-source.tiktokcdn-us.com,1,lf16-gecko-source.tiktokcdn-us.com
1251,ssbsync.smartadserver.com,1,ssbsync.smartadserver.com
1252,img.youtube.com,0,
1253,accountcapabilities-pa.googleapis.com,1,www.google.com
1257,catalog.gamepass.com,1,catalog.gamepass.com
1258,googleads4.g.doubleclick.net,9,ajax.googleapis.com;fonts.googleapis.com;fonts.gstatic.com;googleads.g.doubleclick.net;lh3.googleusercontent.com;www.google-analytics.com;www.google.com;www.googletagmanager.com;www.gstatic.com
1261,tr6.snapchat.com,1,tr6.snapchat.com
1262,geomobileservices-pa.googleapis.com,1,www.google.com
1265,instantmessaging-pa-jms-us.googleapis.com,1,www.google.com
1266,i.scdn.co,1,i.scdn.co
1268,mobileconfiguration-pa.googleapis.com,1,www.google.com
1271,common.online.office.com,18,admin.microsoft.com;browser.events.data.microsoft.com;c.s-microsoft.com;common.online.office.com;config.edge.skype.com;js.monitor.azure.com;login.live.com;login.microsoftonline.com;logincdn.msauth.net;mem.gfx.ms;res-1.cdn.office.net;res.cdn.office.net;s.clarity.ms;scripts.clarity.ms;uhf.microsoft.com;www.clarity.ms;www.microsoft.com;www.office.com
1274,gpi3.life360.com,2,gpi3.life360.com;static.cloudflareinsights.com
1275,voilatile-pa.googleapis.com,1,www.google.com
1276,api.samsungcloud.com,1,api.samsungcloud.com
1278,discord.com,11,ajax.googleapis.com;cdn.discordapp.com;cdn.localizeapi.com;cdn.prod.website-files.com;d3e54v103j8qbb.cloudfront.net;discord.com;geolocation.onetrust.com;hubspotonwebflow.com;www.google-analytics.com;www.googletagmanager.com;www.youtube.com
1279,pull-flv-f77-tt02.tiktokcdn-us.com,1,pull-flv-f77-tt02.tiktokcdn-us.com
1282,js-sec.indexww.com,1,js-sec.indexww.com
1283,browser.events.data.msn.com,1,browser.events.data.msn.com
1285,pull-flv-f77-tt01.tiktokcdn-us.com,1,pull-flv-f77-tt01.tiktokcdn-us.com
1287,ipify.org,26,analytics.google.com;api.hubapi.com;api64.ipify.org;app.hubspot.com;cdnjs.cloudflare.com;fonts.googleapis.com;fonts.gstatic.com;googleads.g.doubleclick.net;ipify.org;js.hs-analytics.net;js.hs-banner.com;js.hs-scripts.com;js.hsadspixel.net;js.hscollectedforms.net;js.hubspot.com;js.hubspotfeedback.com;js.usemessages.com;perf-na1.hsforms.com;static.hsappstatic.net;stats.g.doubleclick.net;track.hubspot.com;www.google-analytics.com;www.google.com;www.googletagmanager.com;www.ipify.org;www.linkedin.com
1290,ninjarmm.com,53,52.71.121.170;alb.reddit.com;analytics.google.com;analytics.twitter.com;api.ipstack.com;ara.paa-reporting-advertising.amazon;bat.bing.com;c.amazon-adsystem.com;c.clarity.ms;c.ninjaone.com;cdn-app.pathfactory.com;cdn.cookielaw.org;cdn.jsdelivr.net;cdn.optimizely.com;cdn.ravm.tv;connect.facebook.net;d2o9p5vky89u4e.cloudfront.net;dx.mountain.com;epsilon.6sense.com;fast.ssqt.io;geolocation.onetrust.com;go.ninjaone.com;googleads.g.doubleclick.net;ipv6.6sc.co;j.6sc.co;js.qualified.com;jukebox.pathfactory.com;logx.optimizely.com;mlfk3cv5yvnx.i.optimole.com;ninjarmm.com;pi.pardot.com;pixel-config.reddit.com;pixel.byspotify.com;pixels.spotify.com;px.ads.linkedin.com;s.amazon-adsystem.com;s.clarity.ms;scripts.clarity.ms;secure.adnxs.com;snap.licdn.com;ssl.google-analytics.com;static.ads-twitter.com;stats.g.doubleclick.net;t.co;tags.srv.stackadapt.com;tags.w55c.net;utt.impactcdn.com;www.clarity.ms;www.google.com;www.googletagmanager.com;www.linkedin.com;www.ninjaone.com;www.redditstatic.com
1291,pixel.adsafeprotected.com,1,pixel.adsafeprotected.com
1294,analytics-ipv6.tiktokw.us,1,analytics-ipv6.tiktokw.us
1295,sessions.bugsnag.com,1,sessions.bugsnag.com
1299,pull-f5-tt04.tiktokcdn-us.com,1,pull-f5-tt04.tiktokcdn-us.com
1302,api16-normal-useast5.tiktokv.us,1,api16-normal-useast5.tiktokv.us
1303,ssp-sync.criteo.com,1,ssp-sync.criteo.com
1304,t.adx.opera.com,1,t.adx.opera.com
1309,ab.chatgpt.com,1,ab.chatgpt.com
1312,postrelease.com,1,postrelease.com
1314,s.pinimg.com,1,s.pinimg.com
1315,fs.microsoft.com,1,fs.microsoft.com
1316,giphy.com,21,api.giphy.com;cm.g.doubleclick.net;connect.facebook.net;cookies.giphy.com;dsum-sec.casalemedia.com;e-11727.adzerk.net;giphy.com;idsync.rlcdn.com;image2.pubmatic.com;media1.giphy.com;pagead2.googlesyndication.com;pippio.com;pixel.rubiconproject.com;px.ads.linkedin.com;rules.quantcount.com;sb.scorecardresearch.com;sdk.privacy-center.org;secure.quantserve.com;usage.trackjs.com;www.google-analytics.com;www.googletagmanager.com
1319,onedrive.com,54,a.tribalfusion.com;accdn-vip.lpsnmedia.net;analytics.twitter.com;api.company-target.com;assets.adobedtm.com;browser.events.data.microsoft.com;c.bing.com;c.s-microsoft.com;cdn-dynmedia-1.microsoft.com;cm.everesttech.net;cm.g.doubleclick.net;cms.analytics.yahoo.com;cms.quantserve.com;dpm.demdex.net;ds.reson8.com;dsum-sec.casalemedia.com;edge.adobedc.net;ib.adnxs.com;id.rlcdn.com;idpix.media6degrees.com;jadserve.postrelease.com;js.monitor.azure.com;login.live.com;login.microsoftonline.com;lptag.liveperson.net;match.adsrvr.org;mem.gfx.ms;mscom.demdex.net;msftenterprise.sc.omtrdc.net;onedrive.com;onedrive.live.com;partners.tremorhub.com;pixel.rubiconproject.com;play.vidyard.com;publisher.liveperson.net;px.owneriq.net;rtd-tm.everesttech.net;rtd.tubemogul.com;rum.hlx.page;s.clarity.ms;s.company-target.com;scripts.clarity.ms;segments.company-target.com;servedby.flashtalking.com;static-assets.fs.liveperson.com;tag-logger.demandbase.com;tag.demandbase.com;target.microsoft.com;uhf.microsoft.com;ups.analytics.yahoo.com;va-vip.v.liveperson.net;wcpstatic.microsoft.com;www.clarity.ms;www.microsoft.com
1322,js.monitor.azure.com,1,js.monitor.azure.com
1323,api16-access-ttp.tiktokpangle.us,1,api16-access-ttp.tiktokpangle.us
1324,xpaywalletcdn-prod.azureedge.net,1,xpaywalletcdn-prod.azureedge.net
1328,apresolve.spotify.com,1,apresolve.spotify.com
1329,payments-graph.facebook.com,1,payments-graph.facebook.com
1330,o-sdk.mediation.unity3d.com,1,o-sdk.mediation.unity3d.com
1334,prebid.a-mo.net,1,prebid.a-mo.net
1335,static.criteo.net,1,static.criteo.net
1336,usc1-gcp-v61.api.snapchat.com,1,usc1-gcp-v61.api.snapchat.com
1337,oec16-normal-useast5.tiktokv.us,1,oec16-normal-useast5.tiktokv.us
1338,acdn.adnxs.com,1,acdn.adnxs.com
1340,baidu.com,11,baidu.com;gips2.baidu.com;hector.baidu.com;hectorstatic.baidu.com;mbd.baidu.com;passport.baidu.com;pss.bdstatic.com;psstatic.cdn.bcebos.com;sp1.baidu.com;sp2.baidu.com;www.baidu.com
1343,t.co,1,t.co
1344,cdn.taboola.com,1,cdn.taboola.com
1346,push.services.mozilla.com,1,push.services.mozilla.com
1347,pull-w5-va01.tiktokcdn-us.com,1,pull-w5-va01.tiktokcdn-us.com
1348,hapseemate.cn,1,hapseemate.cn
1349,qualtrics.com,44,542-fmf-412.mktoresp.com;ad.doubleclick.net;analytics.google.com;api-v2.mutinyhq.io;b.6sc.co;bat.bing.com;c.6sc.co;cdn.cookielaw.org;cdn.microad.jp;client-registry.mutinycdn.com;cm.g.doubleclick.net;connect.facebook.net;epsilon.6sense.com;fonts.googleapis.com;fonts.gstatic.com;geolocation.onetrust.com;googleads.g.doubleclick.net;insight.adsrvr.org;ipv6.6sc.co;j.6sc.co;js.adsrvr.org;js.qualified.com;munchkin.marketo.net;p.typekit.net;pixel.rubiconproject.com;px.ads.linkedin.com;qualtrics.com;s.yimg.jp;secure.adnxs.com;sgtm.qualtrics.com;siteintercept.qualtrics.com;snap.licdn.com;stats.g.doubleclick.net;universe.send.microad.jp;use.typekit.net;www-api.qualtrics.com;www.analytics.sales-marker.jp;www.google-analytics.com;www.google.com;www.googleadservices.com;www.googletagmanager.com;www.linkedin.com;www.qualtrics.com;zn725dkxtvxq847sl-qxm.siteintercept.qualtrics.com
1350,pull-q5-va01.tiktokcdn-us.com,1,pull-q5-va01.tiktokcdn-us.com
1351,check-auth.hapseemate.cn,2,birds-server-file.obs.cn-south-1.myhuaweicloud.com;check-auth.hapseemate.cn
1353,c.media-amazon.com,1,c.media-amazon.com
1354,lookaside.facebook.com,2,lookaside.facebook.com;static.facebook.com
1358,playatoms-pa.googleapis.com,1,www.google.com
1359,adblockplus.org,3,adblockplus.org;www.google-analytics.com;www.googletagmanager.com
1360,addons-pa.googleapis.com,1,www.google.com
1361,mobile.launchdarkly.com,1,mobile.launchdarkly.com
1363,na.api.amazonvideo.com,1,na.api.amazonvideo.com
1364,truste.com,25,846-llz-652.mktoresp.com;analytics.google.com;arclight.vimeo.com;collect.datas3ntinel.com;config.datas3ntinel.com;consent.trustarc.com;f.vimeocdn.com;googleads.g.doubleclick.net;info.trustarc.com;munchkin.marketo.net;opps-api.getwarmly.com;opps-widget.getwarmly.com;p.typekit.net;player.vimeo.com;px.ads.linkedin.com;snap.licdn.com;stats.g.doubleclick.net;trustarc.com;truste.com;use.typekit.net;vimeo.com;www.google-analytics.com;www.google.com;www.googletagmanager.com;www.linkedin.com
1365,unrulymedia.com,23,c.amazon-adsystem.com;cdn.cookielaw.org;cdn.jsdelivr.net;fonts.googleapis.com;fonts.gstatic.com;geolocation.onetrust.com;js.hs-analytics.net;js.hs-banner.com;js.hs-scripts.com;js.hsadspixel.net;js.hscollectedforms.net;js.hubspot.com;nexxen.com;pagead2.googlesyndication.com;px.ads.linkedin.com;snap.licdn.com;track.hubspot.com;unrulymedia.com;video.unrulymedia.com;www.google-analytics.com;www.google.com;www.googletagmanager.com;www.linkedin.com
1366,targeting.unrulymedia.com,1,targeting.unrulymedia.com
1368,p.typekit.net,15,adobeid-na1.services.adobe.com;afwebcdn.fonts.adobe.com;assets.fonts.adobe.com;auth-light.identity.adobe.com;auth.services.adobe.com;bam.nr-data.net;fonts.adobe.com;ims-na1.adobelogin.com;js-agent.newrelic.com;p.typekit.net;prod.adobeccstatic.com;typekit.com;use.typekit.net;www.google-analytics.com;www.googletagmanager.com
1369,slack.com,43,12632256.fls.doubleclick.net;a.slack-edge.com;a11179690159.cdn.optimizely.com;ad.doubleclick.net;adservice.google.com;alb.reddit.com;analytics.google.com;api.company-target.com;c.contentsquare.net;campaign.slackhq.com;cdn.cookielaw.org;cdn.schemaapp.com;cdn3.optimizely.com;csxd.contentsquare.net;d34u8crftukxnk.cloudfront.net;dc.ads.linkedin.com;dsum-sec.casalemedia.com;fonts.gstatic.com;geolocation.onetrust.com;googleads.g.doubleclick.net;id.rlcdn.com;logx.optimizely.com;partners.tremorhub.com;pi.pardot.com;pixel-config.reddit.com;pixel.rubiconproject.com;px.ads.linkedin.com;s.company-target.com;segments.company-target.com;slack.com;snap.licdn.com;stats.g.doubleclick.net;t.contentsquare.net;tag-logger.demandbase.com;tag.demandbase.com;trk.techtarget.com;www.google.com;www.googletagmanager.com;www.linkedin.com;www.mczbf.com;www.redditstatic.com;www.youtube-nocookie.com;www.youtube.com
1370,wise-m.public.cdn.office.net,1,wise-m.public.cdn.office.net
1371,dropbox.com,8,accounts.google.com;aem.dropbox.com;cfl.dropboxstatic.com;dropbox.com;fjord.dropboxstatic.com;fp.dropbox.com;marketing.dropbox.com;www.dropbox.com
1373,play.samsungcloud.com,1,play.samsungcloud.com
1377,notify.bugsnag.com,1,notify.bugsnag.com
1379,tanium.com,50,14110935.fls.doubleclick.net;790-qfj-925.mktoresp.com;ad.doubleclick.net;adservice.google.com;amplify.outbrain.com;b.6sc.co;bat.bing.com;c.clarity.ms;cdn-app.pathfactory.com;cdn.bizible.com;cdn.bizibly.com;cdn.cookielaw.org;cdn.taboola.com;cdnjs.cloudflare.com;cm.g.doubleclick.net;d2i34c80a0ftze.cloudfront.net;dev.visualwebsiteoptimizer.com;epsilon.6sense.com;geolocation.onetrust.com;googleads.g.doubleclick.net;ib.adnxs.com;insight.adsrvr.org;ipv6.6sc.co;j.6sc.co;js.adsrvr.org;js.qualified.com;js.zi-scripts.com;jukebox.pathfactory.com;munchkin.marketo.net;pixel.rubiconproject.com;px.ads.linkedin.com;s.clarity.ms;scout-cdn.salesloft.com;scout.salesloft.com;scripts.clarity.ms;secure.adnxs.com;snap.licdn.com;tanium.com;tr.outbrain.com;tracking-api.g2.com;trk.techtarget.com;twin-iq.kickfire.com;wave.outbrain.com;ws.zoominfo.com;www.clarity.ms;www.gartner.com;www.google-analytics.com;www.google.com;www.googletagmanager.com;www.linkedin.com
1381,gateway.grammarly.com,1,gateway.grammarly.com
1382,securetoken.googleapis.com,1,www.google.com
1384,recaptcha.net,1,www.google.com
1391,themes-service.sr.roku.com,1,themes-service.sr.roku.com
1393,nexus-websocket-a.intercom.io,1,nexus-websocket-a.intercom.io
1398,web.whatsapp.com,2,static.whatsapp.net;web.whatsapp.com
1399,mfadsrvr.com,5,ajax.googleapis.com;fonts.googleapis.com;fonts.gstatic.com;hellogenie.com;mfadsrvr.com
1400,telemetry.mozilla.org,3,cdn.jsdelivr.net;telemetry.mozilla.org;use.fontawesome.com
1401,incoming.telemetry.mozilla.org,1,incoming.telemetry.mozilla.org
1402,api.onedrive.com,10,api.onedrive.com;browser.events.data.microsoft.com;c.s-microsoft.com;dev.onedrive.com;developers.microsoft.com;js.monitor.azure.com;res.public.onecdn.static.microsoft;teams.microsoft.com;wcpstatic.microsoft.com;www.microsoft.com
1404,segment.io,50,11875831.fls.doubleclick.net;294-tkb-300.mktoresp.com;ad.doubleclick.net;adservice.google.com;alb.reddit.com;analytics.google.com;analytics.silktide.com;api.segment.io;apm.yahoo.co.jp;assets.adobedtm.com;bat.bing.com;bat.bing.net;browser-intake-datadoghq.com;cdn.jsdelivr.net;cdn.segment.com;cm.everesttech.net;connect.facebook.net;consent.trustarc.com;dev.visualwebsiteoptimizer.com;dm.slim02.jp;dpm.demdex.net;epsilon.6sense.com;euob.powerrobotflower.com;googleads.g.doubleclick.net;ipv6.6sc.co;j.6sc.co;js.qualified.com;jscloud.net;munchkin.marketo.net;obseu.powerrobotflower.com;pixel-config.reddit.com;px.ads.linkedin.com;rum.hlx.page;s.yimg.jp;scout-cdn.salesloft.com;scout.salesloft.com;secure.adnxs.com;segment.io;snap.licdn.com;stats.g.doubleclick.net;tags.srv.stackadapt.com;twilio.demdex.net;twilio.tt.omtrdc.net;www.datadoghq-browser-agent.com;www.google.com;www.googleadservices.com;www.googletagmanager.com;www.linkedin.com;www.redditstatic.com;www.twilio.com
1405,appsgenaiserver-pa.clients6.google.com,1,www.google.com
1406,gnar.grammarly.com,1,gnar.grammarly.com
1411,api.segment.io,1,api.segment.io
1413,translate.googleapis.com,1,www.google.com
1416,sync.ipredictive.com,1,sync.ipredictive.com
1418,ring.com,8,chatbot.rc3.qa.ring.com;chatbot.rc3.ring.com;d2a12jsx2jznj5.cloudfront.net;d39xvdj9d5ntm1.cloudfront.net;images.ctfassets.net;ring.com;static.ring.com;www.youtube.com
1419,safebrowsingohttpgateway.googleapis.com,1,www.google.com
1422,deepintent.com,25,50086402.hs-sites.com;7052064.fs1.hubspotusercontent-na1.net;analytics.google.com;api.hubapi.com;cdn.cookielaw.org;cdn.jsdelivr.net;cdn.prod.website-files.com;d3e54v103j8qbb.cloudfront.net;deepintent.com;fonts.googleapis.com;fonts.gstatic.com;googleads.g.doubleclick.net;js.hs-analytics.net;js.hs-banner.com;js.hs-scripts.com;js.hsadspixel.net;js.hubspot.com;perf-na1.hsforms.com;px.ads.linkedin.com;px.deepintent.com;snap.licdn.com;stats.g.doubleclick.net;www.google.com;www.googletagmanager.com;www.linkedin.com
1423,hapsee.cn,1,hapsee.cn
1426,login5.spotify.com,1,login5.spotify.com
1427,tags.crwdcntrl.net,1,tags.crwdcntrl.net
1429,lh5.googleusercontent.com,1,www.google.com
1430,play.itunes.apple.com,1,play.itunes.apple.com
1433,www.recaptcha.net,1,www.google.com
1436,graph.whatsapp.com,1,graph.whatsapp.com
1439,init.gc.apple.com,1,init.gc.apple.com
1440,fw.adsafeprotected.com,1,fw.adsafeprotected.com
1443,ad.turn.com,5,ad.turn.com;assets.amobee.com;login.amobee.com;platform.amobee.com;www.datadoghq-browser-agent.com
1444,sync-tm.everesttech.net,1,sync-tm.everesttech.net
1446,choices.truste.com,1,choices.truste.com
1447,conviva.com,15,138-xja-134.mktoresp.com;boards.greenhouse.io;cdn.cookielaw.org;cdn.jsdelivr.net;challenges.cloudflare.com;conviva.com;geolocation.onetrust.com;munchkin.marketo.net;player.vimeo.com;rc.conviva.com;unpkg.com;www.conviva.ai;www.conviva.com;www.google-analytics.com;www.googletagmanager.com
1449,enduser.adsrvr.org,1,enduser.adsrvr.org
1450,globalsign.com,20,api-cdn.euw2.pure.cloud;apps.euw2.pure.cloud;bam.eu01.nr-data.net;cache.img.gmo.jp;cdn.jsdelivr.net;consent.cookiebot.com;consentcdn.cookiebot.com;fonts.googleapis.com;fonts.gstatic.com;globalsign.com;globalsign.containers.piwik.pro;globalsign.piwik.pro;js-agent.newrelic.com;s.clarity.ms;scripts.clarity.ms;seal.atlas.globalsign.com;static.cloudflareinsights.com;www.clarity.ms;www.globalsign.com;www.googletagmanager.com
1453,rtb.mfadsrvr.com,1,rtb.mfadsrvr.com
1454,sync.inmobi.com,1,sync.inmobi.com
1456,cdn-settings.appsflyersdk.com,1,cdn-settings.appsflyersdk.com
1457,image6.pubmatic.com,1,image6.pubmatic.com
1458,m365cdn.nel.measure.office.net,2,ajax.aspnetcdn.com;m365cdn.nel.measure.office.net
1460,discordapp.com,11,ajax.googleapis.com;cdn.localizeapi.com;cdn.prod.website-files.com;d3e54v103j8qbb.cloudfront.net;discord.com;discordapp.com;geolocation.onetrust.com;hubspotonwebflow.com;www.google-analytics.com;www.googletagmanager.com;www.youtube.com
1463,jadserve.postrelease.com,1,jadserve.postrelease.com
1468,lh4.googleusercontent.com,1,www.google.com
1469,lh6.googleusercontent.com,1,www.google.com
1471,pbs.twimg.com,1,pbs.twimg.com
1472,user-sync.fwmrm.net,1,user-sync.fwmrm.net
1473,onesignal.com,21,alb.reddit.com;analytics.google.com;api.ipdata.co;cdn.bizible.com;cdn.bizibly.com;cdn.jsdelivr.net;cdn.onesignal.com;cdnjs.cloudflare.com;dev.visualwebsiteoptimizer.com;fonts.googleapis.com;fonts.gstatic.com;googleads.g.doubleclick.net;media-cms.onesignal.com;onesignal.com;pixel-config.reddit.com;px.ads.linkedin.com;snap.licdn.com;unpkg.com;www.google.com;www.googletagmanager.com;www.redditstatic.com
1474,europe.smartscreen.microsoft.com,1,europe.smartscreen.microsoft.com
1476,choices.trustarc.com,1,choices.trustarc.com
1477,grid-bidder.criteo.com,1,grid-bidder.criteo.com
1478,ae.iads.unity3d.com,1,ae.iads.unity3d.com
1481,mobilemaps-pa-gz.googleapis.com,1,www.google.com
1483,p13n.adobe.io,1,p13n.adobe.io
1486,fls-na.amazon.com,1,fls-na.amazon.com
1487,agents.msua01.manage.microsoft.com,1,agents.msua01.manage.microsoft.com
1488,v45.tiktokcdn-us.com,1,v45.tiktokcdn-us.com
1493,agents.msua02.manage.microsoft.com,1,agents.msua02.manage.microsoft.com
1494,vast.doubleverify.com,26,46126064.fs1.hubspotusercontent-na1.net;888-uxn-063.mktoresp.com;acsbapp.com;analytics.google.com;api.userback.io;cdn.acsbapp.com;consent.trustarc.com;cta-service-cms2.hubspot.com;doubleverify.com;forms-na1.hsforms.com;googleads.g.doubleclick.net;js.hs-analytics.net;js.hs-banner.com;js.hsforms.net;js.hubspot.com;munchkin.marketo.net;perf-na1.hsforms.com;px.ads.linkedin.com;snap.licdn.com;static.userback.io;stats.g.doubleclick.net;vast.doubleverify.com;www.doubleverify.com;www.google.com;www.googletagmanager.com;www.linkedin.com
1499,tools.google.com,10,2542116.fls.doubleclick.net;ad.doubleclick.net;adservice.google.com;fonts.googleapis.com;fonts.gstatic.com;tools.google.com;www.google-analytics.com;www.googletagmanager.com;www.gstatic.com;www.youtube.com
1500,hp.com,11,cdn.cookielaw.org;cdn.dynamicyield.com;geolocation.onetrust.com;global-navbar-backend.id.hp.com;hp.com;rum.hlx.page;st.dynamicyield.com;www-redirect.ext.hp.com;www.googletagmanager.com;www.hp.com;www8.hp.com
1501,data.pendo.io,1,data.pendo.io
1502,p.rfihub.com,1,p.rfihub.com
1505,match.deepintent.com,1,match.deepintent.com
1506,dellupdater.dell.com,1,dellupdater.dell.com
1511,server.events.data.microsoft.com,1,server.events.data.microsoft.com
1512,hbx.media.net,1,hbx.media.net
1518,github.com,5,api.github.com;collector.github.com;github.com;github.githubassets.com;images.ctfassets.net
1519,locationhistory-pa.googleapis.com,1,www.google.com
1520,image2.pubmatic.com,1,image2.pubmatic.com
1521,disc601.prod.do.dsp.mp.microsoft.com,1,disc601.prod.do.dsp.mp.microsoft.com
1523,amp-api.media.apple.com,1,amp-api.media.apple.com
1525,p16-common.tiktokcdn-us.com,1,p16-common.tiktokcdn-us.com
1527,c1.eb.us1.thousandeyes.com,1,c1.eb.us1.thousandeyes.com
1530,inapps.appsflyersdk.com,1,inapps.appsflyersdk.com
1532,pull-flv-f77-tt04.tiktokcdn-us.com,1,pull-flv-f77-tt04.tiktokcdn-us.com
1535,gateway-asset.icloud-content.com,1,gateway-asset.icloud-content.com
1536,prebid-server.rubiconproject.com,1,prebid-server.rubiconproject.com
1537,kargo.com,17,5762657.fs1.hubspotusercontent-na1.net;ajax.googleapis.com;assets.squarespace.com;cdn-cookieyes.com;connect.facebook.net;definitions.sqspcdn.com;fonts.googleapis.com;fonts.gstatic.com;images.squarespace-cdn.com;kargo.com;log.cookieyes.com;p.typekit.net;static1.squarespace.com;use.typekit.net;www.google-analytics.com;www.googletagmanager.com;www.kargo.com
1541,auth.grammarly.com,1,auth.grammarly.com
1544,c.clarity.ms,2,c.bing.com;c.clarity.ms
1547,bootstrapcdn.com,11,api.github.com;bootstrapcdn.com;cdn.jsdelivr.net;datum.jsdelivr.com;fonts.googleapis.com;fonts.gstatic.com;github.com;github.githubassets.com;platform.twitter.com;syndication.twitter.com;www.bootstrapcdn.com
1548,api.rlcdn.com,1,api.rlcdn.com
1550,xiaomi.com,2,www.mi.com;xiaomi.com
1551,www.cisco.com,22,68794910.akstat.io;analytics.twitter.com;c.go-mpulse.net;cdcvps.cloudapps.cisco.com;cdn.appdynamics.com;cdn.cookielaw.org;cisco.demdex.net;cm.g.doubleclick.net;cms.analytics.yahoo.com;dpm.demdex.net;dsc.cisco.com;fonts.googleapis.com;fonts.gstatic.com;geolocation.onetrust.com;rum.hlx.page;s.go-mpulse.net;smetrics.cisco.com;tags.tiqcdn.com;target.cisco.com;ups.analytics.yahoo.com;virtualconcierge.cisco.com;www.cisco.com
1554,cdn.discordapp.com,2,cdn.discordapp.com;client-metrics.discordapp.net
1555,attester.gateway.icloud.com,1,attester.gateway.icloud.com
1556,edge-mqtt-fallback.facebook.com,1,edge-mqtt-fallback.facebook.com
1561,connatix.com,26,7052064.fs1.hubspotusercontent-na1.net;api.hubapi.com;app.hubspot.com;assets-jpcust.jwpsrv.com;boards.greenhouse.io;cdn.cookielaw.org;cdn.jwplayer.com;connatix.com;entitlements.jwplayer.com;forms.hsforms.com;geolocation.onetrust.com;js.hs-analytics.net;js.hs-banner.com;js.hsadspixel.net;js.hscollectedforms.net;js.hubspot.com;jwpconnatix.com;jwx.com;perf-na1.hsforms.com;prd.jwpltx.com;px.ads.linkedin.com;snap.licdn.com;ssl.p.jwpcdn.com;www.google-analytics.com;www.googletagmanager.com;www.linkedin.com
1563,i9.ytimg.com,0,
1565,sf16-static.i18n-pglstatp.com,1,sf16-static.i18n-pglstatp.com
1567,static.gc.apple.com,1,static.gc.apple.com
1569,simage2.pubmatic.com,1,simage2.pubmatic.com
1571,pull-f5-va01.tiktokcdn-us.com,1,pull-f5-va01.tiktokcdn-us.com
1572,direct.adsrvr.org,1,direct.adsrvr.org
1575,insight.adsrvr.org,1,insight.adsrvr.org
1576,api16-normal-useast8.tiktokv.us,1,api16-normal-useast8.tiktokv.us
1578,cyberark.com,67,316-czp-275.mktoresp.com;a.dpmsrv.com;alb.reddit.com;analytics.google.com;api.company-target.com;assets.adobedtm.com;cdn.jsdelivr.net;cm.everesttech.net;cm.g.doubleclick.net;cnv.event.prod.bidr.io;connect.facebook.net;consent.trustarc.com;cyberark.com;cyberark.demdex.net;cyberark.sc.omtrdc.net;cyberark.tt.omtrdc.net;d1eoo1tco6rr5e.cloudfront.net;distillery.wistia.com;dpm.demdex.net;dsum-sec.casalemedia.com;embed-ssl.wistia.com;fast.wistia.com;fonts.googleapis.com;fonts.gstatic.com;googleads.g.doubleclick.net;hello.myfonts.net;ib.adnxs.com;id.rlcdn.com;idpix.media6degrees.com;insight.adsrvr.org;js.adsrvr.org;munchkin.marketo.net;nexus.ensighten.com;ob.segreencolumn.com;obs.segreencolumn.com;p.typekit.net;partners.tremorhub.com;pipedream.wistia.com;pixel-config.reddit.com;pixel.rubiconproject.com;pixel.tapad.com;pubads.g.doubleclick.net;px.ads.linkedin.com;rtp-static.marketo.com;s.company-target.com;s.dpmsrv.com;segments.company-target.com;simage2.pubmatic.com;sjrtp6-cdn.marketo.com;sjrtp6.marketo.com;snap.licdn.com;static.cloudflareinsights.com;stats.g.doubleclick.net;tag-logger.demandbase.com;tag.demandbase.com;tag.simpli.fi;tags.srv.stackadapt.com;unpkg.com;us-u.openx.net;use.typekit.net;www.cyberark.com;www.google-analytics.com;www.google.com;www.googleadservices.com;www.googletagmanager.com;www.linkedin.com;www.redditstatic.com
1579,mail-ads.google.com,1,www.google.com
1580,um.simpli.fi,1,um.simpli.fi
1581,rp.liadm.com,1,rp.liadm.com
1582,stripe.com,45,ad.doubleclick.net;alb.reddit.com;analytics.google.com;analytics.twitter.com;api.company-target.com;apm.yahoo.co.jp;attr-td.ml-api.io;b.stripecdn.com;b91.yahoo.co.jp;bat.bing.com;dsum-sec.casalemedia.com;ext.stripe.com;googleads.g.doubleclick.net;id.rlcdn.com;images.stripeassets.com;js.zi-scripts.com;match.adsrvr.org;munchkin.marketo.net;partners.tremorhub.com;pixel-config.reddit.com;pixel.byspotify.com;pixel.rubiconproject.com;pixels.spotify.com;px.ads.linkedin.com;q.quora.com;q.stripe.com;r.stripe.com;s.company-target.com;s.yimg.jp;segments.company-target.com;snap.licdn.com;static.ads-twitter.com;stats.g.doubleclick.net;stripe.com;t.co;tag-logger.demandbase.com;tag.demandbase.com;tag.flvcdn.net;ws.zoominfo.com;www.facebook.com;www.google-analytics.com;www.google.com;www.googletagmanager.com;www.linkedin.com;www.redditstatic.com
1583,richaudience.com,1,richaudience.com
1584,epm.cyberark.com,1,epm.cyberark.com
1586,mobile-collector.newrelic.com,1,mobile-collector.newrelic.com
1587,gcs-us-00003.content-storage-upload.googleapis.com,1,gcs-us-00003.content-storage-upload.googleapis.com
1588,aks-prod-eastus.access-point.cloudmessaging.edge.microsoft.com,1,aks-prod-eastus.access-point.cloudmessaging.edge.microsoft.com
1589,singular.net,37,0b1fa2aa448941e6bc3a3e9f9cc57c20.js.ubembed.com;ajax.googleapis.com;api.hubapi.com;aplo-evnt.com;assets.apollo.io;assets.ubembed.com;bat.bing.com;c.clarity.ms;connect.facebook.net;consent.cookiebot.com;consentcdn.cookiebot.com;forms.hsforms.com;js.hs-analytics.net;js.hs-banner.com;js.hs-scripts.com;js.hsadspixel.net;js.hscollectedforms.net;js.hubspot.com;pagead2.googlesyndication.com;perf-na1.hsforms.com;pi.pardot.com;s.clarity.ms;scripts.clarity.ms;singular.net;snglr.s3.amazonaws.com;static.hotjar.com;track.hubspot.com;tracking-api.g2.com;tracking.g2crowd.com;web-sdk-cdn.singular.net;www.clarity.ms;www.clickcease.com;www.google-analytics.com;www.google.com;www.googletagmanager.com;www.singular-cn.net;www.singular.net
1595,amplitude.life360.com,1,amplitude.life360.com
1596,lbs.eu-1-id5-sync.com,1,lbs.eu-1-id5-sync.com
1600,ts.amazon-adsystem.com,1,ts.amazon-adsystem.com
1601,federatedcompute-pa.googleapis.com,1,www.google.com
1602,cms.quantserve.com,1,cms.quantserve.com
1603,lf19-gecko-source.tiktokcdn-us.com,1,lf19-gecko-source.tiktokcdn-us.com
1604,connectivitycheck.platform.hicloud.com,1,connectivitycheck.platform.hicloud.com
1606,avast.com,32,4711400.fls.doubleclick.net;ad.doubleclick.net;adservice.google.com;analytics.ff.avast.com;analytics.google.com;assets.adobedtm.com;avast.com;bat.bing.com;c.go-mpulse.net;cdn.quantummetric.com;cm.everesttech.net;connect.facebook.net;data.privacy.ensighten.com;doh.cq0.co;dpm.demdex.net;getrockerbox.com;googleads.g.doubleclick.net;ingest.quantummetric.com;mstatic.avast.com;nexus.ensighten.com;oms.avast.com;ryfw5nvu.avast.com;s.go-mpulse.net;symantec.tt.omtrdc.net;t.nc0.co;www.avast.com;www.google-analytics.com;www.google.com;www.googleadservices.com;www.googletagmanager.com;www.nortonlifelock.com;www.upsellit.com
1608,pippio.com,1,pippio.com
1609,godaddy.com,2,godaddy.com;www.godaddy.com
1612,amp-api-search-edge.apps.apple.com,1,amp-api-search-edge.apps.apple.com
1613,pull-flv-f77-va01.tiktokcdn-us.com,1,pull-flv-f77-va01.tiktokcdn-us.com
1614,content-signature-2.cdn.mozilla.net,1,content-signature-2.cdn.mozilla.net
1615,beacons5.gvt3.com,1,www.google.com
1616,sync.crwdcntrl.net,1,sync.crwdcntrl.net
1618,sonobi.com,16,cmp.inmobi.com;fonts.googleapis.com;fonts.gstatic.com;googleads.g.doubleclick.net;js.hs-analytics.net;js.hs-banner.com;js.hs-scripts.com;js.hscollectedforms.net;px.ads.linkedin.com;snap.licdn.com;sonobi.com;track.hubspot.com;www.google-analytics.com;www.google.com;www.googletagmanager.com;www.linkedin.com
1619,go.sonobi.com,1,go.sonobi.com
1620,report.appmetrica.yandex.net,1,report.appmetrica.yandex.net
1627,ps.eyeota.net,1,ps.eyeota.net
1630,clients2.googleusercontent.com,1,www.google.com
1631,ssc-cms.33across.com,1,ssc-cms.33across.com
1633,roovza.launches.appsflyersdk.com,1,roovza.launches.appsflyersdk.com
1634,prod-mediate-events.applovin.com,1,prod-mediate-events.applovin.com
1637,roblox.com,4,apis.rbxcdn.com;css.rbxcdn.com;js.rbxcdn.com;roblox.com
1638,shopify.com,7,cdn.shopify.com;connect.facebook.net;shopify.com;snap.licdn.com;www.google.com;www.googletagmanager.com;www.shopify.com
1640,sdkapi.dsp-api.moloco.com,1,sdkapi.dsp-api.moloco.com
1641,v16m.tiktokcdn-us.com,1,v16m.tiktokcdn-us.com
1642,v19.tiktokcdn-us.com,1,v19.tiktokcdn-us.com
1643,experiments.apple.com,1,experiments.apple.com
1644,segment.com,52,11875831.fls.doubleclick.net;294-tkb-300.mktoresp.com;ad.doubleclick.net;adservice.google.com;alb.reddit.com;analytics.google.com;analytics.silktide.com;api.segment.io;apm.yahoo.co.jp;assets.adobedtm.com;b.6sc.co;bat.bing.com;bat.bing.net;browser-intake-datadoghq.com;c.6sc.co;cdn.jsdelivr.net;cdn.segment.com;cm.everesttech.net;connect.facebook.net;consent.trustarc.com;dev.visualwebsiteoptimizer.com;dm.slim02.jp;dpm.demdex.net;epsilon.6sense.com;euob.powerrobotflower.com;googleads.g.doubleclick.net;ipv6.6sc.co;j.6sc.co;js.qualified.com;jscloud.net;munchkin.marketo.net;obseu.powerrobotflower.com;pixel-config.reddit.com;px.ads.linkedin.com;rum.hlx.page;s.yimg.jp;scout-cdn.salesloft.com;scout.salesloft.com;secure.adnxs.com;segment.com;snap.licdn.com;stats.g.doubleclick.net;tags.srv.stackadapt.com;twilio.demdex.net;twilio.tt.omtrdc.net;www.datadoghq-browser-agent.com;www.google.com;www.googleadservices.com;www.googletagmanager.com;www.linkedin.com;www.redditstatic.com;www.twilio.com
1645,us.bootstrap.endpoint.ingress.rapid7.com,1,us.bootstrap.endpoint.ingress.rapid7.com
1646,i1.ytimg.com,0,
1651,hotjar.com,41,alb.reddit.com;analytics.google.com;analytics.twitter.com;api.segment.io;aplo-evnt.com;assets.apollo.io;ca.contentsquare.net;cdn.cookielaw.org;cdn.jsdelivr.net;cdn.optimizely.com;cdn.segment.com;cdn.us.heap-api.com;connect.facebook.net;et.eulerian.net;eu.api.fpjs.io;fast.appcues.com;fpjscdn.net;geolocation.onetrust.com;googleads.g.doubleclick.net;grsm.io;hotjar.com;images.ctfassets.net;invite.contentsquare.com;invite.hotjar.com;js.partnerstack.com;partnerlinks.io;pixel-config.reddit.com;px.ads.linkedin.com;snap.licdn.com;static.ada.support;static.ads-twitter.com;static.hotjar.com;stats.g.doubleclick.net;t.co;t.contentsquare.net;unpkg.com;www.google.com;www.googletagmanager.com;www.hotjar.com;www.linkedin.com;www.redditstatic.com
1652,challenges.cloudflare.com,1,challenges.cloudflare.com
1653,fbsbx.com,1,fbsbx.com
1654,amazontrust.com,2,amazontrust.com;www.amazontrust.com
1657,https.web.diagnostic.networking.aws.dev,1,https.web.diagnostic.networking.aws.dev
1660,r.bing.com,1,r.bing.com
1662,okta.com,70,855-qah-699.mktoresp.com;adobemetrics.okta.com;alb.reddit.com;analytics.google.com;analytics.twitter.com;assets.adobedtm.com;assets.vidyard.com;auth0.com;bat.bing.com;c.contentsquare.net;cdn.bizible.com;cdn.bizibly.com;cdn.cookielaw.org;cdn.heapanalytics.com;cdn.vidyard.com;cm.g.doubleclick.net;collector-53699.us.tvsquared.com;connect.facebook.net;d.adroll.com;dsum-sec.casalemedia.com;eb2.3lift.com;epsilon.6sense.com;fonts.googleapis.com;geolocation.onetrust.com;googleads.g.doubleclick.net;heapanalytics.com;ib.adnxs.com;idsync.rlcdn.com;image2.pubmatic.com;ipv6.6sc.co;j.6sc.co;jadserve.postrelease.com;js.qualified.com;k-aus1.contentsquare.net;lex.33across.com;lift-ai-js.marketlinc.com;match.adsrvr.org;ml314.com;munchkin.marketo.net;okta.com;okta.marketlinc.com;pippio.com;pixel-config.reddit.com;pixel.rubiconproject.com;pixel.tapad.com;play.vidyard.com;ps.eyeota.net;px.ads.linkedin.com;rum.hlx.page;s.adroll.com;snap.licdn.com;static.ads-twitter.com;static.cloudflareinsights.com;stats.g.doubleclick.net;sync.outbrain.com;sync.taboola.com;t.co;t.contentsquare.net;tags.srv.stackadapt.com;tracking-api.g2.com;trk.techtarget.com;us-u.openx.net;use.typekit.net;www.google-analytics.com;www.google.com;www.googletagmanager.com;www.linkedin.com;www.okta.com;www.redditstatic.com;x.bidswitch.net
1666,pbs.yahoo.com,1,pbs.yahoo.com
1667,capi.connatix.com,1,capi.connatix.com
1669,ic3.events.data.microsoft.com,1,ic3.events.data.microsoft.com
1671,rtb0.doubleverify.com,1,rtb0.doubleverify.com
1673,todo-ta-g7g.amazon.com,1,todo-ta-g7g.amazon.com
1674,analytics.twitter.com,5,abs-0.twimg.com;abs.twimg.com;accounts.google.com;analytics.twitter.com;x.com
1676,search.namequery.com,1,search.namequery.com
1678,updates.cdn-apple.com,1,updates.cdn-apple.com
1683,p16-sign-sg.tiktokcdn.com,1,p16-sign-sg.tiktokcdn.com
1685,api.twitter.com,1,api.twitter.com
1687,admin.microsoft.com,4,aadcdn.msauth.net;admin.microsoft.com;login.live.com;login.microsoftonline.com
1688,seedtag.com,24,ajax.googleapis.com;api.hubapi.com;cdn.jsdelivr.net;cdn.prod.website-files.com;d3e54v103j8qbb.cloudfront.net;fonts.googleapis.com;fonts.gstatic.com;hubspotonwebflow.com;hubspotv2.use1-marketplace-1p-apps-prod-red.if.webflow.services;js.hs-analytics.net;js.hs-banner.com;js.hs-scripts.com;js.hsadspixel.net;js.hscollectedforms.net;js.hubspot.com;perf-na1.hsforms.com;px.ads.linkedin.com;seedtag.com;snap.licdn.com;track.hubspot.com;www.google-analytics.com;www.googletagmanager.com;www.linkedin.com;www.seedtag.com
1690,ms4.applovin.com,1,ms4.applovin.com
1694,citrix.com,22,analytics.twitter.com;assets.adobedtm.com;c.go-mpulse.net;citrix.com;consent.trustarc.com;js.zi-scripts.com;prod.static.citrix.com;px.ads.linkedin.com;radar.cedexis.com;s.go-mpulse.net;snap.licdn.com;static.ads-twitter.com;storage.googleapis.com;t.co;titan.citrix.com;unpkg.com;ws.zoominfo.com;www.citrix.com;www.google-analytics.com;www.googletagmanager.com;www.linkedin.com;www.youtube.com
1701,bcp.crwdcntrl.net,1,bcp.crwdcntrl.net
1702,api.id5-sync.com,1,api.id5-sync.com
1703,cdn2.inner-active.mobi,1,cdn2.inner-active.mobi
1704,nam.loki.delve.office.com,1,nam.loki.delve.office.com
1710,doh.dns.apple.com,1,doh.dns.apple.com
1713,us.api.main.endpoint.ingress.rapid7.com,1,us.api.main.endpoint.ingress.rapid7.com
1715,cws.conviva.com,1,cws.conviva.com
1718,anycast.adnxs.com,1,anycast.adnxs.com
1723,sts.applovin.com,1,sts.applovin.com
1724,ut.pubmatic.com,1,ut.pubmatic.com
1727,dl.google.com,10,2542116.fls.doubleclick.net;ad.doubleclick.net;adservice.google.com;fonts.googleapis.com;fonts.gstatic.com;tools.google.com;www.google-analytics.com;www.googletagmanager.com;www.gstatic.com;www.youtube.com
1728,dcg.microsoft.com,1,dcg.microsoft.com
1730,sdk.iad-01.braze.com,1,sdk.iad-01.braze.com
1731,miui.com,7,cdn.cnbj1.fds.api.mi-img.com;font.sec.miui.com;hm.baidu.com;home.miui.com;miui.com;ssl-cdn.static.browser.mi-img.com;tracking.miui.com
1732,mail.ru,53,531311.ms.dzen.ru;a-69205292-51-150-0nm12d-000.pms.mail.ru;a-69205297-51-1-0nm12d-000.pms.mail.ru;a-69616793-53-586-0nm12d-000.pms.mail.ru;a-69616797-53-586-0nm12d-000.pms.mail.ru;a-69616800-53-586-0nm12d-000.pms.mail.ru;a-70551511-7-575-0nm12d-000.pms.mail.ru;a-70554777-6-138-0nm12d-000.pms.mail.ru;a-70554874-6-1-0nm12d-000.pms.mail.ru;a-70555039-8-77-0nm12d-000.pms.mail.ru;a-70555324-6-1-0nm12d-000.pms.mail.ru;a-70555355-6-150-0nm12d-000.pms.mail.ru;a-70555431-6-1-0nm12d-000.pms.mail.ru;a-70555586-6-77-0nm12d-000.pms.mail.ru;a.delivery.consentmanager.net;account.mail.ru;ad.mail.ru;avatars.dzeninfra.ru;b.delivery.consentmanager.net;bs.yandex.ru;cdn.consentmanager.net;counter.yadro.ru;dzen.ru;home.imgsmail.ru;img.imgsmail.ru;imgs2.imgsmail.ru;limg.imgsmail.ru;log.strm.yandex.ru;login.vk.ru;mail.ru;mc.yandex.ru;media-trend.mail.ru;ok6-11.vkuser.net;ok6-12.vkuser.net;ok6-4.vkuser.net;pogoda.imgsmail.ru;portal.mail.ru;privacy-cs.mail.ru;r.mradx.net;r3.mail.ru;rs.mail.ru;stat.radar.imgsmail.ru;static.dzeninfra.ru;sun9-17.userapi.com;top-fwz1.mail.ru;trk.mail.ru;vk.com;vkvideo.ru;www.google-analytics.com;www.googletagmanager.com;xray.mail.ru;yandex.ru;yastatic.net
1737,lcprd1.samsungcloudsolution.net,1,lcprd1.samsungcloudsolution.net
1739,footprints-pa.googleapis.com,1,www.google.com
1742,static.ads-twitter.com,1,static.ads-twitter.com
1743,s.seedtag.com,24,ajax.googleapis.com;api.hubapi.com;cdn.jsdelivr.net;cdn.prod.website-files.com;d3e54v103j8qbb.cloudfront.net;fonts.googleapis.com;fonts.gstatic.com;hubspotonwebflow.com;hubspotv2.use1-marketplace-1p-apps-prod-red.if.webflow.services;js.hs-analytics.net;js.hs-banner.com;js.hs-scripts.com;js.hsadspixel.net;js.hscollectedforms.net;js.hubspot.com;perf-na1.hsforms.com;px.ads.linkedin.com;s.seedtag.com;snap.licdn.com;track.hubspot.com;www.google-analytics.com;www.googletagmanager.com;www.linkedin.com;www.seedtag.com
1744,na.network-auth.com,1,na.network-auth.com
1748,meethue.com,18,adobedc.demdex.net;assets.adobedtm.com;c.go-mpulse.net;cm.everesttech.net;cm.g.doubleclick.net;consent-pref.trustarc.com;consent-st.trustarc.com;consent.trustarc.com;consent.truste.com;dpm.demdex.net;meethue.com;philipslighting.demdex.net;rum.hlx.page;s.go-mpulse.net;smetrics.marketing.philips-hue.com;static.pxlecdn.com;www.assets.signify.com;www.philips-hue.com
1749,tags.tiqcdn.com,1,tags.tiqcdn.com
1750,ts01-gyr-maverick.cloudsink.net,1,ts01-gyr-maverick.cloudsink.net
1752,ktpx.amazon.com,1,ktpx.amazon.com
1753,unified.adsafeprotected.com,1,unified.adsafeprotected.com
1754,urbanairship.com,12,airship.com;assets.adoberesources.net;aswpapius.com;aswpsdkus.com;bam.nr-data.net;cdn.cookielaw.org;geolocation.onetrust.com;js-agent.newrelic.com;md-2026-urban-airship.pantheonsite.io;urbanairship.com;www.airship.com;www.googletagmanager.com
1755,edgeapi.slack.com,1,edgeapi.slack.com
1756,unagi.amazon.com,1,unagi.amazon.com
1758,cloudflare-dns.com,6,cloudflare-dns.com;cloudflarestream.com;embed.cloudflarestream.com;fonts.googleapis.com;fonts.gstatic.com;one.one.one.one
1759,otelrules.svc.static.microsoft,1,otelrules.svc.static.microsoft
1760,api.ipify.org,1,api.ipify.org
1762,partiality.itunes.apple.com,1,partiality.itunes.apple.com
1763,js-agent.newrelic.com,1,js-agent.newrelic.com
1766,px-cloud.net,1,px-cloud.net
1768,espresso-pa.clients6.google.com,1,www.google.com
1771,ssl.google-analytics.com,8,ajax.googleapis.com;fonts.googleapis.com;fonts.gstatic.com;googleads.g.doubleclick.net;lh3.googleusercontent.com;www.google-analytics.com;www.googletagmanager.com;www.gstatic.com
1772,excel-telemetry.officeapps.live.com,17,admin.microsoft.com;browser.events.data.microsoft.com;c.s-microsoft.com;config.edge.skype.com;excel-telemetry.officeapps.live.com;js.monitor.azure.com;login.live.com;login.microsoftonline.com;logincdn.msauth.net;mem.gfx.ms;res.cdn.office.net;s.clarity.ms;scripts.clarity.ms;uhf.microsoft.com;www.clarity.ms;www.microsoft.com;www.office.com
1773,downloads.dell.com,1,downloads.dell.com
1778,config.extension.grammarly.com,1,config.extension.grammarly.com
1779,secure-assets.rubiconproject.com,3,challenges.cloudflare.com;magnite.com;secure-assets.rubiconproject.com
1780,shell.cdn.office.net,1,shell.cdn.office.net
1781,cdn.shopify.com,1,cdn.shopify.com
1788,disc501.prod.do.dsp.mp.microsoft.com,1,disc501.prod.do.dsp.mp.microsoft.com
1792,cloud.unity3d.com,16,api.unity.com;auth.cloud.unity.com;cdn.amplitude.com;cdn.cloud.unity.com;cdn.cookielaw.org;cdn.login.unity.com;cloud.unity3d.com;fonts.googleapis.com;geolocation.onetrust.com;login.unity.com;o488710.ingest.sentry.io;plausible.it.unity3d.com;scripts.clarity.ms;sr-client-cfg.amplitude.com;www.clarity.ms;www.googletagmanager.com
1793,b-cdn.net,7,b-cdn.net;bunny-reddit.b-cdn.net;bunny.net;fonts.bunny.net;matomo.bunny.net;posthog2.fluffleinfra.net;widget.trustpilot.com
1797,sync.taboola.com,1,sync.taboola.com
1798,quantummetric.com,44,a.usbrowserspeed.com;analytics.google.com;api.hubapi.com;bttrack.com;cdn-cookieyes.com;cdn.bttrack.com;cdn.claydar.com;cdn.jsdelivr.net;cdn.quantummetric.com;cdn.sanity.io;challenges.cloudflare.com;clients.abmatic.ai;connect.facebook.net;directory.cookieyes.com;ingest.quantummetric.com;js.hs-analytics.net;js.hs-banner.com;js.hs-scripts.com;js.hsadspixel.net;js.hscollectedforms.net;js.hsforms.net;js.hubspot.com;js.qualified.com;js.zi-scripts.com;log.cookieyes.com;na-data.kameleoon.io;player.vimeo.com;px.ads.linkedin.com;quantummetric.com;snap.licdn.com;static.claydar.com;stats.g.doubleclick.net;tags.srv.stackadapt.com;tracking-api.g2.com;tracking.g2crowd.com;vimeo.com;waga1ps5is.kameleoon.io;ws-assets.zoominfo.com;ws.zoominfo.com;www.google.com;www.googletagmanager.com;www.linkedin.com;www.quantummetric.com;y6rt62dj.api.sanity.io
1799,agents.msua08.manage.microsoft.com,1,agents.msua08.manage.microsoft.com
1800,wv.inner-active.mobi,1,wv.inner-active.mobi
1801,cdn.pendo.io,1,cdn.pendo.io
1802,api.onesignal.com,1,api.onesignal.com
1806,www.btd-cmh.tq-tungsten.com,1,www.btd-cmh.tq-tungsten.com
1815,vas.samsungapps.com,1,vas.samsungapps.com
1816,static.hotjar.com,40,alb.reddit.com;analytics.google.com;analytics.twitter.com;api.segment.io;aplo-evnt.com;assets.apollo.io;ca.contentsquare.net;cdn.cookielaw.org;cdn.jsdelivr.net;cdn.optimizely.com;cdn.segment.com;cdn.us.heap-api.com;connect.facebook.net;et.eulerian.net;eu.api.fpjs.io;fast.appcues.com;fpjscdn.net;geolocation.onetrust.com;googleads.g.doubleclick.net;grsm.io;images.ctfassets.net;invite.contentsquare.com;invite.hotjar.com;js.partnerstack.com;partnerlinks.io;pixel-config.reddit.com;px.ads.linkedin.com;snap.licdn.com;static.ada.support;static.ads-twitter.com;static.hotjar.com;stats.g.doubleclick.net;t.co;t.contentsquare.net;unpkg.com;www.google.com;www.googletagmanager.com;www.hotjar.com;www.linkedin.com;www.redditstatic.com
1817,pixel.quantserve.com,1,pixel.quantserve.com
1818,ims-prod06.adobelogin.com,1,ims-prod06.adobelogin.com
1821,ep7.facebook.com,3,ep7.facebook.com;static.xx.fbcdn.net;www.instagram.com
1822,impression.appsflyer.com,1,impression.appsflyer.com
1824,wu2z-api.samsungcloud.com,1,wu2z-api.samsungcloud.com
1826,sync.go.sonobi.com,1,sync.go.sonobi.com
1827,mobilemaps.googleapis.com,1,www.google.com
1830,cdn.flashtalking.com,1,cdn.flashtalking.com
1831,lf16-geckocdn.tiktokcdn-us.com,1,lf16-geckocdn.tiktokcdn-us.com
1834,sync.outbrain.com,3,fonts.googleapis.com;fonts.gstatic.com;sync.outbrain.com
1835,splashtop.com,14,api.hubapi.com;cdn.optimizely.com;cmp.osano.com;images.ctfassets.net;js.hs-banner.com;js.hs-scripts.com;js.hsadspixel.net;js.hubspot.com;perf-na1.hsforms.com;splashtop.com;st-lookup.api.splashtop.com;www.google.com;www.googletagmanager.com;www.splashtop.com
1839,searchlabspartnerservice-pa.googleapis.com,1,www.google.com
1840,people-pa.clients6.google.com,1,www.google.com
1842,downloaddispatch.itunes.apple.com,1,downloaddispatch.itunes.apple.com
1846,tungsten-service.prod.na.adsqtungsten.a9.amazon.dev,1,tungsten-service.prod.na.adsqtungsten.a9.amazon.dev
1849,m.youtube.com,9,fonts.googleapis.com;fonts.gstatic.com;googleads.g.doubleclick.net;i.ytimg.com;rr1---sn-5hne6n6l.googlevideo.com;static.doubleclick.net;www.google.com;www.gstatic.com;youtube.com
1851,privacymanager.io,36,117645514.intellimizeio.com;accounts.finsweet.com;api.intellimize.co;api.rlcdn.com;browser.sentry-cdn.com;cdn.bizible.com;cdn.bizibly.com;cdn.drda.io;cdn.dreamdata.cloud;cdn.intellimize.co;cdn.jsdelivr.net;cdn.ketchjs.com;cdn.prod.website-files.com;d3e54v103j8qbb.cloudfront.net;di.rlcdn.com;distillery.wistia.com;fast.wistia.com;geo.privacymanager.io;global.ketchcdn.com;liveramp.com;log.intellimize.co;lp.liveramp.com;middleware.rampedup.us;pagead2.googlesyndication.com;pipedream.wistia.com;privacymanager.io;rc.rlcdn.com;rtp-static.marketo.com;s3.amazonaws.com;scout-cdn.salesloft.com;scout.salesloft.com;sjrtp6-cdn.marketo.com;sjrtp6.marketo.com;tag.clearbitscripts.com;www.google-analytics.com;www.googletagmanager.com
1855,dynatrace.com,42,352-nvo-562.mktoresp.com;9976700.fls.doubleclick.net;a.usbrowserspeed.com;ad.doubleclick.net;adservice.google.com;alb.reddit.com;b.6sc.co;bat.bing.com;bf25977vwq.bf.dynatrace.com;c.6sc.co;cdn.calibermind.com;cdn.cookielaw.org;cdn.dm.dynatrace.com;cdn.hub.central.dynatrace.com;dt-cdn.net;dynatrace.com;e.calibermind.com;epsilon.6sense.com;geolocation.onetrust.com;googleads.g.doubleclick.net;ipv6.6sc.co;ixfd-api.bc0a.com;j.6sc.co;js-cdn.dynatrace.com;munchkin.marketo.net;paapi9296.d41.co;pixel-config.reddit.com;px.ads.linkedin.com;secure.adnxs.com;snap.licdn.com;static.hotjar.com;t.influ2.com;tags.srv.stackadapt.com;v2.d41.co;ws.zoominfo.com;www.dynatrace.com;www.google-analytics.com;www.google.com;www.googletagmanager.com;www.influ2.com;www.linkedin.com;www.redditstatic.com
1856,duosecurity.com,61,12979078.fls.doubleclick.net;ad.doubleclick.net;adservice.google.com;alb.reddit.com;analytics.tiktok.com;analytics.twitter.com;api.ipify.org;bat.bing.com;browser.sentry-cdn.com;c.contentsquare.net;cdn.bizible.com;cdn.bizibly.com;cdn.cookielaw.org;cdn.metadata.io;cdn.optimizely.com;cdn1.adoberesources.net;cisco-tags.cisco.com;cisco.demdex.net;cm.g.doubleclick.net;cms.analytics.yahoo.com;connect.facebook.net;csxd.contentsquare.net;datacollect.cisco.com;distillery.wistia.com;dpm.demdex.net;dsum-sec.casalemedia.com;duo.com;duosecurity.com;embed-cloudfront.wistia.com;fast.wistia.com;fast.wistia.net;geolocation.onetrust.com;ib.adnxs.com;id.cisco.com;img.en25.com;insight.adsrvr.org;ipv6.6sc.co;j.6sc.co;js.adsrvr.org;js.qualified.com;js.zi-scripts.com;k-aus1.contentsquare.net;pipedream.wistia.com;pixel-config.reddit.com;pixel.byspotify.com;pixel.rubiconproject.com;pixels.spotify.com;px.ads.linkedin.com;s2991720.t.eloqua.com;s4673582.t.eloqua.com;s860818199.t.eloqua.com;smetrics.cisco.com;snap.licdn.com;t.contentsquare.net;tags.tiqcdn.com;ups.analytics.yahoo.com;www.cisco.com;www.google-analytics.com;www.google.com;www.googletagmanager.com;www.redditstatic.com
1858,config.office.com,4,config.office.com;res-1.cdn.office.net;res-h3.public.cdn.office.net;static2.sharepointonline.com
1859,ce.lijit.com,1,ce.lijit.com
1861,apple-relay.fastly-edge.com,1,apple-relay.fastly-edge.com
1863,sync.richaudience.com,1,sync.richaudience.com
1865,tenor.com,6,media.tenor.com;stats.g.doubleclick.net;tenor.com;tenor.googleapis.com;www.google-analytics.com;www.googletagmanager.com
1867,sync.intentiq.com,1,sync.intentiq.com
1868,tile-service.weather.microsoft.com,1,tile-service.weather.microsoft.com
1870,us.telemetry.zoom.us,1,us.telemetry.zoom.us
1871,app-analytics-services-att.com,1,www.google.com
1873,appsforoffice.microsoft.com,1,appsforoffice.microsoft.com
1875,cootlogix.com,3,cootlogix.com;static.parastorage.com;www.wix.com
1880,discord.gg,12,ajax.googleapis.com;cdn.discordapp.com;cdn.localizeapi.com;cdn.prod.website-files.com;d3e54v103j8qbb.cloudfront.net;discord.com;discord.gg;geolocation.onetrust.com;hubspotonwebflow.com;www.google-analytics.com;www.googletagmanager.com;www.youtube.com
1881,consent.config.office.com,1,consent.config.office.com
1882,ravm.tv,1,ravm.tv
1885,amp-api-updates.apps.apple.com,1,amp-api-updates.apps.apple.com
1886,cdp.cloud.unity3d.com,1,cdp.cloud.unity3d.com
1888,cdn.iads.unity3d.com,1,cdn.iads.unity3d.com
1891,support.content.office.net,1,support.content.office.net
1894,btloader.com,1,btloader.com
1895,eas.outlook.com,6,aadcdn.msftauth.net;eas.outlook.com;login.live.com;login.microsoftonline.com;outlook.office365.com;res.public.onecdn.static.microsoft
1896,aa.online-metrix.net,1,aa.online-metrix.net
1898,growth-pa.googleapis.com,1,www.google.com
1900,st.pubmatic.com,1,st.pubmatic.com
1904,thrtle.com,1,thrtle.com
1905,device.autopatch.microsoft.com,1,device.autopatch.microsoft.com
1906,api2.branch.io,9,api2.branch.io;branch.io;cdn.cookielaw.org;click.prod.mplat-ppcprotect.com;client.prod.mplat-ppcprotect.com;geolocation.onetrust.com;www.branch.io;www.google.com;www.googletagmanager.com
1908,i-sdk.mediation.unity3d.com,1,i-sdk.mediation.unity3d.com
1910,contacts.google.com,1,ssl.gstatic.com
1912,extension.femetrics.grammarly.io,1,extension.femetrics.grammarly.io
1914,bttrack.com,1,bttrack.com
1916,sync.a-mo.net,1,sync.a-mo.net
1917,aggr16-normal.tiktokv.us,1,aggr16-normal.tiktokv.us
1919,tzm.px-cloud.net,1,tzm.px-cloud.net
1920,paloaltonetworks.com,52,16612556.fls.doubleclick.net;531-ocs-018.mktoresp.com;a.quora.com;ad.doubleclick.net;adservice.google.com;analytics.google.com;analytics.twitter.com;api.company-target.com;assets.adobedtm.com;august.takingbackjuly.com;bat.bing.com;c.clarity.ms;c.go-mpulse.net;cdn.cookielaw.org;connect.facebook.net;dpm.demdex.net;dsum-sec.casalemedia.com;fastly-signed-us-east-1-prod.brightcovecdn.com;geolocation.onetrust.com;googleads.g.doubleclick.net;ib.adnxs.com;idsync.rlcdn.com;june.takingbackjuly.com;match.adsrvr.org;metrics.brightcove.com;ml314.com;munchkin.marketo.net;paloaltonetworks.com;paloaltonetworks.tt.omtrdc.net;partners.tremorhub.com;pixel.rubiconproject.com;ps.eyeota.net;px.ads.linkedin.com;s.clarity.ms;s.company-target.com;s.go-mpulse.net;scripts.clarity.ms;scripts.demandbase.com;snap.licdn.com;ssl.google-analytics.com;sstats.paloaltonetworks.com;static.ads-twitter.com;stats.g.doubleclick.net;t.co;tag-logger.demandbase.com;trk.techtarget.com;www.clarity.ms;www.google.com;www.googleadservices.com;www.googletagmanager.com;www.linkedin.com;www.paloaltonetworks.com
1921,mediago.io,6,api.mediago.io;d1tuj1hf33seee.cloudfront.net;mediago.io;www.google-analytics.com;www.googletagmanager.com;www.mediago.com
1922,relcomms-prod-dagnegedescbeefs.b02.azurefd.net,1,relcomms-prod-dagnegedescbeefs.b02.azurefd.net
1924,adsmoloco.com,52,6381084.hs-sites.com;7052064.fs1.hubspotusercontent-na1.net;adsmoloco.com;ajax.googleapis.com;analytics.google.com;api.company-target.com;api.hubapi.com;cdn.cookielaw.org;cdn.jsdelivr.net;cdn.prod.website-files.com;connect.facebook.net;d3e54v103j8qbb.cloudfront.net;dsum-sec.casalemedia.com;fonts.googleapis.com;fonts.gstatic.com;forms-na1.hsforms.com;forms.hsforms.com;geolocation.onetrust.com;googleads.g.doubleclick.net;hubspotv2.use1-marketplace-1p-apps-prod-red.if.webflow.services;id.rlcdn.com;js.hs-analytics.net;js.hs-banner.com;js.hs-scripts.com;js.hsadspixel.net;js.hscollectedforms.net;js.hsforms.net;js.hubspot.com;nam.veta.naver.com;partners.tremorhub.com;perf-na1.hsforms.com;pixel.rubiconproject.com;px.ads.linkedin.com;rum.browser-intake-datadoghq.com;s.company-target.com;segments.company-target.com;snap.licdn.com;ssl.pstatic.net;stats.g.doubleclick.net;tag-logger.demandbase.com;tag.demandbase.com;tracking-api.g2.com;tracking.g2crowd.com;wcs.naver.com;wcs.naver.net;www.datadoghq-browser-agent.com;www.google.com;www.googleadservices.com;www.googletagmanager.com;www.linkedin.com;www.moloco.com;www.molocoads.com
1925,springserve.com,2,challenges.cloudflare.com;springserve.com
1927,ca.iadsdk.apple.com,1,ca.iadsdk.apple.com
1930,disqus.com,7,c.disquscdn.com;cmp.osano.com;disqus.com;fonts.gstatic.com;js.hs-scripts.com;js.hsadspixel.net;referrer.disqus.com
1932,disc801.prod.do.dsp.mp.microsoft.com,1,disc801.prod.do.dsp.mp.microsoft.com
1934,media.tenor.com,0,
1935,prod-achm-general.svc.webex.com,1,prod-achm-general.svc.webex.com
1941,secure.cdn.fastclick.net,1,secure.cdn.fastclick.net
1942,aadcdn.msauth.net,1,aadcdn.msauth.net
1943,ispot.tv,20,analytics.google.com;api.huckabuy.com;d3ds6z1w6yhmzj.cloudfront.net;hub-cdn.ispot.tv;images-cdn.ispot.tv;ispot.tv;js.zi-scripts.com;pi.pardot.com;pt.ispot.tv;px.ads.linkedin.com;snap.licdn.com;stats.g.doubleclick.net;track.gaconnector.com;videos-cdn.ispot.tv;ws.zoominfo.com;www.google-analytics.com;www.googletagmanager.com;www.ispot.tv;www.linkedin.com;www2.ispot.tv
1944,liftoff.io,29,browser.sentry-cdn.com;cdn.bizible.com;cdn.bizibly.com;cdn.metadata.io;cdn.transifex.com;connect.facebook.net;fast.wistia.com;fonts.googleapis.com;fonts.gstatic.com;forms-na2.hsforms.com;forms.hsforms.com;js-na2.hs-analytics.net;js-na2.hs-banner.com;js-na2.hs-scripts.com;js-na2.hsadspixel.net;js-na2.hscollectedforms.net;js.hsforms.net;liftoff.ai;liftoff.io;live-detector.svc.transifex.net;maxcdn.bootstrapcdn.com;rum-collector-2.pingdom.net;rum-static.pingdom.net;stats.g.doubleclick.net;telemetry.svc.transifex.net;track-na2.hubspot.com;www.google-analytics.com;www.google.com;www.googletagmanager.com
1945,sf16.tiktokcdn-us.com,1,sf16.tiktokcdn-us.com
1947,innovid.com,18,331-xpm-231.mktoresp.com;ajax.googleapis.com;analytics.ahrefs.com;apikeys.civiccomputing.com;cc.cdn.civiccomputing.com;cdn.jsdelivr.net;cdn.prod.website-files.com;cdnjs.cloudflare.com;d3e54v103j8qbb.cloudfront.net;fonts.googleapis.com;fonts.gstatic.com;info.mediaocean.com;innovid.com;munchkin.marketo.net;p.typekit.net;use.typekit.net;www.googletagmanager.com;www.innovid.com
1948,eu-office.events.data.microsoft.com,1,eu-office.events.data.microsoft.com
1949,frontier.tiktokv.us,1,frontier.tiktokv.us
1952,featureassets.org,1,featureassets.org
1953,csp.microsoft.com,1,csp.microsoft.com
1959,prod.us-east-1.sonar.prime-video.amazon.dev,1,prod.us-east-1.sonar.prime-video.amazon.dev
1960,officecdn.microsoft.com,1,officecdn.microsoft.com
1961,aadcdn.msftauth.net,1,aadcdn.msftauth.net
1963,partners.tremorhub.com,1,partners.tremorhub.com
1964,translate.google.com,6,fonts.googleapis.com;fonts.gstatic.com;ogads-pa.clients6.google.com;play.google.com;ssl.gstatic.com;www.gstatic.com
1965,cm.adform.net,1,cm.adform.net
1966,mon-boot.tiktokv.com,1,mon-boot.tiktokv.com
1969,wikipedia.org,1,wikipedia.org
1970,sdds3.sophosupd.com,1,sdds3.sophosupd.com
1971,sdkopmetrics-us.dsp-api.moloco.com,1,sdkopmetrics-us.dsp-api.moloco.com
1973,w.inmobi.com,1,w.inmobi.com
1976,agent-app.ninjarmm.com,1,agent-app.ninjarmm.com
1977,comodoca.com,44,analytics.google.com;aorta.clickagy.com;cm.g.doubleclick.net;comodoca.com;consent.cookiebot.com;consentcdn.cookiebot.com;edge.fullstory.com;file-paa.zoom.us;find.userpilot.io;fonts.gstatic.com;googleads.g.doubleclick.net;i.ytimg.com;ib.adnxs.com;insight.adsrvr.org;js.adsrvr.org;js.hsforms.net;js.stripe.com;js.userpilot.io;js.zi-scripts.com;log-gateway.zoom.us;m.stripe.com;m.stripe.network;pixel.rubiconproject.com;rs.fullstory.com;secure.trust-provider.com;st1.zoom.us;static.doubleclick.net;stats.g.doubleclick.net;tags.clickagy.com;us-u.openx.net;us.telemetry.zoom.us;us01-zcb.zoom.us;us01campaign.zoom.us;us01cciapi.zoom.us;us01ccistatic.zoom.us;use.typekit.net;ws-assets.zoominfo.com;ws.zoominfo.com;www.comodoca.com;www.google.com;www.googletagmanager.com;www.sectigo.com;www.youtube.com;zoom.us
1978,slackb.com,1,slackb.com
1980,board-a.wbx2.com,1,board-a.wbx2.com
1981,lcs-cops.adobe.io,1,lcs-cops.adobe.io
1982,memex-pa.googleapis.com,1,www.google.com
1984,x.com,6,abs-0.twimg.com;abs.twimg.com;accounts.google.com;appleid.cdn-apple.com;fonts.gstatic.com;x.com
1985,ad-delivery.net,1,ad-delivery.net
1986,pubsub.googleapis.com,1,www.google.com
1990,mediatek.com,23,728015.fs1.hubspotusercontent-na1.net;analytics.google.com;api.hubapi.com;app.hubspot.com;cdnjs.cloudflare.com;code.jquery.com;forms-na1.hsforms.com;googleads.g.doubleclick.net;js.hs-analytics.net;js.hs-banner.com;js.hsadspixel.net;js.hsforms.net;js.hubspot.com;mediatek.com;perf-na1.hsforms.com;px.ads.linkedin.com;snap.licdn.com;static.hsappstatic.net;stats.g.doubleclick.net;www.google.com;www.googletagmanager.com;www.linkedin.com;www.mediatek.com
1991,frontier-ttp2.tiktokv.us,1,frontier-ttp2.tiktokv.us
1992,contextual.media.net,25,ajax.googleapis.com;analytics.google.com;analytics.twitter.com;bat.bing.com;c.clarity.ms;cdn.consentmanager.net;cdn.prod.website-files.com;connect.facebook.net;contextual.media.net;d.delivery.consentmanager.net;d3e54v103j8qbb.cloudfront.net;delivery.consentmanager.net;fonts.googleapis.com;fonts.gstatic.com;googleads.g.doubleclick.net;s.clarity.ms;s31073.pcdn.co;scripts.clarity.ms;static.ads-twitter.com;stats.g.doubleclick.net;t.co;www.clarity.ms;www.google-analytics.com;www.google.com;www.googletagmanager.com
1993,mc.yandex.ru,1,mc.yandex.ru
1994,app.launchdarkly.com,10,accounts.google.com;api.segment.io;app.launchdarkly.com;browser-intake-datadoghq.com;cdn.segment.com;fonts.gstatic.com;googleads.g.doubleclick.net;static.launchdarkly.com;www.google-analytics.com;www.googletagmanager.com
1998,prod.uidapi.com,1,prod.uidapi.com
1999,weather-data.apple.com,5,developer.apple.com;securemetrics.apple.com;sfss.cdn-apple.com;weather-data.apple.com;www.apple.com
2000,deviceintegritytokens-pa.googleapis.com,1,www.google.com
2003,sf16-va.tiktokcdn-us.com,1,sf16-va.tiktokcdn-us.com
2006,api3.branch.io,9,api3.branch.io;branch.io;cdn.cookielaw.org;click.prod.mplat-ppcprotect.com;client.prod.mplat-ppcprotect.com;geolocation.onetrust.com;www.branch.io;www.google.com;www.googletagmanager.com
2007,accounts.doubleclick.net,1,www.google.com
2009,forter.com,9,a.usbrowserspeed.com;cdn.cookielaw.org;forter.com;geolocation.onetrust.com;js.hsforms.net;tracking.intentsify.io;www.forter.com;www.google.com;www.googletagmanager.com
2014,cdn.liftoff-creatives.io,1,cdn.liftoff-creatives.io
2015,mobile-data.onetrust.io,4,cdn.onetrust.com;fonts.googleapis.com;fonts.gstatic.com;mobile-data.onetrust.io
2018,data.eb.us1.thousandeyes.com,1,data.eb.us1.thousandeyes.com
2021,appier.net,12,app-na2.hubspot.com;appier.com;appier.net;fonts.gstatic.com;js-na2.hs-analytics.net;js-na2.hs-banner.com;js-na2.hsadspixel.net;js-na2.hubspot.com;perf-na2.hsforms.com;unpkg.com;www.appier.com;www.youtube.com
2023,semanticlocation-pa.googleapis.com,1,www.google.com
2028,prod-streaming-video-msn-com.akamaized.net,1,prod-streaming-video-msn-com.akamaized.net
2029,js.adsrvr.org,2,ad.adsrvr.org;js.adsrvr.org
2033,nearbysharing-pa.googleapis.com,1,www.google.com
2035,display.ravm.tv,1,display.ravm.tv
2036,engagements.appsflyer.com,1,engagements.appsflyer.com
2038,st2-v3-dc.splashtop.com,1,st2-v3-dc.splashtop.com
2039,usersub-a.wbx2.com,1,usersub-a.wbx2.com
2040,tpsc-video-ue.doubleverify.com,1,tpsc-video-ue.doubleverify.com
2041,teams.nel.measure.office.net,2,ajax.aspnetcdn.com;teams.nel.measure.office.net
2042,device-api.urbanairship.com,1,device-api.urbanairship.com
2044,webcast19-normal-useast8.tiktokv.us,1,webcast19-normal-useast8.tiktokv.us
2045,api19-normal-useast5.tiktokv.us,1,api19-normal-useast5.tiktokv.us
2049,nrdp.ws.prod.cloud.netflix.com,1,nrdp.ws.prod.cloud.netflix.com
2052,ts01-b.cloudsink.net,1,ts01-b.cloudsink.net
2053,api19-normal-useast8.tiktokv.us,1,api19-normal-useast8.tiktokv.us
2054,webcast19-normal-useast5.tiktokv.us,1,webcast19-normal-useast5.tiktokv.us
2057,video.twimg.com,1,video.twimg.com
2058,ngx-v4.amp-endpoint2.com,1,ngx-v4.amp-endpoint2.com
2059,snap.licdn.com,1,snap.licdn.com
2060,redd.it,2,redd.it;www.reddit.com
2063,na01.safelinks.protection.outlook.com,1,na01.safelinks.protection.outlook.com
2067,cloud.com,2,cloud.com;www.cloud.com
2070,appsgrowthpromo-pa.clients6.google.com,1,www.google.com
2071,ers.samsungcloud.com,1,ers.samsungcloud.com
2072,taobao.com,28,acjs.aliyun.com;adtetk.tdum.alibaba.com;alidt.alicdn.com;at.alicdn.com;cf.aliyun.com;cm.mediav.com;dhdnka.tdum.alibaba.com;enf323.tdum.alibaba.com;fourier.alibaba.com;fourier.taobao.com;g.alicdn.com;g.aplus.taobao.com;gm.mmstat.com;gw.alicdn.com;h5api.m.taobao.com;img.alicdn.com;log.mmstat.com;login.taobao.com;main.m.tmall.com;o.alicdn.com;pc-growht-rta.taobao.com;push-v1.taobao.com;s-gm.mmstat.com;taobao.com;umdc.taobao.com;www.taobao.com;x.alicdn.com;ynuf.aliapp.org
2073,use.fontawesome.com,1,use.fontawesome.com
2074,revenuecat.com,10,cdn-4.convertexperiments.com;cdn.iubenda.com;embeds.iubenda.com;idb.iubenda.com;pagead2.googlesyndication.com;revenuecat.com;revenuecat.wpenginepowered.com;www.google-analytics.com;www.googletagmanager.com;www.revenuecat.com
2075,maxcdn.bootstrapcdn.com,10,api.github.com;cdn.jsdelivr.net;datum.jsdelivr.com;fonts.googleapis.com;fonts.gstatic.com;github.com;github.githubassets.com;maxcdn.bootstrapcdn.com;platform.twitter.com;syndication.twitter.com
2077,api19-core-useast5.tiktokv.us,1,api19-core-useast5.tiktokv.us
2078,api.revenuecat.com,10,api.revenuecat.com;cdn-4.convertexperiments.com;cdn.iubenda.com;embeds.iubenda.com;idb.iubenda.com;pagead2.googlesyndication.com;revenuecat.wpenginepowered.com;www.google-analytics.com;www.googletagmanager.com;www.revenuecat.com
2079,bidmachine.io,35,a.usbrowserspeed.com;analytics.google.com;api.company-target.com;api.hubapi.com;bidmachine.io;cdn.prod.website-files.com;cdn1.hubspot.net;connect.facebook.net;consortiumtradeagency.com;d3e54v103j8qbb.cloudfront.net;forms-na1.hsforms.com;forms.hsforms.com;googleads.g.doubleclick.net;hubspotv2.use1-marketplace-1p-apps-prod-red.if.webflow.services;idx.liadm.com;js.bidmachine.io;js.hs-analytics.net;js.hs-banner.com;js.hs-scripts.com;js.hsadspixel.net;js.hsforms.net;js.hubspot.com;perf-na1.hsforms.com;policy.app.cookieinformation.com;px.ads.linkedin.com;snap.licdn.com;static.hotjar.com;static.hsappstatic.net;stats.g.doubleclick.net;tag.demandbase.com;track.hubspot.com;tracking-api.g2.com;www.google.com;www.googletagmanager.com;www.linkedin.com
2080,measureadv.com,1,measureadv.com
2081,o167200.ingest.sentry.io,1,o167200.ingest.sentry.io
2083,h64.online-metrix.net,1,h64.online-metrix.net
2085,urs.microsoft.com,1,urs.microsoft.com
2090,images.taboola.com,1,images.taboola.com
2091,translate-pa.googleapis.com,1,www.google.com
2092,locus-a.wbx2.com,1,locus-a.wbx2.com
2093,firefox.com,5,firefox.com;transcend-cdn.com;www.firefox.com;www.google-analytics.com;www.googletagmanager.com
2094,agents.msua04.manage.microsoft.com,1,agents.msua04.manage.microsoft.com
2095,api19-core-useast8.tiktokv.us,1,api19-core-useast8.tiktokv.us
2096,wyze-firmware-upgrade-service.wyzecam.com,1,wyze-firmware-upgrade-service.wyzecam.com
2098,avs-alexa-14-na.amazon.com,1,avs-alexa-14-na.amazon.com
2099,split.io,33,053-jny-225.mktoresp.com;ajax.googleapis.com;analytics.google.com;analytics.twitter.com;app.clearbit.com;bat.bing.com;c.clarity.ms;cdn.prod.website-files.com;consent.app.relyance.ai;d3e54v103j8qbb.cloudfront.net;fonts.googleapis.com;fonts.gstatic.com;googleads.g.doubleclick.net;js.zi-scripts.com;munchkin.marketo.net;px.ads.linkedin.com;s.clarity.ms;scripts.clarity.ms;snap.licdn.com;split.io;static.ads-twitter.com;stats.g.doubleclick.net;t.co;tag.clearbitscripts.com;ws.zoominfo.com;www.clarity.ms;www.google.com;www.googleadservices.com;www.googletagmanager.com;www.gstatic.com;www.linkedin.com;www.split.io;x.clearbitjs.com
2100,btlr.sharethrough.com,1,btlr.sharethrough.com
2101,cs-server-s2s.yellowblue.io,1,cs-server-s2s.yellowblue.io
2102,events.ads.vungle.com,1,events.ads.vungle.com
2103,sf16-telemetry-proxy-oci.tiktokcdn-us.com,1,sf16-telemetry-proxy-oci.tiktokcdn-us.com
2104,fullstory.com,22,002-ldf-436.mktoresp.com;api.ipify.org;api.thatsnoble.com;ariane.abtasty.com;buyers.thatsnoble.com;cmp.osano.com;dcinfos-cache.abtasty.com;edge.staging.fullstory.com;endpoints.test-the-things.com;fonts.gstatic.com;fullstory.com;go2.fullstory.com;googleads.g.doubleclick.net;i.ytimg.com;images.ctfassets.net;munchkin.marketo.net;rs.fullstory.com;rs.staging.fullstory.com;static.doubleclick.net;try.abtasty.com;www.google.com;www.youtube.com
2107,m.stripe.com,43,ad.doubleclick.net;alb.reddit.com;analytics.google.com;analytics.twitter.com;api.company-target.com;apm.yahoo.co.jp;attr-td.ml-api.io;b.stripecdn.com;b91.yahoo.co.jp;bat.bing.com;dsum-sec.casalemedia.com;googleads.g.doubleclick.net;id.rlcdn.com;js.zi-scripts.com;m.stripe.com;match.adsrvr.org;munchkin.marketo.net;partners.tremorhub.com;pixel-config.reddit.com;pixel.byspotify.com;pixel.rubiconproject.com;px.ads.linkedin.com;q.quora.com;q.stripe.com;r.stripe.com;s.company-target.com;s.yimg.jp;segments.company-target.com;snap.licdn.com;static.ads-twitter.com;stats.g.doubleclick.net;stripe.com;t.co;tag-logger.demandbase.com;tag.demandbase.com;tag.flvcdn.net;ws.zoominfo.com;www.facebook.com;www.google-analytics.com;www.google.com;www.googletagmanager.com;www.linkedin.com;www.redditstatic.com
2111,verisign.com,11,assets.adobedtm.com;cdn.cookielaw.org;cf-images.us-east-1.prod.boltdns.net;dpm.demdex.net;fastly-signed-us-east-1-prod.brightcovecdn.com;geolocation.onetrust.com;metrics.brightcove.com;players.brightcove.net;smetrics.verisign.com;verisign.com;www.verisign.com
2113,checkip.amazonaws.com,1,checkip.amazonaws.com
2115,www.datadoghq-browser-agent.com,1,www.datadoghq-browser-agent.com
2116,ogads-pa.googleapis.com,1,www.google.com
2118,google.cn,1,www.google.cn
2120,init.supersonicads.com,1,init.supersonicads.com
2121,cdn-v4.amp-endpoint3.com,1,cdn-v4.amp-endpoint3.com
2122,configv2.unityads.unity3d.com,1,configv2.unityads.unity3d.com
2123,edgeassetservice.azureedge.net,1,edgeassetservice.azureedge.net
2126,ad.gt,1,ad.gt
2128,odr.mookie1.com,1,odr.mookie1.com
2130,edge-chat.facebook.com,2,edge-chat.facebook.com;static.facebook.com
2131,nvidia.com,6,assets.adobedtm.com;cdn.cookielaw.org;geolocation.onetrust.com;images.nvidia.com;nvidia.com;www.nvidia.com
2133,dig.tiktokv.us,1,dig.tiktokv.us
2135,image4.pubmatic.com,1,image4.pubmatic.com
2137,log-ingestion.samsungacr.com,1,log-ingestion.samsungacr.com
2138,app.adjust.com,1,app.adjust.com
2144,gcdn.2mdn.net,1,www.google.com
2148,js.stripe.com,1,js.stripe.com
2149,mparticle.com,37,analytics.twitter.com;api.company-target.com;bat.bing.com;cdn.cookielaw.org;client-registry.mutinycdn.com;connect.facebook.net;dsum-sec.casalemedia.com;geolocation.onetrust.com;googleads.g.doubleclick.net;id.rlcdn.com;images.prismic.io;ipv6.6sc.co;j.6sc.co;jssdkcdns.mparticle.com;jssdks.mparticle.com;mparticle-next.cdn.prismic.io;mparticle-next.prismic.io;mparticle.com;partners.tremorhub.com;pixel.rubiconproject.com;px.ads.linkedin.com;s.company-target.com;secure.adnxs.com;segments.company-target.com;snap.licdn.com;static.ads-twitter.com;static.cdn.prismic.io;t.co;tag.clearbitscripts.com;tag.demandbase.com;tracking-api.g2.com;tracking.g2crowd.com;www.google-analytics.com;www.google.com;www.googletagmanager.com;www.linkedin.com;www.mparticle.com
2150,ssp.disqus.com,1,ssp.disqus.com
2154,p16-common-ipv6-sign.tiktokcdn-us.com,1,p16-common-ipv6-sign.tiktokcdn-us.com
2155,p19-common-ipv6-sign.tiktokcdn-us.com,1,p19-common-ipv6-sign.tiktokcdn-us.com
2156,ecsv2.roblox.com,1,ecsv2.roblox.com
2157,mapbox.com,15,ajax.googleapis.com;cdn.cookielaw.org;cdn.jsdelivr.net;cdn.prod.website-files.com;cdn.weglot.com;cdnjs.cloudflare.com;d3e54v103j8qbb.cloudfront.net;fonts.googleapis.com;fonts.gstatic.com;geolocation.onetrust.com;grow.clearbitjs.com;mapbox.com;static-assets.mapbox.com;www.googletagmanager.com;www.mapbox.com
2158,p16-pu-sign-no.tiktokcdn-eu.com,1,p16-pu-sign-no.tiktokcdn-eu.com
2160,mamservice.manage.microsoft.com,1,mamservice.manage.microsoft.com
2161,default.na.gateway.devices.a2z.com,1,default.na.gateway.devices.a2z.com
2164,huawei.com,6,huawei.com;tags.tiqcdn.com;www-file.huawei.com;www.google-analytics.com;www.googletagmanager.com;www.huawei.com
2166,monorail-edge.shopifysvc.com,1,monorail-edge.shopifysvc.com
2170,agents.msua05.manage.microsoft.com,1,agents.msua05.manage.microsoft.com
2176,userlocation.googleapis.com,1,www.google.com
2177,api.btloader.com,1,api.btloader.com
2178,d.turn.com,5,assets.amobee.com;d.turn.com;login.amobee.com;platform.amobee.com;www.datadoghq-browser-agent.com
2179,f-log-extension.grammarly.io,1,f-log-extension.grammarly.io
2180,n-able.com,41,10653498.fls.doubleclick.net;356-uvh-403.mktoresp.com;ad.doubleclick.net;adservice.google.com;alb.reddit.com;analytics.google.com;api.ipify.org;bat.bing.com;bat.bing.net;c.clarity.ms;cdn.jsdelivr.net;cdn.metadata.io;connect.facebook.net;cookie-cdn.cookiepro.com;dev.visualwebsiteoptimizer.com;generate-uuid-cookie.solarwinds-msp.workers.dev;geolocation.onetrust.com;googleads.g.doubleclick.net;js.qualified.com;js.zi-scripts.com;ka-p.fontawesome.com;kit.fontawesome.com;munchkin.marketo.net;n-able.com;pixel-config.reddit.com;px.ads.linkedin.com;s.clarity.ms;scripts.clarity.ms;secure.leadforensics.com;snap.licdn.com;stats.g.doubleclick.net;tr.capterra.com;ws-assets.zoominfo.com;ws.zoominfo.com;www.clarity.ms;www.google-analytics.com;www.google.com;www.googletagmanager.com;www.linkedin.com;www.n-able.com;www.redditstatic.com
2181,cognito-identity.us-east-1.amazonaws.com,27,a.b.cdn.console.awsstatic.com;a0.awsstatic.com;amazonwebservices.d2.sc.omtrdc.net;amazonwebservicesinc.tt.omtrdc.net;aws.amazon.com;aws.demdex.net;cm.everesttech.net;cognito-identity.us-east-1.amazonaws.com;cx0.m.awsstatic.com;d0.m.awsstatic.com;d1.awsstatic.com;d2c.aws.amazon.com;dpm.demdex.net;edge.adobedc.net;fonts.gstatic.com;i.ytimg.com;infra-api.us-east-1.prod.mrc-sunrise.marketing.aws.dev;loader.us-east-1.prod.mrc-sunrise.marketing.aws.dev;prod.log.shortbread.aws.dev;prod.pa.cdn.uis.awsstatic.com;t0.m.awsstatic.com;vs.aws.amazon.com;www.google.com;www.gstatic.com;www.youtube-nocookie.com;www.youtube.com;yt3.ggpht.com
2182,bip.com,7,assets.efilli.com;bip.com;bundles.efilli.com;fonts.googleapis.com;fonts.gstatic.com;media.bip.com;www.googletagmanager.com
2183,music.apple.com,4,is1-ssl.mzstatic.com;music.apple.com;www.apple.com;xp.apple.com
2184,agents.amsua0102.manage.microsoft.com,1,agents.amsua0102.manage.microsoft.com
2185,meet.google.com,13,2507573.fls.doubleclick.net;ad.doubleclick.net;adservice.google.com;analytics.google.com;fonts.googleapis.com;fonts.gstatic.com;lh3.googleusercontent.com;ssl.google-analytics.com;stats.g.doubleclick.net;storage.googleapis.com;www.google.com;www.googletagmanager.com;www.gstatic.com
2186,www.tiktok.com,13,lf16-cdn-tos.tiktokcdn-us.com;lf16-tiktok-common.ibytedtos.com;lf16-tiktok-common.tiktokcdn-us.com;lf16-tiktok-web.tiktokcdn-us.com;mcs.tiktokw.us;mon16-normal-useast5.tiktokv.us;mssdk.tiktokw.us;p16-common-sign.tiktokcdn-us.com;sf16-website-login.neutral.ttwstatic.com;storage.googleapis.com;v16m-webapp.tiktokcdn-us.com;webcast.us.tiktok.com;www.tiktok.com
2187,uts-api.itunes.apple.com,1,uts-api.itunes.apple.com
2189,sync.teads.tv,1,sync.teads.tv
2191,google.co.id,3,ogads-pa.clients6.google.com;play.google.com;www.gstatic.com
2193,dcape-na.amazon.com,1,dcape-na.amazon.com
2195,sf-api-token-service.itunes.apple.com,1,sf-api-token-service.itunes.apple.com
2198,dl-debug.dropbox.com,3,assets.dropbox.com;cfl.dropboxstatic.com;dl-debug.dropbox.com
2199,gateway.unityads.unity3d.com,1,gateway.unityads.unity3d.com
2200,pixel-config.reddit.com,1,pixel-config.reddit.com
2202,mobile.facebook.com,4,mobile.facebook.com;static.xx.fbcdn.net;www.facebook.com;www.instagram.com
2204,sync.mathtag.com,9,ajax.googleapis.com;cdn.cookielaw.org;cdn.jsdelivr.net;geolocation.onetrust.com;hello.infillion.com;infillion.com;sync.mathtag.com;www.googletagmanager.com;www.mediamath.com
2205,device-messaging-na.amazon.com,1,device-messaging-na.amazon.com
2206,calendar-a.wbx2.com,1,calendar-a.wbx2.com
2208,usc-collabrtc.officeapps.live.com,1,usc-collabrtc.officeapps.live.com
2209,api.bidmachine.io,1,api.bidmachine.io
2212,unlinkability.apple.com,1,unlinkability.apple.com
2213,v16-cla.tiktokcdn-us.com,1,v16-cla.tiktokcdn-us.com
2214,espn.com,65,6faf0ccdd035f30a545e7d25c9a67c28.safeframe.googlesyndication.com;a.espncdn.com;a1.espncdn.com;a2.espncdn.com;a3.espncdn.com;a4.espncdn.com;acdn.adnxs.com;ad.doubleclick.net;ad.turn.com;ads.pubmatic.com;ads.rubiconproject.com;ads.trustx.org;bcp.crwdcntrl.net;c2shb.pubgw.yahoo.com;cdn.cookielaw.org;cdn.espn.com;cdn.id5-sync.com;cdn.jsdelivr.net;cdn.mgaru.dev;chui-assets-cdn.espn.com;cm.g.doubleclick.net;connectid.analytics.yahoo.com;dcf.espn.com;dmp.im-apps.net;entitlement.auth.adobe.com;ep1.adtrafficquality.google;ep2.adtrafficquality.google;esp.rtbhouse.com;espn.com;fastlane.rubiconproject.com;fundingchoicesmessages.google.com;google-bidout-d.openx.net;googleads.g.doubleclick.net;gum.criteo.com;htlb.casalemedia.com;ib.adnxs.com;id5-sync.com;ident.mygaru.com;invstatic101.creativecdn.com;js-sec.indexww.com;krk2.kargo.com;match.adsrvr.org;micro.rubiconproject.com;oa.openxcdn.net;oajs.openx.net;pagead2.googlesyndication.com;pinpoint.espn.com;prebid-a.rubiconproject.com;s0.2mdn.net;scripts.webcontentassessor.com;secure.espn.com;securepubads.g.doubleclick.net;site.api.espn.com;sp.auth.adobe.com;static.cdn.trustx.org;static.criteo.net;sync.trustx.org;sync6.im-apps.net;tags.crwdcntrl.net;tracking.mygaru.com;ups.analytics.yahoo.com;www.espn.com;www.google.com;www.googletagmanager.com;www.googletagservices.com
2218,www.reddit.com,1,www.reddit.com
2223,cds.taboola.com,1,cds.taboola.com
2224,sync.targeting.unrulymedia.com,1,sync.targeting.unrulymedia.com
2226,www.google.co.id,3,ogads-pa.clients6.google.com;play.google.com;www.gstatic.com
2228,sf-ssp.tiktokcdn-us.com,1,sf-ssp.tiktokcdn-us.com
2229,walkme.com,45,ad.doubleclick.net;alb.reddit.com;analytics.google.com;analytics.twitter.com;api.parsely.com;api.userway.org;assets.trendemon.com;bat.bing.com;bat.bing.net;c.6sc.co;cdn.cookielaw.org;cdn.parsely.com;cdn.userway.org;connect.facebook.net;epsilon.6sense.com;geoip-js.com;geolocation.onetrust.com;go.walkme.com;googleads.g.doubleclick.net;ipv6.6sc.co;j.6sc.co;js.chilipiper.com;js.maxmind.com;js.qualified.com;p1.parsely.com;pi.pardot.com;pixel-config.reddit.com;px.ads.linkedin.com;secure.adnxs.com;snap.licdn.com;static.ads-twitter.com;stats.g.doubleclick.net;stats.wp.com;t.co;t.influ2.com;tracking-api.g2.com;tracking.g2crowd.com;trackingapi.trendemon.com;walkme.com;www.google.com;www.googleadservices.com;www.googletagmanager.com;www.influ2.com;www.linkedin.com;www.redditstatic.com
2234,live.rezync.com,1,live.rezync.com
2242,scuprodprv.m365.cloud.microsoft,9,browser.events.data.microsoft.com;c.s-microsoft.com;js.monitor.azure.com;mem.gfx.ms;res-sdf.cdn.office.net;scuprodprv.m365.cloud.microsoft;uhf.microsoft.com;wcpstatic.microsoft.com;www.microsoft.com
2245,ris.api.iris.microsoft.com,1,ris.api.iris.microsoft.com
2246,steampowered.com,5,cdn.fastly.steamstatic.com;shared.fastly.steamstatic.com;steampowered.com;store.fastly.steamstatic.com;store.steampowered.com
2247,api16-access-wf-sg.pangle.io,1,api16-access-wf-sg.pangle.io
2248,iphonesubmissions.apple.com,1,iphonesubmissions.apple.com
2249,speechs3proto2-pa.googleapis.com,1,www.google.com
2250,v19-cla.tiktokcdn-us.com,1,v19-cla.tiktokcdn-us.com
2252,p19-oec-general-useast5.ttcdn-us.com,1,p19-oec-general-useast5.ttcdn-us.com
2253,qagpublic.qg3.apps.qualys.com,1,qagpublic.qg3.apps.qualys.com
2254,medallia.com,48,141-hjw-872.mktoresp.com;adobedc.demdex.net;api.company-target.com;api.weglot.com;assets.adobedtm.com;cdn.bizible.com;cdn.bizibly.com;cdn.decibelinsight.net;cdn.jsdelivr.net;cdn.vidyard.com;cdn.weglot.com;cm.g.doubleclick.net;connect.facebook.net;consent.trustarc.com;dsum-sec.casalemedia.com;fonts.googleapis.com;fonts.gstatic.com;go2.medallia.com;googleads.g.doubleclick.net;ib.adnxs.com;id.rlcdn.com;insight.adsrvr.org;js.adsrvr.org;js.qualified.com;js.zi-scripts.com;medallia.com;medalliaresources.s3.us-west-1.amazonaws.com;munchkin.marketo.net;na5.cdn.thunderhead.com;na5.thunderhead.com;nebula-cdn.kampyle.com;partners.tremorhub.com;pixel.rubiconproject.com;play.vidyard.com;px.ads.linkedin.com;resources.digital-cloud.medallia.com;s.company-target.com;segments.company-target.com;smetrics.medallia.com;snap.licdn.com;tag-logger.demandbase.com;tag.demandbase.com;ws.zoominfo.com;www.google-analytics.com;www.google.com;www.googletagmanager.com;www.linkedin.com;www.medallia.com
2257,pat-issuer.cloudflare.com,1,pat-issuer.cloudflare.com
2258,dap.pat-issuer.cloudflare.com,1,dap.pat-issuer.cloudflare.com
2259,yandex.com,5,mc.yandex.com;mc.yandex.ru;static-mon.yandex.net;yandex.com;yastatic.net
2260,csync.smilewanted.com,135,aa.agkn.com;aax-eu.amazon-adsystem.com;ad.360yield.com;ad.turn.com;ads.betweendigital.com;ads.creative-serving.com;ads.pubmatic.com;ads.servenobid.com;ads.yieldmo.com;aorta.clickagy.com;ap.lijit.com;b1sync.outbrain.com;b1sync.zemanta.com;bh.contextweb.com;bidder.smartytouch.co;c1.adform.net;capi.connatix.com;ce.lijit.com;cm.anyrtb.com;cm.g.doubleclick.net;cms.quantserve.com;cpm.vistarsagency.com;creativecdn.com;cs.admanmedia.com;cs.iqzone.com;cs.krushmedia.com;cs.media.net;cs.playdigo.com;csync.loopme.me;csync.smilewanted.com;de.tynt.com;dis.criteo.com;dsp-cookie.adfarm1.adition.com;dsp-service.admatic.de;dsp-service.pixad.com.tr;dsum-sec.casalemedia.com;eb2.3lift.com;eus.rubiconproject.com;gw-iad-bid.ymmobi.com;hb.trustedstack.com;hbx.media.net;hde.tynt.com;i.liadm.com;ib.adnxs.com;ice.360yield.com;id.rlcdn.com;id5-sync.com;image2.pubmatic.com;image6.pubmatic.com;image8.pubmatic.com;inmobi-match.dotomi.com;ittpx-us-e.eskimi.com;ittpx.eskimi.com;jadserve.postrelease.com;live.primis.tech;match.adsrvr.org;match.deepintent.com;match.prod.bidr.io;match.sharethrough.com;measureadv.com;ms-cookie-sync.presage.io;ogury-match.dotomi.com;onetag-sys.com;p.rfihub.com;pbs-cs.yellowblue.io;pippio.com;pixel-sync.sitescout.com;pixel-us-east.rubiconproject.com;pixel.rubiconproject.com;pixel.tapad.com;pool.liftdsp.com;prebid-match.dotomi.com;prebid.a-mo.net;prebid.admatic.com.tr;prebid.admatic.de;prebid.pixad.com.tr;ps.eyeota.net;px.ads.linkedin.com;r.bidswitch.net;router.infolinks.com;rtb.adstanding.com;rtb.gamoshi.io;rtb.gumgum.com;rtb.mfadsrvr.com;rtb.openx.net;s.ad.smaato.net;s.amazon-adsystem.com;s.console.adtarget.com.tr;s.seedtag.com;s0.2mdn.net;secure-assets.rubiconproject.com;server.smartytech.io;ssbsync-global.smartadserver.com;ssbsync.smartadserver.com;ssc-cms.33across.com;ssp-sync.criteo.com;ssp.disqus.com;static.cdn.admatic.com.tr;static.cdn.admatic.de;sync-tm.everesttech.net;sync.a-mo.net;sync.adkernel.com;sync.adtelligent.com;sync.e-volution.ai;sync.go.sonobi.com;sync.inmobi.com;sync.intentiq.com;sync.ipredictive.com;sync.pinklion.io;sync.pmbmonetize.live;sync.richaudience.com;sync.smartadserver.com;sync.srv.stackadapt.com;syncingbridge.com;t.adx.opera.com;t.oa.opera.com;tg.socdm.com;token.rubiconproject.com;tr.blismedia.com;trace.us.rtbwise.com;tracker-shr.ortb.net;u-ams.4dex.io;u.openx.net;um.simpli.fi;ups.analytics.yahoo.com;us-u.openx.net;us.ck-ie.com;us.shb-sync.com;us4.shb-sync.com;user-sync.fwmrm.net;ut.pubmatic.com;wt.rqtrk.eu;www.temu.com;x.bidswitch.net;yandex.ru
2261,apis.roblox.com,1,apis.roblox.com
2262,cdn2.smoot.apple.com,1,cdn2.smoot.apple.com
2263,agen-assets.ftstatic.com,1,agen-assets.ftstatic.com
2264,eskimi.com,40,a.omappapi.com;ajax.googleapis.com;analytics.google.com;api-eu1.hubapi.com;api.omappapi.com;bat.bing.com;c.clarity.ms;cdn.dreamdata.cloud;cdn.jetboost.io;cdn.jsdelivr.net;cdn.prod.website-files.com;cdn.weglot.com;connect.facebook.net;consent.cookiebot.com;consentcdn.cookiebot.com;d3e54v103j8qbb.cloudfront.net;dsp-ap.eskimi.com;dsp-media.eskimi.com;dsp-trk.eskimi.com;eskimi.com;fonts.googleapis.com;fonts.gstatic.com;googleads.g.doubleclick.net;js-eu1.hs-analytics.net;js-eu1.hs-banner.com;js-eu1.hs-scripts.com;js-eu1.hsadspixel.net;pagead2.googlesyndication.com;px.ads.linkedin.com;s.clarity.ms;scripts.clarity.ms;snap.licdn.com;stats.g.doubleclick.net;track-eu1.hubspot.com;widget.trustpilot.com;www.clarity.ms;www.eskimi.com;www.google.com;www.googletagmanager.com;www.linkedin.com
2265,calliope-anycast.prod.infra.webex.com,1,calliope-anycast.prod.infra.webex.com
2268,api16-core-useast8.tiktokv.us,1,api16-core-useast8.tiktokv.us
2271,simage4.pubmatic.com,1,simage4.pubmatic.com
2273,webcast16-normal-useast5.tiktokv.us,1,webcast16-normal-useast5.tiktokv.us
2275,clientsettingscdn.roblox.com,1,clientsettingscdn.roblox.com
2277,merino.services.mozilla.com,2,cdn.jsdelivr.net;merino.services.mozilla.com
2279,webcast16-normal-useast8.tiktokv.us,1,webcast16-normal-useast8.tiktokv.us
2281,crb.kargo.com,1,crb.kargo.com
2284,mon16-normal-useast5.tiktokv.us,1,mon16-normal-useast5.tiktokv.us
2285,us-auth2.samsungosp.com,1,us-auth2.samsungosp.com
2286,image-cdn-ak.spotifycdn.com,1,image-cdn-ak.spotifycdn.com
2288,api16-core-useast5.tiktokv.us,1,api16-core-useast5.tiktokv.us
2298,tnc16-normal-useast8.tiktokv.us,1,tnc16-normal-useast8.tiktokv.us
2299,mgid.com,38,a.quora.com;alb.reddit.com;analytics.google.com;api.hubapi.com;app.hubspot.com;bat.bing.com;c.clarity.ms;cdn.cookie-script.com;connect.facebook.net;fonts.gstatic.com;googleads.g.doubleclick.net;js.hs-analytics.net;js.hs-banner.com;js.hs-scripts.com;js.hsadspixel.net;js.hubspot.com;js.hubspotfeedback.com;js.usemessages.com;mgid-site.s3.us-east-1.amazonaws.com;mgid.com;perf-na1.hsforms.com;pixel-config.reddit.com;px.ads.linkedin.com;q.quora.com;s.clarity.ms;sc.lfeeder.com;scripts.clarity.ms;snap.licdn.com;static.hsappstatic.net;stats.g.doubleclick.net;tr.lfeeder.com;track.hubspot.com;www.clarity.ms;www.google.com;www.googletagmanager.com;www.linkedin.com;www.mgid.com;www.redditstatic.com
2301,cdn.quantummetric.com,44,a.usbrowserspeed.com;analytics.google.com;api.hubapi.com;bttrack.com;cdn-cookieyes.com;cdn.bttrack.com;cdn.claydar.com;cdn.jsdelivr.net;cdn.quantummetric.com;cdn.sanity.io;challenges.cloudflare.com;clients.abmatic.ai;connect.facebook.net;directory.cookieyes.com;googleads.g.doubleclick.net;ingest.quantummetric.com;js.hs-analytics.net;js.hs-banner.com;js.hs-scripts.com;js.hsadspixel.net;js.hscollectedforms.net;js.hsforms.net;js.hubspot.com;js.qualified.com;js.zi-scripts.com;log.cookieyes.com;na-data.kameleoon.io;player.vimeo.com;px.ads.linkedin.com;snap.licdn.com;static.claydar.com;stats.g.doubleclick.net;tags.srv.stackadapt.com;tracking-api.g2.com;tracking.g2crowd.com;vimeo.com;waga1ps5is.kameleoon.io;ws-assets.zoominfo.com;ws.zoominfo.com;www.google.com;www.googletagmanager.com;www.linkedin.com;www.quantummetric.com;y6rt62dj.api.sanity.io
2302,eu-teams.events.data.microsoft.com,1,eu-teams.events.data.microsoft.com
2303,tnc16-normal-useast5.tiktokv.us,1,tnc16-normal-useast5.tiktokv.us
2305,prod-scout-reg.rootsoc.com,1,prod-scout-reg.rootsoc.com
2307,app.slack.com,37,12632256.fls.doubleclick.net;a.slack-edge.com;a11179690159.cdn.optimizely.com;ad.doubleclick.net;adservice.google.com;alb.reddit.com;analytics.google.com;api.company-target.com;app.slack.com;c.contentsquare.net;cdn.cookielaw.org;cdn.schemaapp.com;cdn3.optimizely.com;csxd.contentsquare.net;d34u8crftukxnk.cloudfront.net;dc.ads.linkedin.com;dsum-sec.casalemedia.com;fonts.gstatic.com;geolocation.onetrust.com;googleads.g.doubleclick.net;id.rlcdn.com;logx.optimizely.com;partners.tremorhub.com;pixel-config.reddit.com;pixel.rubiconproject.com;s.company-target.com;segments.company-target.com;stats.g.doubleclick.net;t.contentsquare.net;tag-logger.demandbase.com;tag.demandbase.com;www.google.com;www.googletagmanager.com;www.linkedin.com;www.mczbf.com;www.redditstatic.com;www.youtube.com
2308,ondevicesafety-pa.googleapis.com,1,www.google.com
2310,obs.ap-southeast-1.myhuaweicloud.com,1,obs.ap-southeast-1.myhuaweicloud.com
2312,p19-common-sign-useastred.tiktokcdn-eu.com,1,p19-common-sign-useastred.tiktokcdn-eu.com
2313,dsp.360yield.com,1,dsp.360yield.com
2314,kueezrtb.com,18,ajax.googleapis.com;analytics.google.com;cdn.jsdelivr.net;cdn.prod.website-files.com;d3e54v103j8qbb.cloudfront.net;fonts.googleapis.com;fonts.gstatic.com;googleads.g.doubleclick.net;kueezrtb.com;px.ads.linkedin.com;snap.licdn.com;stats.g.doubleclick.net;v1.api.service.cmp.usercentrics.eu;weare.kueez.com;web.cmp.usercentrics.eu;www.google.com;www.googletagmanager.com;www.linkedin.com
2316,gsp57-ssl-revgeo.ls.apple.com,1,gsp57-ssl-revgeo.ls.apple.com
2319,aus5.mozilla.org,1,aus5.mozilla.org
2321,d9.flashtalking.com,1,d9.flashtalking.com
2322,shop.app,1,challenges.cloudflare.com
2323,wt.rqtrk.eu,1,wt.rqtrk.eu
2324,dns-finder.com,1,dns-finder.com
2325,tpsc-ue1.doubleverify.com,1,tpsc-ue1.doubleverify.com
2326,preview.redd.it,2,preview.redd.it;www.reddit.com
2327,p19-common.tiktokcdn-us.com,1,p19-common.tiktokcdn-us.com
2328,attachments.office.net,6,aadcdn.msauth.net;attachments.office.net;login.live.com;login.microsoftonline.com;outlook.office365.com;res.public.onecdn.static.microsoft
2330,api.ad.intl.xiaomi.com,1,api.ad.intl.xiaomi.com
2333,lyra-a.wbx2.com,1,lyra-a.wbx2.com
2337,api-noam.flightproxy.teams.microsoft.com,1,api-noam.flightproxy.teams.microsoft.com
2338,hk-1day-bucket.obs.ap-southeast-1.myhuaweicloud.com,1,hk-1day-bucket.obs.ap-southeast-1.myhuaweicloud.com
2339,adentifi.com,1,adentifi.com
2341,amxrtb.com,7,amxrtb.com;fonts.googleapis.com;fonts.gstatic.com;p.typekit.net;stats.wp.com;use.typekit.net;www.adaptmx.com
2343,www.baidu.com,10,gips2.baidu.com;hector.baidu.com;hectorstatic.baidu.com;mbd.baidu.com;passport.baidu.com;pss.bdstatic.com;psstatic.cdn.bcebos.com;sp1.baidu.com;sp2.baidu.com;www.baidu.com
2344,sdk.split.io,1,sdk.split.io
2345,i.pinimg.com,1,i.pinimg.com
2346,ab.dns-finder.com,1,ab.dns-finder.com
2347,i.w55c.net,2,i.w55c.net;www.w55c.net
2348,tubitv.com,10,abproxy.production-public.tubi.io;analytics-ingestion-production.tubitv.com;canvas-lb.tubitv.com;mcdn.tubitv.com;md0.tubitv.com;o30277.ingest.sentry.io;tensor-cdn.production-public.tubi.io;tubitv.com;www.googletagmanager.com;www.gstatic.com
2352,gemini.google.com,10,analytics.google.com;fonts.gstatic.com;lh3.googleusercontent.com;ogads-pa.clients6.google.com;play.google.com;signaler-pa.clients6.google.com;www.google-analytics.com;www.google.com;www.googletagmanager.com;www.gstatic.com
2354,capitaloneshopping.com,19,accounts.google.com;analytics.ahrefs.com;analytics.google.com;anir.capitaloneshopping.com;capitaloneshopping.com;cdn.ivaws.com;connect.facebook.net;csi.gstatic.com;ep1.adtrafficquality.google;ep2.adtrafficquality.google;fonts.gstatic.com;googleads.g.doubleclick.net;i.capitaloneshopping.com;maps.googleapis.com;pagead2.googlesyndication.com;stats.g.doubleclick.net;www.google.com;www.googletagmanager.com;www.gstatic.com
2355,pn.ybp.yahoo.com,1,pn.ybp.yahoo.com
2356,gpi2.life360.com,2,gpi2.life360.com;static.cloudflareinsights.com
2359,logx.optimizely.com,1,logx.optimizely.com
2360,androidplatformbackuprestore-pa.googleapis.com,1,www.google.com
2361,dls.di.atlas.samsung.com,1,dls.di.atlas.samsung.com
2362,stripe.network,46,ad.doubleclick.net;alb.reddit.com;analytics.google.com;analytics.twitter.com;api.company-target.com;apm.yahoo.co.jp;attr-td.ml-api.io;b.stripecdn.com;b91.yahoo.co.jp;bat.bing.com;dsum-sec.casalemedia.com;ext.stripe.com;googleads.g.doubleclick.net;id.rlcdn.com;images.stripeassets.com;js.zi-scripts.com;match.adsrvr.org;munchkin.marketo.net;partners.tremorhub.com;pixel-config.reddit.com;pixel.byspotify.com;pixel.rubiconproject.com;pixels.spotify.com;px.ads.linkedin.com;q.quora.com;q.stripe.com;r.stripe.com;s.company-target.com;s.yimg.jp;segments.company-target.com;snap.licdn.com;static.ads-twitter.com;stats.g.doubleclick.net;stripe.com;stripe.network;t.co;tag-logger.demandbase.com;tag.demandbase.com;tag.flvcdn.net;ws.zoominfo.com;www.facebook.com;www.google-analytics.com;www.google.com;www.googletagmanager.com;www.linkedin.com;www.redditstatic.com
2367,rtr.innovid.com,1,rtr.innovid.com
2369,api-h2.tiktokv.com,1,api-h2.tiktokv.com
2370,api.ingest.oitroot.us-east-1-op1.op.observeit.net,1,api.ingest.oitroot.us-east-1-op1.op.observeit.net
2373,b79c66077e27a1c100292a6aa5da291cfa7da7ef982a7d0d2708be38d76b31f.us-east-1.prod.service.minerva.devices.a2z.com,1,b79c66077e27a1c100292a6aa5da291cfa7da7ef982a7d0d2708be38d76b31f.us-east-1.prod.service.minerva.devices.a2z.com
2374,capi.grammarly.com,1,capi.grammarly.com
2375,conn-service-us-04.allawnos.com,1,conn-service-us-04.allawnos.com
2376,iosapps.itunes.apple.com,1,iosapps.itunes.apple.com
2377,att.net,40,aa.agkn.com;ads.pubmatic.com;ads.yieldmo.com;api.login.yahoo.com;att.demdex.net;att.net;c2shb-oao.ssp.yahoo.com;cdn.taboola.com;cm.g.doubleclick.net;consent.cmp.oath.com;currently.att.yahoo.com;display.bidder.taboola.com;dpm.demdex.net;exchange.kueezrtb.com;fastlane.rubiconproject.com;grid-bidder.criteo.com;guce.yahoo.com;htlb.casalemedia.com;ib.adnxs.com;idx.liadm.com;ncp-gw-frontpage.media.yahoo.com;nexus-gateway-prod.media.yahoo.com;noa.yahoo.com;opus.analytics.yahoo.com;pbs.yahoo.com;prebid.media.net;rp.liadm.com;rtb.openx.net;s.seedtag.com;s.yimg.com;sb.scorecardresearch.com;securepubads.g.doubleclick.net;signal-service.pbs.yahoo.com;smetrics.att.com;start.att.net;tlx.3lift.com;ups.analytics.yahoo.com;wnsrvbjmeprtfrnfx.ay.delivery;www.att.net;www.googletagmanager.com
2378,mas-ext.amazon.com,1,mas-ext.amazon.com
2379,sync.aniview.com,1,sync.aniview.com
2382,ping.chartbeat.net,16,chartbeat.com;chartbeat.zendesk.com;cmp.osano.com;ekr.zdassets.com;fonts.googleapis.com;ping.chartbeat.net;pong.chartbeat.net;securepubads.g.doubleclick.net;static.zdassets.com;static2.chartbeat.com;use.typekit.com;www.google.com;www.googleadservices.com;www.googleoptimize.com;www.googletagmanager.com;www.googletagservices.com
2384,geo.yahoo.com,2,geo.yahoo.com;sec.yimg.com
2385,insightexpressai.com,1,insightexpressai.com
2386,secure.insightexpressai.com,14,cdn.bc0a.com;consent.cookiebot.com;consentcdn.cookiebot.com;extend.vimeocdn.com;ixfd2-api.bc0a.com;pagead2.googlesyndication.com;px.ads.linkedin.com;secure.insightexpressai.com;snap.licdn.com;tags.srv.stackadapt.com;unpkg.com;www.googletagmanager.com;www.kantar.com;www.linkedin.com
2387,oecim16-normal-useast5.tiktokv.us,1,oecim16-normal-useast5.tiktokv.us
2389,m.stripe.network,1,m.stripe.network
2391,datto.com,8,cdn.cookielaw.org;cdnjs.cloudflare.com;code.jquery.com;datto.com;geolocation.onetrust.com;global.localizecdn.com;www.datto.com;www.googletagmanager.com
2393,idx.liadm.com,1,idx.liadm.com
2402,graph.fbpigeon.com,1,graph.fbpigeon.com
2404,ebay.com,27,13341218.fls.doubleclick.net;ad.doubleclick.net;adservice.google.com;alb.reddit.com;backstory.ebay.com;connect.facebook.net;devicebind.ebay.com;dynamic.criteo.com;ebay.com;googleads.g.doubleclick.net;gum.criteo.com;ir.ebaystatic.com;mkttag.ebay.com;pixel-config.reddit.com;rover.ebay.com;s.pinimg.com;sc-static.net;sherlock-events-sampler.ebay.com;sp.analytics.yahoo.com;sslwidget.criteo.com;tags.tiqcdn.com;tr.snapchat.com;www.ebay.com;www.ebayadservices.com;www.google.com;www.googletagmanager.com;www.redditstatic.com
2406,ui.com,13,alb.reddit.com;cdn.cookielaw.org;dev.visualwebsiteoptimizer.com;geolocation.onetrust.com;images.svc.ui.com;pixel-config.reddit.com;sso.ui.com;static.hotjar.com;store.ui.com;ui.com;www.google-analytics.com;www.googletagmanager.com;www.redditstatic.com
2407,att.launches.appsflyersdk.com,1,att.launches.appsflyersdk.com
2427,osb-v2.samsungqbe.com,1,osb-v2.samsungqbe.com
2432,ssbsync-global.smartadserver.com,1,ssbsync-global.smartadserver.com
2440,visitor.omnitagjs.com,1,visitor.omnitagjs.com
2455,aw.sc-cdn.net,1,aw.sc-cdn.net
2456,ad.mail.ru,15,ad.mail.ru;analytics.google.com;googleads.g.doubleclick.net;privacy-cs.mail.ru;px.ads.linkedin.com;snap.licdn.com;stats.g.doubleclick.net;target.my.com;target.vk.ru;top-fwz1.mail.ru;vk.com;www.google-analytics.com;www.google.com;www.googletagmanager.com;www.linkedin.com
2460,a.amxrtb.com,1,a.amxrtb.com
2461,gspx-ssl.ls.apple.com,1,gspx-ssl.ls.apple.com
2468,trk.pinterest.com,1,trk.pinterest.com
2470,api.pinterest.com,1,api.pinterest.com
2471,api.x.com,1,api.x.com
2473,lexicon.33across.com,1,lexicon.33across.com
2476,epicgames.com,2,challenges.cloudflare.com;epicgames.com
2477,impression-east.liftoff.io,1,impression-east.liftoff.io
2478,duckduckgo.com,1,duckduckgo.com
2479,ag.innovid.com,1,ag.innovid.com
2481,media.licdn.com,1,media.licdn.com
2482,s.innovid.com,1,s.innovid.com
2483,alexa-14.na.gateway.devices.a2z.com,1,alexa-14.na.gateway.devices.a2z.com
2490,xapi-a.wbx2.com,1,xapi-a.wbx2.com
2491,gccmod.ecs.office.com,1,gccmod.ecs.office.com
2497,api.github.com,1,api.github.com
2498,aefd.nelreports.net,1,aefd.nelreports.net
2502,checkappexec.microsoft.com,1,checkappexec.microsoft.com
2505,fp.msedge.net,1,fp.msedge.net
2506,openai.com,1,challenges.cloudflare.com
2509,config.ads.vungle.com,1,config.ads.vungle.com
2510,ingage.tech,1,ingage.tech
2513,collect.ureca-lab.com,1,collect.ureca-lab.com
2519,hb.trustedstack.com,1,hb.trustedstack.com
2528,script.hotjar.com,1,script.hotjar.com
2530,dls-udc.dqa.samsung.com,1,dls-udc.dqa.samsung.com
2532,bitdefender.net,54,18.210.229.244;ad.doubleclick.net;adobedc.demdex.net;adservice.google.com;alb.reddit.com;analytics-ipv6.tiktokw.us;analytics.google.com;analytics.tiktok.com;analytics.twitter.com;api.company-target.com;bat.bing.com;bat.bing.net;bitdefender.com;bitdefender.f9tmep.net;bitdefender.net;c.az.contentsquare.net;c.clarity.ms;cdn.bizible.com;cdn.bizibly.com;connect.facebook.net;dsum-sec.casalemedia.com;dx.mountain.com;fast.ssqt.io;get.bitdefender.com;grsm.io;js.hsforms.net;js.partnerstack.com;lasteventf-tm.everesttech.net;partnerlinks.io;partners.tremorhub.com;pixel-config.reddit.com;pixel.rubiconproject.com;px.ads.linkedin.com;s.company-target.com;scripts.clarity.ms;snap.licdn.com;sstats.bitdefender.com;static.ads-twitter.com;static.hotjar.com;stats.g.doubleclick.net;t.co;t.contentsquare.net;tag-logger.demandbase.com;tag.demandbase.com;utt.impactcdn.com;v1.api.service.cmp.usercentrics.eu;web.cmp.usercentrics.eu;www.bitdefender.com;www.clarity.ms;www.everestjs.net;www.google.com;www.googletagmanager.com;www.linkedin.com;www.redditstatic.com
2539,rkdms.com,1,rkdms.com
2541,tb.events.data.microsoft.com,1,tb.events.data.microsoft.com
2544,sync.cootlogix.com,1,sync.cootlogix.com
2547,s.go-mpulse.net,1,s.go-mpulse.net
2553,supply.inmobicdn.net,1,supply.inmobicdn.net
2554,amcdn.msftauth.net,1,amcdn.msftauth.net
2555,tasks-pa.googleapis.com,1,www.google.com
2556,conn-service-us-05.allawnos.com,1,conn-service-us-05.allawnos.com
2560,analytics-alv.google.com,1,www.google.com
2561,api16-normal-c-alisg.tiktokv.com,1,api16-normal-c-alisg.tiktokv.com
2562,webcontentassessor.com,1,webcontentassessor.com
2568,r.msftstatic.com,1,r.msftstatic.com
2571,sync.adkernel.com,1,sync.adkernel.com
2574,a.teads.tv,1,a.teads.tv
2575,assets-mercury.mzstatic.com,1,assets-mercury.mzstatic.com
2577,sf16-ies-music-sg.tiktokcdn.com,1,sf16-ies-music-sg.tiktokcdn.com
2578,ittpx.eskimi.com,1,ittpx.eskimi.com
2583,sp.analytics.yahoo.com,1,sp.analytics.yahoo.com
2584,tynt.com,3,p.typekit.net;tynt.com;use.typekit.net
2585,www.dropbox.com,7,accounts.google.com;aem.dropbox.com;cfl.dropboxstatic.com;fjord.dropboxstatic.com;fp.dropbox.com;marketing.dropbox.com;www.dropbox.com
2586,swscan.apple.com,1,swscan.apple.com
2588,bid.g.doubleclick.net,9,ajax.googleapis.com;fonts.googleapis.com;fonts.gstatic.com;googleads.g.doubleclick.net;lh3.googleusercontent.com;www.google-analytics.com;www.google.com;www.googletagmanager.com;www.gstatic.com
2590,centrastage.net,1,centrastage.net
2592,o.pki.goog,1,www.google.com
2594,vk.com,13,ads.vk.com;akashi.vk-portal.net;api.vk.com;login.vk.com;privacy-cs.mail.ru;r0.mradx.net;st.vk.com;stacks.vk-portal.net;stats.vk-portal.net;tns-counter.ru;top-fwz1.mail.ru;vk.com;www.tns-counter.ru
2595,spo.nel.measure.office.net,2,ajax.aspnetcdn.com;spo.nel.measure.office.net
2598,huntress.io,11,api.canny.io;canny.io;cmp.osano.com;fonts.googleapis.com;fonts.gstatic.com;huntress.io;huntresscdn.com;js.stripe.com;m.stripe.com;m.stripe.network;www.googletagmanager.com
2599,mon16-normal-useast8.tiktokv.us,1,mon16-normal-useast8.tiktokv.us
2600,view.adjust.com,1,view.adjust.com
2601,prebid.adnxs.com,1,prebid.adnxs.com
2602,phonedeviceverification-pa.googleapis.com,1,www.google.com
2608,ent-nfc-api.msn.com,1,ent-nfc-api.msn.com
2611,api.steampowered.com,1,api.steampowered.com
2614,conv-a.wbx2.com,1,conv-a.wbx2.com
2616,tribalfusion.com,1,tribalfusion.com
2618,cdn.walkme.com,1,cdn.walkme.com
2619,ephemeralcounters.api.roblox.com,1,ephemeralcounters.api.roblox.com
2620,locationhistoryplacedetails-pa.googleapis.com,1,www.google.com
2621,taskassist-pa.clients6.google.com,1,www.google.com
2624,sf-teko-source.tiktokcdn-us.com,1,sf-teko-source.tiktokcdn-us.com
2627,weather-edge.apple.com,1,weather-edge.apple.com
2629,canvas-lb.tubitv.com,1,canvas-lb.tubitv.com
2631,moengage.com,5,cdn-cookieyes.com;cdn.jsdelivr.net;log.cookieyes.com;moengage.com;www.moengage.com
2633,privacy-sandbox.appsflyersdk.com,1,privacy-sandbox.appsflyersdk.com
2634,sandbox.google.com,1,www.google.com
2636,frontier.tiktokv.com,1,frontier.tiktokv.com
2638,webcast16-ws-alisg.tiktokv.com,1,webcast16-ws-alisg.tiktokv.com
2640,cs.yellowblue.io,1,cs.yellowblue.io
2643,www.google.cn,0,
2646,media0.giphy.com,1,media0.giphy.com
2648,media2.giphy.com,1,media2.giphy.com
2649,braze-images.com,1,braze-images.com
2651,undertone.com,17,consent.cookiebot.com;consentcdn.cookiebot.com;evt.undertone.com;forms-na1.hsforms.com;forms.hsforms.com;js.hsforms.net;match.adsrvr.org;perion.com;pixel.tapad.com;px.ads.linkedin.com;snap.licdn.com;undertone.com;unpkg.com;vee-crm.com;www.google-analytics.com;www.googletagmanager.com;www.linkedin.com
2652,mail-attachment.googleusercontent.com,1,www.google.com
2653,g.bing.com,26,aadcdn.msftauth.net;ab.dns-finder.com;ad-delivery.net;ad.doubleclick.net;adsdk.microsoft.com;api.btloader.com;api.msn.com;arc.msn.com;browser.events.data.msn.com;btloader.com;c.msn.com;ecn.dev.virtualearth.net;g.bing.com;ib.msn.com;img-s-msn-com.akamaized.net;js.monitor.azure.com;login.live.com;login.microsoftonline.com;m.adnxs.com;mem.gfx.ms;px.ads.linkedin.com;sb.scorecardresearch.com;scripts.mf.webcontentassessor.com;srtb.msn.com;trc.taboola.com;www.msn.com
2656,buy.itunes.apple.com,1,buy.itunes.apple.com
2661,media1.giphy.com,1,media1.giphy.com
2662,unif-id.ssp.inmobi.com,1,unif-id.ssp.inmobi.com
2665,b.videoamp.com,1,b.videoamp.com
2666,webcast22-ws-alisg.tiktokv.com,1,webcast22-ws-alisg.tiktokv.com
2667,axon.ai,28,alb.reddit.com;api.hubapi.com;axon.ai;b.applovin.com;cdn.cookielaw.org;cm.g.doubleclick.net;connect.facebook.net;fe-assets.workmagic.io;geolocation.onetrust.com;js.hs-analytics.net;js.hs-banner.com;js.hs-scripts.com;js.hsadspixel.net;js.hubspot.com;perf-na1.hsforms.com;pixel-config.reddit.com;px.ads.linkedin.com;re.applovin.com;res4.applovin.com;s.axon.ai;snap.licdn.com;track.hubspot.com;us-assets.i.posthog.com;us.i.posthog.com;www.google-analytics.com;www.googletagmanager.com;www.linkedin.com;www.redditstatic.com
2668,continuum.dds.microsoft.com,1,continuum.dds.microsoft.com
2669,aepxlg.adobe.com,1,aepxlg.adobe.com
2670,media3.giphy.com,1,media3.giphy.com
2671,a.tribalfusion.com,1,a.tribalfusion.com
2672,hotmail.com,12,c.s-microsoft.com;cdn-dynmedia-1.microsoft.com;hotmail.com;login.live.com;login.microsoftonline.com;outlook.live.com;play.vidyard.com;res.public.onecdn.static.microsoft;rum.hlx.page;uhf.microsoft.com;wcpstatic.microsoft.com;www.microsoft.com
2673,prod.rewardsplatform.microsoft.com,1,prod.rewardsplatform.microsoft.com
2675,de.tynt.com,1,de.tynt.com
2676,analytics.query.yahoo.com,1,analytics.query.yahoo.com
2677,vfw.amazon-adsystem.com,1,vfw.amazon-adsystem.com
2679,proximity-a.wbx2.com,1,proximity-a.wbx2.com
2680,copilot.microsoft.com,5,browser.events.data.microsoft.com;copilot.microsoft.com;login.live.com;login.microsoftonline.com;o4508134825000960.ingest.us.sentry.io
2682,subscriptionsfirstparty-pa.googleapis.com,1,www.google.com
2683,eetee.huntress.io,1,eetee.huntress.io
2684,users.roblox.com,1,users.roblox.com
2685,bolt.dropbox.com,1,bolt.dropbox.com
2686,hblg.media.net,1,hblg.media.net
2687,media4.giphy.com,1,media4.giphy.com
2688,prg.smartadserver.com,1,prg.smartadserver.com
2691,wyze.com,15,api.copilot.livex.ai;backend.alia-prod.com;chatbox.copilot.livex.ai;cmp.osano.com;fonts.googleapis.com;monorail-edge.shopifysvc.com;otlp-http-production.shopifysvc.com;shop.app;ssl.kaptcha.com;static.cloudflareinsights.com;static.klaviyo.com;static.rechargecdn.com;store-app.figpii.com;www.wyze.com;wyze.com
2695,cdn.samsungcloudsolution.com,1,cdn.samsungcloudsolution.com
2696,client.dropbox.com,3,assets.dropbox.com;cfl.dropboxstatic.com;client.dropbox.com
2697,cdn-f.adsmoloco.com,1,cdn-f.adsmoloco.com
2700,cdn.hadronid.net,2,cdn.hadronid.net;static.cloudflareinsights.com
2702,cacerts.digicert.com,1,cacerts.digicert.com
2704,kochava.com,17,analytics.google.com;api.cmp.inmobi.com;assets.kochava.com;cdn.jsdelivr.net;cdn.matomo.cloud;cloud.typography.com;cmp.inmobi.com;global.localizecdn.com;googleads.g.doubleclick.net;kochava.com;s34035.pcdn.co;stats.g.doubleclick.net;storage.googleapis.com;www.google-analytics.com;www.google.com;www.googletagmanager.com;www.kochava.com
2708,et-eus.w.inmobi.com,1,et-eus.w.inmobi.com
2709,player.aniview.com,1,player.aniview.com
2711,weixin.qq.com,2,res.wx.qq.com;weixin.qq.com
2712,spot.im,2,spot.im;www.spot.im
2714,liveintent.com,24,analytics.twitter.com;b-code.liadm.com;bat.bing.com;cdn.cookielaw.org;cdn.pdst.fm;connect.facebook.net;d.liadm.com;fonts.googleapis.com;geolocation.onetrust.com;googleads.g.doubleclick.net;i.liadm.com;liveintent.com;pixels.spotify.com;px.ads.linkedin.com;rp.liadm.com;sli.liveintent.com;snap.licdn.com;static.ads-twitter.com;t.co;www.google-analytics.com;www.google.com;www.googletagmanager.com;www.linkedin.com;www.liveintent.com
2715,symantec.com,12,cdn.cookielaw.org;geolocation.onetrust.com;house-fastly-signed-us-east-1-prod.brightcovecdn.com;images.sw.broadcom.com;img.en25.com;metrics.brightcove.com;players.brightcove.net;secure.sw.broadcom.com;symantec.com;www.broadcom.com;www.google-analytics.com;www.googletagmanager.com
2717,teams.live.com,5,login.live.com;login.microsoftonline.com;statics.teams.cdn.live.net;teams.live.com;wcpstatic.microsoft.com
2718,mads.amazon-adsystem.com,1,mads.amazon-adsystem.com
2719,mobile.adsafeprotected.com,1,mobile.adsafeprotected.com
2720,cm.everesttech.net,1,cm.everesttech.net
2725,grid.bidswitch.net,1,grid.bidswitch.net
2729,us4-dms.zoho.com,1,us4-dms.zoho.com
2730,canva.com,3,canva.com;challenges.cloudflare.com;static.cloudflareinsights.com
2731,pixel-us-east.rubiconproject.com,1,pixel-us-east.rubiconproject.com
2735,blismedia.com,2,blismedia.com;challenges.cloudflare.com
2736,tr.blismedia.com,1,tr.blismedia.com
2737,gsp57-ssl-locus.ls.apple.com,1,gsp57-ssl-locus.ls.apple.com
2738,uipglob.semasio.net,1,uipglob.semasio.net
2744,redditmedia.com,2,redditmedia.com;www.reddit.com
2745,friends.roblox.com,1,friends.roblox.com
2746,auth.split.io,1,auth.split.io
2751,cadmus2.script.ac,1,cadmus2.script.ac
2753,cma.itunes.apple.com,1,cma.itunes.apple.com
2754,ad-score.com,1,ad-score.com
2756,customerevents.netflix.com,1,customerevents.netflix.com
2757,track.capitaloneshopping.com,1,track.capitaloneshopping.com
2759,digitalassetlinks.googleapis.com,1,www.google.com
2761,ssl.com,26,analytics.google.com;aplo-evnt.com;assets.apollo.io;assets.mymarketingreports.com;bat.bing.com;c.clarity.ms;calls.mymarketingreports.com;fonts.googleapis.com;googleads.g.doubleclick.net;js.zi-scripts.com;kit.fontawesome.com;px.ads.linkedin.com;s.clarity.ms;scripts.clarity.ms;snap.licdn.com;ssl.com;t.contentsquare.net;widget.intercom.io;ws.zoominfo.com;www.clarity.ms;www.google-analytics.com;www.google.com;www.googleoptimize.com;www.googletagmanager.com;www.gstatic.com;www.linkedin.com
2762,androidpay-users-pa.googleapis.com,3,ogads-pa.clients6.google.com;play.google.com;www.gstatic.com
2763,restrictedapps-pa.googleapis.com,1,www.google.com
2765,cdn.indexww.com,1,cdn.indexww.com
2766,sf16-ies-music-va.tiktokcdn.com,1,sf16-ies-music-va.tiktokcdn.com
2768,cdn-settings.segment.com,1,cdn-settings.segment.com
2770,m.hotmail.com,8,df.cfp.microsoft.com;fpt.live.com;login.live.com;login.microsoftonline.com;logincdn.msauth.net;m.hotmail.com;outlook.office365.com;res.public.onecdn.static.microsoft
2771,census-app.scorecardresearch.com,1,census-app.scorecardresearch.com
2775,auth.xboxlive.com,1,auth.xboxlive.com
2776,ltwebstatic.com,1,ltwebstatic.com
2777,gateway.discord.gg,1,gateway.discord.gg
2781,beacons3.gvt2.com,1,www.google.com
2786,combine.urbanairship.com,1,combine.urbanairship.com
2789,a.ad.gt,1,a.ad.gt
2792,mug.criteo.com,1,mug.criteo.com
2793,sync.springserve.com,1,sync.springserve.com
2795,ajs-assets.ftstatic.com,1,ajs-assets.ftstatic.com
2796,reqhfg-launches.appsflyersdk.com,1,reqhfg-launches.appsflyersdk.com
2798,notifications-ueeshp-pa.googleapis.com,1,www.google.com
2799,save-pa.googleapis.com,1,www.google.com
2801,iqm.com,31,aorta.clickagy.com;aplo-evnt.com;assets.apollo.io;bpi.rtactivate.com;cdn.cookielaw.org;cdn.pxl.iqm.com;cm.g.doubleclick.net;cs.media.net;dsum-sec.casalemedia.com;geolocation.onetrust.com;idsync.rlcdn.com;image6.pubmatic.com;iqm.com;js.zi-scripts.com;partners.tremorhub.com;pippio.com;px.ads.linkedin.com;pxl.iqm.com;rtb-csync.smartadserver.com;s.ad.smaato.net;simage2.pubmatic.com;sync.aniview.com;sync.bfmio.com;sync.outbrain.com;sync.taboola.com;tags.clickagy.com;us-u.openx.net;ws.zoominfo.com;wt.rqtrk.eu;www.google-analytics.com;www.googletagmanager.com
2803,api.dropbox.com,3,api.dropbox.com;assets.dropbox.com;cfl.dropboxstatic.com
2805,api.taboola.com,1,api.taboola.com
2806,pxl.iqm.com,1,pxl.iqm.com
2807,cdn.forter.com,1,cdn.forter.com
2808,tr-ooc-atm.office.com,4,aadcdn.msauth.net;login.microsoftonline.com;res.public.onecdn.static.microsoft;tr-ooc-atm.office.com
2811,log16-normal-useast8.tiktokv.us,1,log16-normal-useast8.tiktokv.us
2814,s.company-target.com,1,s.company-target.com
2815,lamssettings-pa.googleapis.com,1,www.google.com
2817,ml314.com,1,ml314.com
2819,hotapi16-normal-useast8.tiktokv.us,1,hotapi16-normal-useast8.tiktokv.us
2820,ringcentral.com,34,075-dtb-715.mktoresp.com;a.dpmsrv.com;adobedc.demdex.net;alb.reddit.com;api-ingest.pocustrack.com;api-tml.ringcentral.com;arttrk.com;booking.chilipiper.com;cdn.cookielaw.org;cdn.fonts.net;cdn.jsdelivr.net;connect.facebook.net;dev.visualwebsiteoptimizer.com;dpm.demdex.net;geolocation.onetrust.com;googleads.g.doubleclick.net;js.qualified.com;js.zi-scripts.com;munchkin.marketo.net;pixel-config.reddit.com;pnapi.invoca.net;px.ads.linkedin.com;ringcentral.com;s.dpmsrv.com;snap.licdn.com;solutions.invocacdn.com;som.ringcentral.com;tags.srv.stackadapt.com;trk.techtarget.com;trkn.us;www.google.com;www.googletagmanager.com;www.linkedin.com;www.redditstatic.com
2822,hotapi16-normal-useast5.tiktokv.us,1,hotapi16-normal-useast5.tiktokv.us
2823,connectivitycheck.cbg-app.huawei.com,1,connectivitycheck.cbg-app.huawei.com
2824,guc3-dealer.g2.spotify.com,1,guc3-dealer.g2.spotify.com
2826,webcast-ws16-normal-useast8.tiktokv.us,1,webcast-ws16-normal-useast8.tiktokv.us
2828,img-resize-cdn-prod.samsungnyc.com,2,img-resize-cdn-prod.samsungnyc.com;static.cloudflareinsights.com
2830,content.lifecycle.office.net,1,content.lifecycle.office.net
2832,app-ads-services.com,3,ogads-pa.clients6.google.com;play.google.com;www.gstatic.com
2833,webcast-ws16-normal-useast5.tiktokv.us,1,webcast-ws16-normal-useast5.tiktokv.us
2835,gravatar.com,12,analytics.google.com;googleads.g.doubleclick.net;gravatar.com;pixel.wp.com;public-api.wordpress.com;s.gravatar.com;s0.wp.com;s1.wp.com;stats.g.doubleclick.net;stats.wp.com;www.google.com;www.googletagmanager.com
2836,iot.us-east-1.amazonaws.com,1,iot.us-east-1.amazonaws.com
2838,pixel-eu.rubiconproject.com,1,pixel-eu.rubiconproject.com
2839,geo.privacymanager.io,1,geo.privacymanager.io
2840,rmm.datto.com,7,cdn.cookielaw.org;cdnjs.cloudflare.com;code.jquery.com;global.localizecdn.com;rmm.datto.com;www.datto.com;www.googletagmanager.com
2842,remote-data.urbanairship.com,1,remote-data.urbanairship.com
2843,gue1-dealer.g2.spotify.com,1,gue1-dealer.g2.spotify.com
2844,jsconfig.adsafeprotected.com,1,jsconfig.adsafeprotected.com
2845,api.stores.us-east-1.prod.paets.advertising.amazon.dev,1,api.stores.us-east-1.prod.paets.advertising.amazon.dev
2851,static.klaviyo.com,1,static.klaviyo.com
2852,safesearch.googleapis.com,1,www.google.com
2856,res1.applovin.com,1,res1.applovin.com
2857,api.ring.com,1,api.ring.com
2862,live.primis.tech,1,live.primis.tech
2864,www.outlook.com,13,c.s-microsoft.com;cdn-dynmedia-1.microsoft.com;eu-office.events.data.microsoft.com;login.live.com;login.microsoftonline.com;outlook.live.com;play.vidyard.com;res.public.onecdn.static.microsoft;rum.hlx.page;uhf.microsoft.com;wcpstatic.microsoft.com;www.microsoft.com;www.outlook.com
2866,dl.duosecurity.com,59,12979078.fls.doubleclick.net;ad.doubleclick.net;adservice.google.com;alb.reddit.com;analytics.tiktok.com;analytics.twitter.com;api.ipify.org;bat.bing.com;browser.sentry-cdn.com;c.6sc.co;c.contentsquare.net;cdn.bizible.com;cdn.cookielaw.org;cdn.metadata.io;cdn.optimizely.com;cdn1.adoberesources.net;cisco-tags.cisco.com;cm.g.doubleclick.net;cms.analytics.yahoo.com;connect.facebook.net;csxd.contentsquare.net;datacollect.cisco.com;distillery.wistia.com;dl.duosecurity.com;dpm.demdex.net;dsum-sec.casalemedia.com;duo.com;embed-cloudfront.wistia.com;fast.wistia.com;fast.wistia.net;geolocation.onetrust.com;ib.adnxs.com;id.cisco.com;img.en25.com;insight.adsrvr.org;ipv6.6sc.co;j.6sc.co;js.adsrvr.org;js.qualified.com;js.zi-scripts.com;pipedream.wistia.com;pixel-config.reddit.com;pixel.byspotify.com;pixel.rubiconproject.com;px.ads.linkedin.com;s2991720.t.eloqua.com;s4673582.t.eloqua.com;s860818199.t.eloqua.com;smetrics.cisco.com;snap.licdn.com;t.contentsquare.net;tags.tiqcdn.com;ups.analytics.yahoo.com;www.cisco.com;www.google-analytics.com;www.google.com;www.googletagmanager.com;www.linkedin.com;www.redditstatic.com
2867,thumbnails.roblox.com,1,thumbnails.roblox.com
2870,t8.dropbox.com,1,t8.dropbox.com
2873,mobile.yandex.net,1,mobile.yandex.net
2874,aes.us-east.3px.axp.amazon-adsystem.com,1,aes.us-east.3px.axp.amazon-adsystem.com
2876,launchpad.privacymanager.io,1,launchpad.privacymanager.io
2878,zendesk.com,58,15086586.fls.doubleclick.net;819-rrq-060.mktoresp.com;a.dpmsrv.com;a.usbrowserspeed.com;ad.doubleclick.net;adservice.google.com;analytics.google.com;analytics.twitter.com;api.cr-relay.com;api.segment.io;api.vector.co;app.clearbit.com;b.6sc.co;bat.bing.com;browser.sentry-cdn.com;c.6sc.co;cdn.cookielaw.org;cdn.cr-relay.com;cdn.segment.com;cdn.vector.co;collector-43043.us.tvsquared.com;connect.facebook.net;d2v83son8kay5v.cloudfront.net;distillery.wistia.com;embed-ssl.wistia.com;epsilon.6sense.com;fast.wistia.com;geolocation.onetrust.com;googleads.g.doubleclick.net;ib.adnxs.com;insight.adsrvr.org;ipv6.6sc.co;j.6sc.co;munchkin.marketo.net;o1025743.ingest.sentry.io;pipedream.wistia.com;px.ads.linkedin.com;rtr.innovid.com;s-static.innovid.com;s.dpmsrv.com;secure.adnxs.com;snap.licdn.com;static.ads-twitter.com;static.hotjar.com;static.zdassets.com;stats.g.doubleclick.net;t.co;tag.clearbitscripts.com;unpkg.com;web-assets.zendesk.com;www.google.com;www.googleadservices.com;www.googletagmanager.com;www.linkedin.com;www.zendesk.com;www.zndsk.com;x.clearbitjs.com;zendesk.com
2880,monitoring.us-east-1.amazonaws.com,1,monitoring.us-east-1.amazonaws.com
2883,voledevice-pa.googleapis.com,1,www.google.com
2884,search.us.namequery.com,1,search.us.namequery.com
2887,jwplayer.com,26,7052064.fs1.hubspotusercontent-na1.net;api.hubapi.com;app.hubspot.com;assets-jpcust.jwpsrv.com;boards.greenhouse.io;cdn.cookielaw.org;cdn.jwplayer.com;entitlements.jwplayer.com;forms.hsforms.com;geolocation.onetrust.com;js.hs-analytics.net;js.hs-banner.com;js.hsadspixel.net;js.hscollectedforms.net;js.hubspot.com;jwpconnatix.com;jwplayer.com;jwx.com;perf-na1.hsforms.com;prd.jwpltx.com;px.ads.linkedin.com;snap.licdn.com;ssl.p.jwpcdn.com;www.google-analytics.com;www.googletagmanager.com;www.linkedin.com
2889,olx.biz.id,22,advm.brznetwork.com;cdn.ampproject.org;cdn.enkosa.com;cdn1.sharemyimage.com;codice.shinystat.com;codicebusiness.shinystat.com;ep1.adtrafficquality.google;ep2.adtrafficquality.google;fonts.googleapis.com;fonts.gstatic.com;fundingchoicesmessages.google.com;googleads.g.doubleclick.net;mc.yandex.ru;olx.biz.id;pagead2.googlesyndication.com;s13.shinystat.com;static.cloudflareinsights.com;storiess.enkosa.com;webstoriess.enkosa.com;www.enkosa.com;www.google.com;www.gstatic.com
2890,log16-normal-useast5.tiktokv.us,1,log16-normal-useast5.tiktokv.us
2892,client-upgrade-a.wbx2.com,1,client-upgrade-a.wbx2.com
2893,ow.pubmatic.com,1,ow.pubmatic.com
2895,krk2.kargo.com,1,krk2.kargo.com
2897,cp-rp16-normal-useast5.tiktokv.us,1,cp-rp16-normal-useast5.tiktokv.us
2898,gql-fed.reddit.com,1,gql-fed.reddit.com
2899,sdk-events.inner-active.mobi,1,sdk-events.inner-active.mobi
2903,betweendigital.com,5,api.betweendigital.com;betweendigital.com;cp.betweendigital.com;fonts.googleapis.com;fonts.gstatic.com
2904,locale.roblox.com,1,locale.roblox.com
2906,pm.w55c.net,2,pm.w55c.net;www.w55c.net
2909,se2.itunes.apple.com,1,se2.itunes.apple.com
2910,pagead2.googleadservices.com,3,ogads-pa.clients6.google.com;play.google.com;www.gstatic.com
2911,cp-rp16-normal-useast8.tiktokv.us,1,cp-rp16-normal-useast8.tiktokv.us
2912,wikipedia.com,2,wikipedia.com;www.wikipedia.org
2914,androidwearcloudsync-pa.googleapis.com,1,www.google.com
2915,ads.betweendigital.com,1,ads.betweendigital.com
2917,edge.fullstory.com,1,edge.fullstory.com
2918,api.espn.com,1,api.espn.com
2919,ms-cookie-sync.presage.io,1,ms-cookie-sync.presage.io
2920,clienttracing-pa.googleapis.com,1,www.google.com
2921,sstats.adobe.com,1,sstats.adobe.com
2922,securitydomain-pa.googleapis.com,1,www.google.com
2923,china-1day-bucket.obs.cn-south-1.myhuaweicloud.com,1,china-1day-bucket.obs.cn-south-1.myhuaweicloud.com
2925,wp.com,17,accounts.google.com;bat.bing.com;cdn.parsely.com;connect.facebook.net;googleads.g.doubleclick.net;p1.parsely.com;public-api.wordpress.com;refer.wordpress.com;s0.wp.com;static.hotjar.com;stats.wp.com;wordpress.com;wp.com;wpcom.files.wordpress.com;www.google-analytics.com;www.google.com;www.googletagmanager.com
2928,hackaday.com,23,analytics.supplyframe.com;connect.facebook.net;googleads.g.doubleclick.net;hackaday.com;i0.wp.com;ib.adnxs.com;idsync.rlcdn.com;images.ads.supplyframe.com;match.adsrvr.org;ml314.com;p.typekit.net;ps.eyeota.net;rv-ads.supplyframe.com;rv-images.ads.supplyframe.com;stats.g.doubleclick.net;stats.wp.com;tags.srv.stackadapt.com;use.typekit.net;v1.api.service.cmp.usercentrics.eu;web.cmp.usercentrics.eu;www.google-analytics.com;www.google.com;www.googletagmanager.com
2929,adswizz.com,23,adswizz.com;cdn.cookielaw.org;cdnjs.cloudflare.com;fonts.googleapis.com;geolocation.onetrust.com;js.hs-analytics.net;js.hs-banner.com;js.hs-scripts.com;js.hsadspixel.net;js.hscollectedforms.net;js.hubspot.com;perf-na1.hsforms.com;player.vimeo.com;px.ads.linkedin.com;s.w.org;snap.licdn.com;track.hubspot.com;www.adswizz.com;www.google-analytics.com;www.google.com;www.googletagmanager.com;www.gstatic.com;www.linkedin.com
2932,rs.fullstory.com,23,002-ldf-436.mktoresp.com;api.ipify.org;api.thatsnoble.com;ariane.abtasty.com;buyers.thatsnoble.com;cmp.osano.com;dcinfos-cache.abtasty.com;edge.staging.fullstory.com;endpoints.test-the-things.com;fonts.gstatic.com;go2.fullstory.com;googleads.g.doubleclick.net;i.ytimg.com;images.ctfassets.net;js.qualified.com;munchkin.marketo.net;rs.fullstory.com;rs.staging.fullstory.com;static.doubleclick.net;try.abtasty.com;www.fullstory.com;www.google.com;www.youtube.com
2934,espressif.com,24,04848b7ca598.w.hcaptcha.com;07dbabdb3ed2.w.hcaptcha.com;c.bing.com;c.clarity.ms;cdnjs.cloudflare.com;espressif.com;hm.baidu.com;js-na2.hs-analytics.net;js-na2.hs-banner.com;js.hcaptcha.com;js.hs-scripts.com;metrics.kapa.ai;newassets.hcaptcha.com;px.ads.linkedin.com;s.clarity.ms;scripts.clarity.ms;snap.licdn.com;track-na2.hubspot.com;widget.kapa.ai;www.clarity.ms;www.espressif.com;www.google-analytics.com;www.googletagmanager.com;www.linkedin.com
2935,config2.mparticle.com,1,config2.mparticle.com
2936,invstatic101.creativecdn.com,1,invstatic101.creativecdn.com
2937,chat.openai.com,2,challenges.cloudflare.com;chat.openai.com
2938,gsp9-ssl.apple.com,1,gsp9-ssl.apple.com
2939,oec16-normal-useast8.tiktokv.us,1,oec16-normal-useast8.tiktokv.us
2940,d.dropbox.com,3,assets.dropbox.com;cfl.dropboxstatic.com;d.dropbox.com
2941,esxdos.org,1,esxdos.org
2942,streetviewpixels-pa.googleapis.com,1,www.google.com
2944,cdn4.forter.com,1,cdn4.forter.com
2946,cdn.confiant-integrations.net,1,cdn.confiant-integrations.net
2949,styles.redditmedia.com,1,styles.redditmedia.com
2953,bb.lijit.com,1,bb.lijit.com
2954,sslwidget.criteo.com,1,sslwidget.criteo.com
2955,notification.m365.svc.cloud.microsoft,1,notification.m365.svc.cloud.microsoft
2959,qsearch-a.akamaihd.net,1,qsearch-a.akamaihd.net
2962,pusher.com,15,api.hubapi.com;api.segment.io;cdn.segment.com;dotcom.messagebird.com;images.prismic.io;js.hs-analytics.net;js.hs-banner.com;js.hs-scripts.com;js.hsadspixel.net;pubads.g.doubleclick.net;pusher-website.cdn.prismic.io;pusher-website.prismic.io;pusher.com;static.cdn.prismic.io;track.hubspot.com
2963,stocks-data-service.apple.com,1,stocks-data-service.apple.com
2964,ocws.officeapps.live.com,1,ocws.officeapps.live.com
2965,data.amazon.com,2,data.amazon.com;g-ecx.images-amazon.com
2966,microsoft365.com,16,admin.microsoft.com;browser.events.data.microsoft.com;c.s-microsoft.com;config.edge.skype.com;js.monitor.azure.com;login.live.com;login.microsoftonline.com;mem.gfx.ms;microsoft365.com;res.cdn.office.net;s.clarity.ms;scripts.clarity.ms;uhf.microsoft.com;www.clarity.ms;www.microsoft.com;www.microsoft365.com
2968,sq-tungsten-ts.amazon-adsystem.com,1,sq-tungsten-ts.amazon-adsystem.com
2969,platform.twitter.com,1,platform.twitter.com
2972,ats-wrapper.privacymanager.io,1,ats-wrapper.privacymanager.io
2975,locationhistoryaggregates-pa.googleapis.com,1,www.google.com
2978,tnc0-normal-alisg.tiktokv.com,1,tnc0-normal-alisg.tiktokv.com
2980,news.iadsdk.apple.com,1,news.iadsdk.apple.com
2981,st-v3-univ-srs-win-3801-g3.api.splashtop.com,1,st-v3-univ-srs-win-3801-g3.api.splashtop.com
2982,samplicio.us,1,samplicio.us
2983,siriusxm.com,33,9170879.fls.doubleclick.net;analytics.twitter.com;assets.adobedtm.com;bat.bing.com;cdn.bizible.com;cdn.cookielaw.org;cdn.evgnet.com;cdn.quantummetric.com;cm.g.doubleclick.net;d.agkn.com;dpm.demdex.net;geolocation.onetrust.com;googleads.g.doubleclick.net;img.youtube.com;ingest.quantummetric.com;insight.adsrvr.org;js.adsrvr.org;pixel.rubiconproject.com;s.pinimg.com;s.yimg.com;sierra.chat;siriusxm.com;siriusxmradioinc.us-6.evergage.com;sp.analytics.yahoo.com;static.ads-twitter.com;storage.googleapis.com;t.co;www.datadoghq-browser-agent.com;www.google-analytics.com;www.google.com;www.googleadservices.com;www.googletagmanager.com;www.siriusxm.com
2985,www.microsoft365.com,16,admin.microsoft.com;browser.events.data.microsoft.com;c.s-microsoft.com;config.edge.skype.com;js.monitor.azure.com;login.live.com;login.microsoftonline.com;logincdn.msauth.net;mem.gfx.ms;res.cdn.office.net;s.clarity.ms;scripts.clarity.ms;uhf.microsoft.com;www.clarity.ms;www.microsoft.com;www.microsoft365.com
2987,px.mountain.com,1,px.mountain.com
2988,us-east-eb2.3lift.com,1,us-east-eb2.3lift.com
2989,fg.tscdn.m365.static.microsoft,1,fg.tscdn.m365.static.microsoft
2990,mediavine.com,6,eu-us-cdn.consentmanager.net;eu-us.consentmanager.net;mediavine.com;www.google-analytics.com;www.googletagmanager.com;www.mediavine.com
2994,segments.company-target.com,1,segments.company-target.com
2995,csync.smartadserver.com,1,csync.smartadserver.com
2996,wps.com,10,analytics.google.com;fonts.googleapis.com;fonts.gstatic.com;global-static.wpscdn.com;global.wps.com;stats.g.doubleclick.net;wps.com;www.google.com;www.googletagmanager.com;www.wps.com
2997,go.com,11,cdn.cookielaw.org;cdn.espn.com;cdn.matterhorn.app;dcf.espn.com;go.com;lumiere-a.akamaihd.net;sb.scorecardresearch.com;sw88.go.com;tag.researchnow.com;www.datadoghq-browser-agent.com;www.go.com
2999,pushmessage.samsung.com,3,account.samsung.com;d1u97w8go7pqqh.cloudfront.net;pushmessage.samsung.com
3000,sdk.pushmessage.samsung.com,1,sdk.pushmessage.samsung.com
3001,apptentive.com,35,100.20.58.101;ade.googlesyndication.com;alb.reddit.com;alchemer.my.salesforce-scrt.com;alchemer.my.site.com;analytics.silktide.com;apptentive.com;bat.bing.com;c.clarity.ms;connect.facebook.net;consent.cookiebot.com;consentcdn.cookiebot.com;dx.mountain.com;go.alchemer.com;js.chilipiper.com;js.zi-scripts.com;p.typekit.net;pagead2.googlesyndication.com;pi.pardot.com;pixel-config.reddit.com;px.ads.linkedin.com;s.clarity.ms;scripts.clarity.ms;snap.licdn.com;tr.capterra.com;tracking-api.g2.com;tracking.g2crowd.com;use.typekit.net;ws.zoominfo.com;www.alchemer.com;www.clarity.ms;www.google-analytics.com;www.googletagmanager.com;www.linkedin.com;www.redditstatic.com
3003,raw.githubusercontent.com,6,api.github.com;collector.github.com;github.com;github.githubassets.com;images.ctfassets.net;raw.githubusercontent.com
3007,api.iterable.com,7,api.iterable.com;cdnjs.cloudflare.com;code.jquery.com;p.typekit.net;stackpath.bootstrapcdn.com;use.fontawesome.com;use.typekit.net
3009,google-bidout-d.openx.net,1,google-bidout-d.openx.net
3010,e.reddit.com,1,e.reddit.com
3015,chartbeat.com,18,api.hubapi.com;cdnjs.cloudflare.com;chartbeat.com;cmp.osano.com;forms-na1.hsforms.com;forms.hsforms.com;js.hs-analytics.net;js.hs-banner.com;js.hs-scripts.com;js.hsadspixel.net;js.hsforms.net;js.hubspot.com;perf-na1.hsforms.com;ping.chartbeat.net;static2.chartbeat.com;track.hubspot.com;www.google.com;www.googletagmanager.com
3018,virtualearth.net,5,dev.virtualearth.net;r.bing.com;t.ssl.ak.dynamic.tiles.virtualearth.net;virtualearth.net;www.bing.com
3019,config.uca.cloud.unity3d.com,1,config.uca.cloud.unity3d.com
3021,scar.unityads.unity3d.com,1,scar.unityads.unity3d.com
3022,t-mobile.com,27,accdn.lpsnmedia.net;analytics.google.com;api2.branch.io;app.link;assets.adobedtm.com;cdn.branch.io;cdn.cookielaw.org;cdn.moengage.com;cdn.quantummetric.com;geolocation.onetrust.com;googletagmanager.com;ingest.quantummetric.com;ipinfo.io;lpcdn.lpsnmedia.net;lptag.liveperson.net;match.adsrvr.org;pnapi.invoca.net;rum.hlx.page;smetrics.t-mobile.com;solutions.invocacdn.com;stats.g.doubleclick.net;t-mobile.com;t-mobile.scene7.com;tmo-assets.fs.liveperson.com;unpkg.com;va.v.liveperson.net;www.t-mobile.com
3023,pi.ispot.tv,1,pi.ispot.tv
3024,brave.com,2,analytics.brave.com;brave.com
3025,cm.mgid.com,1,cm.mgid.com
3026,m.adnxs.com,1,m.adnxs.com
3028,hulu.com,37,3797690.fls.doubleclick.net;ad.doubleclick.net;adservice.google.com;analytics-ipv6.tiktokw.us;analytics.tiktok.com;apps.rokt.com;assetshuluimcom-a.akamaihd.net;b.videoamp.com;cdn.cookielaw.org;cm.g.doubleclick.net;cnbl-cdn.bamgrid.com;collector-1564.tvsquared.com;connect.facebook.net;d.impactradius-event.com;di.rlcdn.com;disney.my.sentry.io;geolocation.onetrust.com;hulu.com;img1.hulu.com;img2.hulu.com;img4.hulu.com;insight.adsrvr.org;js.adsrvr.org;metcon.hulu.com;s.yimg.com;sanalytics.disneyplus.com;sc-static.net;sp.analytics.yahoo.com;tag.rmp.rakuten.com;tags.tiqcdn.com;tr.snapchat.com;uconnect.tealiumiq.com;vortex.hulu.com;www.facebook.com;www.google.com;www.googletagmanager.com;www.hulu.com
3029,syncv4.intentiq.com,1,syncv4.intentiq.com
3030,identity.nel.measure.office.net,2,ajax.aspnetcdn.com;identity.nel.measure.office.net
3032,www.office.com,15,admin.microsoft.com;browser.events.data.microsoft.com;c.s-microsoft.com;config.edge.skype.com;js.monitor.azure.com;login.live.com;login.microsoftonline.com;mem.gfx.ms;res.cdn.office.net;s.clarity.ms;scripts.clarity.ms;uhf.microsoft.com;www.clarity.ms;www.microsoft.com;www.office.com
3033,usersync.gumgum.com,1,usersync.gumgum.com
3034,storygize.net,1,storygize.net
3035,api.apptentive.com,1,api.apptentive.com
3036,kidsmanagement-pa.googleapis.com,1,www.google.com
3038,ping-signals.urs.microsoft.com,1,ping-signals.urs.microsoft.com
3039,android-safebrowsing.google.com,1,www.google.com
3042,assetdelivery.roblox.com,1,assetdelivery.roblox.com
3045,sdk.iad-06.braze.com,1,sdk.iad-06.braze.com
3048,cs.openwebmp.com,1,cs.openwebmp.com
3049,admaster.cc,8,admaster.cc;browser.sentry-cdn.com;bundler-velo.parastorage.com;frog.wix.com;panorama.wixapps.net;static.parastorage.com;static.wixstatic.com;www.admaster.cc
3050,aliyun.com,33,accounts.google.com;alioth.alicdn.com;aliyun.com;analytics.tiktok.com;assets.alicdn.com;at.alicdn.com;bat.bing.com;cloud-assets.alicdn.com;consent.trustarc.com;cws.alicdn.com;fecs.console.alibabacloud.com;fourier.alibaba.com;fourier.taobao.com;free.aliyun.com;g.alicdn.com;googleads.g.doubleclick.net;helps.live;laz-g-cdn.alicdn.com;merak-intl.alicdn.com;page.aliyun.com;privacy-policy.truste.com;px.ads.linkedin.com;q.quora.com;s754876867.t.eloqua.com;sg.mmstat.com;snap.licdn.com;website.alcasset.com;www.alibabacloud.com;www.aliyun.com;www.facebook.com;www.google.com;www.googletagmanager.com;www.linkedin.com
3051,tr-ooc-atmv6.office.com,4,aadcdn.msftauth.net;login.microsoftonline.com;res.public.onecdn.static.microsoft;tr-ooc-atmv6.office.com
3056,gslb-2.demdex.net,1,gslb-2.demdex.net
3057,exchange.mediavine.com,1,exchange.mediavine.com
3058,tapestry.tapad.com,1,tapestry.tapad.com
3059,example.org,1,example.org
3060,id.hadron.ad.gt,1,id.hadron.ad.gt
3062,oath.com,22,118-oew-181.mktoresp.com;880-jwe-358.mktoresp.com;ajax.googleapis.com;cdn.cookielaw.org;cdn.prod.website-files.com;csp.yahoo.com;d3e54v103j8qbb.cloudfront.net;fonts.googleapis.com;fonts.gstatic.com;geolocation.onetrust.com;munchkin.marketo.net;oath.com;px.ads.linkedin.com;snap.licdn.com;sp.analytics.yahoo.com;static.hotjar.com;www.advertising.yahooinc.com;www.google-analytics.com;www.googletagmanager.com;www.linkedin.com;www.oath.com;www.yahooinc.com
3063,cloudinary.com,45,10042940.metrics.convertexperiments.com;6582dcf7f428a5cef679cbd8.services.infinigrow.com;796-xwl-496.mktoresp.com;api.cr-proxy.com;app.infinigrow.com;cdn-4.convertexperiments.com;cdn.cookielaw.org;cdn.cr-proxy.com;cdn.debugbear.com;cdn.jsdelivr.net;cloudinary.com;cm.g.doubleclick.net;connect.facebook.net;d.adroll.com;ddzuuyx7zj81k.cloudfront.net;dss6ntp5q2r0o.cloudfront.net;dsum-sec.casalemedia.com;eb2.3lift.com;fonts.googleapis.com;fonts.gstatic.com;geolocation.onetrust.com;googleads.g.doubleclick.net;gtm.cloudinary.com;ib.adnxs.com;idsync.rlcdn.com;image2.pubmatic.com;logs.convertexperiments.com;match.adsrvr.org;ml314.com;munchkin.marketo.net;pixel.rubiconproject.com;pixel.tapad.com;ps.eyeota.net;px.ads.linkedin.com;res.cloudinary.com;s.adroll.com;snap.licdn.com;static.ads-twitter.com;sync.outbrain.com;sync.taboola.com;tracking-api.g2.com;us-u.openx.net;www.google.com;www.googletagmanager.com;x.bidswitch.net
3064,chromereporting-pa.googleapis.com,1,www.google.com
3065,pull-flv-l1-sg01.tiktokcdn.com,1,pull-flv-l1-sg01.tiktokcdn.com
3068,www.telecommandsvc.microsoft.com,1,www.telecommandsvc.microsoft.com
3069,xga-serving-pa.googleapis.com,1,www.google.com
3071,manage.agent-cluster3.prod.us001-prod.arcticwolf.net,1,manage.agent-cluster3.prod.us001-prod.arcticwolf.net
3073,capi.samsungcloud.com,1,capi.samsungcloud.com
3075,onelink.me,54,108-avt-732.mktoresp.com;52.22.50.55;a.omappapi.com;a.quora.com;a.usbrowserspeed.com;alb.reddit.com;api.company-target.com;api.omappapi.com;bat.bing.com;browser.sentry-cdn.com;cdn.cookielaw.org;cdn.jsdelivr.net;cdn.mxpnl.com;cdnjs.cloudflare.com;connect.facebook.net;dsum-sec.casalemedia.com;dx.mountain.com;fast.wistia.com;fonts.googleapis.com;fonts.gstatic.com;geolocation.onetrust.com;go.appsflyer.com;googleads.g.doubleclick.net;id.rlcdn.com;js.navattic.com;munchkin.marketo.net;onelink.me;partners.tremorhub.com;pixel-config.reddit.com;pixel.rubiconproject.com;px.ads.linkedin.com;rum-collector-2.pingdom.net;rum-static.pingdom.net;s.company-target.com;sdk.getlimy.ai;segments.company-target.com;snap.licdn.com;t.influ2.com;tag-logger.demandbase.com;tag.demandbase.com;tracking-api.g2.com;tracking.g2crowd.com;unpkg.com;wa.appsflyersdk.com;wa.onelink.me;websdk.appsflyer.com;www.appsflyer.com;www.google-analytics.com;www.google.com;www.googletagmanager.com;www.influ2.com;www.linkedin.com;www.redditstatic.com;www.youtube.com
3076,tr-ooc-acdc.office.com,4,aadcdn.msftauth.net;login.microsoftonline.com;res.public.onecdn.static.microsoft;tr-ooc-acdc.office.com
3077,events.mapbox.com,1,events.mapbox.com
3079,config.inmobi.com,1,config.inmobi.com
3080,startup.mobile.yandex.net,1,startup.mobile.yandex.net
3081,calendarsync-pa.googleapis.com,1,www.google.com
3084,suggestqueries-clients6.youtube.com,1,www.google.com
3085,openxcdn.net,1,openxcdn.net
3087,w3-reporting-nel.reddit.com,1,w3-reporting-nel.reddit.com
3089,yastatic.net,7,adfstat.yandex.ru;api.yandex.ru;captcha-backgrounds.s3.yandex.net;cdnrhkgfkkpupuotntfj.svc.cdn.yandex.net;mc.yandex.ru;yandex.ru;yastatic.net
3090,ib.3lift.com,4,divp3w86nodu0.cloudfront.net;fonts.googleapis.com;fonts.gstatic.com;ib.3lift.com
3092,gspe21-ssl.ls.apple.com,1,gspe21-ssl.ls.apple.com
3094,manage.agent-cluster1.prod.us001-prod.arcticwolf.net,1,manage.agent-cluster1.prod.us001-prod.arcticwolf.net
3099,huntress-rio.s3.amazonaws.com,1,huntress-rio.s3.amazonaws.com
3107,manage.agent-cluster2.prod.us001-prod.arcticwolf.net,1,manage.agent-cluster2.prod.us001-prod.arcticwolf.net
3110,e-volution.ai,2,e-volution.ai;qtrypzzcjebvfcihiynt.supabase.co
3113,region1.google-analytics.com,1,www.google.com
3114,ipinfo.io,43,a.quora.com;alb.reddit.com;analytics.google.com;analytics.twitter.com;api.hubapi.com;api.iconify.design;app.termly.io;bat.bing.com;c.clarity.ms;cdn-4.convertexperiments.com;connect.facebook.net;forms.hsforms.com;googleads.g.doubleclick.net;ipinfo.io;js.hs-analytics.net;js.hs-banner.com;js.hs-scripts.com;js.hsadspixel.net;js.hscollectedforms.net;js.hsforms.net;js.hubspot.com;my.g2.com;p.typekit.net;perf-na1.hsforms.com;pixel-config.reddit.com;px.ads.linkedin.com;scripts.clarity.ms;snap.licdn.com;static.ads-twitter.com;stats.g.doubleclick.net;t.co;track.hubspot.com;tracking-api.g2.com;tracking.g2crowd.com;use.typekit.net;v.ipinfo.io;website-cdn.assets.ipinfo.io;www.clarity.ms;www.google.com;www.googleadservices.com;www.googletagmanager.com;www.linkedin.com;www.redditstatic.com
3115,amp-api.music.apple.com,1,amp-api.music.apple.com
3116,quake-pa.googleapis.com,1,www.google.com
3117,ipv4.cws.conviva.com,1,ipv4.cws.conviva.com
3123,oa.openxcdn.net,1,oa.openxcdn.net
3124,lf-static.tiktokpangle-cdn-us.com,1,lf-static.tiktokpangle-cdn-us.com
3127,mdp-appconf-sg.heytapdl.com,1,mdp-appconf-sg.heytapdl.com
3130,p16-comment-sign-useast8.tiktokcdn-us.com,1,p16-comment-sign-useast8.tiktokcdn-us.com
3132,adx.ads.vungle.com,1,adx.ads.vungle.com
3135,ingest.quantummetric.com,1,ingest.quantummetric.com
3136,hblg-nv.media.net,1,hblg-nv.media.net
3137,tr.rbxcdn.com,1,tr.rbxcdn.com
3138,calendarpushsubscription-pa.googleapis.com,1,www.google.com
3141,agents.amsua0502.manage.microsoft.com,1,agents.amsua0502.manage.microsoft.com
3142,gecko16-normal-useast5.tiktokv.us,1,gecko16-normal-useast5.tiktokv.us
3144,dsadata.intel.com,10,cdn.cookielaw.org;cm.g.doubleclick.net;consumer.intel.com;dogo.intel.com;dsadata.intel.com;geolocation.onetrust.com;pagead2.googlesyndication.com;siteintercept.qualtrics.com;www.intel.com;zn3vonk1wgpmvfrmg-inteldotcomvoc.siteintercept.qualtrics.com
3146,bazaarvoice.com,22,848-pgd-174.mktoresp.com;analytics.google.com;api.lever.co;bam.nr-data.net;bazaarvoice.com;cdn.cookielaw.org;cdn.endorsal.io;cdnjs.cloudflare.com;edge.curalate.com;geolocation.onetrust.com;googleads.g.doubleclick.net;js-agent.newrelic.com;js.zi-scripts.com;media.bazaarvoice.com;munchkin.marketo.net;resources.bazaarvoice.com;stats.g.doubleclick.net;use.typekit.net;ws-assets.zoominfo.com;ws.zoominfo.com;www.google.com;www.googletagmanager.com
3150,mssdk16-normal-useast5.tiktokv.us,1,mssdk16-normal-useast5.tiktokv.us
3151,api.intentiq.com,1,api.intentiq.com
3155,discord.media,1,discord.media
3158,insights.static.microsoft,3,insights.cloud.microsoft;insights.static.microsoft;login.microsoftonline.com
3159,oajs.openx.net,1,oajs.openx.net
3160,addin.insights.static.microsoft,1,addin.insights.static.microsoft
3161,pay.google.com,1,ssl.gstatic.com
3163,mssdk16-normal-useast8.tiktokv.us,1,mssdk16-normal-useast8.tiktokv.us
3167,sdk.iad-05.braze.com,1,sdk.iad-05.braze.com
3170,gecko16-normal-useast8.tiktokv.us,1,gecko16-normal-useast8.tiktokv.us
3173,filedownload.lenovo.com,1,filedownload.lenovo.com
3175,acuityplatform.com,1,acuityplatform.com
3181,tracing.roblox.com,1,tracing.roblox.com
3183,connectid.analytics.yahoo.com,21,118-oew-181.mktoresp.com;ajax.googleapis.com;cdn.cookielaw.org;cdn.prod.website-files.com;cdnjs.cloudflare.com;connectid.analytics.yahoo.com;csp.yahoo.com;d3e54v103j8qbb.cloudfront.net;fonts.googleapis.com;fonts.gstatic.com;geolocation.onetrust.com;munchkin.marketo.net;px.ads.linkedin.com;snap.licdn.com;static.hotjar.com;www.adtech.yahooinc.com;www.advertising.yahooinc.com;www.google-analytics.com;www.googletagmanager.com;www.linkedin.com;www.yahooinc.com
3186,rules.quantcount.com,1,rules.quantcount.com
3187,analytics.avcdn.net,1,analytics.avcdn.net
3188,feedback-pa.googleapis.com,1,www.google.com
3194,secure.quantserve.com,1,secure.quantserve.com
3195,adition.com,4,adition.com;policy.app.cookieinformation.com;vm.containers.piwik.pro;vm.piwik.pro
3197,gtrace.mediago.io,1,gtrace.mediago.io
3199,pull-flv-l11-sg01.tiktokcdn.com,1,pull-flv-l11-sg01.tiktokcdn.com
3200,occ.a.nflxso.net,1,occ.a.nflxso.net
3201,p16-comment-sign.tiktokcdn-us.com,1,p16-comment-sign.tiktokcdn-us.com
3205,editor.svc.cloud.microsoft,1,editor.svc.cloud.microsoft
3209,track.activemetering.com,1,track.activemetering.com
3210,epicgames.dev,2,challenges.cloudflare.com;epicgames.dev
3211,vimeo.com,13,arclight.vimeo.com;browser-intake-datadoghq.com;download-video-ak.vimeocdn.com;edge-assets.wirewax.com;edge-player5.wirewax.video;embedder-sdk.wirewax.video;f.vimeocdn.com;fonts.googleapis.com;player.vimeo.com;static.elfsight.com;transcend-cdn.com;vimeo.bynder.com;vimeo.com
3212,gspe85-ssl.ls.apple.com,1,gspe85-ssl.ls.apple.com
3213,adfarm1.adition.com,1,adfarm1.adition.com
3215,stocks-edge.apple.com,1,stocks-edge.apple.com
3219,config.officeapps.live.com,1,config.officeapps.live.com
3221,www.canva.com,2,challenges.cloudflare.com;static.cloudflareinsights.com
3226,www.yahoo.com,39,ad-delivery.net;ads.pubmatic.com;ads.yieldmo.com;api.rlcdn.com;c2shb-oao.ssp.yahoo.com;cdn.p-n.io;cdn.taboola.com;cm.g.doubleclick.net;consent.cmp.oath.com;d2mqt2joll4fma.cloudfront.net;display.bidder.taboola.com;exchange.kueezrtb.com;fastlane.rubiconproject.com;grid-bidder.criteo.com;guce.yahoo.com;htlb.casalemedia.com;ib.adnxs.com;idx.liadm.com;ncp-gw-frontpage.media.yahoo.com;nexus-gateway-prod.media.yahoo.com;noa.yahoo.com;opus.analytics.yahoo.com;pbs-yahoo-us.ay.delivery;pbs.yahoo.com;prebid-server.rubiconproject.com;prebid.media.net;rp.liadm.com;rtb.openx.net;s.seedtag.com;s.yimg.com;sb.scorecardresearch.com;securepubads.g.doubleclick.net;signal-service.pbs.yahoo.com;tlx.3lift.com;ups.analytics.yahoo.com;us-trc-events.taboola.com;wnsrvbjmeprtfrnfx.ay.delivery;www.googletagmanager.com;www.yahoo.com
3229,csync.copper6.com,1,csync.copper6.com
3231,b-api.facebook.com,1,b-api.facebook.com
3232,cs.krushmedia.com,1,cs.krushmedia.com
3233,uschi7.icloud-content.com,1,uschi7.icloud-content.com
3234,known-issues.apple.com,1,known-issues.apple.com
3238,upload2.fp.measure.office.com,1,upload2.fp.measure.office.com
3240,usc-excel.officeapps.live.com,1,usc-excel.officeapps.live.com
3242,emxdgt.com,18,ajax.googleapis.com;cadent.com;cdn-cookieyes.com;cdn.jsdelivr.net;cdn.prod.website-files.com;cdn.tailwindcss.com;d3e54v103j8qbb.cloudfront.net;emxdgt.com;fonts.googleapis.com;fonts.gstatic.com;forms-na1.hsforms.com;forms.hsforms.com;js.hsforms.net;log.cookieyes.com;thenewcadent.com;www.cadent.com;www.google.com;www.gstatic.com
3245,identrust.com,11,analytics.google.com;cdn.cookielaw.org;cdn.voiceflow.com;cm4-production-assets.s3.amazonaws.com;geolocation.onetrust.com;identrust.com;p.typekit.net;stats.g.doubleclick.net;use.typekit.net;widget.trustpilot.com;www.googletagmanager.com
3246,datarouter.ol.epicgames.com,1,datarouter.ol.epicgames.com
3247,sync.e-volution.ai,1,sync.e-volution.ai
3248,ids4.ad.gt,1,ids4.ad.gt
3249,push.prod.us-east-2.internal.dradis.netflix.com,1,push.prod.us-east-2.internal.dradis.netflix.com
3250,games.roblox.com,1,games.roblox.com
3252,trace.mediago.io,1,trace.mediago.io
3254,content-storage-download.googleapis.com,1,content-storage-download.googleapis.com
3255,colossusssp.com,1,colossusssp.com
3261,sync.kueezrtb.com,1,sync.kueezrtb.com
3263,pull-cmaf-f77-tt01.tiktokcdn-us.com,1,pull-cmaf-f77-tt01.tiktokcdn-us.com
3265,nrdp.prod.dradis.netflix.com,1,nrdp.prod.dradis.netflix.com
3266,socdm.com,1,socdm.com
3273,ids.ad.gt,1,ids.ad.gt
3274,verkada.com,29,acdn.adnxs.com;alb.reddit.com;analytics.sayprimer.com;api-js.mixpanel.com;assets.apollo.io;bat.bing.com;browser.sentry-cdn.com;cdn.cookielaw.org;cdn.jsdelivr.net;cdn.verkada.com;connect.facebook.net;d2hrivdxn8ekm8.cloudfront.net;distillery.wistia.com;embed-cloudfront.wistia.com;embed-ssl.wistia.com;fast.wistia.com;geolocation.onetrust.com;munchkin.marketo.net;pipedream.wistia.com;pixel-config.reddit.com;snap.licdn.com;tag.demandbase.com;tracking.g2crowd.com;verkada.com;ws.zoominfo.com;www.google.com;www.googletagmanager.com;www.redditstatic.com;www.verkada.com
3277,stats.gc.apple.com,1,stats.gc.apple.com
3278,api.epicgames.dev,1,challenges.cloudflare.com
3284,sr-client-cfg.amplitude.com,1,sr-client-cfg.amplitude.com
3286,licensing.m365.svc.cloud.microsoft,16,admin.microsoft.com;browser.events.data.microsoft.com;c.s-microsoft.com;config.edge.skype.com;js.monitor.azure.com;licensing.m365.svc.cloud.microsoft;login.live.com;login.microsoftonline.com;mem.gfx.ms;res.cdn.office.net;s.clarity.ms;scripts.clarity.ms;uhf.microsoft.com;www.clarity.ms;www.microsoft.com;www.office.com
3287,m.taobao.com,26,1gjl8m.tdum.alibaba.com;277gdo.tdum.alibaba.com;3ygiq2.tdum.alibaba.com;alidt.alicdn.com;at.alicdn.com;aup20c.tdum.alibaba.com;cf.aliyun.com;cm.mediav.com;fourier.alibaba.com;fourier.taobao.com;g.alicdn.com;g.aplus.taobao.com;gm.mmstat.com;gw.alicdn.com;h5api.m.taobao.com;img.alicdn.com;log.mmstat.com;login.taobao.com;m.taobao.com;o.alicdn.com;pc-growht-rta.taobao.com;push-v1.taobao.com;umdc.taobao.com;www.taobao.com;x.alicdn.com;ynuf.aliapp.org
3288,events.mobile.crashtracking.prod.ring.com,1,events.mobile.crashtracking.prod.ring.com
3289,dsum.casalemedia.com,1,dsum.casalemedia.com
3290,lbmdm.mosyle.com,1,lbmdm.mosyle.com
3291,data.mail.yahoo.com,47,ad-delivery.net;ad.turn.com;ads.pubmatic.com;ads.yieldmo.com;api.rlcdn.com;c2shb-oao.ssp.yahoo.com;cadmus.script.ac;cdn.p-n.io;cdn.taboola.com;cm.g.doubleclick.net;consent.cmp.oath.com;data.mail.yahoo.com;display.bidder.taboola.com;exchange.kueezrtb.com;fastlane.rubiconproject.com;grid-bidder.criteo.com;guce.yahoo.com;htlb.casalemedia.com;ib.adnxs.com;idx.liadm.com;match.adsrvr.org;ncp-gw-frontpage.media.yahoo.com;nexus-gateway-prod.media.yahoo.com;noa.yahoo.com;opus.analytics.yahoo.com;pbs-cs.openwebmp.com;pbs-yahoo-us.ay.delivery;pbs.yahoo.com;prebid-server.rubiconproject.com;prebid.media.net;rp.liadm.com;rtb.openx.net;s.seedtag.com;s.yimg.com;sb.scorecardresearch.com;seart.marphezis.com;securepubads.g.doubleclick.net;signal-service.pbs.yahoo.com;tlx.3lift.com;tr.blismedia.com;tsdtocl.com;u.openx.net;ups.analytics.yahoo.com;us-trc-events.taboola.com;wnsrvbjmeprtfrnfx.ay.delivery;www.googletagmanager.com;www.yahoo.com
3292,secure-gl.imrworldwide.com,1,secure-gl.imrworldwide.com
3293,nest.com,15,2542116.fls.doubleclick.net;ad.doubleclick.net;adservice.google.com;fonts.gstatic.com;googleads.g.doubleclick.net;lh3.googleusercontent.com;nest.com;ogads-pa.clients6.google.com;play.google.com;ssl.gstatic.com;storage.googleapis.com;www.google-analytics.com;www.google.com;www.googletagmanager.com;www.gstatic.com
3295,uber.com,8,accounts.google.com;cn-geo1.uber.com;d4p17acsd5wyj.cloudfront.net;mobile-content.uber.com;tags.tiqcdn.com;tb-static.uber.com;uber.com;www.uber.com
3296,ubuntu.com,7,assets.ubuntu.com;jspm.dev;pagead2.googlesyndication.com;res.cloudinary.com;ubuntu.com;w.usabilla.com;www.googletagmanager.com
3298,paypalobjects.com,2,paypalobjects.com;www.paypalobjects.com
3304,sync.colossusssp.com,1,sync.colossusssp.com
3308,smres.zdxcloud.net,1,smres.zdxcloud.net
3309,wikimedia.org,1,wikimedia.org
3312,paa-reporting-advertising.amazon,1,paa-reporting-advertising.amazon
3314,prod.pinterest.global.map.fastly.net,1,prod.pinterest.global.map.fastly.net
3317,economy.roblox.com,1,economy.roblox.com
3319,region1.app-measurement.com,1,www.google.com
3322,autodesk.com,2,autodesk.com;www.autodesk.com
3323,aptrinsic.com,7,aptrinsic.com;fonts.gstatic.com;gainsight.com;js.qualified.com;nitroscripts.com;to.getnitropack.com;www.gainsight.com
3324,www.paypalobjects.com,1,www.paypalobjects.com
3325,sync.adotmob.com,1,sync.adotmob.com
3326,iosantiabuse-pa.googleapis.com,1,www.google.com
3330,cdn.segment.com,1,cdn.segment.com
3331,config-cd-dmgz.bamgrid.com,1,config-cd-dmgz.bamgrid.com
3332,thaka.bing.com,1,thaka.bing.com
3333,rtbhouse.com,16,cdn.usefathom.com;cta-eu1.hubspot.com;fonts.googleapis.com;fonts.gstatic.com;js-eu1.hs-analytics.net;js-eu1.hs-banner.com;js-eu1.hs-scripts.com;js-eu1.hsadspixel.net;js-eu1.hubspot.com;perf-eu1.hsforms.com;rtbhouse.com;track-eu1.hubspot.com;www.datocms-assets.com;www.google-analytics.com;www.googletagmanager.com;www.rtbhouse.com
3335,esp.rtbhouse.com,1,esp.rtbhouse.com
3336,discovery.meethue.com,1,discovery.meethue.com
3339,tpsc-uw1.doubleverify.com,1,tpsc-uw1.doubleverify.com
3340,xsts.auth.xboxlive.com,1,xsts.auth.xboxlive.com
3343,bitdefender.com,55,100.20.58.101;ad.doubleclick.net;adobedc.demdex.net;alb.reddit.com;analytics-ipv6.tiktokw.us;analytics.google.com;analytics.tiktok.com;analytics.twitter.com;api.company-target.com;bat.bing.com;bat.bing.net;bitdefender.com;bitdefender.f9tmep.net;c.az.contentsquare.net;c.clarity.ms;cdn.bizible.com;cdn.bizibly.com;connect.facebook.net;dsum-sec.casalemedia.com;dx.mountain.com;fast.ssqt.io;get.bitdefender.com;googleads.g.doubleclick.net;grsm.io;js.hsforms.net;js.partnerstack.com;lasteventf-tm.everesttech.net;partnerlinks.io;partners.tremorhub.com;pixel-config.reddit.com;pixel.rubiconproject.com;px.ads.linkedin.com;s.clarity.ms;s.company-target.com;scripts.clarity.ms;server-side-tagging-252547276999.europe-west1.run.app;snap.licdn.com;sstats.bitdefender.com;static.ads-twitter.com;static.hotjar.com;stats.g.doubleclick.net;t.co;t.contentsquare.net;tag-logger.demandbase.com;tag.demandbase.com;utt.impactcdn.com;v1.api.service.cmp.usercentrics.eu;web.cmp.usercentrics.eu;www.bitdefender.com;www.clarity.ms;www.everestjs.net;www.google.com;www.googletagmanager.com;www.linkedin.com;www.redditstatic.com
3344,vast.zefrdata.com,1,vast.zefrdata.com
3345,static.chartbeat.com,1,static.chartbeat.com
3348,ims-na1.adobelogin.com,1,ims-na1.adobelogin.com
3349,tags.srv.stackadapt.com,1,tags.srv.stackadapt.com
3351,manage.agent-cluster1.prod.us002-prod.arcticwolf.net,1,manage.agent-cluster1.prod.us002-prod.arcticwolf.net
3353,sync-t1.taboola.com,1,sync-t1.taboola.com
3354,i.sng.link,1,i.sng.link
3355,api-js.mixpanel.com,1,api-js.mixpanel.com
3356,registerdisney.go.com,1,registerdisney.go.com
3359,evidon.com,22,457-tsj-193.mktoresp.com;analytics.google.com;c.evidon.com;evidon.com;fonts.gstatic.com;js.qualified.com;l.evidon.com;munchkin.marketo.net;pagead2.googlesyndication.com;px.ads.linkedin.com;scout-cdn.salesloft.com;scout.salesloft.com;snap.licdn.com;stats.g.doubleclick.net;track.gaconnector.com;ws.zoominfo.com;www.crownpeak.com;www.evidon.com;www.google-analytics.com;www.google.com;www.googletagmanager.com;www.linkedin.com
3360,beacons-handoff.gcp.gvt2.com,1,beacons-handoff.gcp.gvt2.com
3362,det-ta-g7g.amazon.com,1,det-ta-g7g.amazon.com
3363,familyshield.opendns.com,1,familyshield.opendns.com
3365,sf19.tiktokcdn-us.com,1,sf19.tiktokcdn-us.com
3367,pull-flv-l77-tt02.tiktokcdn-us.com,1,pull-flv-l77-tt02.tiktokcdn-us.com
3372,firebaseappcheck.googleapis.com,1,www.google.com
3373,newsbreak.com,32,02e85f4af60b25717b2a76a92949a3c6.safeframe.googlesyndication.com;accounts.google.com;b-code.liadm.com;cd.connatix.com;cdn.amplitude.com;cds.connatix.com;cm.g.doubleclick.net;eb2.3lift.com;ep1.adtrafficquality.google;ep2.adtrafficquality.google;fonts.gstatic.com;gum.criteo.com;i.liadm.com;id-msp.newsbreak.com;image6.pubmatic.com;img.particlenews.com;match.adsrvr.org;msp.newsbreak.com;newsbreak.com;pagead2.googlesyndication.com;pixel.rubiconproject.com;px.ads.linkedin.com;rp.liadm.com;securepubads.g.doubleclick.net;sli.digest.newsbreak.com;sli.national.newsbreak.com;sli.newsbreak.com;static.newsbreak.com;sync.srv.stackadapt.com;ups.analytics.yahoo.com;www.google.com;www.newsbreak.com
3374,tg.socdm.com,1,tg.socdm.com
3377,ios.prod.cloud.netflix.com,1,ios.prod.cloud.netflix.com
3378,pixels.ad.gt,1,pixels.ad.gt
3379,adroll.com,66,964-wfu-818.mktoresp.com;adroll.com;api.segment.io;app.clearbit.com;b2bjsstore.s3.us-west-2.amazonaws.com;c.bing.com;c.clarity.ms;c.contentsquare.net;cdn.dreamdata.cloud;cdn.heapanalytics.com;cdn.jsdelivr.net;cdn.madkudu.com;cdn.segment.com;cm.g.doubleclick.net;collector-53697.us.tvsquared.com;connect.facebook.net;d.adroll.com;dev.visualwebsiteoptimizer.com;dsum-sec.casalemedia.com;eb2.3lift.com;forms-na2.hsforms.com;googleads.g.doubleclick.net;heapanalytics.com;ib.adnxs.com;idsync.rlcdn.com;image2.pubmatic.com;images.g2crowd.com;js-na2.hs-analytics.net;js-na2.hs-banner.com;js-na2.hs-scripts.com;js-na2.hscollectedforms.net;js.qualified.com;k-aus1.contentsquare.net;kit.fontawesome.com;lex.33across.com;match.adsrvr.org;ml314.com;munchkin.marketo.net;pippio.com;pixel.rubiconproject.com;pixel.tapad.com;ps.eyeota.net;px.ads.linkedin.com;reveal.clearbit.com;s.adroll.com;s.clarity.ms;scripts.clarity.ms;snap.licdn.com;sync.outbrain.com;sync.taboola.com;t.contentsquare.net;tag.clearbitscripts.com;tag.unifyintent.com;track-na2.hubspot.com;tracking-api.g2.com;unpkg.com;us-u.openx.net;ws.zoominfo.com;www.clarity.ms;www.g2.com;www.google-analytics.com;www.google.com;www.googletagmanager.com;www.linkedin.com;x.bidswitch.net;x.clearbitjs.com
3380,fitness.googleapis.com,1,www.google.com
3382,doh.familyshield.opendns.com,1,doh.familyshield.opendns.com
3384,fyber.com,12,241839045.fs1.hubspotusercontent-na2.net;cdn-cookieyes.com;cdn.prod.website-files.com;connect.facebook.net;d3e54v103j8qbb.cloudfront.net;forms-na2.hsforms.com;fyber.com;js-na2.hsforms.net;log.cookieyes.com;static.hsappstatic.net;www.digitalturbine.com;www.googletagmanager.com
3387,api.spotify.com,7,api.spotify.com;apresolve.spotify.com;cdn.cookielaw.org;developer-assets.spotifycdn.com;encore.scdn.co;geolocation.onetrust.com;www.googletagmanager.com
3389,beacon-iad6.rubiconproject.com,1,beacon-iad6.rubiconproject.com
3395,ecs.nel.measure.office.net,2,ajax.aspnetcdn.com;ecs.nel.measure.office.net
3396,p19-comment-sign-useast8.tiktokcdn-us.com,1,p19-comment-sign-useast8.tiktokcdn-us.com
3397,us2.api.endpoint.ingress.rapid7.com,1,us2.api.endpoint.ingress.rapid7.com
3398,enterprise.slack.com,5,a.slack-edge.com;cdn.cookielaw.org;enterprise-renamed.slack.com;enterprise.slack.com;geolocation.onetrust.com
3400,qvdt3feo.com,1,qvdt3feo.com
3403,amazon.co.uk,7,1c5c1ecf7303.a481e94e.us-east-2.token.awswaf.com;amazon.co.uk;fls-eu.amazon.co.uk;images-na.ssl-images-amazon.com;m.media-amazon.com;unagi.amazon.co.uk;www.amazon.co.uk
3404,client-sdk-configs.bamgrid.com,1,client-sdk-configs.bamgrid.com
3405,ced-ns.sascdn.com,1,ced-ns.sascdn.com
3406,gtracenep.admaster.cc,1,gtracenep.admaster.cc
3409,gateway.prod.us-east-1.forester.a2z.com,1,gateway.prod.us-east-1.forester.a2z.com
3412,pull-flv-l77-tt01.tiktokcdn-us.com,1,pull-flv-l77-tt01.tiktokcdn-us.com
3414,edge.safedk.com,1,edge.safedk.com
3417,fw-eventstream.prod.gws.ring.amazon.dev,1,fw-eventstream.prod.gws.ring.amazon.dev
3418,swdist.apple.com,1,swdist.apple.com
3419,webcast16-normal-c-alisg.tiktokv.com,1,webcast16-normal-c-alisg.tiktokv.com
3420,sharethis.com,13,buttons-config.sharethis.com;cdn.weglot.com;cmp.osano.com;count-server.sharethis.com;fonts.googleapis.com;fonts.gstatic.com;gdpr-api.sharethis.com;l.sharethis.com;platform-api.sharethis.com;platform-cdn.sharethis.com;sharethis.com;sharethis.imgix.net;www.googletagmanager.com
3421,iqzone.com,24,cm.g.doubleclick.net;connect.facebook.net;d.adroll.com;dsum-sec.casalemedia.com;eb2.3lift.com;fonts.googleapis.com;fonts.gstatic.com;ib.adnxs.com;idsync.rlcdn.com;image2.pubmatic.com;iqzone.com;lex.33across.com;match.adsrvr.org;ml314.com;pippio.com;pixel.rubiconproject.com;pixel.tapad.com;ps.eyeota.net;px.ads.linkedin.com;s.adroll.com;sync.outbrain.com;sync.taboola.com;us-u.openx.net;x.bidswitch.net
3422,v16m.tiktokcdn.com,1,v16m.tiktokcdn.com
3423,gld.push.samsungosp.com,1,gld.push.samsungosp.com
3425,cdn.registerdisney.go.com,1,cdn.registerdisney.go.com
3429,bsync.tiktokv.us,1,bsync.tiktokv.us
3430,aol.com,57,3p-udc.yahoo.com;aa.agkn.com;ad.turn.com;ads.yieldmo.com;aol.com;bam.nr-data.net;bats.video.yahoo.com;bcp.crwdcntrl.net;c2shb-oao.ssp.yahoo.com;cdn.id5-sync.com;cdn.jsdelivr.net;cdn.taboola.com;cm.g.doubleclick.net;cms.analytics.yahoo.com;consent.cmp.oath.com;display.bidder.taboola.com;dpm.demdex.net;esp.rtbhouse.com;exchange.kueezrtb.com;fastlane.rubiconproject.com;google-bidout-d.openx.net;grid-bidder.criteo.com;guce.aol.com;hbopenbid.pubmatic.com;htlb.casalemedia.com;ib.adnxs.com;idx.liadm.com;invstatic101.creativecdn.com;js-agent.newrelic.com;match.adsrvr.org;membernotifications.aol.com;oa.openxcdn.net;oajs.openx.net;opus.analytics.yahoo.com;pbs-yahoo-us.ay.delivery;pbs.www.aol.com;pbs.yahoo.com;prebid.media.net;rp.liadm.com;rtb.openx.net;s.seedtag.com;s.yimg.com;securepubads.g.doubleclick.net;signal-service.pbs.www.aol.com;static.criteo.net;sync-tm.everesttech.net;tags.crwdcntrl.net;tlx.3lift.com;tsdtocl.com;uipglob.semasio.net;ups.analytics.aol.com;ups.analytics.yahoo.com;wnsrvbjmeprtfrnfx.ay.delivery;www.aol.com;www.google-analytics.com;www.googletagmanager.com;yahoo-match.dotomi.com
3432,bsync16-normal-useast8.tiktokv.us,1,bsync16-normal-useast8.tiktokv.us
3434,p16-sg.tiktokcdn.com,1,p16-sg.tiktokcdn.com
3439,p19-comment-sign.tiktokcdn-us.com,1,p19-comment-sign.tiktokcdn-us.com
3440,q419zmlyfb4fa0.na.api.amazonvideo.com,1,q419zmlyfb4fa0.na.api.amazonvideo.com
3441,agents.msua09.manage.microsoft.com,1,agents.msua09.manage.microsoft.com
3442,p16-pu-sign-useast8.tiktokcdn-us.com,1,p16-pu-sign-useast8.tiktokcdn-us.com
3444,kinesis.us-west-2.amazonaws.com,1,kinesis.us-west-2.amazonaws.com
3445,crs.cr.adobe.com,1,crs.cr.adobe.com
3448,dns.weixin.qq.com.cn,1,dns.weixin.qq.com.cn
3449,sdk.iad-03.braze.com,1,sdk.iad-03.braze.com
3450,geo2.adobe.com,1,geo2.adobe.com
3453,pull-f5-sg01.tiktokcdn.com,1,pull-f5-sg01.tiktokcdn.com
3459,media6degrees.com,18,api.userway.org;cdn.cookielaw.org;cdn.lgrckt-in.com;cdn.userway.org;cdnjs.cloudflare.com;dstillery.chilipiper.com;dstillery.com;fonts.googleapis.com;fonts.gstatic.com;geolocation.onetrust.com;googleads.g.doubleclick.net;i.ytimg.com;media6degrees.com;static.doubleclick.net;www.bugherd.com;www.google.com;www.googletagmanager.com;www.youtube.com
3467,sb-ssl.google.com,1,www.google.com
3469,r.casalemedia.com,1,r.casalemedia.com
3470,brightcloud.com,38,128-239-2-78_s-23-215-0-5_ts-1776302871-clienttons-s.akamaihd.net;analytics.google.com;app.gatedcontent.com;assets.ot.digital;brightcloud.com;c.go-mpulse.net;cdn.cookielaw.org;cm.g.doubleclick.net;epsilon.6sense.com;geolocation.onetrust.com;googleads.g.doubleclick.net;ib.adnxs.com;img.en25.com;insight.adsrvr.org;insitez.blob.core.windows.net;ipv6.6sc.co;j.6sc.co;js.adsrvr.org;js.qualified.com;origin.marketinghub.opentext.com;pixel.rubiconproject.com;px.ads.linkedin.com;qdxqettimfkrw2pahmlq-prhk99-9b23f8d56-clientnsv4-s.akamaihd.net;resources.opentext.com;s.clarity.ms;s.go-mpulse.net;scripts.clarity.ms;secure.marketinghub.opentext.com;snap.licdn.com;stats.g.doubleclick.net;trial-eum-clientnsv4-s.akamaihd.net;trial-eum-clienttons-s.akamaihd.net;wisepops.net;www.clarity.ms;www.google.com;www.googletagmanager.com;www.linkedin.com;www.opentext.com
3471,rakuten.com,8,cdn.jsdelivr.net;connect.facebook.net;events.engager.ecbsn.com;rakuten.com;static.rakuten.com;www.datadoghq-browser-agent.com;www.facebook.com;www.rakuten.com
3472,log32-normal-sg.capcutapi.com,1,log32-normal-sg.capcutapi.com
3473,nrb.ybp.yahoo.com,1,nrb.ybp.yahoo.com
3474,cdn-content.ampproject.org,1,www.google.com
3476,sync.itunes.apple.com,1,sync.itunes.apple.com
3477,static-tracking.klaviyo.com,1,static-tracking.klaviyo.com
3480,friend.gc.apple.com,1,friend.gc.apple.com
3481,f.media-amazon.com,1,f.media-amazon.com
3482,cs.iqzone.com,1,cs.iqzone.com
3483,eu-u.openx.net,1,eu-u.openx.net
3485,browser.yandex.ru,5,cdn.jsdelivr.net;download-paranja.yandex.net;mc.yandex.ru;yandex.ru;yastatic.net
3487,region1.analytics.google.com,1,www.google.com
3491,activate.agent-common.prod.us002-prod.arcticwolf.net,1,activate.agent-common.prod.us002-prod.arcticwolf.net
3495,aes.us-east.ono.axp.amazon-adsystem.com,1,aes.us-east.ono.axp.amazon-adsystem.com
3502,pacman.prod.nam.csc.cisco.com,1,pacman.prod.nam.csc.cisco.com
3504,nf.smartscreen.microsoft.com,1,nf.smartscreen.microsoft.com
3505,system-monitor.com,11,ajax.aspnetcdn.com;ajax.googleapis.com;fonts.googleapis.com;fonts.gstatic.com;maxcdn.bootstrapcdn.com;sso.navigatorlogin.com;stats.g.doubleclick.net;system-monitor.com;www.google-analytics.com;www.googletagmanager.com;www.system-monitor.com
3506,api.browser.yandex.ru,1,api.browser.yandex.ru
3510,manageengine.com,16,accounts.zoho.ae;accounts.zoho.com;accounts.zoho.com.au;accounts.zoho.eu;accounts.zoho.in;accounts.zoho.jp;accounts.zoho.uk;accounts.zohocloud.ca;cdn.manageengine.com;css.zohocdn.com;js.zohocdn.com;manageengine.com;salesiq.zoho.in;salesiq.zohopublic.in;widgets.zohosalesiq.com;www.manageengine.com
3513,c.evidon.com,1,c.evidon.com
3516,i.l.inmobicdn.net,1,i.l.inmobicdn.net
3518,i6.liadm.com,1,i6.liadm.com
3520,ums.acuityplatform.com,1,ums.acuityplatform.com
3522,salesforce.com,2,salesforce.com;www.salesforce.com
3523,outlook.live.com,8,eu-office.events.data.microsoft.com;login.live.com;login.microsoftonline.com;outlook.live.com;res.public.onecdn.static.microsoft;rum.hlx.page;uhf.microsoft.com;www.microsoft.com
3526,latency.discord.media,1,latency.discord.media
3527,speed.cloudflare.com,2,platform.dash.cloudflare.com;speed.cloudflare.com
3529,o-adq.mediation.unity3d.com,1,o-adq.mediation.unity3d.com
3532,vision.fn-pz.com,1,vision.fn-pz.com
3537,client.aps.amazon-adsystem.com,1,client.aps.amazon-adsystem.com
3539,vortex.data.microsoft.com,1,vortex.data.microsoft.com
3542,hubspot.com,56,11620487.fls.doubleclick.net;18.210.229.244;53.fs1.hubspotusercontent-na1.net;ad.doubleclick.net;adservice.google.com;analytics-ipv6.tiktokw.us;analytics.google.com;analytics.tiktok.com;analytics.twitter.com;ara.paa-reporting-advertising.amazon;arttrk.com;bat.bing.com;bat.bing.net;c.amazon-adsystem.com;cdn.pdst.fm;cdn.veritonic.com;cdn1.hubspot.net;collector-54224.us.tvsquared.com;connect.facebook.net;d.impactradius-event.com;dx.mountain.com;fast.ssqt.io;fonts.googleapis.com;go.try-hubspot.com;googleads.g.doubleclick.net;hubspot.com;ip.veritonicmetrics.com;js.hs-analytics.net;js.hs-banner.com;js.hsadspixel.net;js.hubspotfeedback.com;js.usemessages.com;ob.greencolumnart.com;obs.greencolumnart.com;perf-na1.hsforms.com;pixel.byspotify.com;pixel.tapad.com;pixels.spotify.com;px.ads.linkedin.com;s.amazon-adsystem.com;sca-1113-adswizz.attribution.adswizz.com;snap.licdn.com;static.ads-twitter.com;static.hotjar.com;static.hsappstatic.net;static2cdn.hubspot.com;stats.g.doubleclick.net;t.co;tags.pw.adn.cloud;trkn.us;wtcfns.hubspot.com;www.google.com;www.googleadservices.com;www.googletagmanager.com;www.hubspot.com;www.linkedin.com
3544,bugly.qq.com,3,bugly.qq.com;vm.gtimg.cn;wp.qiye.qq.com
3547,voice.roblox.com,1,voice.roblox.com
3548,a.media-amazon.com,1,a.media-amazon.com
3549,mid.rkdms.com,1,mid.rkdms.com
3550,qagpublic.qg2.apps.qualys.com,1,qagpublic.qg2.apps.qualys.com
3553,int08h.com,3,cdnjs.cloudflare.com;int08h.com;www.google-analytics.com
3557,resolver.msg.global.xiaomi.net,1,resolver.msg.global.xiaomi.net
3562,odf.app-ads-services.com,1,www.google.com
3564,www.fbsbx.com,1,www.fbsbx.com
3565,honzik.avcdn.net,1,honzik.avcdn.net
3567,vop.sundaysky.com,1,vop.sundaysky.com
3569,aggr19-normal.tiktokv.us,1,aggr19-normal.tiktokv.us
3570,api.samsungconsent.com,1,api.samsungconsent.com
3571,warp.media.net,1,warp.media.net
3573,navvy.media.net,1,navvy.media.net
3574,osb-ussvc-v2.samsungqbe.com,1,osb-ussvc-v2.samsungqbe.com
3579,api.mapbox.com,1,api.mapbox.com
3580,avatars.mds.yandex.net,1,avatars.mds.yandex.net
3581,walmart.com,14,b.wal.co;b.www.walmart.com;client.px-cloud.net;collector-pxu6b0qd2s.px-cloud.net;crcldu.com;fonts.googleapis.com;fst-ec.perimeterx.net;gum.criteo.com;i5.walmartimages.com;idsync.rlcdn.com;tpc.googlesyndication.com;tzm.px-cloud.net;walmart.com;www.walmart.com
3582,api16-dual-event-sg2.pangle.io,1,api16-dual-event-sg2.pangle.io
3583,realtime-signalr.roblox.com,1,realtime-signalr.roblox.com
3587,dev.virtualearth.net,1,dev.virtualearth.net
3589,pbs-cs.yellowblue.io,1,pbs-cs.yellowblue.io
3590,d.adroll.com,1,d.adroll.com
3593,fei.pro-market.net,1,fei.pro-market.net
3594,player.vimeo.com,11,browser-intake-datadoghq.com;cdn.builder.io;download-video-ak.vimeocdn.com;f.vimeocdn.com;fonts.googleapis.com;player.vimeo.com;static.elfsight.com;transcend-cdn.com;vimeo.bynder.com;vimeo.com;www.googletagmanager.com
3595,p.ad.gt,1,p.ad.gt
3601,tizen.org,3,cdn.jsdelivr.net;code.jquery.com;tizen.org
3606,media.discordapp.net,1,media.discordapp.net
3607,pandora.com,9,browser-intake-datadoghq.com;cdn.cookielaw.org;client.px-cloud.net;collector-pxxljwhhue.px-cloud.net;geolocation.onetrust.com;pandora.com;tzm.px-cloud.net;web-cdn.pandora.com;www.pandora.com
3608,createjs.com,11,cdnjs.cloudflare.com;code.createjs.com;createjs.com;fonts.googleapis.com;fonts.gstatic.com;p.typekit.net;platform.twitter.com;syndication.twitter.com;use.typekit.net;www.google-analytics.com;www.googletagmanager.com
3609,code.createjs.com,4,code.createjs.com;use.typekit.net;www.google-analytics.com;www.googletagmanager.com
3610,ice.360yield.com,1,ice.360yield.com
3611,www.tizen.org,3,cdn.jsdelivr.net;code.jquery.com;www.tizen.org
3612,gravityzone.bitdefender.com,4,adobedc.demdex.net;assets.adobedtm.com;gravityzone.bitdefender.com;sstats.bitdefender.com
3615,he.lijit.com,1,he.lijit.com
3616,metadata.templates.cdn.office.net,1,metadata.templates.cdn.office.net
3617,aga.web.ap-northeast-1.prod.diagnostic.networking.aws.dev,1,aga.web.ap-northeast-1.prod.diagnostic.networking.aws.dev
3622,a.espncdn.com,15,a.espncdn.com;a1.espncdn.com;a3.espncdn.com;a4.espncdn.com;cdn.cookielaw.org;cdn.espn.com;chui-assets-cdn.espn.com;dcf.espn.com;espn.go.com;micro.rubiconproject.com;pinpoint.espn.com;scripts.webcontentassessor.com;secure.espn.com;www.espn.com;www.googletagservices.com
3625,usercentrics.eu,30,alb.reddit.com;analytics.google.com;api.livechatinc.com;app.factors.ai;cdn.amplitude.com;cdn.dreamdata.cloud;cdn.livechatinc.com;connect.facebook.net;fonts.gstatic.com;googleads.g.doubleclick.net;i.ytimg.com;pixel-config.reddit.com;privacy-proxy-server.usercentrics.eu;px.ads.linkedin.com;snap.licdn.com;sst.usercentrics.com;static.doubleclick.net;static.hotjar.com;stats.g.doubleclick.net;tracking-api.g2.com;tracking.g2crowd.com;usercentrics.com;usercentrics.eu;v1.api.service.cmp.usercentrics.eu;web.cmp.usercentrics.eu;www.google.com;www.googletagmanager.com;www.linkedin.com;www.redditstatic.com;www.youtube.com
3627,i-adq.mediation.unity3d.com,1,i-adq.mediation.unity3d.com
3628,images.sr.roku.com,2,images-svc.sr.roku.com;images.sr.roku.com
3631,beacon-nf.rubiconproject.com,1,beacon-nf.rubiconproject.com
3634,apps.threatlocker.com,1,apps.threatlocker.com
3636,intuit.com,45,1996823.fls.doubleclick.net;2796.global.siteimproveanalytics.io;8344993.fls.doubleclick.net;acdn.adnxs.com;ad.doubleclick.net;adservice.google.com;c.go-mpulse.net;consent.freecreditkarmatax.com;consent.intuit.com;consent.intuit.quickbooksconnect.com;consent.intuit.tsheets.com;consent.mailchimp.com;consent.www.firmofthefuture.com;data.adxcel-ec2.com;digitalasset.intuit.com;dpm.demdex.net;edge.fullstory.com;eventbus.intuit.com;geolocation.onetrust.com;googleads.g.doubleclick.net;ib.adnxs.com;insight.adsrvr.org;intuit.com;ivid-prod.intuit.com;lib.intuitcdn.net;pixel.tapad.com;privacy-cdn.a.intuit.com;pt.ispot.tv;px.ads.linkedin.com;rs.fullstory.com;s.go-mpulse.net;sc-static.net;sci.intuit.com;segment.intuitcdn.net;siteimproveanalytics.com;tags.tiqcdn.com;tr.snapchat.com;uxfabric.intuitcdn.net;www.google-analytics.com;www.google.com;www.googleadservices.com;www.googletagmanager.com;www.intuit.com;www.linkedin.com;zn_3siux5otvvf1mct-intuit.siteintercept.qualtrics.com
3642,p.ravm.tv,1,p.ravm.tv
3644,pghub.io,1,pghub.io
3645,census-app-x.scorecardresearch.com,1,census-app-x.scorecardresearch.com
3647,photos.googleapis.com,1,www.google.com
3648,ssl.p.jwpcdn.com,1,ssl.p.jwpcdn.com
3650,img.kwcdn.com,1,img.kwcdn.com
3654,web-chat-e2ee.facebook.com,4,static.xx.fbcdn.net;web-chat-e2ee.facebook.com;www.facebook.com;www.instagram.com
3658,aga.web.eu-west-1.prod.diagnostic.networking.aws.dev,1,aga.web.eu-west-1.prod.diagnostic.networking.aws.dev
3660,ib.isappcloud.com,1,ib.isappcloud.com
3664,ea.com,20,3879194.fls.doubleclick.net;ad.doubleclick.net;adservice.google.com;analytics.google.com;bam-cell.nr-data.net;cdnjs.cloudflare.com;consent.trustarc.com;d.agkn.com;ea.com;js-agent.newrelic.com;media.contentapi.ea.com;p.typekit.net;pl.ea.com;privacy-policy.truste.com;stats.g.doubleclick.net;unpkg.com;use.typekit.net;w.soundcloud.com;www.google.com;www.googletagmanager.com
3665,matrix.redditspace.com,1,matrix.redditspace.com
3667,aga.web.us-east-1.prod.diagnostic.networking.aws.dev,1,aga.web.us-east-1.prod.diagnostic.networking.aws.dev
3669,identify.prod.nam.csc.cisco.com,1,identify.prod.nam.csc.cisco.com
3671,pixel.onaudience.com,1,pixel.onaudience.com
3672,metrics.roblox.com,1,metrics.roblox.com
3673,mmg.whatsapp.net,1,mmg.whatsapp.net
3675,syndication.twitter.com,1,syndication.twitter.com
3676,weatherapi.intl.xiaomi.com,1,weatherapi.intl.xiaomi.com
3678,lge.com,122,8531376.fls.doubleclick.net;acdn.adnxs.com;ad.doubleclick.net;adservice.google.com;alb.reddit.com;analytics-ipv6.tiktokw.us;analytics.audioeye.com;analytics.cloud.coveo.com;analytics.google.com;analytics.tiktok.com;analytics.twitter.com;api.zaius.com;ara.paa-reporting-advertising.amazon;assets.brandswap.com;bat.bing.com;browser-intake-datadoghq.com;c.amazon-adsystem.com;c.clarity.ms;c.go-mpulse.net;c616071049e743958aea4e9c5a641d81-0be2584242e5.cdn.forter.com;cdn.attn.tv;cdn.id5-sync.com;cdn.optimizely.com;cdn.pricespider.com;cdn.transcend.io;cdn0.forter.com;cdn3.forter.com;cdn3.optimizely.com;cdn6.forter.com;cm.g.doubleclick.net;connect.facebook.net;conv-pix.adstk.io;d.adroll.com;d1igp3oop3iho5.cloudfront.net;ddjpc.lg.com;dsum-sec.casalemedia.com;dynamic.criteo.com;eb2.3lift.com;edge.fullstory.com;ep1.adtrafficquality.google;ep2.adtrafficquality.google;fonts.googleapis.com;getrockerbox.com;gum.criteo.com;halc.iadvize.com;id5-sync.com;idsync.rlcdn.com;image2.pubmatic.com;insight.adsrvr.org;js.adstk.io;js.audiohook.com;labs.iadvize.com;lb.eu-1-id5-sync.com;lbs.eu-1-id5-sync.com;lex.33across.com;lg-us.attn.tv;lge.com;lgeprod.uswe01.productrecs.episerver.net;live-chat-static.sprinklr.com;logx.optimizely.com;match.prod.bidr.io;media.us.lg.com;ml314.com;ob.youstarsbuilding.com;obs.youstarsbuilding.com;pagead2.googlesyndication.com;pippio.com;pixel-config.reddit.com;pixel.rubiconproject.com;pixel.tapad.com;prod-live-chat.sprinklr.com;ps.eyeota.net;px.ads.linkedin.com;rbj3smbh.lg.com;retail.googleapis.com;rs.fullstory.com;rt.udmserve.net;s.adroll.com;s.amazon-adsystem.com;s.clarity.ms;s.go-mpulse.net;s.pinimg.com;sc-static.net;scripts.clarity.ms;secure.adnxs.com;segment.prod.bidr.io;siteintercept.qualtrics.com;snap.licdn.com;sprcdn-assets.sprinklr.com;sslwidget.criteo.com;static.ads-twitter.com;static.cloud.coveo.com;stats.g.doubleclick.net;sync.outbrain.com;sync.taboola.com;t.co;tags.creativecdn.com;tags.srv.stackadapt.com;tags.w55c.net;tapi.optimizely.com;tr.snapchat.com;transcend-cdn.com;tvspix.com;undefined.cdn4.forter.com;us-u.openx.net;us.connextra.com;us.creativecdn.com;wsmcdn.audioeye.com;wsv3cdn.audioeye.com;www.clarity.ms;www.datadoghq-browser-agent.com;www.google.com;www.googleadservices.com;www.googletagmanager.com;www.gstatic.com;www.lg.com;www.lge.com;www.linkedin.com;www.mczbf.com;www.redditstatic.com;x.bidswitch.net;zn2axi2dsrg02wsi2-lgelectronics.siteintercept.qualtrics.com
3679,streaming.split.io,1,streaming.split.io
3681,presence.roblox.com,1,presence.roblox.com
3682,www.srmdata-us.com,1,www.srmdata-us.com
3684,google.us,3,ogads-pa.clients6.google.com;play.google.com;www.gstatic.com
3687,external-preview.redd.it,2,external-preview.redd.it;www.reddit.com
3689,ip-api.com,4,cache.ip-api.com;demo.ip-api.com;ip-api.com;lqv4s0msjpdm76sq4qh7gv1i3bdt0jwm.edns.ip-api.com
3691,www.google.us,3,ogads-pa.clients6.google.com;play.google.com;www.gstatic.com
3693,secure.espncdn.com,15,a.espncdn.com;a1.espncdn.com;a2.espncdn.com;a4.espncdn.com;cdn.cookielaw.org;cdn.espn.com;chui-assets-cdn.espn.com;dcf.espn.com;espn.go.com;micro.rubiconproject.com;pinpoint.espn.com;scripts.webcontentassessor.com;secure.espncdn.com;www.espn.com;www.googletagservices.com
3696,p16-sign.tiktokcdn-us.com,1,p16-sign.tiktokcdn-us.com
3697,gecko31-normal-alisg.tiktokv.com,1,gecko31-normal-alisg.tiktokv.com
3698,admixer.net,18,admixer.com;admixer.net;cdn.admixer.net;cdn.getkoala.com;challenges.cloudflare.com;cm.g.doubleclick.net;forms-eu1.hsforms.com;inv-dmp.admixer.net;inv-nets-nyc-s1.admixer.net;inv-nets.admixer.net;js-eu1.hs-analytics.net;js-eu1.hs-banner.com;js-eu1.hs-scripts.com;js-eu1.hscollectedforms.net;rawgit.com;sc.lfeeder.com;tr-rc.lfeeder.com;track-eu1.hubspot.com
3700,pickasso.spotifycdn.com,1,pickasso.spotifycdn.com
3701,brandmetrics.com,2,brandmetrics.com;cdnjs.cloudflare.com
3704,portal.office.com,5,aadcdn.msftauth.net;login.live.com;login.microsoftonline.com;portal.office.com;www.microsoft365.com
3705,tunnel.rmm.datto.com,1,tunnel.rmm.datto.com
3706,img.applovin.com,1,img.applovin.com
3707,ad-events.flashtalking.com,1,ad-events.flashtalking.com
3708,rokt.com,61,117983191.intellimizeio.com;acq-3pas.admatrix.jp;analytics.google.com;api.intellimize.co;browser.sentry-cdn.com;c.6sc.co;cdn.cookielaw.org;cdn.embed.ly;cdn.embedly.com;cdn.intellimize.co;cdn.jsdelivr.net;cdn.prod.website-files.com;cm.g.doubleclick.net;connect.facebook.net;d.adroll.com;d3e54v103j8qbb.cloudfront.net;distillery.wistia.com;dsum-sec.casalemedia.com;eb2.3lift.com;embed-cloudfront.wistia.com;fast.wistia.com;fast.wistia.net;geolocation.onetrust.com;googleads.g.doubleclick.net;hubspotonwebflow.com;ib.adnxs.com;idsync.rlcdn.com;image2.pubmatic.com;ipv6.6sc.co;j.6sc.co;js.hs-analytics.net;js.hs-banner.com;js.hs-scripts.com;lex.33across.com;lib-3pas.admatrix.jp;log.intellimize.co;match.adsrvr.org;ml314.com;pipedream.wistia.com;pippio.com;pixel.rubiconproject.com;pixel.tapad.com;ps.eyeota.net;px.ads.linkedin.com;rokt.com;s.adroll.com;secure.adnxs.com;serving-pa.admatrix.jp;snap.licdn.com;stats.g.doubleclick.net;sync.outbrain.com;sync.taboola.com;track.hubspot.com;unpkg.com;us-u.openx.net;www.analytics.sales-marker.jp;www.google.com;www.googletagmanager.com;www.linkedin.com;www.rokt.com;x.bidswitch.net
3709,aggr19-normal.tiktokv.com,1,aggr19-normal.tiktokv.com
3710,img.doppiocdn.com,1,img.doppiocdn.com
3711,ssum.casalemedia.com,1,ssum.casalemedia.com
3712,notifications.roblox.com,1,notifications.roblox.com
3714,cms.analytics.yahoo.com,1,cms.analytics.yahoo.com
3716,cdn.prod.uidapi.com,1,cdn.prod.uidapi.com
3717,shalltry.com,1,shalltry.com
3718,rendering.sharethrough.com,1,rendering.sharethrough.com
3719,chartboost.com,19,ajax.googleapis.com;cdn.cookielaw.org;cdnjs.cloudflare.com;chartboost.com;forms-na1.hsforms.com;forms.hsforms.com;js.hs-analytics.net;js.hs-scripts.com;js.hsadspixel.net;js.hscollectedforms.net;js.hsforms.net;loopme.com;maps.googleapis.com;px.ads.linkedin.com;snap.licdn.com;track.hubspot.com;www.google-analytics.com;www.googletagmanager.com;www.linkedin.com
3720,dsp-cookie.adfarm1.adition.com,1,dsp-cookie.adfarm1.adition.com
3722,eventfnt-us.dsp-api.moloco.com,1,eventfnt-us.dsp-api.moloco.com
3724,cm.adgrx.com,1,cm.adgrx.com
3725,goguardian.com,52,analytics-ipv6.tiktokw.us;analytics.google.com;analytics.tiktok.com;analytics.twitter.com;api.hubapi.com;app.optibase.io;bat.bing.com;cdn.jsdelivr.net;cdn.prod.website-files.com;cm.g.doubleclick.net;connect.facebook.net;cookie-cdn.cookiepro.com;d1eoo1tco6rr5e.cloudfront.net;d3e54v103j8qbb.cloudfront.net;dpm.demdex.net;forms-na1.hsforms.com;forms.hsforms.com;geolocation.onetrust.com;goguardian.com;googleads.g.doubleclick.net;hubspotv2.use1-marketplace-1p-apps-prod-red.if.webflow.services;ib.adnxs.com;idsync.rlcdn.com;insight.adsrvr.org;js.hs-analytics.net;js.hs-banner.com;js.hs-scripts.com;js.hsadspixel.net;js.hsforms.net;js.hubspot.com;load77.exelator.com;loadm.exelator.com;perf-na1.hsforms.com;pixel-sync.sitescout.com;pixel.rubiconproject.com;pixel.sitescout.com;pixel.tapad.com;px.ads.linkedin.com;snap.licdn.com;static.ads-twitter.com;static.hotjar.com;stats.g.doubleclick.net;sync.crwdcntrl.net;t.co;track.hubspot.com;up.pixel.ad;use.typekit.net;www.goguardian.com;www.google.com;www.googleadservices.com;www.googletagmanager.com;www.linkedin.com
3726,rl.quantummetric.com,1,rl.quantummetric.com
3727,eventstreamfwgw.prod.gws.ring.amazon.dev,1,eventstreamfwgw.prod.gws.ring.amazon.dev
3728,usea1-019.sentinelone.net,3,cdn.pendo.io;content.pendo.sentinelone.net;usea1-019.sentinelone.net
3729,groups.roblox.com,1,groups.roblox.com
3737,p16-comment-sg-sign.tiktokcdn-us.com,1,p16-comment-sg-sign.tiktokcdn-us.com
3739,sdk-api-v1.singular.net,1,sdk-api-v1.singular.net
3742,launchpad-wrapper.privacymanager.io,1,launchpad-wrapper.privacymanager.io
3743,s-static.innovid.com,1,s-static.innovid.com
3747,beacon.lynx.cognitivlabs.com,1,beacon.lynx.cognitivlabs.com
3749,box.com,47,107-coj-713.mktoresp.com;action.dstillery.com;action.media6degrees.com;ade.googlesyndication.com;api.segment.io;assets.adobedtm.com;assets.box.com;b.6sc.co;bat.bing.com;box.com;boxinc.tt.omtrdc.net;c.6sc.co;carddealer.knotch.com;cdn.segment.com;cm.everesttech.net;cm.g.doubleclick.net;configs.knotch.com;consent.trustarc.com;dpm.demdex.net;dsum-sec.casalemedia.com;frontdoor.knotch.it;googleads.g.doubleclick.net;idsync.rlcdn.com;insight.adsrvr.org;ipv6.6sc.co;j.6sc.co;js.adsrvr.org;ml314.com;munchkin.marketo.net;pagead2.googlesyndication.com;pixel.rubiconproject.com;ps.eyeota.net;px.ads.linkedin.com;q.quora.com;sanalytics.box.com;secure.adnxs.com;segment-box.com;simage2.pubmatic.com;snap.licdn.com;tags.srv.stackadapt.com;td.doubleclick.net;www.box.com;www.facebook.com;www.google.com;www.googletagmanager.com;www.knotch-cdn.com;www.linkedin.com
3750,api16-core-c-alisg.tiktokv.com,1,api16-core-c-alisg.tiktokv.com
3751,log22-normal-alisg.tiktokv.com,1,log22-normal-alisg.tiktokv.com
3753,shepherd.avcdn.net,1,shepherd.avcdn.net
3755,tps-dn-ue1.doubleverify.com,1,tps-dn-ue1.doubleverify.com
3757,dual-s-0005-office.config.skype.com,1,dual-s-0005-office.config.skype.com
3758,eventstreamfwgw.prod.v2.gws.ring.amazon.dev,1,eventstreamfwgw.prod.v2.gws.ring.amazon.dev
3759,api.browser.yandex.net,1,api.browser.yandex.net
3760,eventstreamfwgw-alb.us-east-1.prod.v2.gws.ring.amazon.dev,1,eventstreamfwgw-alb.us-east-1.prod.v2.gws.ring.amazon.dev
3763,login.yahoo.com,107,0a17aa652a90dbca2af776247ec36d9d.safeframe.googlesyndication.com;aa.agkn.com;aax-eu.amazon-adsystem.com;ad.360yield.com;ad.turn.com;ads.creative-serving.com;ads.pubmatic.com;ads.servenobid.com;ads.yieldmo.com;ap.lijit.com;api.taboola.com;b1sync.outbrain.com;bb.lijit.com;beachfront-match.dotomi.com;bh.contextweb.com;c1.adform.net;cadmus.script.ac;capi.connatix.com;ced-ns.sascdn.com;cm.adform.net;cm.g.doubleclick.net;cms.analytics.yahoo.com;consent.cmp.oath.com;contextual.media.net;creativecdn.com;cs.admanmedia.com;cs.media.net;csync.smartadserver.com;dis.criteo.com;dpm.demdex.net;eb2.3lift.com;ep1.adtrafficquality.google;ep2.adtrafficquality.google;eus.rubiconproject.com;gpt.mail.yahoo.net;guce.yahoo.com;id.rlcdn.com;idx.liadm.com;image2.pubmatic.com;image6.pubmatic.com;image8.pubmatic.com;jadserve.postrelease.com;live.primis.tech;login.yahoo.com;match.adsrvr.org;match.deepintent.com;match.prod.bidr.io;match.sharethrough.com;measureadv.com;ms-cookie-sync.presage.io;onetag-sys.com;opus.analytics.yahoo.com;pagead2.googlesyndication.com;pbs-cs.yellowblue.io;pbs.yahoo.com;pippio.com;pixel-eu.rubiconproject.com;pixel-us-east.rubiconproject.com;pixel.rubiconproject.com;pixel.tapad.com;prebid-match.dotomi.com;prebid.a-mo.net;px.ads.linkedin.com;rp.liadm.com;rtb.gumgum.com;rtb.mfadsrvr.com;rtb.openx.net;s.ad.smaato.net;s.amazon-adsystem.com;s.seedtag.com;s.yimg.com;secure-assets.rubiconproject.com;secure.adnxs.com;securepubads.g.doubleclick.net;signal-service.pbs.yahoo.com;ssbsync-global.smartadserver.com;ssbsync.smartadserver.com;ssc-cms.33across.com;ssp-sync.criteo.com;ssp.disqus.com;sync.bfmio.com;sync.go.sonobi.com;sync.intentiq.com;sync.ipredictive.com;sync.pmbmonetize.live;sync.smartadserver.com;sync.srv.stackadapt.com;t.adx.opera.com;tg.socdm.com;token.rubiconproject.com;tr.blismedia.com;tsdtocl.com;udc.yahoo.com;uipglob.semasio.net;um.simpli.fi;ups.analytics.yahoo.com;us-u.openx.net;user-sync.fwmrm.net;usersync.gumgum.com;uss.xplosion.de;ut.pubmatic.com;visitor.omnitagjs.com;www.google-analytics.com;www.google.com;www.googletagmanager.com;www.temu.com;x.bidswitch.net
3764,data.ad-score.com,1,data.ad-score.com
3766,collabrtc.officeapps.live.com,1,collabrtc.officeapps.live.com
3767,cs.seedtag.com,1,cs.seedtag.com
3768,eventstreamfwgw.us-east-1.prod.v2.gws.ring.amazon.dev,1,eventstreamfwgw.us-east-1.prod.v2.gws.ring.amazon.dev
3769,title.mgt.xboxlive.com,1,title.mgt.xboxlive.com
3770,widgets.outbrain.com,1,widgets.outbrain.com
3771,device-metrics-us.amazon.com,1,device-metrics-us.amazon.com
3773,excelonline.nel.measure.office.net,2,ajax.aspnetcdn.com;excelonline.nel.measure.office.net
3775,gamejoin.roblox.com,1,gamejoin.roblox.com
3776,protechts.net,1,protechts.net
3777,clevertap-prod.com,1,clevertap-prod.com
3778,client-telemetry.roblox.com,1,client-telemetry.roblox.com
3779,c21lg-d.media.net,1,c21lg-d.media.net
3781,v77.tiktokcdn.com,2,error.c.cdn77.org;v77.tiktokcdn.com
3783,t.contentsquare.net,1,t.contentsquare.net
3784,deff.nelreports.net,1,deff.nelreports.net
3788,scripts.webcontentassessor.com,1,scripts.webcontentassessor.com
3794,gw.geoedge.be,1,gw.geoedge.be
3795,app.printercloud.com,1,app.printercloud.com
3798,ftp.hp.com,1,ftp.hp.com
3799,api.control.verkada.com,1,api.control.verkada.com
3800,core.threatlocker.com,1,core.threatlocker.com
3801,p16-oec-va.ibyteimg.com,1,p16-oec-va.ibyteimg.com
3802,alphonso.tv,36,360-xjz-500.mktoresp.com;alphonso.tv;analytics.google.com;api.segment.io;app.pendo.io;cdn.pendo.io;cdn.segment.com;cm.g.doubleclick.net;connect.facebook.net;d.adroll.com;dsum-sec.casalemedia.com;eb2.3lift.com;fast.appcues.com;fonts.googleapis.com;fonts.gstatic.com;ib.adnxs.com;idsync.rlcdn.com;image2.pubmatic.com;lex.33across.com;match.adsrvr.org;ml314.com;munchkin.marketo.net;pippio.com;pixel.rubiconproject.com;pixel.tapad.com;ps.eyeota.net;s.adroll.com;stats.g.doubleclick.net;sync.outbrain.com;sync.taboola.com;t.visitorqueue.com;tn.alphonso.tv;us-u.openx.net;www.google-analytics.com;www.googletagmanager.com;x.bidswitch.net
3803,sgepodownload.mediatek.com,1,sgepodownload.mediatek.com
3804,libra16-normal-useast5.tiktokv.us,1,libra16-normal-useast5.tiktokv.us
3806,identity.mparticle.com,1,identity.mparticle.com
3807,ns1p.net,1,ns1p.net
3808,pull-flv-l1-va01.tiktokcdn.com,1,pull-flv-l1-va01.tiktokcdn.com
3812,dss-na.amazon.com,1,dss-na.amazon.com
3814,libra16-normal-useast8.tiktokv.us,1,libra16-normal-useast8.tiktokv.us
3815,fa000000124.resources.office.net,1,fa000000124.resources.office.net
3816,i.l-new.inmobicdn.net,1,i.l-new.inmobicdn.net
3818,vk.ru,13,ads.vk.com;akashi.vk-portal.net;api.vk.ru;login.vk.ru;privacy-cs.mail.ru;r0.mradx.net;st.vk.ru;stacks.vk-portal.net;stats.vk-portal.net;tns-counter.ru;top-fwz1.mail.ru;vk.ru;www.tns-counter.ru
3819,images-mercury.mzstatic.com,1,images-mercury.mzstatic.com
3820,google.co.uk,3,ogads-pa.clients6.google.com;play.google.com;www.gstatic.com
3824,playstation.com,28,10049583.fls.doubleclick.net;ad.doubleclick.net;adobedc.demdex.net;adservice.google.com;assets.adobedtm.com;cdn.cookielaw.org;cdn.decibelinsight.net;cdn.evgnet.com;cdn.schemaapp.com;connect.facebook.net;fast.fonts.net;geolocation.onetrust.com;gmedia.playstation.com;googleads.g.doubleclick.net;io.playstation.com;playstation.com;resources.digital-cloud.medallia.eu;smetrics.aem.playstation.com;social.playstation.com;sonyinteractiveent.us-5.evergage.com;static.ads-twitter.com;static.playstation.com;web-commerce-anywhere.playstation.com;web-toolbar.playstation.com;web.np.playstation.com;www.google.com;www.googletagmanager.com;www.playstation.com
3825,alibaba.com,26,891dg8.tdum.alibaba.com;accounts.google.com;acs.h.alibaba.com;aeis.alicdn.com;alibaba.com;aplus.alibaba.com;assets.alicdn.com;cashier.alibaba.com;fourier.alibaba.com;fourier.taobao.com;g.alicdn.com;gw.alicdn.com;img.alicdn.com;insights.alibaba.com;login.alibaba.com;o.alicdn.com;onetalk.alibaba.com;open-s.alibaba.com;px-intl.ucweb.com;px.effirst.com;s.alicdn.com;sc01.alicdn.com;ug.alibaba.com;us.ynuf.aliapp.org;www.alibaba.com;ynuf.aliapp.org
3826,rustore.ru,10,ad.mail.ru;imgs2.imgsmail.ru;mc.yandex.ru;omicron.rustore.ru;privacy-cs.mail.ru;rustore.ru;static.rustore.ru;top-fwz1.mail.ru;trk.mail.ru;xray.mail.ru
3827,applecommerce-pa.googleapis.com,1,www.google.com
3828,eset.com,61,8117415.fls.doubleclick.net;ad.doubleclick.net;adservice.google.com;affiliates.eset.com;alb.reddit.com;api.buy.eset.com;api.eset.com;assets.ubembed.com;bat.bing.com;bd89567e8d1d4727932403fd80578a58.js.ubembed.com;c.bing.com;c.clarity.ms;cdn-account.optimonk.com;cdn-asset.optimonk.com;cdn-limit.optimonk.com;cdn.esetstatic.com;cdn.jsdelivr.net;cdn1.esetstatic.com;cm.everesttech.net;connect.facebook.net;dpm.demdex.net;dx.mountain.com;eset.com;eset.demdex.net;eset.tt.omtrdc.net;front.optimonk.com;googleads.g.doubleclick.net;grsm.io;gs-cdn.optimonk.com;img.en25.com;invitejs.trustpilot.com;jfapiprod.optimonk.com;js.zi-scripts.com;onsite.optimonk.com;p.veritone-ce.com;partnerlinks.io;pixel-config.reddit.com;px.ads.linkedin.com;refer.eset.com;s.clarity.ms;s786665.t.eloqua.com;scout-cdn.salesloft.com;scout.salesloft.com;scripts.clarity.ms;sgtm.eset.com;sgtmg.eset.com;snap.licdn.com;ssitecat.eset.com;static.hotjar.com;tr.capterra.com;tracking-api.g2.com;visitor.technologyadvice.com;web-assets.eset.com;ws.zoominfo.com;www.clarity.ms;www.eset.com;www.google.com;www.googletagmanager.com;www.linkedin.com;www.mczbf.com;www.redditstatic.com
3830,ios.prod.ftl.netflix.com,1,ios.prod.ftl.netflix.com
3831,static.cdninstagram.com,1,static.cdninstagram.com
3833,mobilefuse.com,13,ad.mobilefuse.com;download-video-ak.vimeocdn.com;mobilefuse.com;pagead2.googlesyndication.com;player.vimeo.com;px.ads.linkedin.com;snap.licdn.com;t.mobilefuse.com;trkn.us;www.google-analytics.com;www.google.com;www.googletagmanager.com;www.linkedin.com
3838,protected-by.clarium.io,1,protected-by.clarium.io
3839,diagnostics.office.com,13,aadcdn.msftauth.net;aka.ms;browser.events.data.microsoft.com;cxcs.cdn.office.net;cxcs.microsoft.net;diagnostics.office.com;js.monitor.azure.com;login.live.com;login.microsoftonline.com;mem.gfx.ms;support.content.office.net;uhf.microsoft.com;www.microsoft.com
3840,adrta.com,1,adrta.com
3842,bluecava.com,4,adstradata.com;bluecava.com;fonts.googleapis.com;sync.graph.bluecava.com
3844,ss-prod-ue1-ns.aws.adobess.com,1,ss-prod-ue1-ns.aws.adobess.com
3845,api16-normal-c-useast1a.tiktokv.com,1,api16-normal-c-useast1a.tiktokv.com
3850,session.mshopbugsnag.irm.amazon.dev,1,session.mshopbugsnag.irm.amazon.dev
3851,p.tvpixel.com,1,p.tvpixel.com
3852,visualwebsiteoptimizer.com,19,007-hhd-895.mktoresp.com;bat.bing.com;cdn.cookielaw.org;dev.visualwebsiteoptimizer.com;geolocation.onetrust.com;js.sentry-cdn.com;munchkin.marketo.net;pagead2.googlesyndication.com;platform.linkedin.com;pulse.vwo.io;research.vwo.com;static.licdn.com;static.wingify.com;visualwebsiteoptimizer.com;vwo.com;widget.intercom.io;www.google-analytics.com;www.googletagmanager.com;www.linkedin.com
3858,ad.adsrvr.org,1,ad.adsrvr.org
3859,joinhoney.com,12,accounts.google.com;appleid.cdn-apple.com;b.stats.paypal.com;c6.paypal.com;cdn.honey.io;cdn.joinhoney.com;connect.facebook.net;joinhoney.com;s.joinhoney.com;slc.stats.paypal.com;www.paypal.com;www.paypalobjects.com
3861,tubemogul.com,6,advertising.adobe.com;bam.nr-data.net;js-agent.newrelic.com;p.typekit.net;tubemogul.com;use.typekit.net
3862,dataservice.protection.outlook.com,1,dataservice.protection.outlook.com
3866,apps.samsung.com,3,account.samsung.com;apps.samsung.com;www.samsung.com
3868,mqtt-mini.facebook.com,1,mqtt-mini.facebook.com
3869,gameswhitelisted.googleapis.com,1,www.google.com
3870,us-east-tlx.3lift.com,4,divp3w86nodu0.cloudfront.net;fonts.googleapis.com;fonts.gstatic.com;us-east-tlx.3lift.com
3872,s3t3d2y1.afcdn.net,2,error.c.cdn77.org;s3t3d2y1.afcdn.net
3873,dashboard.meraki.com,7,cdn.cookielaw.org;clientstream.launchdarkly.com;dashboard.meraki.com;geolocation.onetrust.com;n88.dashboard.meraki.com;www.cisco.com;www.googletagmanager.com
3876,alipay.com,4,alipay.com;gw.alipayobjects.com;render-intl.alipayobjects.com;www.alipay.com
3877,gboxlab.com,4,cdn.staticfile.org;gboxlab.com;www.google-analytics.com;www.googletagmanager.com
3878,ts.itunes.apple.com,1,ts.itunes.apple.com
3880,redirector.gvt1.com,1,www.google.com
3882,csdm-a.wbx2.com,1,csdm-a.wbx2.com
3883,sas.pcms.apple.com,1,sas.pcms.apple.com
3884,go-updater.brave.com,1,go-updater.brave.com
3887,force.com,2,force.com;www.salesforce.com
3889,vistarsagency.com,15,cdn-cookieyes.com;containers.vistarsagency.com;csp.secureserver.net;fonts.googleapis.com;fonts.gstatic.com;img1.wsimg.com;invitejs.trustpilot.com;log.cookieyes.com;sync.spoutroserve.com;sync.vistarsagency.com;visitor-vistarmedia.omnitagjs.com;vistarsagency.com;widget.trustpilot.com;www.google-analytics.com;www.googletagmanager.com
3891,static-forms.klaviyo.com,1,static-forms.klaviyo.com
3893,mi.com,2,mi.com;www.mi.com
3895,youtube.googleapis.com,1,www.gstatic.com
3896,dns.google.com,3,fonts.googleapis.com;fonts.gstatic.com;www.google.com
3899,lakesidesoftware.com,15,674-dsf-359.mktoresp.com;analytics.google.com;cdn-cookieyes.com;directory.cookieyes.com;fonts.googleapis.com;fonts.gstatic.com;lakesidesoftware.com;log.cookieyes.com;munchkin.marketo.net;stats.g.doubleclick.net;trk.techtarget.com;www.google-analytics.com;www.google.com;www.googletagmanager.com;www.lakesidesoftware.com
3900,vcs-sg.tiktokv.com,1,vcs-sg.tiktokv.com
3901,excess.duolingo.com,1,excess.duolingo.com
3903,tracker.samplicio.us,1,tracker.samplicio.us
3904,tse1.mm.bing.net,1,tse1.mm.bing.net
3905,cdn-exp-sg-recommend.pt.xiaomi.com,1,cdn-exp-sg-recommend.pt.xiaomi.com
3908,elb.the-ozone-project.com,2,elb.the-ozone-project.com;static.cloudflareinsights.com
3909,roughtime.sandbox.google.com,1,www.google.com
3911,noti-us.adsmoloco.com,1,noti-us.adsmoloco.com
3913,v16-cla.tiktokcdn.com,1,v16-cla.tiktokcdn.com
3917,update.adsrvr.org,1,update.adsrvr.org
3918,s.update.adsrvr.org,1,s.update.adsrvr.org
3922,sync.graph.bluecava.com,1,sync.graph.bluecava.com
3925,crl.globalsign.com,21,api-cdn.euw2.pure.cloud;apps.euw2.pure.cloud;bam.eu01.nr-data.net;cache.img.gmo.jp;cdn.jsdelivr.net;consent.cookiebot.com;consentcdn.cookiebot.com;crl.globalsign.com;fonts.googleapis.com;fonts.gstatic.com;globalsign.com;globalsign.containers.piwik.pro;globalsign.piwik.pro;js-agent.newrelic.com;s.clarity.ms;scripts.clarity.ms;seal.atlas.globalsign.com;static.cloudflareinsights.com;www.clarity.ms;www.globalsign.com;www.googletagmanager.com
3926,go-eu.trouter.teams.microsoft.com,1,go-eu.trouter.teams.microsoft.com
3930,pull-flv-l10-sg01.tiktokcdn.com,1,pull-flv-l10-sg01.tiktokcdn.com
3932,userpresence.xboxlive.com,1,userpresence.xboxlive.com
3933,fw-snaps.prod.gws.ring.amazon.dev,1,fw-snaps.prod.gws.ring.amazon.dev
3934,ads.mozilla.org,5,ads.mozilla.org;transcend-cdn.com;www.google-analytics.com;www.googletagmanager.com;www.mozilla.org
3939,p16-comment-va-sign.tiktokcdn-us.com,1,p16-comment-va-sign.tiktokcdn-us.com
3941,pixels.spotify.com,1,pixels.spotify.com
3942,dev.visualwebsiteoptimizer.com,1,dev.visualwebsiteoptimizer.com
3943,ny1-bid.adsrvr.org,1,ny1-bid.adsrvr.org
3944,api64.ipify.org,1,api64.ipify.org
3946,tzm.protechts.net,1,tzm.protechts.net
3947,gameinternationalization.roblox.com,1,gameinternationalization.roblox.com
3948,exchange.kueezrtb.com,1,exchange.kueezrtb.com
3950,edge.adobedc.net,1,edge.adobedc.net
3951,cdn.js7k.com,4,bcn.fp.yahoo.com;cdn.js7k.com;geo.yahoo.com;s.yimg.com
3952,kaspersky.com,47,12346775.fls.doubleclick.net;7foxepcf7f.kameleoon.io;ad.doubleclick.net;adservice.google.com;alb.reddit.com;analytics.google.com;api-router.kaspersky-labs.com;api.mindbox.ru;bat.bing.com;c.clarity.ms;c1001.report.gbss.io;cdn.air360tracker.net;cdn.gbqofs.com;cdn.taboola.com;connect.facebook.net;content.kaspersky-labs.com;dynamic.criteo.com;eu-data.kameleoon.io;googleads.g.doubleclick.net;gum.criteo.com;js.go2sdk.com;kaspersky.com;kasperskycom.push4site.com;mc.yandex.com;pixel-config.reddit.com;pubads.g.doubleclick.net;px.ads.linkedin.com;pxv31ld8xe1nnyzw.air360tracker.net;resources.xg4ken.com;s.clarity.ms;s.yimg.jp;scripts.clarity.ms;sgtm.kaspersky.com;sgtm.kaspersky.de;snap.licdn.com;sslwidget.criteo.com;stats.g.doubleclick.net;storage.yandexcloud.net;track.omguk.com;widget.as.criteo.com;www.clarity.ms;www.google.com;www.googleadservices.com;www.googletagmanager.com;www.kaspersky.com;www.linkedin.com;www.redditstatic.com
3953,cookies.nextmillmedia.com,1,cookies.nextmillmedia.com
3955,cpm.vistarsagency.com,1,cpm.vistarsagency.com
3956,datadoghq.com,75,875-uvy-685.mktoresp.com;8b61d74c.datadoghq.com;a.quora.com;a.usbrowserspeed.com;alb.reddit.com;analytics.google.com;analytics.twitter.com;api.company-target.com;api.cr-relay.com;api.vector.co;bat.bing.com;c.clarity.ms;cdn.calibermind.com;cdn.cr-relay.com;cdn.vector.co;cdn.zeroclick.ai;cdnjs.cloudflare.com;click.prod.mplat-ppcprotect.com;client.prod.mplat-ppcprotect.com;cm.g.doubleclick.net;connect.facebook.net;corp.dd-static.net;d.adroll.com;d1eoo1tco6rr5e.cloudfront.net;datadoghq.com;dpm.demdex.net;dsum-sec.casalemedia.com;e.calibermind.com;eb2.3lift.com;googleads.g.doubleclick.net;ib.adnxs.com;id.rlcdn.com;image2.pubmatic.com;imgix.datadoghq.com;in.ml314.com;insight.adsrvr.org;lex.33across.com;lp.datadoghq.com;ml314.com;munchkin.marketo.net;nexus.ensighten.com;partners.tremorhub.com;pippio.com;pixel-config.reddit.com;pixel.rubiconproject.com;pixel.tapad.com;ps.eyeota.net;px.ads.linkedin.com;s.adroll.com;s.clarity.ms;s.company-target.com;s.yimg.jp;scripts.clarity.ms;segments.company-target.com;snap.licdn.com;static.ads-twitter.com;stats.g.doubleclick.net;sync.outbrain.com;sync.taboola.com;t.co;t.influ2.com;tag-logger.demandbase.com;tag.demandbase.com;transcend-cdn.com;us-u.openx.net;webops-gtm.datadoghq.com;www.clarity.ms;www.datadoghq.com;www.google-analytics.com;www.google.com;www.googletagmanager.com;www.influ2.com;www.linkedin.com;www.redditstatic.com;x.bidswitch.net
3958,twitch.tv,14,assets.twitch.tv;edge.ads.twitch.tv;gql.twitch.tv;k.twitchcdn.net;passport.twitch.tv;player.stats.live-video.net;s.amazon-adsystem.com;sb.scorecardresearch.com;spade.twitch.tv;static-cdn.jtvnw.net;twitch.tv;usher.ttvnw.net;www.gstatic.com;www.twitch.tv
3959,main.vscode-cdn.net,1,main.vscode-cdn.net
3960,abs.twimg.com,1,abs.twimg.com
3961,mapsmobilesdks-pa.googleapis.com,1,www.google.com
3964,optable.co,26,ajax.googleapis.com;analytics.google.com;cdn.jsdelivr.net;cdn.prod.website-files.com;cdn.weglot.com;d3e54v103j8qbb.cloudfront.net;fonts.googleapis.com;fonts.gstatic.com;forms-na1.hsforms.com;forms.hsforms.com;googleads.g.doubleclick.net;js.hs-analytics.net;js.hs-banner.com;js.hs-scripts.com;js.hscollectedforms.net;js.hsforms.net;optable.co;px.ads.linkedin.com;snap.licdn.com;stats.g.doubleclick.net;track.hubspot.com;www.google-analytics.com;www.google.com;www.googletagmanager.com;www.linkedin.com;www.optable.co
3966,telemetry.sdk.inmobi.com,1,telemetry.sdk.inmobi.com
3967,cadmus.script.ac,1,cadmus.script.ac
3968,api.lab.amplitude.com,1,api.lab.amplitude.com
3969,trkn.us,1,trkn.us
3972,agora.io,55,096-lbh-766.mktoresp.com;a.usbrowserspeed.com;agora.io;ajax.googleapis.com;analytics.google.com;api.expertise.ai;api.github.com;api.hubapi.com;app.securiti.ai;assets-global.website-files.com;awsmfl2.s3.amazonaws.com;c.bing.com;c.clarity.ms;cdn-prod.securiti.ai;cdn.expertise.ai;cdn.jsdelivr.net;cdn.prod.website-files.com;challenges.cloudflare.com;connect.facebook.net;d-code.liadm.com;d3e54v103j8qbb.cloudfront.net;fe.sitedataprocessing.com;fonts.googleapis.com;fonts.gstatic.com;googleads.g.doubleclick.net;i.liadm.com;idx.liadm.com;js.hs-analytics.net;js.hs-banner.com;js.hs-scripts.com;js.hsadspixel.net;js.hscollectedforms.net;js.hubspot.com;munchkin.marketo.net;perf-na1.hsforms.com;player.vimeo.com;px.ads.linkedin.com;rp.liadm.com;s.clarity.ms;script.superagi.com;scripts.clarity.ms;snap.licdn.com;stats.g.doubleclick.net;tag.simpli.fi;tags.srv.stackadapt.com;track.hubspot.com;us-assets.i.posthog.com;us.i.posthog.com;www.agora.io;www.clarity.ms;www.google-analytics.com;www.google.com;www.googletagmanager.com;www.linkedin.com;www.redditstatic.com
3973,excel.officeapps.live.com,1,excel.officeapps.live.com
3978,sonos.com,53,13670001.fls.doubleclick.net;4273294.fls.doubleclick.net;a3058550533.cdn.optimizely.com;aa.agkn.com;ad.doubleclick.net;adservice.google.com;analytics-ipv6.tiktokw.us;analytics.google.com;analytics.sonos.com;analytics.tiktok.com;api.segment.io;assets.xgen.dev;bat.bing.com;cdn.cookielaw.org;cdn.optimizely.com;cdn.segment.com;cm.g.doubleclick.net;doc-0c-8s-sheets.googleusercontent.com;docs.google.com;forms.sonos.com;geolocation.onetrust.com;googleads.g.doubleclick.net;ib.adnxs.com;id.rlcdn.com;insight.adsrvr.org;js.adsrvr.org;js.appboycdn.com;logx.optimizely.com;lr.getletterpress.com;media.sabio.us;media.sonos.com;pixel.appsci.io;pixel.byspotify.com;pixel.rubiconproject.com;pixel.tapad.com;pixels.spotify.com;s.pinimg.com;s3.lightboxcdn.com;sc-static.net;scripts.postie.com;sd.iperceptions.com;sneakpeek-1.s3.us-east-1.amazonaws.com;sonos.com;stats.g.doubleclick.net;t.contentsquare.net;t.getletterpress.com;tr.snapchat.com;universal.iperceptions.com;unpkg.com;use.fontawesome.com;www.google.com;www.googleadservices.com;www.googletagmanager.com
3980,cloud-ecs.gravityzone.bitdefender.com,1,cloud-ecs.gravityzone.bitdefender.com
3982,pull-f5-va01.tiktokcdn.com,1,pull-f5-va01.tiktokcdn.com
3984,brand-display.com,1,brand-display.com
3985,prime.amazon.com,2,prime.amazon.com;www.amazon.com
3988,advolve.io,1,advolve.io
3990,api.onegg.site,1,api.onegg.site
3991,peacocktv.com,46,9374122.fls.doubleclick.net;9899657.fls.doubleclick.net;a18026570151.cdn.optimizely.com;ad.doubleclick.net;adservice.google.com;api.ipify.org;ara.paa-reporting-advertising.amazon;assets.adobedtm.com;browser-intake-datadoghq.com;c.amazon-adsystem.com;cdn-pci.optimizely.com;cdn.cookielaw.org;cdn3.optimizely.com;cm.everesttech.net;cm.g.doubleclick.net;cnv.event.prod.bidr.io;d.agkn.com;d.impactradius-event.com;dpm.demdex.net;dsum-sec.casalemedia.com;edge.fullstory.com;geolocation.onetrust.com;googleads.g.doubleclick.net;ib.adnxs.com;imageservice.disco.peacocktv.com;imp.i305175.net;insight.adsrvr.org;jssdkcdns.mparticle.com;jssdks.mparticle.com;logx.optimizely.com;nbcstreaming.sc.omtrdc.net;nbcuss.demdex.net;peacocktv.com;pixel.rubiconproject.com;rs.fullstory.com;s.amazon-adsystem.com;s.pinimg.com;s.yimg.com;sp.analytics.yahoo.com;stats.g.doubleclick.net;wpromote-4-adswizz.attribution.adswizz.com;www.google-analytics.com;www.google.com;www.googleadservices.com;www.googletagmanager.com;www.peacocktv.com
3992,pull-flv-l11-va01.tiktokcdn.com,1,pull-flv-l11-va01.tiktokcdn.com
3995,login.windows.net,5,aadcdn.msftauth.net;login.live.com;login.microsoftonline.com;login.windows.net;www.office.com
3996,adsdkprod.azureedge.net,1,adsdkprod.azureedge.net
3997,audio-fa.scdn.co,1,audio-fa.scdn.co
3998,yahoo.net,42,ad-delivery.net;ads.pubmatic.com;ads.yieldmo.com;api.rlcdn.com;c2shb-oao.ssp.yahoo.com;cadmus.script.ac;cdn.p-n.io;cdn.taboola.com;consent.cmp.oath.com;d2mqt2joll4fma.cloudfront.net;display.bidder.taboola.com;exchange.kueezrtb.com;fastlane.rubiconproject.com;grid-bidder.criteo.com;guce.yahoo.com;htlb.casalemedia.com;ib.adnxs.com;idx.liadm.com;ncp-gw-frontpage.media.yahoo.com;nexus-gateway-prod.media.yahoo.com;noa.yahoo.com;opus.analytics.yahoo.com;pbs-cs.yellowblue.io;pbs-yahoo-us.ay.delivery;pbs.yahoo.com;pixel.rubiconproject.com;prebid-server.rubiconproject.com;prebid.a-mo.net;prebid.media.net;rp.liadm.com;rtb.openx.net;s.seedtag.com;s.yimg.com;sb.scorecardresearch.com;securepubads.g.doubleclick.net;signal-service.pbs.yahoo.com;tlx.3lift.com;ups.analytics.yahoo.com;wnsrvbjmeprtfrnfx.ay.delivery;www.googletagmanager.com;www.yahoo.com;yahoo.net
3999,apheleia-a.wbx2.com,1,apheleia-a.wbx2.com
4000,dmp.brand-display.com,1,dmp.brand-display.com
4001,virginmedia.com,14,a22744560884.cdn.optimizely.com;cdn.optimizely.com;cdn.speedcurve.com;cdn3.optimizely.com;code.jquery.com;dtagate.virginmedia.co.uk;logx.optimizely.com;pagead2.googlesyndication.com;rum.optimizely.com;ssgtm.virginmedia.com;storyblok.cdn.vmo2digital.co.uk;virginmedia.com;www.google-analytics.com;www.googletagmanager.com
4003,secure-us.imrworldwide.com,1,secure-us.imrworldwide.com
4005,privacyportal.onetrust.com,1,privacyportal.onetrust.com
4007,firmware.control.verkada.com,1,firmware.control.verkada.com
4008,client-api.app.printercloud.com,1,client-api.app.printercloud.com
4009,b.c2r.ts.cdn.office.net,1,b.c2r.ts.cdn.office.net
4012,wyzestorage2.blob.core.windows.net,1,wyzestorage2.blob.core.windows.net
4013,client.teamviewer.com,1,client.teamviewer.com
4014,pay-users-pa.googleapis.com,1,www.google.com
4015,pixel.33across.com,1,pixel.33across.com
4016,cdn.jwplayer.com,26,7052064.fs1.hubspotusercontent-na1.net;api.hubapi.com;app.hubspot.com;assets-jpcust.jwpsrv.com;boards.greenhouse.io;cdn.cookielaw.org;cdn.jwplayer.com;entitlements.jwplayer.com;forms.hsforms.com;geolocation.onetrust.com;js.hs-analytics.net;js.hs-banner.com;js.hsadspixel.net;js.hscollectedforms.net;js.hubspot.com;jwpconnatix.com;jwplayer.com;jwx.com;perf-na1.hsforms.com;prd.jwpltx.com;px.ads.linkedin.com;snap.licdn.com;ssl.p.jwpcdn.com;www.google-analytics.com;www.googletagmanager.com;www.linkedin.com
4017,events.split.io,1,events.split.io
4018,wyzestorage1.blob.core.windows.net,1,wyzestorage1.blob.core.windows.net
4020,wyzestorage3.blob.core.windows.net,1,wyzestorage3.blob.core.windows.net
4021,euro.apple.com,3,euro.apple.com;securemetrics.apple.com;www.apple.com
4023,cdn.brandmetrics.com,1,cdn.brandmetrics.com
4025,wyzestorage4.blob.core.windows.net,1,wyzestorage4.blob.core.windows.net
4027,di.rlcdn.com,1,di.rlcdn.com
4028,dynamic.criteo.com,1,dynamic.criteo.com
4029,wrapper-vast.adsafeprotected.com,1,wrapper-vast.adsafeprotected.com
4034,adx.g.doubleclick.net,1,www.google.com
4037,wyzestorage7.blob.core.windows.net,1,wyzestorage7.blob.core.windows.net
4040,vadtlb.adsafeprotected.com,1,vadtlb.adsafeprotected.com
4041,ei.rlcdn.com,1,ei.rlcdn.com
4044,wyzestorage6.blob.core.windows.net,1,wyzestorage6.blob.core.windows.net
4045,dc-api.adobe.io,1,dc-api.adobe.io
4046,truoptik.com,1,truoptik.com
4048,analytics.adjust.com,1,analytics.adjust.com
4050,win-extension.femetrics.grammarly.io,1,win-extension.femetrics.grammarly.io
4051,service-now.com,2,service-now.com;www.servicenow.com
4054,wyzestorage0.blob.core.windows.net,1,wyzestorage0.blob.core.windows.net
4055,data.grammarly.com,1,data.grammarly.com
4056,dp-gw-na.amazon.com,1,dp-gw-na.amazon.com
4061,jumpjump.io,4,jumpjump.io;static.cloudflareinsights.com;www.google-analytics.com;www.googletagmanager.com
4064,mssdk-sg.capcutapi.com,1,mssdk-sg.capcutapi.com
4066,gam.mail.yahoosandbox.net,4,bcn.fp.yahoo.com;gam.mail.yahoosandbox.net;geo.yahoo.com;s.yimg.com
4068,hihonorcloud.com,1,hihonorcloud.com
4069,device-configuration-a.wbx2.com,1,device-configuration-a.wbx2.com
4071,cdsassets.apple.com,1,cdsassets.apple.com
4073,cdn.apple-mapkit.com,1,cdn.apple-mapkit.com
4076,wyzestorage5.blob.core.windows.net,1,wyzestorage5.blob.core.windows.net
4081,cm-mx.advolve.io,1,cm-mx.advolve.io
4082,telemetry.canva.com,1,telemetry.canva.com
4087,aidemsrv.com,5,aidemsrv.com;cdn.prod.website-files.com;cdn.usefathom.com;d3e54v103j8qbb.cloudfront.net;www.aidem.com
4088,raindrop-a.wbx2.com,1,raindrop-a.wbx2.com
4089,canvaz.scdn.co,1,canvaz.scdn.co
4090,wa2-bid.adsrvr.org,1,wa2-bid.adsrvr.org
4095,v19-cla.tiktokcdn.com,1,v19-cla.tiktokcdn.com
4096,sid.storygize.net,1,sid.storygize.net
4097,avatar.roblox.com,1,avatar.roblox.com
4100,feed.pghub.io,1,feed.pghub.io
4102,www-alv.google-analytics.com,1,www.google.com
4104,sjc.zoom.us,2,sjc.zoom.us;us06st2.zoom.us
4105,tr-ooc-acdc-base.office.com,4,aadcdn.msauth.net;login.microsoftonline.com;res.public.onecdn.static.microsoft;tr-ooc-acdc-base.office.com
4106,hcaptcha.com,5,65877b7e82b1.w.hcaptcha.com;hcaptcha.com;newassets.hcaptcha.com;sentry.hcaptcha.com;www.hcaptcha.com
4108,idpix.media6degrees.com,1,idpix.media6degrees.com
4118,a.rfihub.com,1,a.rfihub.com
4121,definitionupdates.microsoft.com,1,definitionupdates.microsoft.com
4122,secure.gravatar.com,12,analytics.google.com;googleads.g.doubleclick.net;pixel.wp.com;public-api.wordpress.com;s.gravatar.com;s0.wp.com;s1.wp.com;secure.gravatar.com;stats.g.doubleclick.net;stats.wp.com;www.google.com;www.googletagmanager.com
4123,www.youtube-nocookie.com,1,www.gstatic.com
4124,api.accuweather.com,2,api.accuweather.com;apidev.accuweather.com
4126,api-stream.twitter.com,1,api-stream.twitter.com
4128,pcs.bamgrid.com,1,pcs.bamgrid.com
4129,app.link,4,app.link;cdn.branch.io;fonts.googleapis.com;fonts.gstatic.com
4130,browser.sentry-cdn.com,1,browser.sentry-cdn.com
4134,api-ssp.spot.im,1,api-ssp.spot.im
4136,cdn.honey.io,1,cdn.honey.io
4138,bid.com,9,ajax.googleapis.com;bid.com;cdnjs.cloudflare.com;code.jquery.com;fonts.googleapis.com;js.pusher.com;js.stripe.com;m.stripe.com;m.stripe.network
4141,feedback-pa.clients6.google.com,1,www.google.com
4146,oneget.org,6,api.github.com;camo.githubusercontent.com;collector.github.com;github.com;github.githubassets.com;oneget.org
4148,cdn.oneget.org,1,cdn.oneget.org
4149,api-iam.intercom.io,2,api-iam.intercom.io;www.intercom.com
4150,region1.app-analytics-services.com,1,www.google.com
4152,dev-prod05.conferdeploy.net,1,dev-prod05.conferdeploy.net
4153,unagi-eu.amazon.com,1,unagi-eu.amazon.com
4154,e.axon.ai,1,e.axon.ai
4157,gum.aidemsrv.com,1,gum.aidemsrv.com
4159,ss-prod-va6c2-ns.va6c2.adobess.com,1,ss-prod-va6c2-ns.va6c2.adobess.com
4160,www.virginmedia.com,14,a22744560884.cdn.optimizely.com;cdn.optimizely.com;cdn.speedcurve.com;cdn3.optimizely.com;code.jquery.com;dtagate.virginmedia.co.uk;logx.optimizely.com;pagead2.googlesyndication.com;rum.optimizely.com;ssgtm.virginmedia.com;storyblok.cdn.vmo2digital.co.uk;www.google-analytics.com;www.googletagmanager.com;www.virginmedia.com
4162,mp.4dex.io,1,mp.4dex.io
4163,pus5-collabhubrtc.officeapps.live.com,1,pus5-collabhubrtc.officeapps.live.com
4171,tiktokglobalshopv.com,1,tiktokglobalshopv.com
4172,sync-service.net,1,sync-service.net
4174,relay.control.verkada.com,1,relay.control.verkada.com
4175,amplitude-ingestion.internal.prod.life360.com,1,amplitude-ingestion.internal.prod.life360.com
4176,ureca.samsungapps.com,1,ureca.samsungapps.com
4177,c7usw2.blob.core.windows.net,1,c7usw2.blob.core.windows.net
4179,iponweb.net,4,csp.criteo.net;fonts.gstatic.com;iam.iponweb.net;iponweb.net
4180,update.control.verkada.com,1,update.control.verkada.com
4181,c3usw2.blob.core.windows.net,1,c3usw2.blob.core.windows.net
4184,jwpltx.com,1,jwpltx.com
4185,d.joinhoney.com,1,d.joinhoney.com
4187,image-cdn-fa.spotifycdn.com,1,image-cdn-fa.spotifycdn.com
4188,ios.chat.openai.com,1,ios.chat.openai.com
4190,c1usw2.blob.core.windows.net,1,c1usw2.blob.core.windows.net
4192,widget.tiktokv.us,1,widget.tiktokv.us
4193,c15usw2.blob.core.windows.net,1,c15usw2.blob.core.windows.net
4194,iot.meethue.com,1,iot.meethue.com
4195,shopeemobile.com,8,analytics.google.com;connect.facebook.net;deo.shopeemobile.com;shopee.com;shopeemobile.com;stats.g.doubleclick.net;www.google.com;www.googletagmanager.com
4196,h.online-metrix.net,1,h.online-metrix.net
4197,c5usw2.blob.core.windows.net,1,c5usw2.blob.core.windows.net
4198,c12usw2.blob.core.windows.net,1,c12usw2.blob.core.windows.net
4199,c14usw2.blob.core.windows.net,1,c14usw2.blob.core.windows.net
4200,c0usw2.blob.core.windows.net,1,c0usw2.blob.core.windows.net
4203,viber.com,13,analytics.google.com;c.go-mpulse.net;cdn.cookielaw.org;cdn.mxpnl.com;fonts.googleapis.com;geolocation.onetrust.com;s.go-mpulse.net;stats.g.doubleclick.net;viber.com;www.google-analytics.com;www.google.com;www.googletagmanager.com;www.viber.com
4204,permutive.com,22,145747460.fs1.hubspotusercontent-eu1.net;api-eu1.hubapi.com;cdn-ukwest.onetrust.com;cdnjs.cloudflare.com;challenges.cloudflare.com;fonts.googleapis.com;fonts.gstatic.com;forms-eu1.hsforms.com;jobs.ashbyhq.com;js-eu1.hs-analytics.net;js-eu1.hs-banner.com;js-eu1.hs-scripts.com;js-eu1.hsadspixel.net;js-eu1.hscollectedforms.net;js-eu1.hsforms.net;pagead2.googlesyndication.com;permutive.com;player.vimeo.com;static.hsappstatic.net;track-eu1.hubspot.com;www.google-analytics.com;www.googletagmanager.com
4205,login.microsoft.com,5,aadcdn.msftauth.net;login.live.com;login.microsoft.com;login.microsoftonline.com;www.office.com
4208,c6usw2.blob.core.windows.net,1,c6usw2.blob.core.windows.net
4209,guce.oath.com,2,guce.oath.com;s.yimg.com
4210,to-do.microsoft.com,13,ajax.aspnetcdn.com;browser.events.data.microsoft.com;c.s-microsoft.com;csp.microsoft.com;js.monitor.azure.com;login.live.com;mem.gfx.ms;res.public.onecdn.static.microsoft;to-do.microsoft.com;to-do.office.com;uhf.microsoft.com;wcpstatic.microsoft.com;www.microsoft.com
4214,fts.rbxcdn.com,1,fts.rbxcdn.com
4216,c9usw2.blob.core.windows.net,1,c9usw2.blob.core.windows.net
4217,c8usw2.blob.core.windows.net,1,c8usw2.blob.core.windows.net
4218,store-images.s-microsoft.com,1,store-images.s-microsoft.com
4219,metrics-config.icloud.com,1,metrics-config.icloud.com
4220,vam-bid.adsrvr.org,1,vam-bid.adsrvr.org
4221,c13usw2.blob.core.windows.net,1,c13usw2.blob.core.windows.net
4222,filedownload.csw.lenovo.com,1,filedownload.csw.lenovo.com
4223,c4usw2.blob.core.windows.net,1,c4usw2.blob.core.windows.net
4224,googlehomefoyer-pa.googleapis.com,1,www.google.com
4225,bounceexchange.com,21,7052064.fs1.hubspotusercontent-na1.net;app.hubspot.com;bounceexchange.com;cdn-cookieyes.com;cdn.jsdelivr.net;cdnjs.cloudflare.com;forms.hsforms.com;js.hs-analytics.net;js.hs-banner.com;js.hsadspixel.net;js.hscollectedforms.net;js.hubspot.com;log.cookieyes.com;pagead2.googlesyndication.com;perf-na1.hsforms.com;player.vimeo.com;static.hsappstatic.net;www.bounceexchange.com;www.google-analytics.com;www.googletagmanager.com;www.wunderkind.co
4226,beacons4.gvt2.com,1,www.google.com
4227,accountsettings.roblox.com,1,accountsettings.roblox.com
4228,c11usw2.blob.core.windows.net,1,c11usw2.blob.core.windows.net
4229,c2usw2.blob.core.windows.net,1,c2usw2.blob.core.windows.net
4230,ssl.sc.omtrdc.net,1,ssl.sc.omtrdc.net
4234,c10usw2.blob.core.windows.net,1,c10usw2.blob.core.windows.net
4236,b.sharethrough.com,1,b.sharethrough.com
4237,datadome.co,5,ct.captcha-delivery.com;d2wy8f7a9ursnm.cloudfront.net;datadome.co;geo.captcha-delivery.com;static.captcha-delivery.com
4239,stage-mediate-events.applovin.com,1,stage-mediate-events.applovin.com
4240,lf16-effectcdn-us.tiktokcdn-us.com,1,lf16-effectcdn-us.tiktokcdn-us.com
4241,usdal2.icloud-content.com,1,usdal2.icloud-content.com
4245,login.microsoftonline.us,3,aadcdn.msftauth.net;login.microsoftonline.us;portal.azure.us
4248,insights-collector.newrelic.com,1,insights-collector.newrelic.com
4249,apps.bazaarvoice.com,1,apps.bazaarvoice.com
4251,tt-gecko-sg.capcutapi.com,1,tt-gecko-sg.capcutapi.com
4253,w3-reporting.reddit.com,1,w3-reporting.reddit.com
4254,nrdp-cell4.prod.ftl.netflix.com,1,nrdp-cell4.prod.ftl.netflix.com
4261,pluto.tv,1,pluto.tv
4262,entrust.net,4,entrust.net;static.cloudflareinsights.com;www.entrust.com;www.entrustdatacard.com
4263,log16-normal-alisg.tiktokv.com,1,log16-normal-alisg.tiktokv.com
4264,dp-discovery-na-ext.amazon.com,2,dp-discovery-na-ext.amazon.com;g-ecx.images-amazon.com
4267,widget-ttp2.tiktokv.us,1,widget-ttp2.tiktokv.us
4268,steamcommunity.com,6,cdn.fastly.steamstatic.com;community.fastly.steamstatic.com;images.steamusercontent.com;img.youtube.com;steamcommunity.com;store.fastly.steamstatic.com
4270,vat-bid.adsrvr.org,1,vat-bid.adsrvr.org
4271,news-assets.apple.com,1,news-assets.apple.com
4272,mon.tiktokv.com,1,mon.tiktokv.com
4274,remoteprovisioning.googleapis.com,1,www.google.com
4275,cdn.onenote.net,8,aadcdn.msftauth.net;browser.events.data.microsoft.com;c.s-microsoft.com;cdn.onenote.net;login.live.com;login.microsoftonline.com;onenote.cloud.microsoft;res.cdn.office.net
4276,na.edge.optable.co,1,na.edge.optable.co
4277,ios-anycast.prod.ftl.netflix.com,1,ios-anycast.prod.ftl.netflix.com
4278,events.gfe.nvidia.com,1,events.gfe.nvidia.com
4279,aka.ms,3,aka.ms;js.monitor.azure.com;witty-sand-06796de1e.2.azurestaticapps.net
4280,sf16-website-login.neutral.ttwstatic.com,1,sf16-website-login.neutral.ttwstatic.com
4281,api.vk.com,1,api.vk.com
4283,arin.net,7,accountws.arin.net;arin.net;c2y23vzfb5cg.statuspage.io;cdn.jsdelivr.net;www.arin.net;www.google-analytics.com;www.googletagmanager.com
4284,ghent-gce-sc.bidswitch.net,1,ghent-gce-sc.bidswitch.net
4286,appleid.cdn-apple.com,8,account.apple.com;appleid.apple.com;appleid.cdn-apple.com;apps.apple.com;auth.apps.apple.com;buy.apps.apple.com;www.apple.com;xp.apple.com
4288,static.zdassets.com,1,static.zdassets.com
4290,provisioning.config.us-west-2.prd.cdo.system-monitor.com,1,provisioning.config.us-west-2.prd.cdo.system-monitor.com
4291,res-1.public.onecdn.static.microsoft,1,res-1.public.onecdn.static.microsoft
4293,fid.agkn.com,1,fid.agkn.com
4294,p.alcmpn.com,1,p.alcmpn.com
4295,officeppe.com,2,officeppe.com;www.officeppe.com
4298,oec16-normal-alisg.tiktokv.com,1,oec16-normal-alisg.tiktokv.com
4299,api.fa4wu9a4f.com,1,api.fa4wu9a4f.com
4305,www.google.co.uk,3,ogads-pa.clients6.google.com;play.google.com;www.gstatic.com
4307,my.rtmark.net,2,my.rtmark.net;rtmark.net
4311,automox.com,45,923-vqx-349.mktoresp.com;alb.reddit.com;analytics.automox.com;analytics.google.com;api.segment.io;automox.com;b.6sc.co;c.6sc.co;cdn.bizible.com;cdn.bizibly.com;cdn.cookielaw.org;cdn.jsdelivr.net;cdn.optimizely.com;cdn.segment.com;edge.fullstory.com;epsilon.6sense.com;geolocation.onetrust.com;googleads.g.doubleclick.net;ipv6.6sc.co;j.6sc.co;js.qualified.com;js.zi-scripts.com;logx.optimizely.com;match.adsrvr.org;munchkin.marketo.net;ok.automox.com;pixel-config.reddit.com;px.ads.linkedin.com;rs.fullstory.com;rtp-static.marketo.com;sjrtp8-cdn.marketo.com;sjrtp8.marketo.com;snap.licdn.com;static.oktopost.com;stats.g.doubleclick.net;tracking-api.g2.com;tracking.g2crowd.com;wec-assets.terminus.services;ws-assets.zoominfo.com;ws.zoominfo.com;www.automox.com;www.google.com;www.googletagmanager.com;www.linkedin.com;www.redditstatic.com
4312,pull-f5-tt04.tiktokcdn.com,1,pull-f5-tt04.tiktokcdn.com
4313,msmetrics.ws.sonos.com,1,msmetrics.ws.sonos.com
4314,salesforceliveagent.com,2,salesforceliveagent.com;www.salesforce.com
4316,api22-core-c-alisg.tiktokv.com,1,api22-core-c-alisg.tiktokv.com
4317,permutive.app,1,permutive.app
4318,pandg.tapad.com,1,pandg.tapad.com
4319,bsync31-normal-alisg.tiktokv.com,1,bsync31-normal-alisg.tiktokv.com
4320,hb.yellowblue.io,1,hb.yellowblue.io
4321,cdn3.forter.com,1,cdn3.forter.com
4323,index.control.verkada.com,1,index.control.verkada.com
4324,chrome.cloudflare-dns.com,6,chrome.cloudflare-dns.com;cloudflarestream.com;embed.cloudflarestream.com;fonts.googleapis.com;fonts.gstatic.com;one.one.one.one
4328,address.yahoo.com,6,address.yahoo.com;consent.cmp.oath.com;guce.yahoo.com;mail.yahoo.com;s.yimg.com;udc.yahoo.com
4329,carddav.address.yahoo.com,1,carddav.address.yahoo.com
4330,probe.twitter.com,1,probe.twitter.com
4331,icloud.com.cn,4,appleid.cdn-apple.com;icloud.com.cn;www.apple.com;www.icloud.com.cn
4332,catalog.roblox.com,1,catalog.roblox.com
4334,mon31-normal-useast1a.tiktokv.com,1,mon31-normal-useast1a.tiktokv.com
4335,criteo-sync.teads.tv,1,criteo-sync.teads.tv
4336,beacon-sjc2.rubiconproject.com,1,beacon-sjc2.rubiconproject.com
4338,uci.cdn.office.net,1,uci.cdn.office.net
4343,upload.wikimedia.org,2,commons.wikimedia.org;upload.wikimedia.org
4346,rt.marphezis.com,1,rt.marphezis.com
4349,c2shb.pubgw.yahoo.com,1,c2shb.pubgw.yahoo.com
4352,fw.prod.gws.ring.amazon.dev,1,fw.prod.gws.ring.amazon.dev
4358,cspserver.net,1,cspserver.net
4360,messages.google.com,7,analytics.google.com;fonts.googleapis.com;fonts.gstatic.com;stats.g.doubleclick.net;www.google.com;www.googletagmanager.com;www.gstatic.com
4363,im-apps.net,1,im-apps.net
4364,ottadvisors.com,16,2cb5ff73715725245e5702cb8f3be6fc.safeframe.googlesyndication.com;api.framer.com;app.framerstatic.com;cm.g.doubleclick.net;ep1.adtrafficquality.google;ep2.adtrafficquality.google;events.framer.com;framer.com;framerusercontent.com;ottadvisors.com;pagead2.googlesyndication.com;securepubads.g.doubleclick.net;tpc.googlesyndication.com;www.google.com;www.googletagservices.com;www.ottadvisors.com
4365,calendars.icloud.com,1,calendars.icloud.com
4367,sync.ottadvisors.com,1,sync.ottadvisors.com
4371,privatemessages.roblox.com,1,privatemessages.roblox.com
4372,usea1-020.sentinelone.net,3,cdn.pendo.io;content.pendo.sentinelone.net;usea1-020.sentinelone.net
4373,dsp-service.admatic.de,1,dsp-service.admatic.de
4374,pull-f5-tt01.tiktokcdn.com,1,pull-f5-tt01.tiktokcdn.com
4380,adtelligent.com,3,adtelligent.com;css.adt-static.com;img.adt-static.com
4382,nym2-ib.adnxs.com,1,nym2-ib.adnxs.com
4384,mobileproxy.passport.yandex.net,1,mobileproxy.passport.yandex.net
4385,cs.emxdgt.com,1,cs.emxdgt.com
4386,dc-dragate-sg.heytapmobile.com,1,dc-dragate-sg.heytapmobile.com
4389,pubnative.net,18,cdn.cookielaw.org;code.jquery.com;geolocation.onetrust.com;js-na1.hs-scripts.com;js.hs-analytics.net;js.hs-banner.com;js.hubspot.com;js.usemessages.com;perf-na1.hsforms.com;pubnative.net;px.ads.linkedin.com;snap.licdn.com;track.hubspot.com;verve-7233653.hs-sites.com;verve.com;www.google-analytics.com;www.googletagmanager.com;www.linkedin.com
4391,tvx.adgrx.com,1,tvx.adgrx.com
4392,sfchecker.goskope.com,1,sfchecker.goskope.com
4395,info.cspserver.net,1,info.cspserver.net
4396,api-h2.newsbreak.com,1,api-h2.newsbreak.com
4400,tenor.googleapis.com,1,www.google.com
4408,parsely.com,13,api.hubapi.com;cdn-cookieyes.com;directory.cookieyes.com;experiments.parsely.com;js.hs-banner.com;js.hs-scripts.com;js.hsadspixel.net;js.hscollectedforms.net;log.cookieyes.com;parsely.com;s0.wp.com;stats.wp.com;www.parse.ly
4410,endpoint.prod.us-east-1.forester.a2z.com,1,endpoint.prod.us-east-1.forester.a2z.com
4414,activate.agent-common.prod.us001-prod.arcticwolf.net,1,activate.agent-common.prod.us001-prod.arcticwolf.net
4416,espn.api.edge.bamgrid.com,1,espn.api.edge.bamgrid.com
4417,www.whatsapp.com,2,static.whatsapp.net;www.whatsapp.com
4419,pub.doubleverify.com,25,888-uxn-063.mktoresp.com;acsbapp.com;analytics.google.com;api.userback.io;cdn.acsbapp.com;consent.trustarc.com;cta-service-cms2.hubspot.com;doubleverify.com;forms-na1.hsforms.com;googleads.g.doubleclick.net;js.hs-analytics.net;js.hs-banner.com;js.hsforms.net;js.hubspot.com;munchkin.marketo.net;perf-na1.hsforms.com;pub.doubleverify.com;px.ads.linkedin.com;snap.licdn.com;static.hsappstatic.net;static.userback.io;stats.g.doubleclick.net;www.google.com;www.googletagmanager.com;www.linkedin.com
4421,scss.adobesc.com,1,scss.adobesc.com
4425,api.eu.amazonalexa.com,2,api.eu.amazonalexa.com;g-ecx.images-amazon.com
4429,amp-api-edge.music.apple.com,1,amp-api-edge.music.apple.com
4431,relay.school,5,cdn.cookielaw.org;filter.lightspeedsystems.app;login-frontend-api.lightspeedsystems.app;login.lightspeedsystems.app;relay.school
4432,embeddedassistant.googleapis.com,1,www.google.com
4434,ssdk-sg.pangle.io,1,ssdk-sg.pangle.io
4435,usermoderation.roblox.com,1,usermoderation.roblox.com
4440,turing-writingassistance.edge.microsoft.com,1,turing-writingassistance.edge.microsoft.com
4441,go.trouter.skype.com,1,go.trouter.skype.com
4442,secure.flashtalking.com,1,secure.flashtalking.com
4444,fastly-tls12-bam.nr-data.net,1,fastly-tls12-bam.nr-data.net
4448,word-telemetry.officeapps.live.com,16,admin.microsoft.com;browser.events.data.microsoft.com;c.s-microsoft.com;config.edge.skype.com;js.monitor.azure.com;login.live.com;login.microsoftonline.com;mem.gfx.ms;res.cdn.office.net;s.clarity.ms;scripts.clarity.ms;uhf.microsoft.com;word-telemetry.officeapps.live.com;www.clarity.ms;www.microsoft.com;www.office.com
4449,updates.discord.com,1,updates.discord.com
4452,api-adservices.apple.com,1,api-adservices.apple.com
4453,exchange.postrelease.com,1,exchange.postrelease.com
4455,telegram.org,1,telegram.org
4457,daq.zefrdata.com,1,daq.zefrdata.com
4458,chromesyncpasswords-pa.googleapis.com,1,www.google.com
4460,ecn.dev.virtualearth.net,1,ecn.dev.virtualearth.net
4464,cdn.icloud-content.com,1,cdn.icloud-content.com
4465,p19-sign.tiktokcdn-us.com,1,p19-sign.tiktokcdn-us.com
4467,ketchcdn.com,1,ketchcdn.com
4468,global.ketchcdn.com,1,global.ketchcdn.com
4472,usr.undertone.com,1,usr.undertone.com
4473,cdn.privacy-mgmt.com,1,cdn.privacy-mgmt.com
4474,favicon.yandex.net,1,favicon.yandex.net
4475,heytapmobi.com,1,heytapmobi.com
4476,usw-ca2.adsrvr.org,1,usw-ca2.adsrvr.org
4477,eligibility-panelresearch.googlevideo.com,1,www.google.com
4478,prod-aore-general.svc.webex.com,1,prod-aore-general.svc.webex.com
4480,entitlements.jwplayer.com,26,7052064.fs1.hubspotusercontent-na1.net;api.hubapi.com;app.hubspot.com;assets-jpcust.jwpsrv.com;boards.greenhouse.io;cdn.cookielaw.org;cdn.jwplayer.com;entitlements.jwplayer.com;forms.hsforms.com;geolocation.onetrust.com;js.hs-analytics.net;js.hs-banner.com;js.hsadspixel.net;js.hscollectedforms.net;js.hubspot.com;jwpconnatix.com;jwx.com;perf-na1.hsforms.com;prd.jwpltx.com;px.ads.linkedin.com;snap.licdn.com;ssl.p.jwpcdn.com;www.google-analytics.com;www.googletagmanager.com;www.jwplayer.com;www.linkedin.com
4481,obus-sg.dc.heytapmobile.com,1,obus-sg.dc.heytapmobile.com
4484,cdn.amplitude.com,1,cdn.amplitude.com
4485,c1.eb.us2.thousandeyes.com,1,c1.eb.us2.thousandeyes.com
4486,maps.google.com,8,fonts.gstatic.com;maps.gstatic.com;mt0.google.com;ogads-pa.clients6.google.com;play.google.com;ssl.gstatic.com;tpc.googlesyndication.com;www.gstatic.com
4487,ngp.prod.cloud.netflix.com,1,ngp.prod.cloud.netflix.com
4489,us3.api.endpoint.ingress.rapid7.com,1,us3.api.endpoint.ingress.rapid7.com
4490,ueiwsp.com,2,performance.radar.cloudflare.com;ueiwsp.com
4491,log.particlenews.com,1,log.particlenews.com
4492,ads.rubiconproject.com,3,ads.rubiconproject.com;challenges.cloudflare.com;magnite.com
4493,bpi.rtactivate.com,1,bpi.rtactivate.com
4497,rtt.automox.com,1,rtt.automox.com
4499,s2s.adjust.com,1,s2s.adjust.com
4500,firebaseinappmessaging.googleapis.com,1,www.google.com
4501,micro.rubiconproject.com,3,challenges.cloudflare.com;magnite.com;micro.rubiconproject.com
4504,res.cloudinary.com,1,res.cloudinary.com
4506,tag.tapad.com,1,tag.tapad.com
4507,idaas-ext.cph.liveintent.com,1,idaas-ext.cph.liveintent.com
4508,usync.ingage.tech,2,static.cloudflareinsights.com;usync.ingage.tech
4510,ios.ngp.prod.cloud.netflix.com,1,ios.ngp.prod.cloud.netflix.com
4511,cs.ingage.tech,2,cs.ingage.tech;static.cloudflareinsights.com
4512,tensor-cdn.production-public.tubi.io,1,tensor-cdn.production-public.tubi.io
4513,collect.tealiumiq.com,1,collect.tealiumiq.com
4514,event.mshopbugsnag.irm.amazon.dev,1,event.mshopbugsnag.irm.amazon.dev
4515,variations.brave.com,1,variations.brave.com
4518,nextdoor.com,19,accounts.google.com;analytics.google.com;api2.branch.io;apis.google.com;app.link;appleid.cdn-apple.com;bat.bing.com;cdn.branch.io;connect.facebook.net;d19rpgkrjeba2z.cloudfront.net;flask.us.nextdoor.com;googleads.g.doubleclick.net;measure.nextdoor.com;nextdoor.com;sdk.privacy-center.org;stats.g.doubleclick.net;www.datadoghq-browser-agent.com;www.google.com;www.googletagmanager.com
4519,clickagy.com,3,clickagy.com;fonts.googleapis.com;fonts.gstatic.com
4522,espn.connections.edge.bamgrid.com,1,espn.connections.edge.bamgrid.com
4524,prd.jwpltx.com,1,prd.jwpltx.com
4526,fonts.shopifycdn.com,1,fonts.shopifycdn.com
4527,fa000000110.resources.office.net,1,fa000000110.resources.office.net
4528,docs.live.net,1,docs.live.net
4530,apidata.googleusercontent.com,1,www.google.com
4533,agents.amsua0202.manage.microsoft.com,1,agents.amsua0202.manage.microsoft.com
4534,ml.cdn-apple.com,1,ml.cdn-apple.com
4535,to-do.office.com,12,ajax.aspnetcdn.com;browser.events.data.microsoft.com;c.s-microsoft.com;csp.microsoft.com;js.monitor.azure.com;login.live.com;mem.gfx.ms;res.public.onecdn.static.microsoft;to-do.office.com;uhf.microsoft.com;wcpstatic.microsoft.com;www.microsoft.com
4537,cdn-ima.33across.com,1,cdn-ima.33across.com
4540,zscaler.com,37,52.22.50.55;alb.reddit.com;analytics.google.com;bat.bing.com;cdn-app.pathfactory.com;cdn.rudderlabs.com;cdn.segment.com;cm.g.doubleclick.net;connect.facebook.net;consent.app.relyance.ai;d.adroll.com;dx.mountain.com;ib.adnxs.com;info.zscaler.com;insight.adsrvr.org;j.6sc.co;js.adsrvr.org;js.qualified.com;js.storylane.io;js.zi-scripts.com;munchkin.marketo.net;pixel-config.reddit.com;pixel.rubiconproject.com;s.adroll.com;s.yimg.jp;snap.licdn.com;stats.g.doubleclick.net;tags.srv.stackadapt.com;tr.capterra.com;trk.techtarget.com;www.google.com;www.googletagmanager.com;www.linkedin.com;www.redditstatic.com;www.zscaler.com;zscaler.com;zscaler.piwik.pro
4541,r.stripe.com,45,ad.doubleclick.net;alb.reddit.com;analytics.google.com;analytics.twitter.com;api.company-target.com;apm.yahoo.co.jp;attr-td.ml-api.io;b.stripecdn.com;b91.yahoo.co.jp;bat.bing.com;dsum-sec.casalemedia.com;ext.stripe.com;googleads.g.doubleclick.net;id.rlcdn.com;images.stripeassets.com;js.zi-scripts.com;match.adsrvr.org;munchkin.marketo.net;partners.tremorhub.com;pixel-config.reddit.com;pixel.byspotify.com;pixel.rubiconproject.com;pixels.spotify.com;px.ads.linkedin.com;q.quora.com;q.stripe.com;r.stripe.com;s.company-target.com;s.yimg.jp;segments.company-target.com;snap.licdn.com;static.ads-twitter.com;stats.g.doubleclick.net;stripe.com;t.co;tag-logger.demandbase.com;tag.demandbase.com;tag.flvcdn.net;ws.zoominfo.com;www.facebook.com;www.google-analytics.com;www.google.com;www.googletagmanager.com;www.linkedin.com;www.redditstatic.com
4542,js.ad-score.com,1,js.ad-score.com
4544,api22-normal-c-alisg.tiktokv.com,1,api22-normal-c-alisg.tiktokv.com
4545,event-service.wyzecam.com,1,event-service.wyzecam.com
4546,s0s7.api.amazonvideo.com,1,s0s7.api.amazonvideo.com
4547,creatives.smadex.com,1,creatives.smadex.com
4548,abs-0.twimg.com,1,abs-0.twimg.com
4549,calendar.yahoo.com,4,calendar.yahoo.com;edge-mcdn.secure.yahoo.com;guce.yahoo.com;s.yimg.com
4550,aes.us-west.3px.axp.amazon-adsystem.com,1,aes.us-west.3px.axp.amazon-adsystem.com
4551,deo.shopeemobile.com,1,deo.shopeemobile.com
4552,fw-eventstream.ring.com,1,fw-eventstream.ring.com
4553,aorta.clickagy.com,1,aorta.clickagy.com
4555,vad-bid.adsrvr.org,1,vad-bid.adsrvr.org
4556,contacts.roblox.com,1,contacts.roblox.com
4557,obus-dc20123-sg.heytapmobile.com,1,obus-dc20123-sg.heytapmobile.com
4558,meta-ohttp-relay-prod.fastly-edge.com,1,meta-ohttp-relay-prod.fastly-edge.com
4568,cdn-lb.vungle.com,1,cdn-lb.vungle.com
4573,screenconnect.com,28,44.238.122.172;6046319.global.siteimproveanalytics.io;ajax.googleapis.com;browser.sentry-cdn.com;cdn.cookielaw.org;cdn.jsdelivr.net;cdn.optimizely.com;cdnjs.cloudflare.com;code.jquery.com;dx.mountain.com;fast.wistia.com;fonts.googleapis.com;fonts.gstatic.com;geolocation.onetrust.com;googleads.g.doubleclick.net;i.ytimg.com;js.qualified.com;lp.connectwise.com;p.typekit.net;s.usea01.idio.episerver.net;screenconnect.com;siteimproveanalytics.com;static.doubleclick.net;use.typekit.net;widget.trustpilot.com;www.google.com;www.screenconnect.com;www.youtube.com
4574,lf19-geckocdn.tiktokcdn-us.com,1,lf19-geckocdn.tiktokcdn-us.com
4575,oraclecloud.com,3,oraclecloud.com;www.oracle.com;www.oraclecloud.com
4576,insights.threatlocker.com,1,insights.threatlocker.com
4578,cs.minutemedia-prebid.com,1,cs.minutemedia-prebid.com
4580,webcast22-normal-c-alisg.tiktokv.com,1,webcast22-normal-c-alisg.tiktokv.com
4584,forms.office.com,16,c.bing.com;c.office.com;c.s-microsoft.com;cdn-dynmedia-1.microsoft.com;eu-mobile.events.data.microsoft.com;forms.cloud.microsoft;forms.office.com;login.live.com;login.microsoftonline.com;logincdn.msauth.net;mem.gfx.ms;play.vidyard.com;res-1.cdn.office.net;static2.sharepointonline.com;uhf.microsoft.com;www.microsoft.com
4586,gsp36-ssl.ls.apple.com,1,gsp36-ssl.ls.apple.com
4588,caldav.calendar.yahoo.com,1,caldav.calendar.yahoo.com
4592,prd.api.discomax.com,1,prd.api.discomax.com
4593,eastus-8.in.applicationinsights.azure.com,1,eastus-8.in.applicationinsights.azure.com
4595,placed.com,10,analytics.google.com;cdn.placed.com;fonts.googleapis.com;fonts.gstatic.com;placed.com;stats.g.doubleclick.net;www.google-analytics.com;www.googletagmanager.com;www.placed.com;www.snapchat.com
4596,p.placed.com,10,analytics.google.com;cdn.placed.com;fonts.googleapis.com;fonts.gstatic.com;p.placed.com;stats.g.doubleclick.net;www.google-analytics.com;www.googletagmanager.com;www.placed.com;www.snapchat.com
4598,oec19-normal-useast8.tiktokv.us,1,oec19-normal-useast8.tiktokv.us
4600,sse-ws-p189.apple.com,1,sse-ws-p189.apple.com
4606,axonix.com,1,axonix.com
4607,static2.sharepointonline.com,2,res-1.cdn.office.net;static2.sharepointonline.com
4608,bidder.criteo.com,1,bidder.criteo.com
4609,bbc.co.uk,19,a1.api.bbc.com;bbc.co.uk;cdn.cxense.com;cdn.optimizely.com;cdn.privacy-mgmt.com;cdn.tinypass.com;gn-web-assets.api.bbc.com;ichef.bbci.co.uk;idcta.api.bbc.co.uk;mybbc-analytics.files.bbci.co.uk;nav.files.bbci.co.uk;pagead2.googlesyndication.com;sb.scorecardresearch.com;scripts.webcontentassessor.com;securepubads.g.doubleclick.net;static.files.bbci.co.uk;uk-script.dotmetrics.net;web-cdn.api.bbci.co.uk;www.bbc.co.uk
4610,api-ga.control.verkada.com,1,api-ga.control.verkada.com
4611,extremecloudiq.com,1,extremecloudiq.com
4613,id.crwdcntrl.net,1,id.crwdcntrl.net
4614,lh7-rt.googleusercontent.com,1,www.google.com
4615,livepixel-production.bln.liveintent.com,1,livepixel-production.bln.liveintent.com
4616,poll.gras.samsungdm.com,1,poll.gras.samsungdm.com
4617,socialuserlocation.googleapis.com,1,www.google.com
4618,snapcomms.com,30,7052064.fs1.hubspotusercontent-na1.net;addsearch.com;api.hubapi.com;apikeys.civiccomputing.com;b.6sc.co;cdn.cookielaw.org;cm.g.doubleclick.net;d.la1-core1.sfdc-lywfpd.salesforceliveagent.com;epsilon.6sense.com;ib.adnxs.com;insight.adsrvr.org;ipv6.6sc.co;j.6sc.co;js.adsrvr.org;js.driftt.com;js.hs-analytics.net;js.hs-banner.com;js.hsadspixel.net;js.hubspot.com;media.snapcomms.com;no-cache.hubspot.com;pagead2.googlesyndication.com;perf-na1.hsforms.com;perf.hsforms.com;pixel.rubiconproject.com;secure.adnxs.com;service.force.com;snapcomms.com;www.googletagmanager.com;www.snapcomms.com
4619,inv-nets.admixer.net,1,inv-nets.admixer.net
4620,csync-us-west.smilewanted.com,158,a.sportradarserving.com;aa.agkn.com;aax-eu.amazon-adsystem.com;ad.360yield.com;ad.turn.com;ads.betweendigital.com;ads.creative-serving.com;ads.pubmatic.com;ads.servenobid.com;ads.yieldmo.com;aorta.clickagy.com;ap.lijit.com;b1sync.outbrain.com;b1sync.zemanta.com;beachfront-match.dotomi.com;bh.contextweb.com;bidder.smartytouch.co;bttrack.com;c1.adform.net;capi.connatix.com;ce.lijit.com;ced-ns.sascdn.com;cm.anyrtb.com;cms.quantserve.com;contextual.media.net;cookies.nextmillmedia.com;cpm.vistarsagency.com;creativecdn.com;cs.admanmedia.com;cs.iqzone.com;cs.krushmedia.com;cs.media.net;cs.pgammedia.com;cs.playdigo.com;csync-us-west.smilewanted.com;csync.smartadserver.com;de.tynt.com;dis.criteo.com;dpm.demdex.net;dsp-2.presage.io;dsp-service.admatic.de;dsp-service.pixad.com.tr;dsp.nrich.ai;dsum-sec.casalemedia.com;eb2.3lift.com;et-c-ash.33across.com;eus.rubiconproject.com;gw-iad-bid.ymmobi.com;hb.trustedstack.com;hbx.media.net;ib.adnxs.com;ice.360yield.com;id.rlcdn.com;id5-sync.com;idpix.media6degrees.com;image2.pubmatic.com;image4.pubmatic.com;image6.pubmatic.com;image8.pubmatic.com;inmobi-match.dotomi.com;ittpx-us-e.eskimi.com;ittpx.eskimi.com;jadserve.postrelease.com;match.deepintent.com;match.prod.bidr.io;match.sharethrough.com;measureadv.com;mfx.mobilefuse.com;ms-cookie-sync.presage.io;ogury-match.dotomi.com;onetag-sys.com;p.rfihub.com;pbs-cs.yellowblue.io;pippio.com;pixel-eu.rubiconproject.com;pixel-sync.sitescout.com;pixel-us-east.rubiconproject.com;pixel-us-west.rubiconproject.com;pixel.onaudience.com;pixel.rubiconproject.com;pixel.tapad.com;pool.liftdsp.com;prebid-match.dotomi.com;prebid.a-mo.net;prebid.admatic.com.tr;prebid.admatic.de;prebid.pixad.com.tr;ps.eyeota.net;px.ads.linkedin.com;r.bidswitch.net;rtb.adentifi.com;rtb.adstanding.com;rtb.gamoshi.io;rtb.gumgum.com;rtb.mfadsrvr.com;rtb.openx.net;s-cs.rmp.rakuten.com;s.ad.smaato.net;s.amazon-adsystem.com;s.console.adtarget.com.tr;s.seedtag.com;s0.2mdn.net;secure-assets.rubiconproject.com;server.smartytech.io;simage2.pubmatic.com;sonata-notifications.taptapnetworks.com;ssbsync-global.smartadserver.com;ssbsync.smartadserver.com;ssc-cms.33across.com;ssp-sync.criteo.com;ssp.disqus.com;static.cdn.admatic.com.tr;static.cdn.admatic.de;static.cdn.pixad.com.tr;sync-tm.everesttech.net;sync.a-mo.net;sync.adtelligent.com;sync.aniview.com;sync.bfmio.com;sync.cootlogix.com;sync.crwdcntrl.net;sync.e-volution.ai;sync.go.sonobi.com;sync.inmobi.com;sync.ipredictive.com;sync.mathtag.com;sync.pinklion.io;sync.pmbmonetize.live;sync.rbstsystems.live;sync.richaudience.com;sync.smartadserver.com;sync.srv.stackadapt.com;sync.technoratimedia.com;syncingbridge.com;t.adx.opera.com;t.oa.opera.com;tg.socdm.com;token.rubiconproject.com;tr.blismedia.com;trace.us.rtbwise.com;tracker-shr.ortb.net;tracookiepixel.xyz;u-ams.4dex.io;u.4dex.io;u.openx.net;um.simpli.fi;ums.acuityplatform.com;ups.analytics.yahoo.com;us.ck-ie.com;us4.shb-sync.com;user-sync.fwmrm.net;uss.xplosion.de;usync.ingage.tech;ut.pubmatic.com;vop.sundaysky.com;www.temu.com;x.bidswitch.net;yandex.ru
4622,linewize.net,19,7977292.fs1.hubspotusercontent-na1.net;app.hubspot.com;fonts.googleapis.com;fonts.gstatic.com;forms-na1.hsforms.com;forms.hsforms.com;js.hs-analytics.net;js.hs-banner.com;js.hs-scripts.com;js.hsadspixel.net;js.hsforms.net;js.hubspot.com;linewize.com;linewize.net;perf-na1.hsforms.com;qoria.com;www.google-analytics.com;www.googletagmanager.com;www.linewize.com
4623,match.360yield.com,1,match.360yield.com
4624,code42.com,52,336-tau-594.mktoresp.com;a.usbrowserspeed.com;alb.reddit.com;analytics.google.com;api.cr-relay.com;assets.mimecast.com;bat.bing.com;bttrack.com;c.6sc.co;c.bing.com;c.clarity.ms;cdn.bttrack.com;cdn.cookielaw.org;cdn.cr-relay.com;cdn.jsdelivr.net;cdn.mouseflow.com;cdn.optimizely.com;cdnjs.cloudflare.com;code42.com;di.rlcdn.com;epsilon.6sense.com;eu.api.fpjs.io;fpjscdn.net;geolocation.onetrust.com;ipv6.6sc.co;j.6sc.co;logx.optimizely.com;lonrtp1-cdn.marketo.com;lonrtp1.marketo.com;munchkin.marketo.net;pixel-config.reddit.com;pixel.byspotify.com;pixels.spotify.com;px.ads.linkedin.com;rtp-static.marketo.com;s.clarity.ms;scout-cdn.salesloft.com;scout.salesloft.com;scripts.clarity.ms;snap.licdn.com;stats.g.doubleclick.net;trk.techtarget.com;ug-webapp-public-production.s3.amazonaws.com;unpkg.com;use.typekit.net;www.clarity.ms;www.gartner.com;www.google.com;www.googletagmanager.com;www.linkedin.com;www.mimecast.com;www.redditstatic.com
4626,sdkconfig.ad.intl.xiaomi.com,1,sdkconfig.ad.intl.xiaomi.com
4627,resetdigital.co,3,fonts.googleapis.com;fonts.gstatic.com;resetdigital.co
4628,api-glb-ause1c.smoot.apple.com,1,api-glb-ause1c.smoot.apple.com
4629,riskified.com,1,challenges.cloudflare.com
4632,prod.client.wosc.services.microsoft.com,1,prod.client.wosc.services.microsoft.com
4633,static-content-1.smadex.com,1,static-content-1.smadex.com
4634,agent-data.service.itsupport247.net,1,agent-data.service.itsupport247.net
4635,officeci-mauservice.azurewebsites.net,6,ajax.aspnetcdn.com;appservice.azureedge.net;appservicelandingpage.trafficmanager.net;az416426.vo.msecnd.net;go.microsoft.com;officeci-mauservice.azurewebsites.net
4636,dc.dqa.samsung.com,1,dc.dqa.samsung.com
4637,gos-api.gos-gsp.io,1,gos-api.gos-gsp.io
4638,rp4.liadm.com,1,rp4.liadm.com
4639,o-iab-notifications.mediation.unity3d.com,1,o-iab-notifications.mediation.unity3d.com
4642,apptracer.ru,6,apptracer.ru;fonts.googleapis.com;privacy-cs.mail.ru;st.okcdn.ru;top-fwz1.mail.ru;web-api.apptracer.ru
4643,sdk-api.apptracer.ru,1,sdk-api.apptracer.ru
4644,revcontent.com,19,ajax.googleapis.com;c.bing.com;c.clarity.ms;d2fygbv2jsp7sc.cloudfront.net;d3e54v103j8qbb.cloudfront.net;files.tryflowdrive.com;fonts.bunny.net;fonts.googleapis.com;fonts.gstatic.com;libs.revcontent.com;revcontent.com;s.clarity.ms;scripts.clarity.ms;stcdn.leadconnectorhq.com;widgets.leadconnectorhq.com;www.clarity.ms;www.google.com;www.googletagmanager.com;www.gstatic.com
4645,aet.spotify.com,1,aet.spotify.com
4646,skadsdkless.appsflyersdk.com,1,skadsdkless.appsflyersdk.com
4647,publishers.advertising.a2z.com,5,aps.amazon.com;d3s4gvt98iu66c.cloudfront.net;fonts.googleapis.com;fonts.gstatic.com;publishers.advertising.a2z.com
4649,sf-ssp.tiktokcdn.com,1,sf-ssp.tiktokcdn.com
4653,tps-ue1.doubleverify.com,1,tps-ue1.doubleverify.com
4654,api.automox.com,1,api.automox.com
4655,u.4dex.io,1,u.4dex.io
4657,svc.snapcomms.com,1,svc.snapcomms.com
4658,widget.intercom.io,1,widget.intercom.io
4659,drive-thirdparty.googleusercontent.com,1,www.google.com
4660,yandexadexchange.net,1,yandexadexchange.net
4662,resideo.com,27,analytics.google.com;cdn.appdynamics.com;cdn.auth0.com;cdn.jsdelivr.net;cdn.levelaccess.net;cdn.optimizely.com;cdn.pricespider.com;cdnjs.cloudflare.com;consent.trustarc.com;dispawsusva.inmoment.com;fonts.googleapis.com;go.resideo.com;intercept-client.inmoment.com;logx.optimizely.com;p.typekit.net;pdx-col.eum-appdynamics.com;resideo.com;rum-collector-2.pingdom.net;rum-static.pingdom.net;static.cloud.coveo.com;stats.g.doubleclick.net;use.typekit.net;wtbevents.pricespider.com;www.googletagmanager.com;www.resideo.com;www.youtube.com;youtube.com
4663,o64374.ingest.sentry.io,1,o64374.ingest.sentry.io
4664,br-trk.smadex.com,1,br-trk.smadex.com
4665,diagmon-serviceapi.samsungdm.com,1,diagmon-serviceapi.samsungdm.com
4666,time1.google.com,3,ogads-pa.clients6.google.com;play.google.com;www.gstatic.com
4668,mobile.yandexadexchange.net,1,mobile.yandexadexchange.net
4670,sdk-01.moengage.com,1,sdk-01.moengage.com
4672,cp1usw2.blob.core.windows.net,1,cp1usw2.blob.core.windows.net
4674,guce.yahoo.com,2,guce.yahoo.com;s.yimg.com
4675,omex.cdn.office.net,1,omex.cdn.office.net
4677,doordash.com,3,challenges.cloudflare.com;doordash.com;static.cloudflareinsights.com
4679,agent-us2.us2.ninjarmm.com,1,agent-us2.us2.ninjarmm.com
4681,script.crazyegg.com,1,script.crazyegg.com
4683,csync-us-east.smilewanted.com,149,a.sportradarserving.com;aa.agkn.com;aax-eu.amazon-adsystem.com;ad.360yield.com;ad.turn.com;ads.betweendigital.com;ads.creative-serving.com;ads.pubmatic.com;ads.servenobid.com;ads.yieldmo.com;aorta.clickagy.com;ap.lijit.com;b1sync.outbrain.com;b1sync.zemanta.com;beachfront-match.dotomi.com;bidder.smartytouch.co;bttrack.com;c1.adform.net;capi.connatix.com;ce.lijit.com;cm.anyrtb.com;cm.g.doubleclick.net;cms.quantserve.com;contextual.media.net;cpm.vistarsagency.com;creativecdn.com;cs.admanmedia.com;cs.iqzone.com;cs.krushmedia.com;cs.media.net;cs.playdigo.com;csync-us-east.smilewanted.com;csync.loopme.me;csync.smartadserver.com;de.tynt.com;dis.criteo.com;dpm.demdex.net;dsp-cookie.adfarm1.adition.com;dsp-service.admatic.de;dsp-service.pixad.com.tr;dsp.nrich.ai;eb2.3lift.com;eus.rubiconproject.com;gw-iad-bid.ymmobi.com;hb.trustedstack.com;hbx.media.net;hde.tynt.com;i.ctnsnet.com;ib.adnxs.com;id.rlcdn.com;image2.pubmatic.com;image4.pubmatic.com;image6.pubmatic.com;image8.pubmatic.com;inmobi-match.dotomi.com;inv-nets.admixer.net;ittpx-us-e.eskimi.com;ittpx.eskimi.com;jadserve.postrelease.com;live.primis.tech;match.adsrvr.org;match.deepintent.com;match.prod.bidr.io;match.sharethrough.com;measureadv.com;ms-cookie-sync.presage.io;ogury-match.dotomi.com;onetag-sys.com;pbs-cs.yellowblue.io;pippio.com;pixel-eu.rubiconproject.com;pixel-sync.sitescout.com;pixel-us-east.rubiconproject.com;pixel.onaudience.com;pixel.rubiconproject.com;pixel.tapad.com;prebid-match.dotomi.com;prebid.a-mo.net;prebid.admatic.com.tr;prebid.admatic.de;prebid.pixad.com.tr;ps.eyeota.net;px.ads.linkedin.com;r.bidswitch.net;router.infolinks.com;rtb.adstanding.com;rtb.gamoshi.io;rtb.gumgum.com;rtb.mfadsrvr.com;rtb.openx.net;s-cs.rmp.rakuten.com;s.ad.smaato.net;s.amazon-adsystem.com;s.console.adtarget.com.tr;s.seedtag.com;secure-assets.rubiconproject.com;secure.adnxs.com;server.smartytech.io;simage2.pubmatic.com;sonata-notifications.taptapnetworks.com;ssbsync-global.smartadserver.com;ssbsync.smartadserver.com;ssc-cms.33across.com;ssp-sync.criteo.com;ssp.disqus.com;static.cdn.admatic.com.tr;static.cdn.admatic.de;static.cdn.pixad.com.tr;sync-tm.everesttech.net;sync.a-mo.net;sync.adkernel.com;sync.adtelligent.com;sync.bfmio.com;sync.crwdcntrl.net;sync.e-volution.ai;sync.go.sonobi.com;sync.inmobi.com;sync.intentiq.com;sync.ipredictive.com;sync.pinklion.io;sync.pmbmonetize.live;sync.richaudience.com;sync.smartadserver.com;sync.srv.stackadapt.com;syncingbridge.com;t.adx.opera.com;t.oa.opera.com;target.digitalaudience.io;tg.socdm.com;token.rubiconproject.com;tr.blismedia.com;trace.us.rtbwise.com;tracker-shr.ortb.net;tracookiepixel.xyz;u-ams.4dex.io;u.4dex.io;u.openx.net;um.simpli.fi;ums.acuityplatform.com;ups.analytics.yahoo.com;us.ck-ie.com;us4.shb-sync.com;user-sync.fwmrm.net;usersync.gumgum.com;ut.pubmatic.com;visitor.omnitagjs.com;www.temu.com;x.bidswitch.net;yandex.ru
4684,d1.sc.omtrdc.net,1,d1.sc.omtrdc.net
4685,ios.meraki.com,29,128-239-2-78_s-2-18-67-67_ts-1776304799-clienttons-s.akamaihd.net;68794905.akstat.io;analytics.twitter.com;c.go-mpulse.net;cdcvps.cloudapps.cisco.com;cdn-app.pathfactory.com;cdn.appdynamics.com;cdn.cookielaw.org;cisco.demdex.net;cm.g.doubleclick.net;cms.analytics.yahoo.com;dpm.demdex.net;dsc.cisco.com;geolocation.onetrust.com;ios.meraki.com;js.zi-scripts.com;meraki.cisco.com;qdxqetqx3lmik2paikpq-peww9n-0cb26e1f1-clientnsv4-s.akamaihd.net;rum.hlx.page;s.go-mpulse.net;smetrics.cisco.com;tags.tiqcdn.com;target.cisco.com;trial-eum-clientnsv4-s.akamaihd.net;trial-eum-clienttons-s.akamaihd.net;ups.analytics.yahoo.com;virtualconcierge.cisco.com;www.cisco.com;www.meraki.com
4686,cp0usw2.blob.core.windows.net,1,cp0usw2.blob.core.windows.net
4687,carrierbundle.itunes.apple.com,1,carrierbundle.itunes.apple.com
4688,us-odc.samsungapps.com,1,us-odc.samsungapps.com
4690,csync-emea.smilewanted.com,146,a.sportradarserving.com;aa.agkn.com;aax-eu.amazon-adsystem.com;ad.360yield.com;ad.turn.com;ads.betweendigital.com;ads.creative-serving.com;ads.pubmatic.com;ads.servenobid.com;ads.yieldmo.com;aorta.clickagy.com;ap.lijit.com;b1sync.outbrain.com;b1sync.zemanta.com;beachfront-match.dotomi.com;bh.contextweb.com;bidder.smartytouch.co;c1.adform.net;capi.connatix.com;ce.lijit.com;cm.adform.net;cm.anyrtb.com;cms.quantserve.com;cookies.nextmillmedia.com;cpm.vistarsagency.com;creativecdn.com;cs.admanmedia.com;cs.iqzone.com;cs.krushmedia.com;cs.media.net;cs.pgammedia.com;cs.playdigo.com;csync-emea.smilewanted.com;csync.smartadserver.com;de.tynt.com;dis.criteo.com;dpm.demdex.net;dsp-cookie.adfarm1.adition.com;dsp-service.admatic.de;dsp-service.pixad.com.tr;dsp.360yield.com;dsp.nrich.ai;eb2.3lift.com;eus.rubiconproject.com;gw-iad-bid.ymmobi.com;hb.trustedstack.com;hbx.media.net;hde.tynt.com;ib.adnxs.com;ice.360yield.com;id.rlcdn.com;image2.pubmatic.com;image4.pubmatic.com;image6.pubmatic.com;image8.pubmatic.com;inmobi-match.dotomi.com;ittpx-us-e.eskimi.com;ittpx.eskimi.com;jadserve.postrelease.com;live.primis.tech;match.adsrvr.org;match.deepintent.com;match.prod.bidr.io;measureadv.com;ms-cookie-sync.presage.io;ogury-match.dotomi.com;onetag-sys.com;p.rfihub.com;pbs-cs.yellowblue.io;pippio.com;pixel-eu.rubiconproject.com;pixel-sync.sitescout.com;pixel-us-east.rubiconproject.com;pixel-us-west.rubiconproject.com;pixel.onaudience.com;pixel.rubiconproject.com;pixel.tapad.com;prebid-match.dotomi.com;prebid.a-mo.net;prebid.admatic.com.tr;prebid.admatic.de;prebid.pixad.com.tr;ps.eyeota.net;px.ads.linkedin.com;r.bidswitch.net;rtb.adstanding.com;rtb.gamoshi.io;rtb.gumgum.com;rtb.mfadsrvr.com;rtb.openx.net;s.ad.smaato.net;s.amazon-adsystem.com;s.seedtag.com;s0.2mdn.net;secure-assets.rubiconproject.com;server.smartytech.io;simage2.pubmatic.com;ssbsync.smartadserver.com;ssc-cms.33across.com;ssp-sync.criteo.com;ssp.disqus.com;ssp.wp.pl;static.cdn.admatic.com.tr;static.cdn.admatic.de;static.cdn.pixad.com.tr;sync-tm.everesttech.net;sync.a-mo.net;sync.adtelligent.com;sync.bfmio.com;sync.cootlogix.com;sync.crwdcntrl.net;sync.e-volution.ai;sync.go.sonobi.com;sync.inmobi.com;sync.ipredictive.com;sync.pinklion.io;sync.pmbmonetize.live;sync.richaudience.com;sync.smartadserver.com;sync.srv.stackadapt.com;sync.taboola.com;syncingbridge.com;t.adx.opera.com;t.oa.opera.com;tg.socdm.com;token.rubiconproject.com;tr.blismedia.com;trace.us.rtbwise.com;tracker-shr.ortb.net;u-ams.4dex.io;u.4dex.io;u.openx.net;um.simpli.fi;ups.analytics.yahoo.com;us-u.openx.net;us.ck-ie.com;us4.shb-sync.com;user-sync.fwmrm.net;usersync.gumgum.com;uss.xplosion.de;usync.ingage.tech;ut.pubmatic.com;visitor.omnitagjs.com;www.temu.com;x.bidswitch.net;yandex.ru
4691,cp8usw2.blob.core.windows.net,1,cp8usw2.blob.core.windows.net
4692,incidents.diagnostics.office.com,1,incidents.diagnostics.office.com
4693,trial-eum-clientnsv4-s.akamaihd.net,1,trial-eum-clientnsv4-s.akamaihd.net
4697,analytics.rlcdn.com,1,analytics.rlcdn.com
4699,cp13usw2.blob.core.windows.net,1,cp13usw2.blob.core.windows.net
4700,addthis.com,2,addthis.com;www.oracle.com
4701,trial-eum-clienttons-s.akamaihd.net,1,trial-eum-clienttons-s.akamaihd.net
4703,cf-embedded.web.us-east-1.prod.diagnostic.networking.aws.dev,1,cf-embedded.web.us-east-1.prod.diagnostic.networking.aws.dev
4704,cognito-identity.us-west-2.amazonaws.com,26,a.b.cdn.console.awsstatic.com;a0.awsstatic.com;amazonwebservices.d2.sc.omtrdc.net;amazonwebservicesinc.tt.omtrdc.net;aws.amazon.com;cm.everesttech.net;cognito-identity.us-west-2.amazonaws.com;cx0.m.awsstatic.com;d0.m.awsstatic.com;d1.awsstatic.com;d2c.aws.amazon.com;dpm.demdex.net;edge.adobedc.net;fonts.gstatic.com;i.ytimg.com;infra-api.us-east-1.prod.mrc-sunrise.marketing.aws.dev;loader.us-east-1.prod.mrc-sunrise.marketing.aws.dev;prod.log.shortbread.aws.dev;prod.pa.cdn.uis.awsstatic.com;t0.m.awsstatic.com;vs.aws.amazon.com;www.google.com;www.gstatic.com;www.youtube-nocookie.com;www.youtube.com;yt3.ggpht.com
4705,cp7usw2.blob.core.windows.net,1,cp7usw2.blob.core.windows.net
4708,cp5usw2.blob.core.windows.net,1,cp5usw2.blob.core.windows.net
4709,cdn0.forter.com,1,cdn0.forter.com
4710,nytimes.com,50,46fd2adca340ed237ec0fe6092340497.safeframe.googlesyndication.com;5290727.fls.doubleclick.net;a.et.nytimes.com;a.nytimes.com;aax.amazon-adsystem.com;ad.doubleclick.net;adservice.google.com;als-svc.nytimes.com;ats-wrapper.privacymanager.io;c.amazon-adsystem.com;cdn.brandmetrics.com;cdn.doubleverify.com;cm.g.doubleclick.net;config.aps.amazon-adsystem.com;dd.nytimes.com;eg.nytimes.com;ep1.adtrafficquality.google;ep2.adtrafficquality.google;fastlane.rubiconproject.com;fonts.googleapis.com;fonts.gstatic.com;g1.nyt.com;grid-bidder.criteo.com;gum.criteo.com;hbopenbid.pubmatic.com;hbxlp.media.net;htlb.casalemedia.com;launchpad-wrapper.privacymanager.io;launchpad.privacymanager.io;nyt-dti-prd-staticjs.storage.googleapis.com;nytimes.com;pay.google.com;platform.iteratehq.com;prebid.media.net;purr.nytimes.com;rtb.openx.net;rumcdn.geoedge.be;sb.scorecardresearch.com;securepubads.g.doubleclick.net;static.chartbeat.com;static01.nyt.com;static01.nytimes.com;tlx.3lift.com;tpc.googlesyndication.com;tps.doubleverify.com;warp.media.net;www.datadoghq-browser-agent.com;www.google.com;www.googletagmanager.com;www.gstatic.com
4711,cp2usw2.blob.core.windows.net,1,cp2usw2.blob.core.windows.net
4715,i.ctnsnet.com,1,i.ctnsnet.com
4716,cp12usw2.blob.core.windows.net,1,cp12usw2.blob.core.windows.net
4717,api-glb-ause2a.smoot.apple.com,1,api-glb-ause2a.smoot.apple.com
4718,t.teads.tv,1,t.teads.tv
4720,cp3usw2.blob.core.windows.net,1,cp3usw2.blob.core.windows.net
4721,otlp-http-production.shopifysvc.com,1,otlp-http-production.shopifysvc.com
4722,pxl-eu.tsyndicate.com,1,pxl-eu.tsyndicate.com
4724,b-code.liadm.com,1,b-code.liadm.com
4725,twilio.com,56,11875831.fls.doubleclick.net;294-tkb-300.mktoresp.com;ad.doubleclick.net;adservice.google.com;alb.reddit.com;analytics.google.com;analytics.silktide.com;api.segment.io;apm.yahoo.co.jp;assets.adobedtm.com;b.6sc.co;bat.bing.com;bat.bing.net;browser-intake-datadoghq.com;c.6sc.co;cdn.jsdelivr.net;cdn.segment.com;cdn.siftscience.com;cm.everesttech.net;connect.facebook.net;consent.trustarc.com;dev.visualwebsiteoptimizer.com;dm.slim02.jp;dpm.demdex.net;epsilon.6sense.com;euob.powerrobotflower.com;googleads.g.doubleclick.net;hexagon-analytics.com;ipv6.6sc.co;j.6sc.co;js.qualified.com;js.zi-scripts.com;jscloud.net;munchkin.marketo.net;obseu.powerrobotflower.com;pixel-config.reddit.com;px.ads.linkedin.com;rum.hlx.page;s.yimg.jp;scout-cdn.salesloft.com;scout.salesloft.com;secure.adnxs.com;snap.licdn.com;stats.g.doubleclick.net;tags.srv.stackadapt.com;twilio.com;twilio.demdex.net;twilio.tt.omtrdc.net;ws.zoominfo.com;www.datadoghq-browser-agent.com;www.google.com;www.googleadservices.com;www.googletagmanager.com;www.linkedin.com;www.redditstatic.com;www.twilio.com
4726,cp10usw2.blob.core.windows.net,1,cp10usw2.blob.core.windows.net
4727,store.steampowered.com,4,cdn.fastly.steamstatic.com;shared.fastly.steamstatic.com;store.fastly.steamstatic.com;store.steampowered.com
4729,cp11usw2.blob.core.windows.net,1,cp11usw2.blob.core.windows.net
4730,apis.rbxcdn.com,1,apis.rbxcdn.com
4731,api.permutive.com,1,api.permutive.com
4732,cp9usw2.blob.core.windows.net,1,cp9usw2.blob.core.windows.net
4733,cp14usw2.blob.core.windows.net,1,cp14usw2.blob.core.windows.net
4734,b-www.facebook.com,3,b-www.facebook.com;static.xx.fbcdn.net;www.instagram.com
4736,transient.amazon.com,2,g-ecx.images-amazon.com;transient.amazon.com
4737,sync-use.1rx.io,1,sync-use.1rx.io
4738,api.mop.apps.samsung.com,1,api.mop.apps.samsung.com
4740,cp6usw2.blob.core.windows.net,1,cp6usw2.blob.core.windows.net
4741,clientconfig.akamai.steamstatic.com,1,clientconfig.akamai.steamstatic.com
4742,cp15usw2.blob.core.windows.net,1,cp15usw2.blob.core.windows.net
4743,static.ess.apple.com,1,static.ess.apple.com
4745,peoplehub.xboxlive.com,1,peoplehub.xboxlive.com
4746,fa000000125.resources.office.net,1,fa000000125.resources.office.net
4747,prod.tahoe-analytics.publishers.advertising.a2z.com,1,prod.tahoe-analytics.publishers.advertising.a2z.com
4749,clmbtech.com,1,clmbtech.com
4752,cp4usw2.blob.core.windows.net,1,cp4usw2.blob.core.windows.net
4753,assets.bounceexchange.com,1,assets.bounceexchange.com
4755,disney.api.edge.bamgrid.com,1,disney.api.edge.bamgrid.com
4760,cryptauthenrollment.googleapis.com,1,www.google.com
4763,mwzeom.zeotap.com,1,mwzeom.zeotap.com
4765,a4.applovin.com,1,a4.applovin.com
4766,k.p-n.io,1,k.p-n.io
4767,ox-rtb-us-east1.openx.net,1,ox-rtb-us-east1.openx.net
4768,cf-21ip.web.us-east-1.prod.diagnostic.networking.aws.dev,1,cf-21ip.web.us-east-1.prod.diagnostic.networking.aws.dev
4770,radio-activity.itunes.apple.com,1,radio-activity.itunes.apple.com
4772,event.clientgear.com,3,cm.g.doubleclick.net;event.clientgear.com;gw-iad-bid.ymmobi.com
4774,api.vk.ru,1,api.vk.ru
4777,tr.acobt.tech,1,tr.acobt.tech
4779,tesla.services,1,tesla.services
4780,pm-widget.taboola.com,1,pm-widget.taboola.com
4784,ns.cloudflare.com,38,713-xsc-918.mktoresp.com;ad.doubleclick.net;adservice.google.com;alb.reddit.com;analytics.twitter.com;api.company-target.com;cdn.bizible.com;cdn.bizibly.com;cf-assets.www.cloudflare.com;challenges.cloudflare.com;cloudflare.canto.com;customer-eq7kiuol0tk9chox.cloudflarestream.com;d3opzdukpbxlns.cloudfront.net;dsum-sec.casalemedia.com;id.rlcdn.com;iframe.cloudflarestream.com;images.ctfassets.net;insight.adsrvr.org;js.adsrvr.org;js.qualified.com;munchkin.marketo.net;ns.cloudflare.com;ot.www.cloudflare.com;partners.tremorhub.com;pixel.rubiconproject.com;px.ads.linkedin.com;s.company-target.com;segments.company-target.com;snap.licdn.com;static.ads-twitter.com;static.cloudflareinsights.com;t.co;tag-logger.demandbase.com;tag.demandbase.com;www.cloudflare.com;www.google.com;www.googletagmanager.com;www.linkedin.com
4785,tr.iadsdk.apple.com,1,tr.iadsdk.apple.com
4786,gmscompliance-pa.googleapis.com,1,www.google.com
4787,us.tiktok.com,12,lf16-cdn-tos.tiktokcdn-us.com;lf16-tiktok-common.ibytedtos.com;lf16-tiktok-common.tiktokcdn-us.com;lf16-tiktok-web.tiktokcdn-us.com;mcs.tiktokw.us;mon16-normal-useast5.tiktokv.us;mssdk.tiktokw.us;sf16-website-login.neutral.ttwstatic.com;starling.tiktokv.us;storage.googleapis.com;us.tiktok.com;webcast.us.tiktok.com
4794,shopee.co.id,8,analytics.google.com;connect.facebook.net;content.garena.com;deo.shopeemobile.com;shopee.co.id;stats.g.doubleclick.net;www.google.com;www.googletagmanager.com
4795,vimeocdn.com,1,vimeocdn.com
4797,events.bouncex.net,1,events.bouncex.net
4798,wp.pl,7,dot.wp.pl;fonts.wpcdn.pl;imasdk.googleapis.com;securepubads.g.doubleclick.net;std.wpcdn.pl;v.wpimg.pl;wp.pl
4799,wdm-a.wbx2.com,1,wdm-a.wbx2.com
4801,adobeid-na1.services.adobe.com,1,adobeid-na1.services.adobe.com
4802,norton.com,86,8136487.fls.doubleclick.net;a.dpmsrv.com;a.quora.com;aa.agkn.com;action.dstillery.com;action.media6degrees.com;ad.doubleclick.net;adservice.google.com;alb.reddit.com;analytics.google.com;app.leadsrx.com;bat.bing.com;bite.australiarevival.com;c.go-mpulse.net;cdn.pdst.fm;cdn.quantummetric.com;cm.everesttech.net;cm.g.doubleclick.net;connect.facebook.net;cookie-matching.mediarithmics.com;cookie.havasedge.com;d.impactradius-event.com;d34r8q7sht0t9k.cloudfront.net;doh.cq0.co;dpm.demdex.net;ensighten.norton.com;event.havasedge.com;getrockerbox.com;gwmtracking.com;ingest.quantummetric.com;insight.adsrvr.org;ipv4.podscribe.com;js.adsrvr.org;lciapi.ninthdecimal.com;loadus.exelator.com;norton.com;norton.ow5a.net;odr.mookie1.com;oms.norton.com;pixel-config.reddit.com;pixel.rubiconproject.com;pixels.spotify.com;pt.ispot.tv;r.turn.com;rv5zhgv2.norton.com;s.amazon-adsystem.com;s.dpmsrv.com;s.go-mpulse.net;s.yimg.com;sb.scorecardresearch.com;secure.adnxs.com;siteintercept.qualtrics.com;sp.analytics.yahoo.com;spider.australiarevival.com;spl.zeotap.com;stats.g.doubleclick.net;symantec.tt.omtrdc.net;sync.taboola.com;t.nc0.co;t.paypal.com;t.teads.tv;tag.havasedge.com;tag.wknd.ai;tags.w55c.net;trkn.us;tvspix.com;uipglob.semasio.net;urldefense.proofpoint.com;us-u.openx.net;us.norton.com;user-sync.fwmrm.net;usersync.samplicio.us;verifi.podscribe.com;websdk.ujet.co;www.google.com;www.googleadservices.com;www.googletagmanager.com;www.imdb.com;www.merchant-center-analytics.goog;www.norton.com;www.ojrq.net;www.paypal.com;www.paypalobjects.com;www.redditstatic.com;x.bidswitch.net;zn7ngvh48sidro926-gendigital.siteintercept.qualtrics.com
4803,cdn-checkout.joinhoney.com,1,cdn-checkout.joinhoney.com
4807,rtlog22-normal-alisg.tiktokv.com,1,rtlog22-normal-alisg.tiktokv.com
4809,static.cdn.admatic.de,1,static.cdn.admatic.de
4811,acrobat.com,16,acrobat.adobe.com;acrobat.com;acroipm2.adobe.com;adobeid-na1.services.adobe.com;assets.adobedtm.com;auth-light.identity.adobe.com;auth.services.adobe.com;dcs.adobedc.net;ims-na1.adobelogin.com;o4505393339695104.ingest.us.sentry.io;p.typekit.net;prod.adobeccstatic.com;shared-components.adobe.com;sstats.adobe.com;use.typekit.net;widget.uservoice.com
4812,prebid-a.rubiconproject.com,1,prebid-a.rubiconproject.com
4813,ep1.facebook.com,1,ep1.facebook.com
4816,merchant-center-analytics.goog,1,www.google.com
4817,www.merchant-center-analytics.goog,1,www.google.com
4819,sp.auth.adobe.com,1,sp.auth.adobe.com
4820,fwupd.org,2,cdn.fwupd.org;fwupd.org
4822,pt.ispot.tv,1,pt.ispot.tv
4823,instructure.com,58,3.212.39.155;515-xyl-514.mktoresp.com;a.usbrowserspeed.com;alb.reddit.com;analytics.google.com;analytics.twitter.com;api-gateway.scriptintel.io;api.company-target.com;app-ab20.marketo.com;b.6sc.co;bat.bing.com;browser.sentry-cdn.com;c.6sc.co;c.clarity.ms;cdn.cookielaw.org;cdn.jsdelivr.net;connect.facebook.net;distillery.wistia.com;dsum-sec.casalemedia.com;dx.mountain.com;embed-ssl.wistia.com;fast.wistia.com;fast.wistia.net;fonts.googleapis.com;geolocation.onetrust.com;googleads.g.doubleclick.net;id.rlcdn.com;instant.page;instructure.com;ipv6.6sc.co;j.6sc.co;js.qualified.com;js.zi-scripts.com;munchkin.marketo.net;partners.tremorhub.com;pipedream.wistia.com;pixel-config.reddit.com;pixel.rubiconproject.com;px.ads.linkedin.com;s.clarity.ms;s.company-target.com;scripts.clarity.ms;segments.company-target.com;snap.licdn.com;static.addtoany.com;static.ads-twitter.com;stats.g.doubleclick.net;t.co;tag-logger.demandbase.com;tag.demandbase.com;unpkg.com;ws.zoominfo.com;www.clarity.ms;www.google.com;www.googletagmanager.com;www.instructure.com;www.linkedin.com;www.redditstatic.com
4824,cdn.fwupd.org,1,cdn.fwupd.org
4825,lkqd.net,18,cdn.cookielaw.org;code.jquery.com;geolocation.onetrust.com;js-na1.hs-scripts.com;js.hs-analytics.net;js.hs-banner.com;js.hubspot.com;js.usemessages.com;lkqd.net;perf-na1.hsforms.com;px.ads.linkedin.com;snap.licdn.com;track.hubspot.com;verve-7233653.hs-sites.com;verve.com;www.google-analytics.com;www.googletagmanager.com;www.linkedin.com
4827,api-glb-ause2b.smoot.apple.com,1,api-glb-ause2b.smoot.apple.com
4828,dialercallinfolookup-pa.googleapis.com,1,www.google.com
4829,garena.com,8,connect.facebook.net;fonts.googleapis.com;footer.garena.tw;garena.com;intl.garena.com;official.garena.com;www.google-analytics.com;www.googletagmanager.com
4830,s.joinhoney.com,1,s.joinhoney.com
4832,adlightning.com,9,adlightning.com;boltive.com;cdn.jsdelivr.net;cdn.prod.website-files.com;cmp.osano.com;d3e54v103j8qbb.cloudfront.net;hubspotonwebflow.com;js.hs-scripts.com;www.googletagmanager.com
4833,instabug.com,39,a.usbrowserspeed.com;analytics.ahrefs.com;api.cr-relay.com;api.hubapi.com;api.ipify.org;api.segment.io;api.vector.co;cdn.cr-relay.com;cdn.heapanalytics.com;cdn.jsdelivr.net;cdn.ketchjs.com;cdn.metadata.io;cdn.prod.website-files.com;cdn.segment.com;cdn.vector.co;connect.facebook.net;d3e54v103j8qbb.cloudfront.net;global.ketchcdn.com;googleads.g.doubleclick.net;heapanalytics.com;instabug.com;js.hs-analytics.net;js.hs-banner.com;js.hs-scripts.com;js.hsadspixel.net;js.hubspot.com;luciq.ai;perf-na1.hsforms.com;px.ads.linkedin.com;snap.licdn.com;tag.clearbitscripts.com;track.hubspot.com;widget.intercom.io;www.google-analytics.com;www.google.com;www.googleadservices.com;www.googletagmanager.com;www.linkedin.com;www.luciq.ai
4837,samsunghealth.com,2,content.samsungknowledge.com;samsunghealth.com
4838,clientsdk.launchdarkly.com,1,clientsdk.launchdarkly.com
4840,criteo-partners.tremorhub.com,1,criteo-partners.tremorhub.com
4841,api.kochava.com,1,api.kochava.com
4844,kvinit-prod.api.kochava.com,1,kvinit-prod.api.kochava.com
4845,sba.yandex.net,1,sba.yandex.net
4846,firebase.googleapis.com,0,
4847,collections.mp.microsoft.com,1,collections.mp.microsoft.com
4852,transcend-cdn.com,1,transcend-cdn.com
4853,vidstat.taboola.com,1,vidstat.taboola.com
4854,realtime.chatgpt.com,1,realtime.chatgpt.com
4856,sync.resetdigital.co,1,sync.resetdigital.co
4857,cn-geo1.uber.com,1,cn-geo1.uber.com
4859,video-s.twimg.com,1,video-s.twimg.com
4861,cdn.winget.microsoft.com,1,cdn.winget.microsoft.com
4867,signal.org,1,signal.org
4868,www.ueiwsp.com,1,www.ueiwsp.com
4869,wechat.com,4,newres.wechat.com;support.wechat.com;wechat.com;www.wechat.com
4871,api-glb-ause1b.smoot.apple.com,1,api-glb-ause1b.smoot.apple.com
4872,download.ivanticloud.com,1,download.ivanticloud.com
4873,ade.clmbtech.com,2,ade.clmbtech.com;static.clmbtech.com
4874,digital-cloud.medallia.com,7,cdn.jsdelivr.net;cdn.medallia.com;cdn.rawgit.com;digital-cloud.medallia.com;fonts.googleapis.com;fonts.gstatic.com;resources.digital-cloud.medallia.com
4878,privacy.xboxlive.com,1,privacy.xboxlive.com
4879,tr-ofc-atm.office.com,17,admin.microsoft.com;browser.events.data.microsoft.com;c.s-microsoft.com;config.edge.skype.com;js.monitor.azure.com;login.live.com;login.microsoftonline.com;logincdn.msauth.net;mem.gfx.ms;res.cdn.office.net;s.clarity.ms;scripts.clarity.ms;tr-ofc-atm.office.com;uhf.microsoft.com;www.clarity.ms;www.microsoft.com;www.office.com
4883,adsmeasurement.com,1,adsmeasurement.com
4891,beacons5.gvt2.com,1,www.google.com
4892,video-akpcw.spotifycdn.com,1,video-akpcw.spotifycdn.com
4894,mdtb.ads.aps.amazon-adsystem.com,1,mdtb.ads.aps.amazon-adsystem.com
4897,gql-realtime.reddit.com,1,gql-realtime.reddit.com
4903,mobile.yahoo.com,7,edge-mcdn.secure.yahoo.com;mobile.yahoo.com;s.yimg.com;udc.yahoo.com;www.google-analytics.com;www.googletagmanager.com;www.yahoo.com
4908,adobecorp.data.adobedc.net,1,adobecorp.data.adobedc.net
4910,scs-config-use2.bixbyllm.com,1,scs-config-use2.bixbyllm.com
4911,images.ctfassets.net,1,images.ctfassets.net
4912,exchange-b-events.inner-active.mobi,1,exchange-b-events.inner-active.mobi
4913,xlgmedia.com,1,xlgmedia.com
4914,s.xlgmedia.com,1,s.xlgmedia.com
4915,idbroker.webex.com,1,idbroker.webex.com
4918,cf-3ip.web.us-east-1.prod.diagnostic.networking.aws.dev,1,cf-3ip.web.us-east-1.prod.diagnostic.networking.aws.dev
4919,tagan.adlightning.com,1,tagan.adlightning.com
4921,skan.singular.net,1,skan.singular.net
4922,p16-capcut-sign-sg.ibyteimg.com,1,p16-capcut-sign-sg.ibyteimg.com
4925,researchnow.com,34,api.hubapi.com;api.weglot.com;app.usercentrics.eu;browser.sentry-cdn.com;cdn.amplitude.com;cdn.weglot.com;distillery.wistia.com;embed-ssl.wistia.com;fast.wistia.com;fast.wistia.net;googleads.g.doubleclick.net;js-na1.hs-scripts.com;js.hs-analytics.net;js.hs-banner.com;js.hsadspixel.net;js.hubspot.com;js.zi-scripts.com;mktdplp102cdn.azureedge.net;perf-na1.hsforms.com;pipedream.wistia.com;px.ads.linkedin.com;researchnow.com;snap.licdn.com;sr-client-cfg.amplitude.com;track.hubspot.com;uct.service.usercentrics.eu;v1.api.service.cmp.usercentrics.eu;web.cmp.usercentrics.eu;ws.zoominfo.com;www.dynata.com;www.google-analytics.com;www.google.com;www.googletagmanager.com;www.linkedin.com
4926,ec.walkme.com,1,ec.walkme.com
4929,openrtb-us-east-1.axonix.com,1,openrtb-us-east-1.axonix.com
4931,network-a.bazaarvoice.com,1,network-a.bazaarvoice.com
4932,fb.com,4,fb.com;static.xx.fbcdn.net;www.facebook.com;www.instagram.com
4935,firehose.us-east-1.amazonaws.com,1,firehose.us-east-1.amazonaws.com
4936,p1.parsely.com,1,p1.parsely.com
4939,api.amplitude.com,1,api.amplitude.com
4941,tag.researchnow.com,1,tag.researchnow.com
4942,api.stripe.com,1,api.stripe.com
4944,fzbox.tools,1,fzbox.tools
4945,trck.ahs.prod-na.turntable.sonic.advertising.amazon.dev,1,trck.ahs.prod-na.turntable.sonic.advertising.amazon.dev
4947,config.mobile.yahoo.com,1,config.mobile.yahoo.com
4948,api-glb-ause2c.smoot.apple.com,1,api-glb-ause2c.smoot.apple.com
4950,va6-bid.adsrvr.org,1,va6-bid.adsrvr.org
4951,rmp.rakuten.com,1,rmp.rakuten.com
4952,mfx.mobilefuse.com,14,ad.mobilefuse.com;download-video-ak.vimeocdn.com;mfx.mobilefuse.com;mobilefuse.com;pagead2.googlesyndication.com;player.vimeo.com;px.ads.linkedin.com;snap.licdn.com;t.mobilefuse.com;trkn.us;www.google-analytics.com;www.google.com;www.googletagmanager.com;www.linkedin.com
4953,classroom.google.com,1,ssl.gstatic.com
4957,p11.techlab-cdn.com,1,p11.techlab-cdn.com
4958,box.net,50,107-coj-713.mktoresp.com;action.dstillery.com;action.media6degrees.com;ade.googlesyndication.com;api.segment.io;app.qualified.com;assets.adobedtm.com;assets.box.com;bat.bing.com;box.demdex.net;box.net;boxinc.tt.omtrdc.net;carddealer.knotch.com;cdn.segment.com;cm.everesttech.net;cm.g.doubleclick.net;configs.knotch.com;consent.trustarc.com;dpm.demdex.net;dsum-sec.casalemedia.com;frontdoor.knotch.it;googleads.g.doubleclick.net;ib.adnxs.com;idsync.rlcdn.com;insight.adsrvr.org;ipv6.6sc.co;j.6sc.co;js.adsrvr.org;ml314.com;munchkin.marketo.net;openrtb-us-east-1.axonix.com;pagead2.googlesyndication.com;pixel.rubiconproject.com;ps.eyeota.net;px.ads.linkedin.com;q.quora.com;sanalytics.box.com;secure.adnxs.com;segment-box.com;simage2.pubmatic.com;snap.licdn.com;tags.srv.stackadapt.com;td.doubleclick.net;www.box.com;www.facebook.com;www.google.com;www.googletagmanager.com;www.knotch-cdn.com;www.linkedin.com;x.bidswitch.net
4959,api-glb-ause1a.smoot.apple.com,1,api-glb-ause1a.smoot.apple.com
4960,impressions.onelink.me,1,impressions.onelink.me
4962,api.edgeoffer.microsoft.com,1,api.edgeoffer.microsoft.com
4963,odin.adobe.com,1,odin.adobe.com
4964,livechatinc.com,24,analytics.google.com;c.bing.com;c.clarity.ms;c.go-mpulse.net;cdn.livechatinc.com;connect.facebook.net;googleads.g.doubleclick.net;js-eu1.hs-analytics.net;js-eu1.hs-banner.com;js-eu1.hs-scripts.com;livechatinc.com;px.ads.linkedin.com;s.clarity.ms;s.go-mpulse.net;scripts.clarity.ms;snap.licdn.com;sst.livechat.com;stats.g.doubleclick.net;track-eu1.hubspot.com;www.clarity.ms;www.google.com;www.googletagmanager.com;www.linkedin.com;www.livechat.com
4965,oss-us-west-1.aliyuncs.com,1,oss-us-west-1.aliyuncs.com
4967,app.pendo.io,8,app.pendo.io;cdn.pendo.io;content.pendo-internal.pendo.io;data.pendo-internal.pendo.io;ekr.zdassets.com;fonts.googleapis.com;pendo-io-extensions.storage.googleapis.com;static.zdassets.com
4972,sf16-ies-music.tiktokcdn.com,1,sf16-ies-music.tiktokcdn.com
4973,data.eb.us2.thousandeyes.com,1,data.eb.us2.thousandeyes.com
4974,esp.aptrinsic.com,1,esp.aptrinsic.com
4976,pdq.com,44,a.usbrowserspeed.com;alb.reddit.com;analytics.google.com;api.vector.co;app.revenuehero.io;bat.bing.com;cdn.c360a.salesforce.com;cdn.cookielaw.org;cdn.mouseflow.com;cdn.vector.co;connect.facebook.net;dpm.demdex.net;ekq7eqxlyi.kameleoon.io;geolocation.onetrust.com;googleads.g.doubleclick.net;h0ygkn30mnrgk9d0g1yw8zlcgm.c360a.salesforce.com;idsync.rlcdn.com;images.ctfassets.net;js.hs-analytics.net;js.hs-banner.com;js.hs-scripts.com;js.storylane.io;js.usemessages.com;loadm.exelator.com;na-data.kameleoon.io;pdq.com;pixel-config.reddit.com;pixel-sync.sitescout.com;pixel.sitescout.com;pixel.tapad.com;px.ads.linkedin.com;snap.licdn.com;stats.g.doubleclick.net;sync.crwdcntrl.net;track.hubspot.com;tracking-api.g2.com;up.pixel.ad;videos.ctfassets.net;www.google-analytics.com;www.google.com;www.googletagmanager.com;www.linkedin.com;www.pdq.com;www.redditstatic.com
4979,b.thumbs.redditmedia.com,1,b.thumbs.redditmedia.com
4980,iecvlist.microsoft.com,1,iecvlist.microsoft.com
4983,reach-pa.googleapis.com,1,www.google.com
4986,manage.microsoft.us,4,aadcdn.msftauth.net;intune.microsoft.us;login.microsoftonline.us;manage.microsoft.us
4987,d-code.liadm.com,1,d-code.liadm.com
4989,wf.taboola.com,1,wf.taboola.com
4991,public-prod-dspcookiematching.dmxleo.com,1,public-prod-dspcookiematching.dmxleo.com
4992,mobile-config.ring.com,1,mobile-config.ring.com
4993,realtime.services.box.net,1,realtime.services.box.net
4995,digitaloceanspaces.com,15,analytics.google.com;cdn.amplitude.com;cdn.schemaapp.com;consent.trustarc.com;digitaloceanspaces.com;googleads.g.doubleclick.net;o1109393.ingest.us.sentry.io;pocustrack.com;segment.digitalocean.com;sr-client-cfg.amplitude.com;stats.g.doubleclick.net;tags.pw.adn.cloud;www.digitalocean.com;www.google.com;www.googletagmanager.com
4996,a1rabvci4qcikc.us-east-1.prod.service.minerva.devices.a2z.com,1,a1rabvci4qcikc.us-east-1.prod.service.minerva.devices.a2z.com
5000,us2.bootstrap.endpoint.ingress.rapid7.com,1,us2.bootstrap.endpoint.ingress.rapid7.com
5001,pftka-us.temu.com,1,pftka-us.temu.com
5004,search22-normal-c-alisg.tiktokv.com,1,search22-normal-c-alisg.tiktokv.com
5005,vkpns.rustore.ru,1,vkpns.rustore.ru
5006,d.docs.live.net,1,d.docs.live.net
5008,weather.partners.msn.com,1,weather.partners.msn.com
5009,softwareupdates.amazon.com,2,g-ecx.images-amazon.com;softwareupdates.amazon.com
5011,trends.revcontent.com,1,trends.revcontent.com
5012,api.hcaptcha.com,3,4b2bed5da485.w.hcaptcha.com;api.hcaptcha.com;sentry.hcaptcha.com
5013,mmbiz.qpic.cn,1,mmbiz.qpic.cn
5014,excelate.ai,2,excelate.ai;fonts.gstatic.com
5016,ekr.zdassets.com,1,ekr.zdassets.com
5017,xplosion.de,3,cloud.ccm19.de;www.emetriq.com;xplosion.de
5020,infinitedata-pa.googleapis.com,1,www.google.com
5021,pull-f5-tt02.tiktokcdn.com,1,pull-f5-tt02.tiktokcdn.com
5022,clientsapigw.prod.gws.ring.amazon.dev,1,clientsapigw.prod.gws.ring.amazon.dev
5024,e.mail.ru,8,account.mail.ru;api.vk.ru;auth.mail.ru;login.vk.com;stacks.vk-portal.net;static.vk.ru;sun9-30.vkuserphoto.ru;xray.mail.ru
5025,test.steampowered.com,1,test.steampowered.com
5028,mv.outbrain.com,3,fonts.googleapis.com;fonts.gstatic.com;mv.outbrain.com
5032,yt4.ggpht.com,1,www.google.com
5033,files-me-accl.zoho.com,1,files-me-accl.zoho.com
5034,librarydaap.itunes.apple.com,1,librarydaap.itunes.apple.com
5039,clienttoken.spotify.com,1,clienttoken.spotify.com
5041,localytics.com,11,analytics.google.com;fonts.googleapis.com;fonts.gstatic.com;js.hs-analytics.net;js.hs-banner.com;js.hs-scripts.com;js.hscollectedforms.net;localytics.com;stats.g.doubleclick.net;track.hubspot.com;www.googletagmanager.com
5045,ip4.tracker-api.vk-analytics.ru,1,ip4.tracker-api.vk-analytics.ru
5050,spl.zeotap.com,18,aa.agkn.com;aax-eu.amazon-adsystem.com;bcp.crwdcntrl.net;c1.adform.net;cm.g.doubleclick.net;dmp.v.fwmrm.net;dpm.demdex.net;dsp.adfarm1.adition.com;ib.adnxs.com;image6.pubmatic.com;match.adsrvr.org;s.amazon-adsystem.com;spl.zeotap.com;sync-tm.everesttech.net;sync.smartadserver.com;sync.srv.stackadapt.com;trc.taboola.com;ups.analytics.yahoo.com
5051,ladsp.com,1,ladsp.com
5054,platform-lookaside.fbsbx.com,2,platform-lookaside.fbsbx.com;static.facebook.com
5057,netgear.com,46,api.consentjs.datagrail.io;apps.bazaarvoice.com;ara.paa-reporting-advertising.amazon;assets.netgear.com;b-code.liadm.com;bat.bing.com;browser-intake-datadoghq.com;c.amazon-adsystem.com;cdn.attn.tv;cdn.gbqofs.com;cdn.glassboxcdn.com;cdn.optimizely.com;cm.g.doubleclick.net;connect.facebook.net;container.pepperjam.com;dynamic.criteo.com;events.attentivemobile.com;googleads.g.doubleclick.net;gum.criteo.com;ib.adnxs.com;insight.adsrvr.org;js.adsrvr.org;logx.optimizely.com;netgear-us.attn.tv;netgear.com;network-a.bazaarvoice.com;ob.powerstarsbuilding.com;obs.powerstarsbuilding.com;pixel.rubiconproject.com;px.ads.linkedin.com;report.netgear.glassboxdigital.io;rp.liadm.com;s.amazon-adsystem.com;server-side-tagging-kquh5nqcta-uc.a.run.app;snap.licdn.com;sslwidget.criteo.com;static.cloudflareinsights.com;unpkg.com;www.datadoghq-browser-agent.com;www.downloads.netgear.com;www.google-analytics.com;www.google.com;www.googleadservices.com;www.googletagmanager.com;www.linkedin.com;www.netgear.com
5058,safety-alert.apple.com,1,safety-alert.apple.com
5061,tnc-sg.capcutapi.com,1,tnc-sg.capcutapi.com
5062,dnkeeper.platform.dbankcloud.com,1,dnkeeper.platform.dbankcloud.com
5063,presentation-iad1.turn.com,5,assets.amobee.com;login.amobee.com;platform.amobee.com;presentation-iad1.turn.com;www.datadoghq-browser-agent.com
5064,cp-rp16-normal-alisg.tiktokv.com,1,cp-rp16-normal-alisg.tiktokv.com
5065,us-teams.events.data.microsoft.com,1,us-teams.events.data.microsoft.com
5067,cdn-gl.imrworldwide.com,1,cdn-gl.imrworldwide.com
5068,nrich.ai,21,app.hubspot.com;dsp.nrich.ai;fonts.googleapis.com;fonts.gstatic.com;forms-na1.hsforms.com;forms.hsforms.com;j.nrich.ai;js.hs-analytics.net;js.hs-banner.com;js.hsadspixel.net;js.hscollectedforms.net;js.hsforms.net;js.hubspot.com;js.usemessages.com;n.rich;nrich.ai;nrich.io;perf-na1.hsforms.com;stats.g.doubleclick.net;www.google-analytics.com;www.googletagmanager.com
5070,ase.autodesk.com,1,ase.autodesk.com
5071,stats.rustore.ru,1,stats.rustore.ru
5073,feature.api.playstation.com,1,feature.api.playstation.com
5074,startappservice.com,1,startappservice.com
5075,agents.amsua0402.manage.microsoft.com,1,agents.amsua0402.manage.microsoft.com
5076,infolinks.com,2,app.termly.io;infolinks.com
5077,lyric.alarmnet.com,1,lyric.alarmnet.com
5078,papi.walkme.com,1,papi.walkme.com
5079,lcs-ulecs.adobe.io,1,lcs-ulecs.adobe.io
5082,rw.yieldmo.com,1,rw.yieldmo.com
5083,inquisition.goguardian.com,1,inquisition.goguardian.com
5085,vivoglobal.com,3,asia-exstatic-vivofs.vivo.com;vivoglobal.com;wwwstatic.vivo.com.cn
5086,devices.filter.relay.school,1,devices.filter.relay.school
5090,api.gboxlab.com,1,api.gboxlab.com
5093,fern.xboxservices.com,1,fern.xboxservices.com
5094,clientsettings.roblox.com,1,clientsettings.roblox.com
5096,apps.rokt.com,1,apps.rokt.com
5097,sync.technoratimedia.com,1,sync.technoratimedia.com
5098,v1.pinimg.com,1,v1.pinimg.com
5101,sync.ad.cpe.dotomi.com,1,sync.ad.cpe.dotomi.com
5102,vcs16-normal-useast5.tiktokv.us,1,vcs16-normal-useast5.tiktokv.us
5103,mss.office.com,1,mss.office.com
5104,ably.io,31,ably.com;ably.io;alb.reddit.com;analytics.google.com;api-js.mixpanel.com;api.hubapi.com;cdn-ukwest.onetrust.com;fonts.googleapis.com;fonts.gstatic.com;js.hs-analytics.net;js.hs-banner.com;js.hs-scripts.com;js.hsadspixel.net;js.hubspot.com;js.usemessages.com;ntqy1wz94gjv.statuspage.io;o1076963.ingest.us.sentry.io;perf-na1.hsforms.com;pixel-config.reddit.com;px.ads.linkedin.com;snap.licdn.com;static.reo.dev;stats.g.doubleclick.net;storage.googleapis.com;track.hubspot.com;unpkg.com;voltaire.ably.com;www.google.com;www.googletagmanager.com;www.linkedin.com;www.redditstatic.com
5105,match.sync.ad.cpe.dotomi.com,1,match.sync.ad.cpe.dotomi.com
5106,na-ice.360yield.com,1,na-ice.360yield.com
5107,trc-events.taboola.com,1,trc-events.taboola.com
5108,vcs16-normal-useast8.tiktokv.us,1,vcs16-normal-useast8.tiktokv.us
5109,myphonenumbers-pa.googleapis.com,1,www.google.com
5111,ittpx-us-e.eskimi.com,1,ittpx-us-e.eskimi.com
5113,api.login.yahoo.com,1,api.login.yahoo.com
5114,groundcontrol.rendering.sharethrough.com,1,groundcontrol.rendering.sharethrough.com
5116,dsp.nrich.ai,1,dsp.nrich.ai
5117,mads.amazon.com,1,mads.amazon.com
5118,global.ib-ibi.com,1,global.ib-ibi.com
5121,webpost.itsupport247.net,1,webpost.itsupport247.net
5122,syndicatedsearch.goog,1,www.google.com
5124,www.espn.com,64,2417323e94f98b24d6ab876ace208e80.safeframe.googlesyndication.com;a.espncdn.com;a1.espncdn.com;a2.espncdn.com;a3.espncdn.com;a4.espncdn.com;ad.doubleclick.net;ad.turn.com;ads.pubmatic.com;ads.rubiconproject.com;ads.trustx.org;bcp.crwdcntrl.net;broadband.espn.com;c2shb.pubgw.yahoo.com;cdn.cookielaw.org;cdn.espn.com;cdn.id5-sync.com;cdn.jsdelivr.net;cdn.mgaru.dev;cdn.registerdisney.go.com;chui-assets-cdn.espn.com;cm.g.doubleclick.net;connectid.analytics.yahoo.com;dcf.espn.com;dmp.im-apps.net;entitlement.auth.adobe.com;ep1.adtrafficquality.google;ep2.adtrafficquality.google;esp.rtbhouse.com;fastlane.rubiconproject.com;fundingchoicesmessages.google.com;google-bidout-d.openx.net;googleads.g.doubleclick.net;googleads4.g.doubleclick.net;gum.criteo.com;htlb.casalemedia.com;ib.adnxs.com;id5-sync.com;ident.mygaru.com;invstatic101.creativecdn.com;krk2.kargo.com;match.adsrvr.org;micro.rubiconproject.com;oa.openxcdn.net;oajs.openx.net;pagead2.googlesyndication.com;pinpoint.espn.com;prebid-a.rubiconproject.com;s.secure.espncdn.com;s0.2mdn.net;scripts.webcontentassessor.com;secure.espn.com;securepubads.g.doubleclick.net;site.api.espn.com;sp.auth.adobe.com;static.criteo.net;sync6.im-apps.net;tags.crwdcntrl.net;tracking.mygaru.com;ups.analytics.yahoo.com;www.espn.com;www.google.com;www.googletagmanager.com;www.googletagservices.com
5125,audio-cf.spotifycdn.com,1,audio-cf.spotifycdn.com
5127,adsdk.microsoft.com,1,adsdk.microsoft.com
5128,c.contentsquare.net,1,c.contentsquare.net
5129,cookiebot.com,22,alb.reddit.com;analytics.google.com;bat.bing.com;cdn.amplitude.com;cdn.dreamdata.cloud;connect.facebook.net;consent.cookiebot.com;consentcdn.cookiebot.com;cookiebot.com;googleads.g.doubleclick.net;pixel-config.reddit.com;px.ads.linkedin.com;snap.licdn.com;static.hotjar.com;stats.g.doubleclick.net;tracking-api.g2.com;tracking.g2crowd.com;www.cookiebot.com;www.google.com;www.googletagmanager.com;www.linkedin.com;www.redditstatic.com
5133,webview.unityads.unity3d.com,1,webview.unityads.unity3d.com
5134,securedvisit.com,2,securedvisit.com;www.rkdms.com
5136,disney.images.edge.bamgrid.com,1,disney.images.edge.bamgrid.com
5138,ads.servenobid.com,1,ads.servenobid.com
5140,d.impactradius-event.com,1,d.impactradius-event.com
5142,androidattestationvalidation-pa.googleapis.com,1,www.google.com
5143,gpm.samsungqbe.com,1,gpm.samsungqbe.com
5144,t13.io,1,t13.io
5145,s2s.t13.io,1,s2s.t13.io
5148,usuyk1.icloud-content.com,1,usuyk1.icloud-content.com
5149,ssl.d1.sc.omtrdc.net,1,ssl.d1.sc.omtrdc.net
5150,adexp.liftoff.io,1,adexp.liftoff.io
5152,bat.bing.net,28,aadcdn.msftauth.net;ab.dns-finder.com;ad-delivery.net;ad.doubleclick.net;adsdk.microsoft.com;api.btloader.com;api.msn.com;arc.msn.com;assets.msn.com;bat.bing.net;browser.events.data.msn.com;btloader.com;c.bing.com;c.msn.com;ecn.dev.virtualearth.net;ib.msn.com;img-s-msn-com.akamaized.net;js.monitor.azure.com;login.live.com;login.microsoftonline.com;m.adnxs.com;mem.gfx.ms;px.ads.linkedin.com;sb.scorecardresearch.com;scripts.mf.webcontentassessor.com;srtb.msn.com;trc.taboola.com;www.msn.com
5153,us-std-00001.s3.dualstack.us-east-1.amazonaws.com,1,us-std-00001.s3.dualstack.us-east-1.amazonaws.com
5154,newassets.hcaptcha.com,1,newassets.hcaptcha.com
5155,arttrk.com,1,arttrk.com
5158,download.microsoft.com,50,a.tribalfusion.com;analytics.twitter.com;bat.bing.com;browser.events.data.microsoft.com;c.az.clicktale.net;c.bing.com;c.clarity.ms;c.s-microsoft.com;cdn-dynmedia-1.microsoft.com;cdnssl.clicktale.net;cm.everesttech.net;cm.g.doubleclick.net;cms.analytics.yahoo.com;cms.quantserve.com;download.microsoft.com;dpm.demdex.net;ds.reson8.com;googleads.g.doubleclick.net;ib.adnxs.com;idpix.media6degrees.com;idsync.rlcdn.com;jadserve.postrelease.com;js.monitor.azure.com;k.af.clicktale.net;login.live.com;login.microsoftonline.com;match.adsrvr.org;mem.gfx.ms;mscom.demdex.net;msftenterprise.sc.omtrdc.net;pixel.everesttech.net;px.ads.linkedin.com;px.owneriq.net;rtd-tm.everesttech.net;rtd.tubemogul.com;rum.hlx.page;s.clarity.ms;scripts.clarity.ms;servedby.flashtalking.com;srm.af.contentsquare.net;static.hj.contentsquare.net;target.microsoft.com;uhf.microsoft.com;ups.analytics.yahoo.com;wcpstatic.microsoft.com;www.clarity.ms;www.google.com;www.googletagmanager.com;www.linkedin.com;www.microsoft.com
5159,api.bazaarvoice.com,1,api.bazaarvoice.com
5161,aks-prod-westus2.access-point.cloudmessaging.edge.microsoft.com,1,aks-prod-westus2.access-point.cloudmessaging.edge.microsoft.com
5164,evt.undertone.com,1,evt.undertone.com
5165,fa000000193.resources.office.net,1,fa000000193.resources.office.net
5166,api.bounceexchange.com,1,api.bounceexchange.com
5169,msg.csw.lenovo.com,2,msg.csw.lenovo.com;vantage.csw.lenovo.com
5172,sf16-teko.tiktokcdn.com,1,sf16-teko.tiktokcdn.com
5174,sync.pmbmonetize.live,1,sync.pmbmonetize.live
5175,scontent.whatsapp.net,1,scontent.whatsapp.net
5177,sdk.iad-07.braze.com,1,sdk.iad-07.braze.com
5179,choices-or.trustarc.com,1,choices-or.trustarc.com
5180,harman.com,7,cdn.cookielaw.org;code.jquery.com;fonts.googleapis.com;fonts.gstatic.com;harman.com;www.googletagmanager.com;www.harman.com
5183,sdk.privacy-center.org,3,fonts.googleapis.com;fonts.gstatic.com;sdk.privacy-center.org
5184,p19-oec-general.ttcdn-us.com,1,p19-oec-general.ttcdn-us.com
5185,braintreegateway.com,9,braintreegateway.com;gstatic.braintreegateway.com;static.cloudflareinsights.com;t.paypal.com;www.braintreegateway.com;www.google.com;www.gstatic.com;www.paypal.com;www.paypalobjects.com
5186,meeting-container-a.wbx2.com,1,meeting-container-a.wbx2.com
5187,manifest.googlevideo.com,1,www.google.com
5188,res.df.onecdn.static.microsoft,1,res.df.onecdn.static.microsoft
5189,shftr.adnxs.net,1,shftr.adnxs.net
5190,garmin.com,24,bat.bing.com;cm.g.doubleclick.net;connect.facebook.net;consent.trustarc.com;ct.pinterest.com;dynamic.criteo.com;fonts.garmin.com;garmin.com;googleads.g.doubleclick.net;gum.criteo.com;matomo.garmin.com;px.adentifi.com;res.garmin.com;s.pinimg.com;sslwidget.criteo.com;sso.garmin.com;static.cloudflareinsights.com;static.garmincdn.com;static.hotjar.com;tags.tiqcdn.com;www.garmin.com;www.google-analytics.com;www.google.com;www.googletagmanager.com
5191,cdn-ffc.oobesaas.adobe.com,1,cdn-ffc.oobesaas.adobe.com
5192,error-analytics-sessions-production.shopifysvc.com,1,error-analytics-sessions-production.shopifysvc.com
5194,hb.apis.dell.com,1,hb.apis.dell.com
5195,wpdcm.itsupport247.net,1,wpdcm.itsupport247.net
5198,ps.pndsn.com,1,ps.pndsn.com
5201,external-content.duckduckgo.com,1,external-content.duckduckgo.com
5202,b.applovin.com,1,b.applovin.com
5203,msh.amazon.co.uk,2,g-ecx.images-amazon.com;msh.amazon.co.uk
5204,t.pubmatic.com,1,t.pubmatic.com
5205,ocsp.apple.com,1,ocsp.apple.com
5210,imtwjwoasak.com,1,imtwjwoasak.com
5211,cdn-adn-https.mtgglobals.com,1,cdn-adn-https.mtgglobals.com
5212,perimeterx.net,1,perimeterx.net
5213,a-iad3.1rx.io,1,a-iad3.1rx.io
5214,wss-primary.slack.com,1,wss-primary.slack.com
5216,fan.api.espn.com,1,fan.api.espn.com
5221,pbd.yahoo.com,43,ad-delivery.net;ads.pubmatic.com;ads.yieldmo.com;ap.lijit.com;api.rlcdn.com;c2shb-oao.ssp.yahoo.com;cdn.p-n.io;cdn.taboola.com;ce.lijit.com;cm.g.doubleclick.net;consent.cmp.oath.com;d2mqt2joll4fma.cloudfront.net;display.bidder.taboola.com;exchange.kueezrtb.com;fastlane.rubiconproject.com;grid-bidder.criteo.com;guce.yahoo.com;htlb.casalemedia.com;ib.adnxs.com;idx.liadm.com;ncp-gw-frontpage.media.yahoo.com;nexus-gateway-prod.media.yahoo.com;noa.yahoo.com;opus.analytics.yahoo.com;pbd.yahoo.com;pbs-yahoo-us.ay.delivery;pbs.yahoo.com;prebid-server.rubiconproject.com;prebid.media.net;rp.liadm.com;rtb.openx.net;s.seedtag.com;s.yimg.com;sb.scorecardresearch.com;securepubads.g.doubleclick.net;signal-service.pbs.yahoo.com;tlx.3lift.com;um.simpli.fi;ups.analytics.yahoo.com;us-trc-events.taboola.com;wnsrvbjmeprtfrnfx.ay.delivery;www.googletagmanager.com;www.yahoo.com
5222,i.redd.it,2,i.redd.it;www.reddit.com
5223,prod-a4.applovin.com,1,prod-a4.applovin.com
5224,mon-v2-boot.capcutapi.com,1,mon-v2-boot.capcutapi.com
5226,www.googleapis.cn,0,
5228,map.qq.com,17,5gimg.map.qq.com;apikey.map.qq.com;apis.map.qq.com;beacon.cdn.qq.com;confinfo.map.qq.com;h5gw.map.qq.com;map.qq.com;map.wap.qq.com;mapapi.qq.com;mapstyle.qpic.cn;open.map.qq.com;overseactrl.map.qq.com;pr.map.qq.com;router.map.qq.com;rt1.map.gtimg.com;ssl.captcha.qq.com;user.map.qq.com
5230,presence.teams.live.com,1,presence.teams.live.com
5231,device-provisioning.googleapis.com,1,www.google.com
5232,histats.com,16,csi.gstatic.com;ep1.adtrafficquality.google;ep2.adtrafficquality.google;fonts.googleapis.com;fonts.gstatic.com;fundingchoicesmessages.google.com;googleads.g.doubleclick.net;histats.com;i.histats.com;pagead2.googlesyndication.com;s10.histats.com;s4.histats.com;www.google-analytics.com;www.google.com;www.googletagmanager.com;www.histats.com
5233,citrixtelemetryeh-alias.servicebus.windows.net,1,citrixtelemetryeh-alias.servicebus.windows.net
5234,disney.connections.edge.bamgrid.com,1,disney.connections.edge.bamgrid.com
5237,zombie.duolingo.com,1,zombie.duolingo.com
5239,sync.adtelligent.com,1,sync.adtelligent.com
5241,tpsc-video-uw.doubleverify.com,1,tpsc-video-uw.doubleverify.com
5242,acp-ss-ue1.adobe.io,1,acp-ss-ue1.adobe.io
5243,www.walmart.com,13,b.wal.co;b.www.walmart.com;client.px-cloud.net;collector-pxu6b0qd2s.px-cloud.net;crcldu.com;fonts.googleapis.com;fst-ec.perimeterx.net;gum.criteo.com;i5.walmartimages.com;idsync.rlcdn.com;tpc.googlesyndication.com;tzm.px-cloud.net;www.walmart.com
5245,okcdn.ru,1,okcdn.ru
5246,g.alicdn.com,1,g.alicdn.com
5247,eu-auth2.samsungosp.com,1,eu-auth2.samsungosp.com
5248,att.com,49,128-239-2-78_s-23-215-0-13_ts-1776302916-clienttons-s.akamaihd.net;20877709p.rfihub.com;6100125.fls.doubleclick.net;68794906.akstat.io;a.rfihub.com;ad.doubleclick.net;adobedc.demdex.net;adservice.google.com;aep.att.com;assets.adobedtm.com;att.com;azinsight.adsrvr.org;bat.bing.com;bf03987fss.bf.dynatrace.com;c.clarity.ms;c.go-mpulse.net;cdn.flashtalking.com;cdn.quantummetric.com;cm.g.doubleclick.net;connect.facebook.net;d.oracleinfinity.io;dc.oracleinfinity.io;dpm.demdex.net;dsum-sec.casalemedia.com;fid.agkn.com;fls.doubleclick.net;googleads.g.doubleclick.net;ib.adnxs.com;ingestusipv4.quantummetric.com;insight.adsrvr.org;live.rezync.com;pixel.rubiconproject.com;qdxqettimfkrw2pahnca-p0o25o-077db4105-clientnsv4-s.akamaihd.net;s.amazon-adsystem.com;s2.go-mpulse.net;scripts.clarity.ms;servedby.flashtalking.com;signin.att.com;smetrics.att.com;solutions.invocacdn.com;storage.googleapis.com;trial-eum-clientnsv4-s.akamaihd.net;trial-eum-clienttons-s.akamaihd.net;ucm-us.verint-cdn.com;www.att.com;www.clarity.ms;www.google.com;www.googleadservices.com;www.googletagmanager.com
5249,webrtc.api.wyze.com,1,webrtc.api.wyze.com
5251,track.hubspot.com,1,track.hubspot.com
5252,js.hs-banner.com,1,js.hs-banner.com
5253,portal.fb.com,1,portal.fb.com
5254,signalr.net,10,c.bing.com;c.clarity.ms;dotnet.microsoft.com;js.monitor.azure.com;s.clarity.ms;scripts.clarity.ms;signalr.net;uhf.microsoft.com;wcpstatic.microsoft.com;www.clarity.ms
5261,braze.eu,32,analytics.google.com;braze.eu;cdn.cookielaw.org;cdn.microad.jp;cdn.pdst.fm;cdn.sanity.io;cm.g.doubleclick.net;connect.facebook.net;dev.visualwebsiteoptimizer.com;dpm.demdex.net;edge.fullstory.com;geolocation.onetrust.com;googleads.g.doubleclick.net;ib.adnxs.com;insight.adsrvr.org;j.6sc.co;js.adsrvr.org;js.qualified.com;munchkin.marketo.net;pixel.rubiconproject.com;pixels.spotify.com;rules.quantcount.com;s.yimg.com;secure.quantserve.com;snap.licdn.com;stats.g.doubleclick.net;tags.srv.stackadapt.com;tracking.g2crowd.com;www.braze.com;www.google.com;www.googletagmanager.com;www.redditstatic.com
5265,img.particlenews.com,1,img.particlenews.com
5266,stats.pandora.com,1,stats.pandora.com
5267,dsp.adkernel.com,1,dsp.adkernel.com
5268,idsyncprod-cehbcsbucqdhhgcj.b01.azurefd.net,1,idsyncprod-cehbcsbucqdhhgcj.b01.azurefd.net
5269,services.gfe.nvidia.com,1,services.gfe.nvidia.com
5270,checkip.dyndns.org,1,checkip.dyndns.org
5273,mintegral.net,7,assets-official.mintegral.com;icheck.mintegral.com;mintegral.net;s3.amazonaws.com;www.google-analytics.com;www.googletagmanager.com;www.mintegral.com
5274,staticcdn.duckduckgo.com,1,staticcdn.duckduckgo.com
5275,sdkconfig.intl.xiaomi.com,1,sdkconfig.intl.xiaomi.com
5276,unitedstates4.ss.wd.microsoft.us,1,unitedstates4.ss.wd.microsoft.us
5278,i.ebayimg.com,1,i.ebayimg.com
5279,digital-cloud-west.medallia.com,7,cdn.jsdelivr.net;cdn.medallia.com;cdn.rawgit.com;digital-cloud-west.medallia.com;fonts.googleapis.com;fonts.gstatic.com;resources.digital-cloud.medallia.com
5280,radarsubmissions.apple.com,1,radarsubmissions.apple.com
5283,ios26.push.prod.netflix.com,1,ios26.push.prod.netflix.com
5284,atzscr.itsupport247.net,1,atzscr.itsupport247.net
5285,e4.axon.ai,1,e4.axon.ai
5286,app.pdq.com,3,app.pdq.com;fonts.googleapis.com;www.googletagmanager.com
5291,gateway.zscalertwo.net,2,gateway.zscalertwo.net;login.zscalertwo.net
5292,js.hs-analytics.net,1,js.hs-analytics.net
5293,acp-ss-va6c2.adobe.io,1,acp-ss-va6c2.adobe.io
5294,en.wikipedia.org,2,en.wikipedia.org;upload.wikimedia.org
5296,ota.onecloud.harman.com,1,ota.onecloud.harman.com
5299,ch-trc-events.taboola.com,1,ch-trc-events.taboola.com
5301,www.cloudflare.com,37,713-xsc-918.mktoresp.com;ad.doubleclick.net;adservice.google.com;alb.reddit.com;analytics.twitter.com;api.company-target.com;bat.bing.com;bat.bing.net;cdn.bizible.com;cdn.bizibly.com;cf-assets.www.cloudflare.com;challenges.cloudflare.com;cm.g.doubleclick.net;dsum-sec.casalemedia.com;ib.adnxs.com;id.rlcdn.com;insight.adsrvr.org;js.adsrvr.org;js.qualified.com;munchkin.marketo.net;ot.www.cloudflare.com;partners.tremorhub.com;pixel.rubiconproject.com;px.ads.linkedin.com;s.company-target.com;segments.company-target.com;snap.licdn.com;static.ads-twitter.com;static.cloudflareinsights.com;stats.g.doubleclick.net;t.co;tag-logger.demandbase.com;tag.demandbase.com;www.cloudflare.com;www.google.com;www.googletagmanager.com;www.linkedin.com
5302,c.ltmsphrcl.net,1,c.ltmsphrcl.net
5307,identitytoolkit.googleapis.com,1,www.google.com
5308,npwuscdn.onenote.static.microsoft,1,npwuscdn.onenote.static.microsoft
5310,scripts.mf.webcontentassessor.com,1,scripts.mf.webcontentassessor.com
5312,noam.cc.skype.com,1,noam.cc.skype.com
5313,threatdown.com,43,185c650ccfd84b27aad189f19681365b.js.ubembed.com;805-usg-300.mktoresp.com;alb.reddit.com;analytics.google.com;api.company-target.com;api.weglot.com;assets.adoberesources.net;assets.ubembed.com;bat.bing.com;cdn.cookielaw.org;cdn.weglot.com;dev.visualwebsiteoptimizer.com;dsum-sec.casalemedia.com;fonts.googleapis.com;fonts.gstatic.com;geolocation.onetrust.com;get.threatdown.com;go.malwarebytes.com;grsm.io;id.rlcdn.com;js.zi-scripts.com;munchkin.marketo.net;partnerlinks.io;partners.tremorhub.com;pixel-config.reddit.com;pixel.rubiconproject.com;px.ads.linkedin.com;s.company-target.com;segments.company-target.com;snap.licdn.com;stats.g.doubleclick.net;stats.wp.com;tag-logger.demandbase.com;tag.demandbase.com;threatdown.com;ws.zoominfo.com;www.g2.com;www.google.com;www.googletagmanager.com;www.linkedin.com;www.redditstatic.com;www.threatdown.com;www.upsellit.com
5314,features.netscalergateway.net,1,features.netscalergateway.net
5316,mssdk22-normal-alisg.tiktokv.com,1,mssdk22-normal-alisg.tiktokv.com
5320,sync.visx.net,1,sync.visx.net
5324,gcs-us-00003.content-storage-download.googleapis.com,1,gcs-us-00003.content-storage-download.googleapis.com
5325,uss.xplosion.de,1,uss.xplosion.de
5326,reachable.webex.com,1,reachable.webex.com
5328,cdn.ketchjs.com,1,cdn.ketchjs.com
5331,logitech.com,49,201-wgh-889.mktoresp.com;6016578.global.siteimproveanalytics.io;8227232.fls.doubleclick.net;ad.doubleclick.net;alb.reddit.com;analytics.tiktok.com;cdn.bizible.com;cdn.bizibly.com;cdn.cookielaw.org;cdn.evgnet.com;cdn.quantummetric.com;cdn.tkrconnector.com;cdn.yellowmessenger.com;cm.everesttech.net;cm.g.doubleclick.net;connect.facebook.net;dpm.demdex.net;geolocation.onetrust.com;googleads.g.doubleclick.net;ib.adnxs.com;ingest.quantummetric.com;insight.adsrvr.org;js.adsrvr.org;logitech.com;logitech.demdex.net;logitecheurope.us-6.evergage.com;m.servedby-buysellads.com;munchkin.marketo.net;pixel-config.reddit.com;pixel.rubiconproject.com;pubads.g.doubleclick.net;px.ads.linkedin.com;resource.logitech.com;s.pinimg.com;siteimproveanalytics.com;sjs.bizographics.com;snap.licdn.com;sync-tm.everesttech.net;utt.impactcdn.com;webanalytics.logitech.com;webtags.logitech.com;ws.zoominfo.com;www.facebook.com;www.google-analytics.com;www.google.com;www.googletagmanager.com;www.linkedin.com;www.logitech.com;www.redditstatic.com
5332,rtlog16-normal-alisg.tiktokv.com,1,rtlog16-normal-alisg.tiktokv.com
5334,router.infolinks.com,1,router.infolinks.com
5336,resources.digital-cloud.medallia.com,1,resources.digital-cloud.medallia.com
5340,api.forter.com,1,api.forter.com
5341,m.api.forter.com,1,m.api.forter.com
5343,mab.chartbeat.com,6,docs.chartbeat.com;ka-p.fontawesome.com;mab.chartbeat.com;static-2v.gitbook.com;www.google-analytics.com;www.googletagmanager.com
5344,publisher-config.unityads.unity3d.com,1,publisher-config.unityads.unity3d.com
5347,stackpath.bootstrapcdn.com,10,api.github.com;cdn.jsdelivr.net;datum.jsdelivr.com;fonts.googleapis.com;fonts.gstatic.com;github.com;github.githubassets.com;platform.twitter.com;stackpath.bootstrapcdn.com;syndication.twitter.com
5349,client.smartthings.com,1,client.smartthings.com
5353,go.trouter.gcc.teams.microsoft.com,1,go.trouter.gcc.teams.microsoft.com
5354,idsync.reson8.com,1,idsync.reson8.com
5357,jsb16-normal-useast5.tiktokv.us,1,jsb16-normal-useast5.tiktokv.us
5358,jsb16-normal-useast8.tiktokv.us,1,jsb16-normal-useast8.tiktokv.us
5360,aggr32-normal.tiktokv.eu,1,aggr32-normal.tiktokv.eu
5362,prod.otel.kaizen.nvidia.com,1,prod.otel.kaizen.nvidia.com
5364,developer.microsoft.com,14,browser.events.data.microsoft.com;c.bing.com;c.clarity.ms;c.s-microsoft.com;developer.microsoft.com;fonts.googleapis.com;fonts.gstatic.com;js.monitor.azure.com;s.clarity.ms;scripts.clarity.ms;uhf.microsoft.com;wcpstatic.microsoft.com;www.clarity.ms;www.microsoft.com
5366,trace.mshopbugsnag.irm.amazon.dev,1,trace.mshopbugsnag.irm.amazon.dev
5367,rtbc-ue1.doubleverify.com,1,rtbc-ue1.doubleverify.com
5368,i.manage.microsoft.com,7,aadcdn.msftauth.net;browser.events.data.microsoft.com;i.manage.microsoft.com;intune.microsoft.com;login.live.com;login.microsoftonline.com;portal.azure.com
5369,eventstream.ring.com,1,eventstream.ring.com
5370,resources.digital-cloud-west.medallia.com,1,resources.digital-cloud-west.medallia.com
5371,ib.mookie1.com,1,ib.mookie1.com
5373,js.hs-scripts.com,1,js.hs-scripts.com
5380,v58.tiktokcdn.com,1,v58.tiktokcdn.com
5381,js-cdn.dynatrace.com,42,352-nvo-562.mktoresp.com;9976700.fls.doubleclick.net;a.usbrowserspeed.com;ad.doubleclick.net;adservice.google.com;alb.reddit.com;b.6sc.co;bat.bing.com;bf25977vwq.bf.dynatrace.com;c.6sc.co;cdn.calibermind.com;cdn.cookielaw.org;cdn.dm.dynatrace.com;cdn.hub.central.dynatrace.com;dt-cdn.net;e.calibermind.com;epsilon.6sense.com;geolocation.onetrust.com;googleads.g.doubleclick.net;ipv6.6sc.co;ixfd-api.bc0a.com;j.6sc.co;js-cdn.dynatrace.com;munchkin.marketo.net;paapi9296.d41.co;pixel-config.reddit.com;px.ads.linkedin.com;ruxit.com;secure.adnxs.com;snap.licdn.com;static.hotjar.com;t.influ2.com;tags.srv.stackadapt.com;v2.d41.co;ws.zoominfo.com;www.dynatrace.com;www.google-analytics.com;www.google.com;www.googletagmanager.com;www.influ2.com;www.linkedin.com;www.redditstatic.com
5383,su.itunes.apple.com,1,su.itunes.apple.com
5385,cdn.p-n.io,1,cdn.p-n.io
5387,rtlog16-normal-useast8.tiktokv.us,1,rtlog16-normal-useast8.tiktokv.us
5388,ap2.googleusercontent.com,1,www.google.com
5389,vg-new-ssplib-hb.mtgglobals.com,1,vg-new-ssplib-hb.mtgglobals.com
5391,nav.smartscreen.microsoft.com,1,nav.smartscreen.microsoft.com
5397,scs-use2.bixbyllm.com,1,scs-use2.bixbyllm.com
5399,usqas5.icloud-content.com,1,usqas5.icloud-content.com
5400,lax1-ib.adnxs.com,1,lax1-ib.adnxs.com
5402,ipds.adrta.com,1,ipds.adrta.com
5404,ttlock.com,4,accwww5c1.53kf.com;tb.53kf.com;ttlock.com;www5c1.53kf.com
5411,gateway.zscalerthree.net,2,gateway.zscalerthree.net;login.zscalerthree.net
5412,rta.xboxlive.com,1,rta.xboxlive.com
5414,adsbynimbus.com,6,adsbynimbus.com;cdn.prod.website-files.com;d3e54v103j8qbb.cloudfront.net;www.adsbynimbus.com;www.google-analytics.com;www.googletagmanager.com
5415,weather-server.allawnos.com,1,weather-server.allawnos.com
5418,ios26.ws.prod.cloud.netflix.com,1,ios26.ws.prod.cloud.netflix.com
5419,api.livechatinc.com,1,api.livechatinc.com
5424,mozilla-ohttp.fastly-edge.com,1,mozilla-ohttp.fastly-edge.com
5425,rosenberg.appmetrica.yandex.net,1,rosenberg.appmetrica.yandex.net
5426,rebus.rustore.ru,1,rebus.rustore.ru
5429,developers.google.cn,10,apis.google.com;feedback-pa.clients6.google.com;fonts.googleapis.cn;fonts.googleapis.com;fonts.gstatic.cn;gstatic.com;www.google-analytics.com;www.googletagmanager.com;www.gstatic.cn;www.gstatic.com
5435,dealer.spotify.com,1,dealer.spotify.com
5440,pinpoint.espn.com,1,pinpoint.espn.com
5443,is2-ssl.mzstatic.com,1,is2-ssl.mzstatic.com
5444,w.org,7,i0.wp.com;s.w.org;stats.wp.com;w.org;wordpress.org;www.google-analytics.com;www.googletagmanager.com
5448,services.bingapis.com,1,services.bingapis.com
5449,cached-ad-a.fyber.com,1,cached-ad-a.fyber.com
5450,api.waywubi83.com,1,api.waywubi83.com
5453,rtlog16-normal-useast5.tiktokv.us,1,rtlog16-normal-useast5.tiktokv.us
5454,check.analytics.rlcdn.com,1,check.analytics.rlcdn.com
5455,js.appboycdn.com,1,js.appboycdn.com
5457,lfodown01-b.cloudsink.net,1,lfodown01-b.cloudsink.net
5462,rtb.adgrx.com,1,rtb.adgrx.com
5463,example.com,1,example.com
5464,swishapps.ai,1,swishapps.ai
5466,nearbypresence-pa.googleapis.com,1,www.google.com
5468,auth.roblox.com,1,auth.roblox.com
5470,catchon.com,10,bat.bing.com;catchon.com;cdn.cookielaw.org;js.qualified.com;lightspeedsystems.containers.piwik.pro;lightspeedsystems.piwik.pro;sp-ao.shortpixel.ai;www.catchon.com;www.lightspeedsystems.com;www.youtube.com
5472,s.w.org,6,i0.wp.com;s.w.org;stats.wp.com;wordpress.org;www.google-analytics.com;www.googletagmanager.com
5474,csp-reporting.cloudflare.com,1,csp-reporting.cloudflare.com
5476,asia.apple.com,4,asia.apple.com;securemetrics.apple.com;securemvt.apple.com;www.apple.com
5478,agent.catchon.com,1,agent.catchon.com
5481,gateway.icloud.com.cn,1,gateway.icloud.com.cn
5484,myworkday.com,4,client.rum.us-east-1.amazonaws.com;community.workday.com;myworkday.com;static.community.workday.com
5485,takedown.api.playstation.com,1,takedown.api.playstation.com
5487,sync.tubemogul.com,2,sync-tm.everesttech.net;sync.tubemogul.com
5488,trace.svc.ui.com,1,trace.svc.ui.com
5491,nearbydevices-pa.googleapis.com,1,www.google.com
5492,hde.tynt.com,1,hde.tynt.com
5494,cached-ad-b.fyber.com,1,cached-ad-b.fyber.com
5497,mediation-sg2-log.pangle.io,1,mediation-sg2-log.pangle.io
5500,skyapi.live.net,1,skyapi.live.net
5501,o33249.ingest.us.sentry.io,1,o33249.ingest.us.sentry.io
5505,images-ext-1.discordapp.net,1,images-ext-1.discordapp.net
5506,auth0.com,60,10910059.fls.doubleclick.net;855-qah-699.mktoresp.com;a.quora.com;ad.doubleclick.net;adobemetrics.auth0.com;adservice.google.com;alb.reddit.com;analytics.google.com;analytics.twitter.com;assets.adobedtm.com;assets.adoberesources.net;auth0.com;b.6sc.co;c.6sc.co;c.contentsquare.net;cdn.auth0.com;cdn.bizible.com;cdn.bizibly.com;cdn.cookielaw.org;cdn.heapanalytics.com;cdn.optimizely.com;cdnjs.cloudflare.com;cm.g.doubleclick.net;connect.facebook.net;d.adroll.com;epsilon.6sense.com;geolocation.onetrust.com;heapanalytics.com;ib.adnxs.com;images.ctfassets.net;insight.adsrvr.org;ipv6.6sc.co;j.6sc.co;js.adsrvr.org;js.qualified.com;k-aus1.contentsquare.net;l.contentsquare.net;lex.33across.com;lift-ai-js.marketlinc.com;logx.optimizely.com;m.servedby-buysellads.com;munchkin.marketo.net;pixel-config.reddit.com;pixel.rubiconproject.com;platform.twitter.com;pubads.g.doubleclick.net;px.ads.linkedin.com;s.adroll.com;snap.licdn.com;static.ads-twitter.com;stats.g.doubleclick.net;t.co;t.contentsquare.net;tracking-api.g2.com;tracking.g2crowd.com;trk.techtarget.com;www.google.com;www.googletagmanager.com;www.linkedin.com;www.redditstatic.com
5507,playdigo.com,4,analytics.google.com;playdigo.com;stats.g.doubleclick.net;www.google-analytics.com
5508,heads-fa-tls13.spotifycdn.com,1,heads-fa-tls13.spotifycdn.com
5509,collector.brandmetrics.com,1,collector.brandmetrics.com
5510,westus2-2.in.applicationinsights.azure.com,1,westus2-2.in.applicationinsights.azure.com
5511,stats.wp.com,16,accounts.google.com;bat.bing.com;cdn.parsely.com;connect.facebook.net;googleads.g.doubleclick.net;p1.parsely.com;public-api.wordpress.com;refer.wordpress.com;s0.wp.com;static.hotjar.com;stats.wp.com;wordpress.com;wpcom.files.wordpress.com;www.google-analytics.com;www.google.com;www.googletagmanager.com
5514,pixelfnt-us.dsp-api.moloco.com,1,pixelfnt-us.dsp-api.moloco.com
5516,ip-info.ff.avast.com,1,ip-info.ff.avast.com
5518,comserver-hb-us1-iad2-2.n-able.com,1,comserver-hb-us1-iad2-2.n-able.com
5520,android.prod.cloud.netflix.com,1,android.prod.cloud.netflix.com
5521,ccp-lh.googleusercontent.com,1,www.google.com
5522,cs-ob.yellowblue.io,1,cs-ob.yellowblue.io
5524,data.emb-api.com,1,data.emb-api.com
5525,auction-load.unityads.unity3d.com,1,auction-load.unityads.unity3d.com
5529,pus8-collabhubrtc.officeapps.live.com,1,pus8-collabhubrtc.officeapps.live.com
5531,s.adroll.com,1,s.adroll.com
5532,mimecast.com,47,336-tau-594.mktoresp.com;a.usbrowserspeed.com;alb.reddit.com;analytics.google.com;api.cr-relay.com;assets.mimecast.com;bat.bing.com;bttrack.com;c.clarity.ms;cdn.bttrack.com;cdn.cookielaw.org;cdn.cr-relay.com;cdn.jsdelivr.net;cdn.mouseflow.com;cdn.optimizely.com;di.rlcdn.com;epsilon.6sense.com;eu.api.fpjs.io;fpjscdn.net;geolocation.onetrust.com;googleads.g.doubleclick.net;ipv6.6sc.co;j.6sc.co;lonrtp1-cdn.marketo.com;lonrtp1.marketo.com;mimecast.com;munchkin.marketo.net;pixel-config.reddit.com;pixel.byspotify.com;px.ads.linkedin.com;rtp-static.marketo.com;s.clarity.ms;scout-cdn.salesloft.com;scout.salesloft.com;scripts.clarity.ms;snap.licdn.com;stats.g.doubleclick.net;tracker.pixeltracker.co;ug-webapp-public-production.s3.amazonaws.com;unpkg.com;use.typekit.net;www.clarity.ms;www.google.com;www.googletagmanager.com;www.linkedin.com;www.mimecast.com;www.redditstatic.com
5534,service-channels.clusters.pluto.tv,1,service-channels.clusters.pluto.tv
5537,pips.taboola.com,1,pips.taboola.com
5538,usea1-017.sentinelone.net,3,cdn.pendo.io;content.pendo.sentinelone.net;usea1-017.sentinelone.net
5541,normandy.cdn.mozilla.net,1,normandy.cdn.mozilla.net
5542,update.eset.com,1,update.eset.com
5544,accounts.firefox.com,3,accounts.firefox.com;cdn.accounts.firefox.com;o1069899.ingest.sentry.io
5547,k8s1-event-tracker-va.lb.indexww.com,1,k8s1-event-tracker-va.lb.indexww.com
5549,sportradarserving.com,8,cdn-ileimjk.nitrocdn.com;fonts.gstatic.com;nitroscripts.com;sportradar.com;sportradarserving.com;to.getnitropack.com;www.google.com;www.sportradar.com
5550,tasks-pa.clients6.google.com,1,www.google.com
5552,wakesmart.net,3,fonts.googleapis.com;fonts.gstatic.com;wakesmart.net
5553,m-2c3e25d3.kinesisvideo.us-west-2.amazonaws.com,1,m-2c3e25d3.kinesisvideo.us-west-2.amazonaws.com
5556,m-72556905.kinesisvideo.us-west-2.amazonaws.com,1,m-72556905.kinesisvideo.us-west-2.amazonaws.com
5559,logs.datadoghq.com,5,7fc280bc.datadoghq.com;d20xtzwzcl0ceb.cloudfront.net;logs.datadoghq.com;static.datadoghq.com;www.datadoghq.com
5561,mas-sdk.amazon.com,2,g-ecx.images-amazon.com;mas-sdk.amazon.com
5563,api.tiktokv.com,1,api.tiktokv.com
5565,nyt.com,51,3c6a1f1c81f513fe3fc1f00f2567f3e6.safeframe.googlesyndication.com;5290727.fls.doubleclick.net;a.et.nytimes.com;a.nytimes.com;aax.amazon-adsystem.com;ad.doubleclick.net;adservice.google.com;als-svc.nytimes.com;ats-wrapper.privacymanager.io;c.amazon-adsystem.com;cdn.brandmetrics.com;cdn.doubleverify.com;cm.g.doubleclick.net;config.aps.amazon-adsystem.com;dd.nytimes.com;eg.nytimes.com;ep1.adtrafficquality.google;ep2.adtrafficquality.google;fastlane.rubiconproject.com;fonts.googleapis.com;fonts.gstatic.com;g1.nyt.com;grid-bidder.criteo.com;gum.criteo.com;hbopenbid.pubmatic.com;hbxlp.media.net;htlb.casalemedia.com;launchpad-wrapper.privacymanager.io;launchpad.privacymanager.io;nyt-dti-prd-staticjs.storage.googleapis.com;nyt.com;pagead2.googlesyndication.com;pay.google.com;platform.iteratehq.com;prebid.media.net;purr.nytimes.com;rtb.openx.net;rumcdn.geoedge.be;s.go-mpulse.net;sb.scorecardresearch.com;securepubads.g.doubleclick.net;static.chartbeat.com;static01.nyt.com;tlx.3lift.com;tpc.googlesyndication.com;tps.doubleverify.com;warp.media.net;www.datadoghq-browser-agent.com;www.google.com;www.googletagmanager.com;www.gstatic.com
5572,sync.sharethis.com,1,sync.sharethis.com
5575,snapshotsgw.prod.gws.ring.amazon.dev,1,snapshotsgw.prod.gws.ring.amazon.dev
5579,ds.reson8.com,1,ds.reson8.com
5580,time-push-intl.heytapmobile.com,1,time-push-intl.heytapmobile.com
5584,prod.us-east-1.cxm-bcn.publisher-services.amazon.dev,1,prod.us-east-1.cxm-bcn.publisher-services.amazon.dev
5585,xiaohongshu.com,8,as.xiaohongshu.com;edith.xiaohongshu.com;fe-static.xhscdn.com;fe-video-qc.xhscdn.com;sns-avatar-qc.xhscdn.com;sns-webpic-qc.xhscdn.com;www.xiaohongshu.com;xiaohongshu.com
5586,config.emb-api.com,1,config.emb-api.com
5587,m-555f26aa.kinesisvideo.us-west-2.amazonaws.com,1,m-555f26aa.kinesisvideo.us-west-2.amazonaws.com
5588,people-companion.public.onecdn.static.microsoft,2,people-companion.public.onecdn.static.microsoft;res.cdn.office.net
5590,m-7eee4e76.kinesisvideo.us-west-2.amazonaws.com,1,m-7eee4e76.kinesisvideo.us-west-2.amazonaws.com
5591,m-d73cdb00.kinesisvideo.us-west-2.amazonaws.com,1,m-d73cdb00.kinesisvideo.us-west-2.amazonaws.com
5592,m-11e07cd0.kinesisvideo.us-west-2.amazonaws.com,1,m-11e07cd0.kinesisvideo.us-west-2.amazonaws.com
5594,res-4.public.onecdn.static.microsoft,1,res-4.public.onecdn.static.microsoft
5597,top-fwz1.mail.ru,1,top-fwz1.mail.ru
5599,c.riskified.com,1,c.riskified.com
5600,europe-west1-gcp.api.snapchat.com,1,europe-west1-gcp.api.snapchat.com
5602,m-2a31bced.kinesisvideo.us-west-2.amazonaws.com,1,m-2a31bced.kinesisvideo.us-west-2.amazonaws.com
5604,tr.outbrain.com,1,tr.outbrain.com
5605,pbs-cs.minutemedia-prebid.com,1,pbs-cs.minutemedia-prebid.com
5606,restrict.youtube.com,1,www.google.com
5607,radio.itunes.apple.com,1,radio.itunes.apple.com
5609,snapshotsdevicesgw-alb.us-east-1.prod.v2.gws.ring.amazon.dev,1,snapshotsdevicesgw-alb.us-east-1.prod.v2.gws.ring.amazon.dev
5613,gsp53-ssl.ls.apple.com,1,gsp53-ssl.ls.apple.com
5614,nam10.safelinks.protection.outlook.com,1,nam10.safelinks.protection.outlook.com
5616,et-l.w.inmobi.com,1,et-l.w.inmobi.com
5617,sprig.com,4,cdn.jsdelivr.net;cdn.prod.website-files.com;d3e54v103j8qbb.cloudfront.net;sprig.com
5618,ex.co,24,api.hubapi.com;cdn-cookieyes.com;directory.cookieyes.com;ex.co;forms-na1.hsforms.com;forms.hsforms.com;js.hs-analytics.net;js.hs-banner.com;js.hs-scripts.com;js.hsadspixel.net;js.hscollectedforms.net;js.hsforms.net;js.hubspot.com;log.cookieyes.com;perf-na1.hsforms.com;prd-collector-platform.ex.co;px.ads.linkedin.com;smart-placements-sdk.ex.co;snap.licdn.com;static.ex.co;track.hubspot.com;www.google-analytics.com;www.googletagmanager.com;www.linkedin.com
5619,m-45f49450.kinesisvideo.us-west-2.amazonaws.com,1,m-45f49450.kinesisvideo.us-west-2.amazonaws.com
5620,snapshotsdevicesgw.us-east-1.prod.v2.gws.ring.amazon.dev,1,snapshotsdevicesgw.us-east-1.prod.v2.gws.ring.amazon.dev
5621,aws.com,20,a.b.cdn.console.awsstatic.com;a0.awsstatic.com;amazonwebservices.d2.sc.omtrdc.net;aws.amazon.com;aws.com;aws.demdex.net;cm.everesttech.net;cx0.m.awsstatic.com;d0.m.awsstatic.com;d1.awsstatic.com;d2c.aws.amazon.com;dpm.demdex.net;edge.adobedc.net;infra-api.us-east-1.prod.mrc-sunrise.marketing.aws.dev;loader.us-east-1.prod.mrc-sunrise.marketing.aws.dev;prod.log.shortbread.aws.dev;prod.pa.cdn.uis.awsstatic.com;t0.m.awsstatic.com;vs.aws.amazon.com;www.youtube.com
5627,p77-sg.tiktokcdn.com,1,p77-sg.tiktokcdn.com
5630,nam12.safelinks.protection.outlook.com,1,nam12.safelinks.protection.outlook.com
5631,cdn.optable.co,27,ajax.googleapis.com;analytics.google.com;cdn.jsdelivr.net;cdn.optable.co;cdn.prod.website-files.com;cdn.weglot.com;d3e54v103j8qbb.cloudfront.net;fonts.googleapis.com;fonts.gstatic.com;forms-na1.hsforms.com;forms.hsforms.com;googleads.g.doubleclick.net;js.hs-analytics.net;js.hs-banner.com;js.hs-scripts.com;js.hscollectedforms.net;js.hsforms.net;optable.co;px.ads.linkedin.com;snap.licdn.com;stats.g.doubleclick.net;track.hubspot.com;www.google-analytics.com;www.google.com;www.googletagmanager.com;www.linkedin.com;www.optable.co
5633,oauth.ring.com,1,oauth.ring.com
5634,snapshotsgw-geo.prod.gws.ring.amazon.dev,1,snapshotsgw-geo.prod.gws.ring.amazon.dev
5639,user-data-us-east.bidswitch.net,1,user-data-us-east.bidswitch.net
5643,content.garena.com,1,content.garena.com
5648,m-75621fd6.kinesisvideo.us-west-2.amazonaws.com,1,m-75621fd6.kinesisvideo.us-west-2.amazonaws.com
5649,editor32-normal-sg.capcutapi.com,1,editor32-normal-sg.capcutapi.com
5650,vc.hotjar.io,41,alb.reddit.com;analytics.google.com;analytics.twitter.com;api.segment.io;aplo-evnt.com;assets.apollo.io;ca.contentsquare.net;cdn.cookielaw.org;cdn.jsdelivr.net;cdn.optimizely.com;cdn.segment.com;cdn.us.heap-api.com;connect.facebook.net;et.eulerian.net;eu.api.fpjs.io;fast.appcues.com;fpjscdn.net;geolocation.onetrust.com;googleads.g.doubleclick.net;grsm.io;images.ctfassets.net;invite.contentsquare.com;invite.hotjar.com;js.partnerstack.com;partnerlinks.io;pixel-config.reddit.com;px.ads.linkedin.com;snap.licdn.com;static.ada.support;static.ads-twitter.com;static.hotjar.com;stats.g.doubleclick.net;t.co;t.contentsquare.net;unpkg.com;vc.hotjar.io;www.google.com;www.googletagmanager.com;www.hotjar.com;www.linkedin.com;www.redditstatic.com
5651,pixel.quantcount.com,1,pixel.quantcount.com
5652,evergage.com,2,evergage.com;www.salesforce.com
5653,consent.trustarc.com,1,consent.trustarc.com
5655,ire-dsu.shalltry.com,1,ire-dsu.shalltry.com
5656,fitbit.com,16,2542116.fls.doubleclick.net;ad.doubleclick.net;adservice.google.com;fitbit.com;fonts.gstatic.com;googleads.g.doubleclick.net;lh3.googleusercontent.com;ogads-pa.clients6.google.com;play.google.com;ssl.gstatic.com;storage.googleapis.com;www.fitbit.com;www.google-analytics.com;www.google.com;www.googletagmanager.com;www.gstatic.com
5657,solutions.cdn.optable.co,1,solutions.cdn.optable.co
5658,wayfair.com,12,assets.wfcdn.com;client.px-cloud.net;collector-px3vk96i6i.px-client.net;collector-px3vk96i6i.px-cloud.net;crcldu.com;fonts.googleapis.com;fonts.gstatic.com;fst-ec.perimeterx.net;sonar.script.ac;tzm.px-cloud.net;wayfair.com;www.wayfair.com
5659,edge-va6.demdex.net,1,edge-va6.demdex.net
5660,posthog.com,3,internal-c.posthog.com;posthog.com;res.cloudinary.com
5661,beacons.extremereach.io,1,beacons.extremereach.io
5662,eu-prod.asyncgw.teams.microsoft.com,1,eu-prod.asyncgw.teams.microsoft.com
5664,d8203f0ad53bdb179cca2610a880407f2d09ae31fccda8f194a22287775dc22.us-east-1.prod.service.minerva.devices.a2z.com,1,d8203f0ad53bdb179cca2610a880407f2d09ae31fccda8f194a22287775dc22.us-east-1.prod.service.minerva.devices.a2z.com
5668,prebid.admatic.de,1,prebid.admatic.de
5672,sparteo.com,12,cdn.jsdelivr.net;cdn.prod.website-files.com;corporate.sparteo.com;d3e54v103j8qbb.cloudfront.net;matomo.platform-k8s.bricks-co.com;pbsj.bricks-co.com;sparteo.com;static.fastcmp.com;sync.sparteo.com;t.fastcmp.com;www.google.com;www.gstatic.com
5673,brave-core-ext.s3.brave.com,1,brave-core-ext.s3.brave.com
5675,fcmtoken.googleapis.com,1,www.google.com
5679,uslax2.icloud-content.com,1,uslax2.icloud-content.com
5680,pixel.wp.com,16,accounts.google.com;bat.bing.com;cdn.parsely.com;connect.facebook.net;googleads.g.doubleclick.net;p1.parsely.com;pixel.wp.com;public-api.wordpress.com;refer.wordpress.com;s0.wp.com;static.hotjar.com;wordpress.com;wpcom.files.wordpress.com;www.google-analytics.com;www.google.com;www.googletagmanager.com
5683,m-8a150cee.kinesisvideo.us-west-2.amazonaws.com,1,m-8a150cee.kinesisvideo.us-west-2.amazonaws.com
5685,lciapi.ninthdecimal.com,1,lciapi.ninthdecimal.com
5686,aadcdn.msftauthimages.net,1,aadcdn.msftauthimages.net
5687,site.com,2,site.com;www.salesforce.com
5688,adscale.de,6,adscale.de;analytics.regiohelden.de;consent.cookiebot.com;consentcdn.cookiebot.com;static.cloudflareinsights.com;stroeer.de
5691,att-launches.appsflyersdk.com,1,att-launches.appsflyersdk.com
5695,broadband.espn.com,1,broadband.espn.com
5702,update-windows.grammarly.com,1,update-windows.grammarly.com
5714,cloud4.wakesmart.net,3,cloud4.wakesmart.net;fonts.googleapis.com;fonts.gstatic.com
5716,tps-dn-uw1.doubleverify.com,1,tps-dn-uw1.doubleverify.com
5721,s.c.appier.net,1,s.c.appier.net
5722,search16-normal-c-useast1a.tiktokv.com,1,search16-normal-c-useast1a.tiktokv.com
5723,cxcs.cdn.office.net,1,cxcs.cdn.office.net
5725,search16-normal-no1a.tiktokv.eu,1,search16-normal-no1a.tiktokv.eu
5726,lens.google.com,3,ogads-pa.clients6.google.com;play.google.com;www.gstatic.com
5727,api.usercentrics.eu,1,api.usercentrics.eu
5732,cdn9.forter.com,1,cdn9.forter.com
5733,capcut.com,17,analytics.google.com;bat.bing.com;c.bing.com;c.clarity.ms;capcut.com;googleads.g.doubleclick.net;lf16-cdn-tos.tiktokcdn-us.com;lf16-tiktok-web.tiktokcdn-us.com;mon16-normal-us-ttp.capcutapi.us;mon16-normal-useast5.tiktokv.us;p16-seeyou-useast5.capcutcdn-us.com;sf16-ug-tos.capcutcdn-us.com;sf16-web-tos-buz.capcutcdn-us.com;stats.g.doubleclick.net;www.clarity.ms;www.google.com;www.googletagmanager.com
5734,firebasestorage.googleapis.com,1,www.google.com
5737,assets.pinterest.com,1,assets.pinterest.com
5739,lastpass.com,25,129-msq-038.mktoresp.com;analytics.lastpass.com;analytics.twitter.com;arttrk.com;connect.facebook.net;consent.trustarc.com;consent.truste.com;d6tizftlrpuof.cloudfront.net;fonts.googleapis.com;fonts.gstatic.com;googleads.g.doubleclick.net;js.driftt.com;lastpass.com;px.ads.linkedin.com;static.lputil.com;t.co;tags.srv.stackadapt.com;tvspix.com;w.usabilla.com;web-analytics.lastpass.com;www.datadoghq-browser-agent.com;www.google.com;www.googleadservices.com;www.googletagmanager.com;www.linkedin.com
5740,crl.apple.com,1,crl.apple.com
5742,passport32-normal-sg.capcutapi.com,1,passport32-normal-sg.capcutapi.com
5743,mira.config.skype.com,1,mira.config.skype.com
5745,contentful.com,12,ad.ipredictive.com;ade.googlesyndication.com;cdn.segment.com;cmp.osano.com;contentful.com;images-www.contentful.com;images.ctfassets.net;pagead2.googlesyndication.com;www.contentful.com;www.g2.com;www.google-analytics.com;www.googletagmanager.com
5747,sf16-sg.tiktokcdn.com,1,sf16-sg.tiktokcdn.com
5748,sn.webrootcloudav.com,1,sn.webrootcloudav.com
5750,search.yahoo.com,4,s.yimg.com;search.yahoo.com;www.google-analytics.com;www.googletagmanager.com
5753,tags.creativecdn.com,1,tags.creativecdn.com
5758,zebra.com,37,ad.doubleclick.net;api.company-target.com;app.gatedcontent.com;assets.adobedtm.com;cdn.cookielaw.org;cdn.evgnet.com;cm.everesttech.net;connect.facebook.net;dpm.demdex.net;dsum-sec.casalemedia.com;fls.doubleclick.net;geolocation.onetrust.com;googleads.g.doubleclick.net;id.rlcdn.com;mktg.zebra.com;p.typekit.net;partners.tremorhub.com;pi.pardot.com;pixel.rubiconproject.com;ptr.zebra.com;s.company-target.com;scripts.demandbase.com;segments.company-target.com;static.cloud.coveo.com;storage.googleapis.com;stripes.zebra.com;svc.zebra.com;swebmetrics.zebra.com;tag-logger.demandbase.com;use.typekit.net;www.google.com;www.googleadservices.com;www.googletagmanager.com;www.zebra.com;zebra.com;zebra.us-1.evergage.com;zebratechnologies.demdex.net
5761,gcos.adobe.io,1,gcos.adobe.io
5762,us-east-sync.bidswitch.net,1,us-east-sync.bidswitch.net
5765,us3.bootstrap.endpoint.ingress.rapid7.com,1,us3.bootstrap.endpoint.ingress.rapid7.com
5766,adsuetprod-ckdecufth8fcedex.b01.azurefd.net,28,aadcdn.msftauth.net;ab.dns-finder.com;ad-delivery.net;ad.doubleclick.net;adsdk.microsoft.com;adsuetprod-ckdecufth8fcedex.b01.azurefd.net;api.btloader.com;api.msn.com;arc.msn.com;browser.events.data.msn.com;btloader.com;c.bing.com;c.msn.com;ecn.dev.virtualearth.net;ib.msn.com;img-s-msn-com.akamaized.net;js.monitor.azure.com;login.live.com;login.microsoftonline.com;m.adnxs.com;mem.gfx.ms;px.ads.linkedin.com;sb.scorecardresearch.com;scripts.mf.webcontentassessor.com;srtb.msn.com;trc.taboola.com;www.bing.com;www.msn.com
5767,us.tvsquared.com,1,us.tvsquared.com
5770,anydesk.com,2,challenges.cloudflare.com;static.cloudflareinsights.com
5771,classify-client.services.mozilla.com,1,classify-client.services.mozilla.com
5774,mobile-api.rokt.com,1,mobile-api.rokt.com
5776,ex.ingage.tech,1,ex.ingage.tech
5778,sync.connectad.io,1,sync.connectad.io
5779,api.sprig.com,5,api.sprig.com;cdn.jsdelivr.net;cdn.prod.website-files.com;d3e54v103j8qbb.cloudfront.net;sprig.com
5780,col.eum-appdynamics.com,1,col.eum-appdynamics.com
5781,csgdtm-svc-agent.dell.com,1,csgdtm-svc-agent.dell.com
5782,gw1.mediation.unity3d.com,1,gw1.mediation.unity3d.com
5784,techsmith.com,46,0abbcc19af48460598e8c749d02d66f5.js.ubembed.com;54.156.2.105;ad.doubleclick.net;analytics.google.com;assets.ubembed.com;bat.bing.com;bat.bing.net;browser.sentry-cdn.com;capi-automation.s3.us-east-2.amazonaws.com;cdn.cookielaw.org;connect.facebook.net;d.impactradius-event.com;d3brydjkjmkwmj.cloudfront.net;dev.visualwebsiteoptimizer.com;distillery.wistia.com;dx.mountain.com;embed-cloudfront.wistia.com;fast.wistia.com;fast.wistia.net;fonts.googleapis.com;fonts.gstatic.com;geolocation.onetrust.com;googleads.g.doubleclick.net;ipinfo.io;js.zi-scripts.com;p.typekit.net;pipedream.wistia.com;pixel.byspotify.com;pixels.spotify.com;portal.brandlock.io;px.ads.linkedin.com;snap.licdn.com;ssgtm.techsmith.com;static.hotjar.com;stats.g.doubleclick.net;techsmith.com;tracking-api.g2.com;tracking.g2crowd.com;use.typekit.net;ws-assets.zoominfo.com;ws.zoominfo.com;www.google.com;www.googletagmanager.com;www.linkedin.com;www.pages04.net;www.sc.pages04.net
5789,wordpress.com,16,accounts.google.com;bat.bing.com;cdn.parsely.com;connect.facebook.net;googleads.g.doubleclick.net;p1.parsely.com;public-api.wordpress.com;refer.wordpress.com;s0.wp.com;static.hotjar.com;stats.wp.com;wordpress.com;wpcom.files.wordpress.com;www.google-analytics.com;www.google.com;www.googletagmanager.com
5792,onedriveclubproddm20024.blob.core.windows.net,1,onedriveclubproddm20024.blob.core.windows.net
5794,impression.link,1,impression.link
5795,prod-ext-gateway.goguardian.com,1,prod-ext-gateway.goguardian.com
5797,trk.clinch.co,1,trk.clinch.co
5799,cdn.permutive.com,1,cdn.permutive.com
5801,android.bugly.qq.com,1,android.bugly.qq.com
5803,cdn.espn.com,52,697dea7b0c85f17dadba0ade7c026845.safeframe.googlesyndication.com;a.espncdn.com;a1.espncdn.com;a3.espncdn.com;a4.espncdn.com;ad.doubleclick.net;ad.turn.com;ads.pubmatic.com;bcp.crwdcntrl.net;broadband.espn.com;cdn.espn.com;cdn.id5-sync.com;cdn.jsdelivr.net;cdn.mgaru.dev;cdn.registerdisney.go.com;chui-assets-cdn.espn.com;cm.g.doubleclick.net;connectid.analytics.yahoo.com;dcf.espn.com;dmp.im-apps.net;entitlement.auth.adobe.com;ep1.adtrafficquality.google;ep2.adtrafficquality.google;esp.rtbhouse.com;fonts.gstatic.com;fundingchoicesmessages.google.com;google-bidout-d.openx.net;googleads.g.doubleclick.net;gum.criteo.com;id5-sync.com;ident.mygaru.com;invstatic101.creativecdn.com;match.adsrvr.org;micro.rubiconproject.com;oa.openxcdn.net;oajs.openx.net;pagead2.googlesyndication.com;pinpoint.espn.com;s0.2mdn.net;secure.espn.com;securepubads.g.doubleclick.net;site.api.espn.com;sp.auth.adobe.com;static.criteo.net;sync6.im-apps.net;tags.crwdcntrl.net;tracking.mygaru.com;ups.analytics.yahoo.com;www.espn.com;www.google.com;www.googletagmanager.com;www.googletagservices.com
5804,statsigapi.net,1,statsigapi.net
5806,static.licdn.com,1,static.licdn.com
5807,onedriveclubproddm20009.blob.core.windows.net,1,onedriveclubproddm20009.blob.core.windows.net
5809,onedriveclubproddm20001.blob.core.windows.net,1,onedriveclubproddm20001.blob.core.windows.net
5810,sis.n-able.com,1,sis.n-able.com
5811,device-metrics-us-2.amazon.com,1,device-metrics-us-2.amazon.com
5813,apis.mail.yahoo.com,4,apis.mail.yahoo.com;bcn.fp.yahoo.com;geo.yahoo.com;s.yimg.com
5814,thawte.com,31,8182015.fls.doubleclick.net;adservice.google.com;api.company-target.com;api.userway.org;assets.adobedtm.com;cdn.pendo.io;cdn.userway.org;cm.everesttech.net;data.pendo.io;digicert.demdex.net;dpm.demdex.net;eu-assets.i.posthog.com;eu.i.posthog.com;fonts.gstatic.com;googleads.g.doubleclick.net;i.ytimg.com;img04.en25.com;s1701211846.t.eloqua.com;seal.digicert.com;smetrics.digicert.com;static.ada.support;static.doubleclick.net;tag-logger.demandbase.com;tag.demandbase.com;thawte.com;transcend-cdn.com;www.google-analytics.com;www.google.com;www.googletagmanager.com;www.thawte.com;www.youtube.com
5817,onedriveclubproddm20006.blob.core.windows.net,1,onedriveclubproddm20006.blob.core.windows.net
5818,klarna.com,4,klarna.com;owp.klarna.com;www.klarna.com;x.klarnacdn.net
5819,onedriveclubproddm20007.blob.core.windows.net,1,onedriveclubproddm20007.blob.core.windows.net
5827,az667904.vo.msecnd.net,1,az667904.vo.msecnd.net
5828,files.ivaws.com,1,files.ivaws.com
5829,onedriveclubproddm20022.blob.core.windows.net,1,onedriveclubproddm20022.blob.core.windows.net
5830,safebrowsing.brave.com,1,safebrowsing.brave.com
5832,a.sportradarserving.com,8,a.sportradarserving.com;cdn-ileimjk.nitrocdn.com;fonts.gstatic.com;nitroscripts.com;sportradar.com;to.getnitropack.com;www.google.com;www.sportradar.com
5834,onedriveclubproddm20002.blob.core.windows.net,1,onedriveclubproddm20002.blob.core.windows.net
5835,fw-snaps.ring.com,1,fw-snaps.ring.com
5836,sf16-sg.tiktokcdn-us.com,1,sf16-sg.tiktokcdn-us.com
5837,i5.walmartimages.com,1,i5.walmartimages.com
5838,chase.com,6,asset.chase.com;c.go-mpulse.net;chase.com;s2.go-mpulse.net;static.chasecdn.com;www.chase.com
5839,onedriveclubprodbn20040.blob.core.windows.net,1,onedriveclubprodbn20040.blob.core.windows.net
5840,plex.tv,86,1fd4972a-a5e7-4b86-92a7-2c6375ba14ea.redfastlabs.com;a.ad.gt;aax.amazon-adsystem.com;ab.dns-finder.com;accounts.google.com;ad-delivery.net;ad.360yield.com;ad.doubleclick.net;analytics-ipv6.tiktokw.us;analytics.google.com;analytics.tiktok.com;api.id5-sync.com;btloader.com;btlr.sharethrough.com;c.amazon-adsystem.com;carbon-cdn.ccgateway.net;cd836371f1d.cdn.intergient.com;cdn.hadronid.net;cdn.id5-sync.com;cdn.intergient.com;cm.g.doubleclick.net;conduit.redfast.com;config.aps.amazon-adsystem.com;config.playwire.com;cs.media.net;d.turn.com;direct.adsrvr.org;eb2.3lift.com;edge.fullstory.com;exchange.cootlogix.com;fastlane.rubiconproject.com;fid.agkn.com;googleads.g.doubleclick.net;grid-bidder.criteo.com;gum.criteo.com;hb.yellowblue.io;hbopenbid.pubmatic.com;hbx.media.net;htlb.casalemedia.com;i.liadm.com;ib.adnxs.com;id.crwdcntrl.net;id5-sync.com;ids.ad.gt;ids4.ad.gt;idx.liadm.com;image2.pubmatic.com;imasdk.googleapis.com;js.sentry-cdn.com;launchpad-wrapper.privacymanager.io;launchpad.privacymanager.io;lb.eu-1-id5-sync.com;lexicon.33across.com;match.adsrvr.org;match.sharethrough.com;p.ad.gt;pb-ing-02.ccgateway.net;pbs.intergient.com;pixel.tapad.com;pixels.ad.gt;plex.tv;pogo.ccgateway.net;prebid.smilewanted.com;privacy-location-edge.ccgateway.net;prod.uidapi.com;ps.eyeota.net;px.ads.linkedin.com;raw.githubusercontent.com;rp.liadm.com;rs.fullstory.com;rtb.openx.net;secure.cdn.fastclick.net;securepubads.g.doubleclick.net;stats.g.doubleclick.net;sync.go.sonobi.com;sync.srv.stackadapt.com;tags.crwdcntrl.net;tlx.3lift.com;token.rubiconproject.com;u.openx.net;ups.analytics.yahoo.com;www.google.com;www.googleadservices.com;www.googletagmanager.com;www.gstatic.com;www.plex.tv
5841,images-eds-ssl.xboxlive.com,1,images-eds-ssl.xboxlive.com
5842,onedriveclubproddm20008.blob.core.windows.net,1,onedriveclubproddm20008.blob.core.windows.net
5844,et-c-ash.33across.com,1,et-c-ash.33across.com
5848,gateway-fallback.facebook.com,2,gateway-fallback.facebook.com;static.facebook.com
5849,shared.steamstatic.com,1,shared.steamstatic.com
5851,dnacdn.net,1,dnacdn.net
5852,ab64preq9sbn.na.api.amazonvideo.com,1,ab64preq9sbn.na.api.amazonvideo.com
5857,onedriveclubproddm20026.blob.core.windows.net,1,onedriveclubproddm20026.blob.core.windows.net
5858,flag.lab.amplitude.com,1,flag.lab.amplitude.com
5859,bytedance.com,6,bytedance.com;mon-va.byteoversea.com;p16.tiktokcdn.com;sf16-scmcdn-sg.ibytedtos.com;sf16-scmcdn-va.ibytedtos.com;www.bytedance.com
5861,webpost2.itsupport247.net,1,webpost2.itsupport247.net
5863,prov-lg.alphonso.tv,1,prov-lg.alphonso.tv
5864,onedriveclubproddm20018.blob.core.windows.net,1,onedriveclubproddm20018.blob.core.windows.net
5865,track.adform.net,1,track.adform.net
5866,mc.yandex.com,1,mc.yandex.com
5867,lyr.pubmatic.com,1,lyr.pubmatic.com
5870,tradplusad.com,5,api-manager.tradplusad.com;cdn.tradplusad.com;hmcdn.baidu.com;lf1-cdn-tos.bytegoofy.com;tradplusad.com
5871,userway.org,2,cdn.userway.org;userway.org
5872,downloads.hpdaas.com,1,downloads.hpdaas.com
5877,jwpsrv.com,1,jwpsrv.com
5878,sync-1-us-west1-g.sync.services.mozilla.com,4,media.ethicalads.io;mozilla-services.readthedocs.io;mozorg.cdn.mozilla.net;sync-1-us-west1-g.sync.services.mozilla.com
5880,onedriveclubprodbn20005.blob.core.windows.net,1,onedriveclubprodbn20005.blob.core.windows.net
5882,connectivitycheck.android.com,1,www.google.com
5883,onedriveclubprodbn20009.blob.core.windows.net,1,onedriveclubprodbn20009.blob.core.windows.net
5884,overwolf.com,34,11346473.fls.doubleclick.net;ad.doubleclick.net;adservice.google.com;alb.reddit.com;analytics-ipv6.tiktokw.us;analytics.tiktok.com;analytics.twitter.com;c.bing.com;c.clarity.ms;cdn.mxpnl.com;cdnjs.cloudflare.com;connect.facebook.net;content.overwolf.com;fonts.googleapis.com;fonts.gstatic.com;googleads.g.doubleclick.net;js.zi-scripts.com;overwolf.com;pixel-config.reddit.com;px.ads.linkedin.com;s.clarity.ms;sb.scorecardresearch.com;scripts.clarity.ms;snap.licdn.com;static.ads-twitter.com;t.co;unpkg.com;ws.zoominfo.com;www.clarity.ms;www.google-analytics.com;www.google.com;www.googletagmanager.com;www.linkedin.com;www.redditstatic.com
5885,pub.network,1,pub.network
5886,notes-analytics-events.apple.com,1,notes-analytics-events.apple.com
5891,lenovomm.com,3,fsr.lenovomm.com;lenovomm.com;s1.lenovomm.cn
5892,tr-eop-atm.office.com,4,aadcdn.msftauth.net;login.microsoftonline.com;res.public.onecdn.static.microsoft;tr-eop-atm.office.com
5893,consentcdn.cookiebot.com,1,consentcdn.cookiebot.com
5896,fitbitvestibuleshim-pa.googleapis.com,1,www.google.com
5897,cnn.com,1,cnn.com
5898,ads.scorecardresearch.com,1,ads.scorecardresearch.com
5899,palmplaystore.com,10,cdn2.palmplaystore.com;dsu-h5-auto.shallspark.com;ep1.adtrafficquality.google;ep2.adtrafficquality.google;fundingchoicesmessages.google.com;googleads.g.doubleclick.net;h5.eagllwin.com;pagead2.googlesyndication.com;palmplaystore.com;www.google.com
5901,sirius.mwbsys.com,1,sirius.mwbsys.com
5902,google.ru,3,ogads-pa.clients6.google.com;play.google.com;www.gstatic.com
5903,got-iad3rs0zoneb.track.smaato.net,1,got-iad3rs0zoneb.track.smaato.net
5905,onedriveclubprodbn20016.blob.core.windows.net,1,onedriveclubprodbn20016.blob.core.windows.net
5906,c1.rfihub.net,1,c1.rfihub.net
5909,fastly-mobile-collector.newrelic.com,1,fastly-mobile-collector.newrelic.com
5912,samanage.com,2,samanage.com;www.solarwinds.com
5913,aadcdn.msauthimages.net,1,aadcdn.msauthimages.net
5914,secure.espn.com,49,a.espncdn.com;a1.espncdn.com;a4.espncdn.com;ad.doubleclick.net;ad.turn.com;ads.pubmatic.com;bcp.crwdcntrl.net;cdn.id5-sync.com;cdn.jsdelivr.net;cdn.mgaru.dev;cdn.registerdisney.go.com;chui-assets-cdn.espn.com;cm.g.doubleclick.net;connectid.analytics.yahoo.com;d81e3836f40f8aa9a40e1060b26cd865.safeframe.googlesyndication.com;dcf.espn.com;dmp.im-apps.net;entitlement.auth.adobe.com;ep1.adtrafficquality.google;ep2.adtrafficquality.google;esp.rtbhouse.com;fundingchoicesmessages.google.com;google-bidout-d.openx.net;googleads.g.doubleclick.net;googleads4.g.doubleclick.net;gum.criteo.com;id5-sync.com;ident.mygaru.com;invstatic101.creativecdn.com;match.adsrvr.org;micro.rubiconproject.com;oa.openxcdn.net;oajs.openx.net;pagead2.googlesyndication.com;pinpoint.espn.com;s0.2mdn.net;secure.espn.com;securepubads.g.doubleclick.net;site.api.espn.com;sp.auth.adobe.com;static.criteo.net;sync6.im-apps.net;tags.crwdcntrl.net;tracking.mygaru.com;ups.analytics.yahoo.com;www.espn.com;www.google.com;www.googletagmanager.com;www.googletagservices.com
5915,sendbird.com,12,cdn.bizible.com;cdn.bizibly.com;cdn.cookielaw.org;cdn.jsdelivr.net;dev.visualwebsiteoptimizer.com;geolocation.onetrust.com;get.sendbird.com;js.zi-scripts.com;sendbird.com;sendbird.imgix.net;ws-assets.zoominfo.com;ws.zoominfo.com
5916,static.ui.com,14,alb.reddit.com;cdn.cookielaw.org;dev.visualwebsiteoptimizer.com;geolocation.onetrust.com;images.svc.ui.com;pixel-config.reddit.com;sso.ui.com;static.hotjar.com;static.ui.com;store.ui.com;www.google-analytics.com;www.googletagmanager.com;www.redditstatic.com;www.ui.com
5918,appleid.apple.com,8,account.apple.com;appleid.apple.com;appleid.cdn-apple.com;apps.apple.com;auth.apps.apple.com;buy.apps.apple.com;www.apple.com;xp.apple.com
5920,onedriveclubprodbn20052.blob.core.windows.net,1,onedriveclubprodbn20052.blob.core.windows.net
5921,events.tremorhub.com,1,events.tremorhub.com
5922,userapi.com,14,ads.vk.com;akashi.vk-portal.net;api.vk.com;login.vk.com;privacy-cs.mail.ru;r0.mradx.net;st.vk.com;stacks.vk-portal.net;stats.vk-portal.net;tns-counter.ru;top-fwz1.mail.ru;userapi.com;vk.com;www.tns-counter.ru
5923,uuidksinc.net,1,uuidksinc.net
5924,profile.accounts.firefox.com,1,profile.accounts.firefox.com
5928,wave.outbrain.com,1,wave.outbrain.com
5930,amplify.outbrain.com,1,amplify.outbrain.com
5931,onedriveclubprodbn20015.blob.core.windows.net,1,onedriveclubprodbn20015.blob.core.windows.net
5932,tr-eop-acdc.office.com,4,aadcdn.msauth.net;login.microsoftonline.com;res.public.onecdn.static.microsoft;tr-eop-acdc.office.com
5933,onedriveclubprodbn20043.blob.core.windows.net,1,onedriveclubprodbn20043.blob.core.windows.net
5936,res4.applovin.com,1,res4.applovin.com
5937,api-safetrack.branch.io,9,api-safetrack.branch.io;branch.io;cdn.cookielaw.org;click.prod.mplat-ppcprotect.com;client.prod.mplat-ppcprotect.com;geolocation.onetrust.com;www.branch.io;www.google.com;www.googletagmanager.com
5938,bidtheatre.com,15,ajax.googleapis.com;bidtheatre.com;cdn.prod.website-files.com;cdn.weglot.com;challenges.cloudflare.com;consent.cookiebot.com;consentcdn.cookiebot.com;d3e54v103j8qbb.cloudfront.net;fonts.googleapis.com;fonts.gstatic.com;www.bidtheatre.com;www.google-analytics.com;www.google.com;www.googletagmanager.com;www.gstatic.com
5939,at.teads.tv,1,at.teads.tv
5940,editor16-normal-sg.capcutapi.com,1,editor16-normal-sg.capcutapi.com
5941,improving.duckduckgo.com,1,improving.duckduckgo.com
5942,music.youtube.com,2,fonts.googleapis.com;fonts.gstatic.com
5943,v.redd.it,1,v.redd.it
5944,adsby.bidtheatre.com,15,adsby.bidtheatre.com;ajax.googleapis.com;cdn.prod.website-files.com;cdn.weglot.com;challenges.cloudflare.com;consent.cookiebot.com;consentcdn.cookiebot.com;d3e54v103j8qbb.cloudfront.net;fonts.googleapis.com;fonts.gstatic.com;www.bidtheatre.com;www.google-analytics.com;www.google.com;www.googletagmanager.com;www.gstatic.com
5945,secure-dcr.vtwenty.com,1,secure-dcr.vtwenty.com
5951,sync.ingage.tech,1,sync.ingage.tech
5952,disney-curated-partner-feeds-prod.bamgrid.com,1,disney-curated-partner-feeds-prod.bamgrid.com
5954,osano.com,22,4785246.fs1.hubspotusercontent-na1.net;4785246.hs-sites.com;7052064.fs1.hubspotusercontent-na1.net;assets.revenuehero.io;cdn1.hubspot.net;cdnjs.cloudflare.com;cmp.osano.com;compass.osano.com;cta-service-cms2.hubspot.com;forms-na1.hsforms.com;forms.hsforms.com;js.hs-banner.com;js.hsforms.net;js.hubspot.com;js.hubspotfeedback.com;osano.com;pagead2.googlesyndication.com;perf-na1.hsforms.com;play.hubspotvideo.com;static.hsappstatic.net;www.googletagmanager.com;www.osano.com
5955,gspe11-ssl.ls.apple.com,1,gspe11-ssl.ls.apple.com
5956,us06web.zoom.us,62,3.212.39.155;9513928.fls.doubleclick.net;ad.doubleclick.net;adservice.google.com;alb.reddit.com;analytics.twitter.com;api.company-target.com;bat.bing.com;c.contentsquare.net;cdn.amplitude.com;cdn.bc0a.com;cdn.cookielaw.org;cdn.jsdelivr.net;cdn.metadata.io;cm.g.doubleclick.net;collector-29673.us.tvsquared.com;connect.facebook.net;csxd.contentsquare.net;dsum-sec.casalemedia.com;dx.mountain.com;geolocation.onetrust.com;googleads.g.doubleclick.net;id.rlcdn.com;ixfd2-api.bc0a.com;js.zi-scripts.com;partners.tremorhub.com;pixel-config.reddit.com;pixel.byspotify.com;pixel.rubiconproject.com;px.adentifi.com;px.ads.linkedin.com;s.company-target.com;s.usea01.idio.episerver.net;s.yimg.jp;scout-cdn.salesloft.com;scout.salesloft.com;segments.company-target.com;snap.licdn.com;sr-client-cfg.amplitude.com;st1.zoom.us;static.ads-twitter.com;static.cloudflareinsights.com;t.co;t.contentsquare.net;tag-logger.demandbase.com;tag.demandbase.com;tracking-api.g2.com;tracking.g2crowd.com;trkn.us;us.telemetry.zoom.us;us01campaign.zoom.us;us06web.zoom.us;utt.impactcdn.com;ws-assets.zoominfo.com;ws.zoominfo.com;www.google.com;www.googletagmanager.com;www.linkedin.com;www.redditstatic.com;www.zoom.com;zoom.sjv.io;zoom.us
5957,cdn.livechatinc.com,2,api.livechatinc.com;cdn.livechatinc.com
5961,aimg.kwcdn.com,1,aimg.kwcdn.com
5965,api.intuit.com,1,api.intuit.com
5968,websocket.app.pdq.com,1,websocket.app.pdq.com
5971,collegeboard.org,8,athena.collegeboard.org;atlas.collegeboard.org;cdn.cookielaw.org;cdnjs.cloudflare.com;collegeboard.org;geolocation.onetrust.com;kiwi.collegeboard.org;www.collegeboard.org
5972,cs.playdigo.com,1,cs.playdigo.com
5973,bilibili.com,8,api.bilibili.com;api.live.bilibili.com;bilibili.com;data.bilibili.com;i0.hdslb.com;i1.hdslb.com;s1.hdslb.com;www.bilibili.com
5975,sf16-music.tiktokcdn-eu.com,1,sf16-music.tiktokcdn-eu.com
5976,us-west-2.kinesis.hpanalytics.net,1,us-west-2.kinesis.hpanalytics.net
5979,addons.mozilla.org,3,addons.mozilla.org;www.google-analytics.com;www.googletagmanager.com
5980,siteperformancetest.net,1,siteperformancetest.net
5981,agt.samanage.com,1,agt.samanage.com
5984,cognito-identity.eu-west-1.amazonaws.com,26,a.b.cdn.console.awsstatic.com;a0.awsstatic.com;amazonwebservices.d2.sc.omtrdc.net;amazonwebservicesinc.tt.omtrdc.net;aws.amazon.com;aws.demdex.net;cm.everesttech.net;cognito-identity.eu-west-1.amazonaws.com;cx0.m.awsstatic.com;d0.m.awsstatic.com;d1.awsstatic.com;d2c.aws.amazon.com;dpm.demdex.net;edge.adobedc.net;fonts.gstatic.com;i.ytimg.com;infra-api.us-east-1.prod.mrc-sunrise.marketing.aws.dev;loader.us-east-1.prod.mrc-sunrise.marketing.aws.dev;prod.log.shortbread.aws.dev;prod.pa.cdn.uis.awsstatic.com;t0.m.awsstatic.com;vs.aws.amazon.com;www.google.com;www.gstatic.com;www.youtube-nocookie.com;yt3.ggpht.com
5985,crl.pki.goog,1,www.google.com
5986,match.adsby.bidtheatre.com,15,ajax.googleapis.com;cdn.prod.website-files.com;cdn.weglot.com;challenges.cloudflare.com;consent.cookiebot.com;consentcdn.cookiebot.com;d3e54v103j8qbb.cloudfront.net;fonts.googleapis.com;fonts.gstatic.com;match.adsby.bidtheatre.com;www.bidtheatre.com;www.google-analytics.com;www.google.com;www.googletagmanager.com;www.gstatic.com
5989,nativesdks.mparticle.com,1,nativesdks.mparticle.com
5992,bookkeeper.itunes.apple.com,1,bookkeeper.itunes.apple.com
5994,cloudsearch.googleapis.com,1,www.google.com
5996,dms.licdn.com,1,dms.licdn.com
5998,configuration-gw.syd-1.linewize.net,1,configuration-gw.syd-1.linewize.net
6000,cloudidentity.googleapis.com,1,www.google.com
6001,mediarithmics.com,23,api.hubapi.com;buttons-config.sharethis.com;cdn.prod.website-files.com;d3e54v103j8qbb.cloudfront.net;js.hs-analytics.net;js.hs-banner.com;js.hs-scripts.com;js.hsadspixel.net;js.hscollectedforms.net;js.hubspot.com;mediarithmics.com;perf-na1.hsforms.com;platform-api.sharethis.com;px.ads.linkedin.com;sdk.privacy-center.org;snap.licdn.com;static.mediarithmics.com;track.hubspot.com;www.google-analytics.com;www.googletagmanager.com;www.linkedin.com;www.mediarithmics.com;www.mediarithmics.io
6004,tr-ecs-acdc.office.com,4,aadcdn.msftauth.net;login.microsoftonline.com;res.public.onecdn.static.microsoft;tr-ecs-acdc.office.com
6007,api16-normal-no1a.tiktokv.eu,1,api16-normal-no1a.tiktokv.eu
6008,sync.rbstsystems.live,1,sync.rbstsystems.live
6009,rum.hlx.page,1,rum.hlx.page
6010,tr-ecs-atm.office.com,4,aadcdn.msauth.net;login.microsoftonline.com;res.public.onecdn.static.microsoft;tr-ecs-atm.office.com
6011,mobile.eum-appdynamics.com,1,mobile.eum-appdynamics.com
6013,oempprd.samsungcloudsolution.com,1,oempprd.samsungcloudsolution.com
6014,p16-common-sign.tiktokcdn-eu.com,1,p16-common-sign.tiktokcdn-eu.com
6016,one.one,3,one.one;webapps.group-cdn.one;www.one.com
6018,adp.com,55,9019107.fls.doubleclick.net;ad.doubleclick.net;adp.com;adpinc.us-4.evergage.com;adservice.google.com;alb.reddit.com;analytics.google.com;analytics.twitter.com;api.company-target.com;bat.bing.com;c.az.contentsquare.net;cdn.calibermind.com;cdn.cookielaw.org;cdn.evgnet.com;cdn.schemaapp.com;configs.knotch.com;connect.facebook.net;dsum-sec.casalemedia.com;e.calibermind.com;frontdoor.knotch.it;geolocation.onetrust.com;id.rlcdn.com;img.en25.com;k-us1.az.contentsquare.net;ml314.com;myadp.my.salesforce-scrt.com;myadp.my.site.com;partners.tremorhub.com;pixel-config.reddit.com;pixel.mathtag.com;pixel.rubiconproject.com;pnapi.invoca.net;px.ads.linkedin.com;s.company-target.com;s.yimg.com;segments.company-target.com;snap.licdn.com;solutions.invocacdn.com;sp.analytics.yahoo.com;static.ads-twitter.com;stats.g.doubleclick.net;t.co;t.contentsquare.net;tag-logger.demandbase.com;tag.demandbase.com;tracking.adp.com;vi.ml314.com;www.adp.com;www.google.com;www.googleadservices.com;www.googletagmanager.com;www.knotch-cdn.com;www.linkedin.com;www.redditstatic.com;www.youtube.com
6019,meta.com,8,analytics.google.com;connect.facebook.net;lookaside.fbsbx.com;meta.com;metadotcom.fbthirdpartypixel.com;static.xx.fbcdn.net;tags.tiqcdn.com;www.googletagmanager.com
6020,one.one.one.one,1,one.one.one.one
6025,cdn-creatives-cf-prd.acquire.unity3dusercontent.com,1,cdn-creatives-cf-prd.acquire.unity3dusercontent.com
6026,validation.identrust.com,12,analytics.google.com;cdn.cookielaw.org;cdn.voiceflow.com;cm4-production-assets.s3.amazonaws.com;geolocation.onetrust.com;p.typekit.net;stats.g.doubleclick.net;use.typekit.net;validation.identrust.com;widget.trustpilot.com;www.googletagmanager.com;www.identrust.com
6027,google.com.vn,3,ogads-pa.clients6.google.com;play.google.com;www.gstatic.com
6028,s.uuidksinc.net,1,s.uuidksinc.net
6029,corewell.data.us.nexthink.cloud,1,corewell.data.us.nexthink.cloud
6032,v45-p.tiktokcdn-us.com,1,v45-p.tiktokcdn-us.com
6033,nielsen.com,16,api.weglot.com;cdn.cookielaw.org;cdn.jsdelivr.net;cdn.parsely.com;cdn.weglot.com;cdnjs.cloudflare.com;fonts.googleapis.com;fonts.gstatic.com;geolocation.onetrust.com;nielsen.com;preprod.nielsen.com;s0.wp.com;stats.wp.com;try.abtasty.com;www.googletagmanager.com;www.knotch-cdn.com
6034,p16-catalog-img.tiktokcdn-us.com,1,p16-catalog-img.tiktokcdn-us.com
6035,news-events.apple.com,1,news-events.apple.com
6036,dc.applicationinsights.microsoft.com,1,dc.applicationinsights.microsoft.com
6037,static.admaster.cc,1,static.admaster.cc
6038,pixelweatherhub-pa.googleapis.com,1,www.google.com
6041,shb-sync.com,1,shb-sync.com
6043,ios26.appboot.netflix.com,1,ios26.appboot.netflix.com
6044,widget.trustpilot.com,2,images-static.trustpilot.com;widget.trustpilot.com
6046,attentivemobile.com,28,117310846.intellimizeio.com;api.hubapi.com;api.intellimize.co;attentive.partnerpage.io;attentivemobile.chilipiper.com;attentivemobile.com;cdn.intellimize.co;cdn.prod.website-files.com;consent.cookiebot.com;consentcdn.cookiebot.com;d3e54v103j8qbb.cloudfront.net;docs.attentive.com;forms-na1.hsforms.com;forms.hsforms.com;info.attentive.com;js.hs-analytics.net;js.hs-banner.com;js.hs-scripts.com;js.hsadspixel.net;js.hscollectedforms.net;js.hsforms.net;js.hubspot.com;js.qualified.com;log.intellimize.co;perf-na1.hsforms.com;track.hubspot.com;www.attentive.com;www.googletagmanager.com
6047,demandbase.com,46,695-nnn-490.mktoresp.com;alb.reddit.com;analytics.google.com;api.c99.ai;api.channel99.com;api.company-target.com;app-ab48.marketo.com;bat.bing.com;cdn-app.pathfactory.com;cdn.bizible.com;cdn.bizibly.com;cdn.jsdelivr.net;cdn.ketchjs.com;connect.facebook.net;demandbase.com;dev.visualwebsiteoptimizer.com;dsum-sec.casalemedia.com;fonts.googleapis.com;global.ketchcdn.com;googleads.g.doubleclick.net;id.rlcdn.com;js.navattic.com;js.qualified.com;jukebox.pathfactory.com;media.company-target.com;munchkin.marketo.net;ok.demandbase.com;partners.tremorhub.com;pixel-config.reddit.com;pixel.rubiconproject.com;px.ads.linkedin.com;s.adxyield.com;s.company-target.com;segments.company-target.com;snap.licdn.com;static.oktopost.com;tag-logger.demandbase.com;tag.demandbase.com;tracking-api.g2.com;tracking.g2crowd.com;unpkg.com;www.g2.com;www.google.com;www.googletagmanager.com;www.linkedin.com;www.redditstatic.com
6048,edge-chat.instagram.com,2,edge-chat.instagram.com;static.facebook.com
6049,secure-origin.imrworldwide.com,1,secure-origin.imrworldwide.com
6051,sirius.threatdown.com,1,sirius.threatdown.com
6052,imagesnep.admaster.cc,1,imagesnep.admaster.cc
6053,g.msn.com,31,aadcdn.msauth.net;ab.dns-finder.com;acdn.adnxs.com;ad-delivery.net;ad.doubleclick.net;adsdk.bing.net;adsdk.microsoft.com;adsdkprod.azureedge.net;api.btloader.com;api.msn.com;arc.msn.com;browser.events.data.msn.com;btloader.com;c.bing.com;c.msn.com;ecn.dev.virtualearth.net;g.msn.com;ib.adnxs.com;ib.msn.com;img-s-msn-com.akamaized.net;js.monitor.azure.com;login.live.com;login.microsoftonline.com;m.adnxs.com;mem.gfx.ms;px.ads.linkedin.com;sb.scorecardresearch.com;scripts.mf.webcontentassessor.com;srtb.msn.com;trc.taboola.com;www.msn.com
6058,global.handler.control.monitor.azure.com,1,global.handler.control.monitor.azure.com
6059,adthrive.com,13,adthrive.com;analytics.google.com;cdn.consentmanager.net;connect.facebook.net;d.delivery.consentmanager.net;eu-us.consentmanager.net;jobs.ashbyhq.com;px.ads.linkedin.com;raptive.com;snap.licdn.com;stats.g.doubleclick.net;www.googletagmanager.com;www.linkedin.com
6060,onedriveclubprodbn20004.blob.core.windows.net,1,onedriveclubprodbn20004.blob.core.windows.net
6062,gocm.c.appier.net,1,gocm.c.appier.net
6063,zeronaught.com,0,
6065,heapanalytics.com,44,alb.reddit.com;analytics.google.com;app.clearbit.com;assets.apollo.io;c.contentsquare.net;cdn.cookielaw.org;cdn.heapanalytics.com;cdn.jsdelivr.net;connect.facebook.net;contentsquare.chilipiper.com;epsilon.6sense.com;eu.api.fpjs.io;fpjscdn.net;geolocation.onetrust.com;googleads.g.doubleclick.net;heap.io;heapanalytics.com;images.ctfassets.net;ipv6.6sc.co;j.6sc.co;k-aus1.contentsquare.net;marketo.clearbit.com;munchkin.marketo.net;page.contentsquare.com;pixel-config.reddit.com;pubads.g.doubleclick.net;px.ads.linkedin.com;snap.licdn.com;srm.bf.contentsquare.net;static.cloudflareinsights.com;static.hj.contentsquare.net;stats.g.doubleclick.net;t.contentsquare.net;tag.clearbitscripts.com;tracking-api.g2.com;tracking.g2crowd.com;videos.ctfassets.net;www.google-analytics.com;www.google.com;www.googleadservices.com;www.googletagmanager.com;www.linkedin.com;www.redditstatic.com;x.clearbitjs.com
6068,push.prod.us-west-2.internal.dradis.netflix.com,1,push.prod.us-west-2.internal.dradis.netflix.com
6070,agents.manage.microsoft.com,6,aadcdn.msauth.net;agents.manage.microsoft.com;intune.microsoft.com;login.live.com;login.microsoftonline.com;portal.azure.com
6071,events.attentivemobile.com,1,events.attentivemobile.com
6072,xfinity.com,2,www.xfinity.com;xfinity.com
6074,pulse-event-service.beta.clever.com,1,pulse-event-service.beta.clever.com
6075,s.magsrv.com,1,s.magsrv.com
6076,r-b8358a07.kinesisvideo.us-west-2.amazonaws.com,1,r-b8358a07.kinesisvideo.us-west-2.amazonaws.com
6077,entitlement.diagnostics.office.com,1,entitlement.diagnostics.office.com
6078,cdn.undertone.com,1,cdn.undertone.com
6079,r-5ed42e69.kinesisvideo.us-west-2.amazonaws.com,1,r-5ed42e69.kinesisvideo.us-west-2.amazonaws.com
6081,r-4d150b47.kinesisvideo.us-west-2.amazonaws.com,1,r-4d150b47.kinesisvideo.us-west-2.amazonaws.com
6083,api.gallery.intl.miui.com,1,api.gallery.intl.miui.com
6085,cs.ns1p.net,1,cs.ns1p.net
6087,jivox.com,30,api-na2.hubapi.com;c.bing.com;c.clarity.ms;cdn.cookielaw.org;connect.facebook.net;davincicommerce.ai;davincilive.wpenginepowered.com;davincistage.wpengine.com;fonts.gstatic.com;googleads.g.doubleclick.net;jivox.com;js-na2.hs-analytics.net;js-na2.hs-banner.com;js-na2.hsadspixel.net;js-na2.hscollectedforms.net;js-na2.hubspot.com;js.hs-scripts.com;js.zi-scripts.com;perf-na2.hsforms.com;px.ads.linkedin.com;s.clarity.ms;scripts.clarity.ms;snap.licdn.com;track-na2.hubspot.com;ws.zoominfo.com;www.clarity.ms;www.google-analytics.com;www.google.com;www.googletagmanager.com;www.linkedin.com
6093,control2.tvinteractive.tv,1,control2.tvinteractive.tv
6102,utt.impactcdn.com,1,utt.impactcdn.com
6104,oec16-normal-no1a.tiktokv.eu,1,oec16-normal-no1a.tiktokv.eu
6108,mssdk16-normal-alisg.tiktokv.com,1,mssdk16-normal-alisg.tiktokv.com
6109,r-b160d607.kinesisvideo.us-west-2.amazonaws.com,1,r-b160d607.kinesisvideo.us-west-2.amazonaws.com
6110,static.teads.tv,1,static.teads.tv
6111,vapixel.adsafeprotected.com,1,vapixel.adsafeprotected.com
6112,pdst.fm,0,
6113,a.a47b.com,1,a.a47b.com
6114,onedriveclubprodbn20003.blob.core.windows.net,1,onedriveclubprodbn20003.blob.core.windows.net
6115,eas3.msg.t-mobile.com,1,eas3.msg.t-mobile.com
6117,r-a523ff0f.kinesisvideo.us-west-2.amazonaws.com,1,r-a523ff0f.kinesisvideo.us-west-2.amazonaws.com
6118,notificationinbox.xboxlive.com,1,notificationinbox.xboxlive.com
6119,px.owneriq.net,1,px.owneriq.net
6123,mosaic.scdn.co,1,mosaic.scdn.co
6126,r-93960ca9.kinesisvideo.us-west-2.amazonaws.com,1,r-93960ca9.kinesisvideo.us-west-2.amazonaws.com
6128,amzn-sidewalk-events-us-east-1-prod.s3.amazonaws.com,1,amzn-sidewalk-events-us-east-1-prod.s3.amazonaws.com
6135,janus-a.wbx2.com,1,janus-a.wbx2.com
6138,r-0595b96f.kinesisvideo.us-west-2.amazonaws.com,1,r-0595b96f.kinesisvideo.us-west-2.amazonaws.com
6141,us.shb-sync.com,1,us.shb-sync.com
6143,config-chr.health.apple.com,1,config-chr.health.apple.com
6146,r-3e44f1a2.kinesisvideo.us-west-2.amazonaws.com,1,r-3e44f1a2.kinesisvideo.us-west-2.amazonaws.com
6150,na-f.api.amazonvideo.com,1,na-f.api.amazonvideo.com
6151,ut.taobao.com,22,a2trd.tdum.alibaba.com;assets.alicdn.com;at.alicdn.com;cf.aliyun.com;cm.mediav.com;cou9s7.tdum.alibaba.com;fourier.taobao.com;fragment.tmall.com;g.alicdn.com;gdp.alicdn.com;gm.mmstat.com;gw.alicdn.com;h5api.m.taobao.com;log.mmstat.com;o.alicdn.com;pc-growht-rta.taobao.com;store.taobao.com;umdcv4.taobao.com;ut.taobao.com;ut.world.taobao.com;www.taobao.com;ynuf.aliapp.org
6152,idx.cph.liveintent.com,1,idx.cph.liveintent.com
6153,udc.yahoo.com,1,udc.yahoo.com
6154,live.chartboost.com,1,live.chartboost.com
6156,odr.itunes.apple.com,1,odr.itunes.apple.com
6158,e.serverbid.com,1,e.serverbid.com
6159,help.apple.com,5,help.apple.com;km.support.apple.com;support.apple.com;supportmetrics.apple.com;www.apple.com
6160,merchant-ui-api.stripe.com,47,ad.doubleclick.net;adservice.google.com;alb.reddit.com;analytics.google.com;analytics.twitter.com;api.company-target.com;apm.yahoo.co.jp;attr-td.ml-api.io;b.stripecdn.com;b91.yahoo.co.jp;bat.bing.com;dsum-sec.casalemedia.com;ext.stripe.com;googleads.g.doubleclick.net;id.rlcdn.com;images.stripeassets.com;js.zi-scripts.com;match.adsrvr.org;merchant-ui-api.stripe.com;munchkin.marketo.net;partners.tremorhub.com;pixel-config.reddit.com;pixel.byspotify.com;pixel.rubiconproject.com;pixels.spotify.com;px.ads.linkedin.com;q.quora.com;q.stripe.com;r.stripe.com;s.company-target.com;s.yimg.jp;segments.company-target.com;snap.licdn.com;static.ads-twitter.com;stats.g.doubleclick.net;stripe.com;t.co;tag-logger.demandbase.com;tag.demandbase.com;tag.flvcdn.net;ws.zoominfo.com;www.facebook.com;www.google-analytics.com;www.google.com;www.googletagmanager.com;www.linkedin.com;www.redditstatic.com
6165,r-fd57ec7b.kinesisvideo.us-west-2.amazonaws.com,1,r-fd57ec7b.kinesisvideo.us-west-2.amazonaws.com
6167,hubapi.com,23,53.fs1.hubspotusercontent-na1.net;analytics.google.com;cdn2.hubspot.net;cta-service-cms2.hubspot.com;developers.hubspot.com;fonts.googleapis.com;hubapi.com;hubspot.statuspage.io;js.hs-analytics.net;js.hs-banner.com;js.hsadspixel.net;js.hsforms.net;js.hubspotfeedback.com;js.usemessages.com;perf-na1.hsforms.com;static.hsappstatic.net;static2cdn.hubspot.com;stats.g.doubleclick.net;wtcfns.hubspot.com;www.google-analytics.com;www.googletagmanager.com;www.hubspot.com;www.wthubspot.com
6168,cr.adsappier.com,1,cr.adsappier.com
6171,hotapi22-normal-alisg.tiktokv.com,1,hotapi22-normal-alisg.tiktokv.com
6173,www.nytimes.com,50,5290727.fls.doubleclick.net;a.et.nytimes.com;a.nytimes.com;aax.amazon-adsystem.com;ad.doubleclick.net;adservice.google.com;als-svc.nytimes.com;ats-wrapper.privacymanager.io;c.amazon-adsystem.com;c3816edf34b3ecb177b37d620985fd3e.safeframe.googlesyndication.com;cdn.brandmetrics.com;cdn.doubleverify.com;cm.g.doubleclick.net;config.aps.amazon-adsystem.com;dd.nytimes.com;eg.nytimes.com;ep1.adtrafficquality.google;ep2.adtrafficquality.google;fastlane.rubiconproject.com;fonts.googleapis.com;fonts.gstatic.com;g1.nyt.com;grid-bidder.criteo.com;gum.criteo.com;hbopenbid.pubmatic.com;hbxlp.media.net;htlb.casalemedia.com;launchpad-wrapper.privacymanager.io;launchpad.privacymanager.io;nyt-dti-prd-staticjs.storage.googleapis.com;pagead2.googlesyndication.com;pay.google.com;platform.iteratehq.com;play.google.com;prebid.media.net;purr.nytimes.com;rtb.openx.net;rumcdn.geoedge.be;sb.scorecardresearch.com;securepubads.g.doubleclick.net;static.chartbeat.com;static01.nyt.com;tlx.3lift.com;tps.doubleverify.com;warp.media.net;www.datadoghq-browser-agent.com;www.google.com;www.googletagmanager.com;www.gstatic.com;www.nytimes.com
6174,xhamster.com,1,xhamster.com
6175,proc.ad.cpe.dotomi.com,1,proc.ad.cpe.dotomi.com
6176,yahoo.co.jp,17,396d7e29cce3a1fe3f31ae43255699ba.safeframe.googlesyndication.com;cksync.yahoo.co.jp;clb.yahoo.co.jp;cm.g.doubleclick.net;ep1.adtrafficquality.google;ep2.adtrafficquality.google;ib.adnxs.com;news-pctr.c.yimg.jp;pushlist-yjapp.yahoo.co.jp;s.yimg.jp;securepubads.g.doubleclick.net;www.google.com;www.googletagmanager.com;www.yahoo.co.jp;yads.c.yimg.jp;yads.yjtag.yahoo.co.jp;yahoo.co.jp
6179,www.qq.com,24,apd-70e6a7879c37a15c6fe7921c5ee07674.v.smtcdns.com;h.trace.qq.com;h5.ssp.qq.com;i.news.qq.com;inews.gtimg.com;l.qq.com;mat1.gtimg.com;news.qq.com;news.ssp.qq.com;op.ssp.qq.com;p.l.qq.com;p.qpic.cn;puui.qpic.cn;sports3.gtimg.com;sqt.gtimg.cn;staticfile.qq.com;tnfe.gtimg.com;vd6.l.qq.com;vfiles.gtimg.cn;video.qq.com;vm.gtimg.cn;wa.gtimg.com;wfiles.gtimg.cn;www.qq.com
6180,cdn.onesignal.com,21,a.quora.com;analytics.google.com;bat.bing.com;cdn.bizible.com;cdn.bizibly.com;cdn.onesignal.com;cdnjs.cloudflare.com;connect.facebook.net;fonts.googleapis.com;googleads.g.doubleclick.net;js.recurly.com;px.ads.linkedin.com;snap.licdn.com;static.ads-twitter.com;static.cloudflareinsights.com;static.hotjar.com;stats.g.doubleclick.net;widget.intercom.io;www.google.com;www.googletagmanager.com;www.linkedin.com
6181,tpmn.co.kr,3,ajax.googleapis.com;tpmn.co.kr;www.tpmn.io
6183,search16-normal-c-alisg.tiktokv.com,1,search16-normal-c-alisg.tiktokv.com
6185,ad.tpmn.co.kr,1,ad.tpmn.co.kr
6188,oracle.com,2,oracle.com;www.oracle.com
6189,btttag.com,15,accounts.google.com;ajax.googleapis.com;apis.google.com;btttag.com;c.bing.com;c.clarity.ms;cdn.vitally.io;fonts.googleapis.com;fonts.gstatic.com;p.typekit.net;s.clarity.ms;scripts.clarity.ms;use.typekit.net;www.clarity.ms;www.gstatic.com
6190,ripe.net,4,ripe.net;www-analytics.ripe.net;www-static.ripe.net;www.ripe.net
6192,miwifi.com,1,miwifi.com
6194,zinfandel-agent-comms.centrastage.net,1,zinfandel-agent-comms.centrastage.net
6196,east-tps.us.code42.com,1,east-tps.us.code42.com
6199,onenote.com,9,aadcdn.msftauth.net;browser.events.data.microsoft.com;c.s-microsoft.com;login.live.com;login.microsoftonline.com;onenote.cloud.microsoft;onenote.com;res.cdn.office.net;www.onenote.com
6201,cookie-matching.mediarithmics.com,1,cookie-matching.mediarithmics.com
6202,podscribe.com,34,analytics.google.com;api.hubapi.com;assets.squarespace.com;cdn.jsdelivr.net;connect.facebook.net;d34r8q7sht0t9k.cloudfront.net;definitions.sqspcdn.com;fonts.googleapis.com;fonts.gstatic.com;forms-na1.hsforms.com;forms.hsforms.com;googleads.g.doubleclick.net;images.squarespace-cdn.com;ipv4.podscribe.com;js.hs-analytics.net;js.hs-banner.com;js.hs-scripts.com;js.hsadspixel.net;js.hscollectedforms.net;js.hsforms.net;match.adsrvr.org;pixel.tapad.com;podscribe.com;px.ads.linkedin.com;snap.licdn.com;static1.squarespace.com;stats.g.doubleclick.net;track.hubspot.com;use.typekit.net;verifi.podscribe.com;widget.intercom.io;www.google.com;www.googletagmanager.com;www.linkedin.com
6203,r-34a7a751.kinesisvideo.us-west-2.amazonaws.com,1,r-34a7a751.kinesisvideo.us-west-2.amazonaws.com
6204,log-api.newrelic.com,1,log-api.newrelic.com
6205,www.roblox.com,5,apis.rbxcdn.com;css.rbxcdn.com;js.rbxcdn.com;roblox.com;www.roblox.com
6207,eus-r.w.inmobi.com,1,eus-r.w.inmobi.com
6208,sg.semasio.net,1,sg.semasio.net
6211,jsb31-normal-alisg.tiktokv.com,1,jsb31-normal-alisg.tiktokv.com
6213,gacs-discovery.cloud.com,1,gacs-discovery.cloud.com
6215,ads.us.criteo.com,1,ads.us.criteo.com
6216,api.sec.intl.miui.com,1,api.sec.intl.miui.com
6220,gslb.shalltry.com,1,gslb.shalltry.com
6223,t.wayfair.com,1,t.wayfair.com
6224,v.clarity.ms,1,v.clarity.ms
6226,naver.com,14,gfd-phinf.pstatic.net;nam.veta.naver.com;naver.com;ntm.pstatic.net;pm.pstatic.net;recoshopping.naver.com;s.pstatic.net;search.naver.com;shopsquare.naver.com;siape.veta.naver.com;spastatic.naver.com;ssl.pstatic.net;tivan.naver.com;www.naver.com
6227,mweb-hb.presage.io,1,mweb-hb.presage.io
6228,queuev4.vk.ru,1,queuev4.vk.ru
6229,production-gc.lsfilter.com,1,production-gc.lsfilter.com
6231,intercom.com,8,api-visitor-analytics.intercom.com;cdn.cookielaw.org;geolocation.onetrust.com;intercom.com;unpkg.com;vercel.intercom.com;widget.intercom.io;www.googletagmanager.com
6233,appsitemsuggest-pa.googleapis.com,1,www.google.com
6234,click.liftoff.io,28,cdn.bizible.com;cdn.bizibly.com;cdn.metadata.io;cdn.transifex.com;click.liftoff.io;connect.facebook.net;fonts.googleapis.com;fonts.gstatic.com;forms-na2.hsforms.com;forms.hsforms.com;js-na2.hs-analytics.net;js-na2.hs-banner.com;js-na2.hs-scripts.com;js-na2.hsadspixel.net;js-na2.hscollectedforms.net;js.hsforms.net;liftoff.ai;liftoff.io;live-detector.svc.transifex.net;maxcdn.bootstrapcdn.com;rum-collector-2.pingdom.net;rum-static.pingdom.net;stats.g.doubleclick.net;telemetry.svc.transifex.net;track-na2.hubspot.com;www.google-analytics.com;www.google.com;www.googletagmanager.com
6235,static01.nyt.com,1,static01.nyt.com
6237,production-categorizations-device-api.lsfilter.com,1,production-categorizations-device-api.lsfilter.com
6239,pixel.byspotify.com,1,pixel.byspotify.com
6241,tag.wknd.ai,1,tag.wknd.ai
6243,c2shb-oao.ssp.yahoo.com,1,c2shb-oao.ssp.yahoo.com
6246,agents-na.epm.cyberark.com,1,agents-na.epm.cyberark.com
6248,geforce.com,6,assets.adobedtm.com;cdn.cookielaw.org;geforce.com;geolocation.onetrust.com;images.nvidia.com;www.nvidia.com
6249,www.google.ru,3,ogads-pa.clients6.google.com;play.google.com;www.gstatic.com
6250,flixcdn.com,1,flixcdn.com
6259,rtd-tm.everesttech.net,1,rtd-tm.everesttech.net
6260,www.mczbf.com,3,cj.dotomi.com;www.emjcd.com;www.mczbf.com
6261,www.lenovo.com,67,11829995.fls.doubleclick.net;183-wct-620.mktoresp.com;a2.adform.net;aa.agkn.com;ad.doubleclick.net;adobedc.demdex.net;adservice.google.com;alb.reddit.com;analytics.google.com;analytics.tiktok.com;api.bluecore.com;assets.adobedtm.com;c.bing.com;c.evidon.com;c.go-mpulse.net;c1-ofp.static.pub;cdn.flashtalking.com;cdn.mgln.ai;cdn.quantummetric.com;cl.qualaroo.com;cm.g.doubleclick.net;colrep.sitelabweb.com;connect.facebook.net;digitalfeedback.us.confirmit.com;dpm.demdex.net;fm.flashtalking.com;googleads.g.doubleclick.net;gs.nmgassets.com;gum.criteo.com;ib.adnxs.com;idsync.rlcdn.com;ingest.quantummetric.com;j1-ofp.static.pub;l.evidon.com;match.adsrvr.org;ml314.com;munchkin.marketo.net;openapi.lenovo.com;p2-ofp.static.pub;p3-ofp.static.pub;ping.pdst.fm;pixel-config.reddit.com;pixel.rubiconproject.com;pixel.tapad.com;px.ads.linkedin.com;rules.quantcount.com;s.amazon-adsystem.com;s.lenovo.com;s2.go-mpulse.net;s7d1.scene7.com;sc-static.net;secure.quantserve.com;servedby.flashtalking.com;snap.licdn.com;stats.g.doubleclick.net;sync.crwdcntrl.net;tr.snapchat.com;us3-cdn.inside-graph.com;us3-live.inside-graph.com;us3-track.inside-graph.com;www.google-analytics.com;www.google.com;www.googleadservices.com;www.googletagmanager.com;www.lenovo.com;www.linkedin.com;www.redditstatic.com
6262,in.grammarly.com,1,in.grammarly.com
6264,consent.cookiebot.com,1,consent.cookiebot.com
6267,brightcove.com,12,assets.calendly.com;brightcove.cdn.prismic.io;brightcove.com;cdn.claydar.com;cdn.cookielaw.org;fastly-signed-eu-west-1-prod.brightcovecdn.com;images.prismic.io;metrics.brightcove.com;players.brightcove.net;static.claydar.com;web-sdk.aptrinsic.com;www.googletagmanager.com
6270,img-resize-cdn-prod-green.samsungnyc.com,2,img-resize-cdn-prod-green.samsungnyc.com;static.cloudflareinsights.com
6272,lsrelay-extensions-production.s3.amazonaws.com,1,lsrelay-extensions-production.s3.amazonaws.com
6273,pusher.uber.com,1,pusher.uber.com
6277,z.clarity.ms,1,z.clarity.ms
6278,d.lazybumblebee.com,1,d.lazybumblebee.com
6280,mac-extension.femetrics.grammarly.io,1,mac-extension.femetrics.grammarly.io
6281,usea1-001-mssp.sentinelone.net,3,cdn.pendo.io;content.pendo.sentinelone.net;usea1-001-mssp.sentinelone.net
6282,s.ntv.io,1,s.ntv.io
6286,rtb-csync-use1.smartadserver.com,1,rtb-csync-use1.smartadserver.com
6287,script.4dex.io,1,script.4dex.io
6288,icanhazip.com,1,icanhazip.com
6290,ponos.zeronaught.com,1,ponos.zeronaught.com
6292,zalo.me,4,www.google-analytics.com;www.googletagmanager.com;zalo-site.zadn.vn;zalo.me
6293,ios.prod.dradis.netflix.com,1,ios.prod.dradis.netflix.com
6294,osb-apps-v2.samsungqbe.com,1,osb-apps-v2.samsungqbe.com
6295,p0-pu-private-useast8.tiktokv.us,1,p0-pu-private-useast8.tiktokv.us
6296,o488710.ingest.sentry.io,1,o488710.ingest.sentry.io
6299,us-ore-00001.s3.dualstack.us-west-2.amazonaws.com,1,us-ore-00001.s3.dualstack.us-west-2.amazonaws.com
6301,genai-graph.facebook.com,1,genai-graph.facebook.com
6302,lf16-gecko-source.tiktokcdn.com,1,lf16-gecko-source.tiktokcdn.com
6304,b.stats.paypal.com,1,b.stats.paypal.com
6305,reminder-a.wbx2.com,1,reminder-a.wbx2.com
6307,c.betrad.com,1,c.betrad.com
6309,static-cdn.strpst.com,1,static-cdn.strpst.com
6310,res-2-dod.cdn.office.net,1,res-2-dod.cdn.office.net
6311,nam02.safelinks.protection.outlook.com,1,nam02.safelinks.protection.outlook.com
6315,feed32-normal-sg.capcutapi.com,1,feed32-normal-sg.capcutapi.com
6317,mt-usw.appiersig.com,1,mt-usw.appiersig.com
6318,tvpnlinupepgpus.samsungcloud.tv,1,tvpnlinupepgpus.samsungcloud.tv
6319,siftscience.com,31,526-pcc-974.mktoresp.com;a.usbrowserspeed.com;analytics.google.com;c.6sc.co;cdn.cookielaw.org;cdn.jsdelivr.net;cdn.propensity.com;cdnjs.cloudflare.com;epsilon.6sense.com;geolocation.onetrust.com;googleads.g.doubleclick.net;ipv6.6sc.co;j.6sc.co;js.qualified.com;js.zi-scripts.com;munchkin.marketo.net;pagead2.googlesyndication.com;pages.sift.com;platform.linkedin.com;px.ads.linkedin.com;sift.com;siftscience.com;snap.licdn.com;static.licdn.com;stats.g.doubleclick.net;tracking-api.g2.com;ws.zoominfo.com;www.google-analytics.com;www.google.com;www.googletagmanager.com;www.linkedin.com
6323,pixad.com.tr,4,cdnjs.cloudflare.com;pixad.com.tr;www.google-analytics.com;www.googletagmanager.com
6325,y.clarity.ms,1,y.clarity.ms
6327,re.applovin.com,1,re.applovin.com
6328,v16.tiktokcdn.com,1,v16.tiktokcdn.com
6330,pix.pub,1,pix.pub
6331,servedbyadbutler.com,1,servedbyadbutler.com
6333,prreqcroab.icu,1,prreqcroab.icu
6334,pro.ip-api.com,3,cache.ip-api.com;members.ip-api.com;pro.ip-api.com
6336,nam11.safelinks.protection.outlook.com,1,nam11.safelinks.protection.outlook.com
6339,google.ca,3,ogads-pa.clients6.google.com;play.google.com;www.gstatic.com
6340,remotedesktop-pa.googleapis.com,1,www.google.com
6341,controlup.com,57,191-ktt-691.mktoresp.com;alb.reddit.com;analytics.google.com;analytics.twitter.com;api.userway.org;c.bing.com;c.clarity.ms;cdn-cookieyes.com;cdn.userway.org;cdnjs.cloudflare.com;challenges.cloudflare.com;cm.g.doubleclick.net;connect.facebook.net;controlup.com;d.adroll.com;directory.cookieyes.com;dsum-sec.casalemedia.com;eb2.3lift.com;googleads.g.doubleclick.net;ib.adnxs.com;idsync.rlcdn.com;image2.pubmatic.com;js.qualified.com;js.zi-scripts.com;kit.fontawesome.com;lex.33across.com;log.cookieyes.com;match.adsrvr.org;ml314.com;munchkin.marketo.net;pippio.com;pixel-config.reddit.com;pixel.rubiconproject.com;pixel.tapad.com;player.vimeo.com;ps.eyeota.net;px.ads.linkedin.com;s.adroll.com;s.clarity.ms;scripts.clarity.ms;sjs.bizographics.com;snap.licdn.com;static.ads-twitter.com;stats.g.doubleclick.net;sync.outbrain.com;sync.taboola.com;t.co;us-u.openx.net;ws.zoominfo.com;www.clarity.ms;www.controlup.com;www.google-analytics.com;www.google.com;www.googletagmanager.com;www.linkedin.com;www.redditstatic.com;x.bidswitch.net
6344,google.com.ph,3,ogads-pa.clients6.google.com;play.google.com;www.gstatic.com
6345,pay.sandbox.google.com,1,ssl.gstatic.com
6348,agents.amsua0602.manage.microsoft.com,1,agents.amsua0602.manage.microsoft.com
6350,zuimeitianqi.com,6,ep1.adtrafficquality.google;ep2.adtrafficquality.google;googleads.g.doubleclick.net;pagead2.googlesyndication.com;www.google.com;zuimeitianqi.com
6351,s.tribalfusion.com,1,s.tribalfusion.com
6352,p77-sign-sg.tiktokcdn.com,2,error.c.cdn77.org;p77-sign-sg.tiktokcdn.com
6353,token.services.mozilla.com,4,media.ethicalads.io;mozilla-services.readthedocs.io;mozorg.cdn.mozilla.net;token.services.mozilla.com
6354,ajax.aspnetcdn.com,9,ajax.aspnetcdn.com;c.clarity.ms;dotnet.microsoft.com;js.monitor.azure.com;scripts.clarity.ms;uhf.microsoft.com;wcpstatic.microsoft.com;www.asp.net;www.clarity.ms
6355,s.orbsrv.com,1,s.orbsrv.com
6357,webcast16-normal-no1a.tiktokv.eu,1,webcast16-normal-no1a.tiktokv.eu
6361,archive-digger.com,3,archive-digger.com;fonts.googleapis.com;fonts.gstatic.com
6363,adrevenue.appsflyersdk.com,1,adrevenue.appsflyersdk.com
6364,images.outbrainimg.com,3,fonts.googleapis.com;fonts.gstatic.com;images.outbrainimg.com
6366,widget-sg.tiktokv.com,1,widget-sg.tiktokv.com
6367,pus6-collabhubrtc.officeapps.live.com,1,pus6-collabhubrtc.officeapps.live.com
6368,dds-cs-endpoint-c8bme3d0gud5h9a2.b02.azurefd.net,1,dds-cs-endpoint-c8bme3d0gud5h9a2.b02.azurefd.net
6369,i0.wp.com,1,i0.wp.com
6375,dual-s-0005-teams.config.skype.com,1,dual-s-0005-teams.config.skype.com
6381,ocsp.r2m04.amazontrust.com,1,ocsp.r2m04.amazontrust.com
6382,halcyon.ai,53,117171963.intellimizeio.com;401-wch-435.mktoresp.com;a.dpmsrv.com;alb.reddit.com;api.intellimize.co;assets.adoberesources.net;assets.slater.app;b.6sc.co;c.6sc.co;c.bing.com;c.clarity.ms;cdn.bizible.com;cdn.bizibly.com;cdn.intellimize.co;cdn.jsdelivr.net;cdn.prod.website-files.com;consent.cookiebot.com;consentcdn.cookiebot.com;d3e54v103j8qbb.cloudfront.net;go.halcyon.ai;halcyon.ai;hubspotonwebflow.com;ib.adnxs.com;insight.adsrvr.org;ipv6.6sc.co;j.6sc.co;js.storylane.io;js.zi-scripts.com;log.intellimize.co;munchkin.marketo.net;p.typekit.net;pagead2.googlesyndication.com;pixel-config.reddit.com;pixel.mathtag.com;pixel.rubiconproject.com;px.ads.linkedin.com;s.clarity.ms;s.dpmsrv.com;scout-cdn.salesloft.com;scout.salesloft.com;scripts.clarity.ms;slater.app;snap.licdn.com;use.typekit.net;ws-assets.zoominfo.com;ws.zoominfo.com;www.clarity.ms;www.google-analytics.com;www.google.com;www.googletagmanager.com;www.halcyon.ai;www.linkedin.com;www.redditstatic.com
6383,games.googleapis.com,1,www.google.com
6387,audible.com,49,aa.agkn.com;ad.doubleclick.net;adobedc.demdex.net;analytics.twitter.com;apps.rokt.com;audible.com;audible.demdex.net;audible.sc.omtrdc.net;bat.bing.com;cm.g.doubleclick.net;connect.facebook.net;cookie-matching.mediarithmics.com;d.impactradius-event.com;d2nttevkh1mtzs.cloudfront.net;d34r8q7sht0t9k.cloudfront.net;dpm.demdex.net;edge.adobedc.net;fls-na.amazon.com;googleads.g.doubleclick.net;ib.adnxs.com;images-na.ssl-images-amazon.com;ipv4.podscribe.com;lciapi.ninthdecimal.com;loadus.exelator.com;m.media-amazon.com;odr.mookie1.com;pi.ispot.tv;pixel.tapad.com;s.amazon-adsystem.com;sb.scorecardresearch.com;sc-static.net;spl.zeotap.com;static.ads-twitter.com;sync.taboola.com;t.co;tr.snapchat.com;uipglob.semasio.net;unagi.amazon.com;us-east-1.prod.adobe-dtm.audible.amazon.dev;us-u.openx.net;user-sync.fwmrm.net;usersync.samplicio.us;verifi.podscribe.com;www.audible.com;www.google.com;www.googletagmanager.com;www.imdb.com;www.merchant-center-analytics.goog;x.bidswitch.net
6389,securly.com,40,ajax.googleapis.com;alb.reddit.com;analytics.google.com;c.bing.com;c.clarity.ms;clients1.google.com;connect.facebook.net;consent.trustarc.com;cse.google.com;ep1.adtrafficquality.google;ep2.adtrafficquality.google;esp.aptrinsic.com;forms-na1.hsforms.com;forms.hsforms.com;googleads.g.doubleclick.net;js-na1.hs-scripts.com;js.hs-analytics.net;js.hs-banner.com;js.hsadspixel.net;js.hsforms.net;js.hubspot.com;js.qualified.com;pagead2.googlesyndication.com;perf-na1.hsforms.com;prod-web-assets-securly.s3.us-west-1.amazonaws.com;px.ads.linkedin.com;scout-cdn.salesloft.com;scout.salesloft.com;scripts.clarity.ms;securly.com;snap.licdn.com;stag-web-assets.s3.ap-south-1.amazonaws.com;static.hotjar.com;track.hubspot.com;web-sdk.aptrinsic.com;www.clarity.ms;www.google.com;www.googletagmanager.com;www.linkedin.com;www.redditstatic.com
6392,s.axon.ai,1,s.axon.ai
6397,stats-xlb.syd-1.linewize.net,1,stats-xlb.syd-1.linewize.net
6398,discover.hulu.com,1,discover.hulu.com
6400,tpmn.io,2,ajax.googleapis.com;tpmn.io
6402,i.clarity.ms,1,i.clarity.ms
6403,qagpublic.qg4.apps.qualys.com,1,qagpublic.qg4.apps.qualys.com
6404,service-media-catalog.clusters.pluto.tv,1,service-media-catalog.clusters.pluto.tv
6405,s4.histats.com,1,s4.histats.com
6408,shopee.sg,3,content.garena.com;deo.shopeemobile.com;shopee.sg
6409,pd.cdnwidget.com,1,pd.cdnwidget.com
6412,b.clarity.ms,1,b.clarity.ms
6414,afs.ampaeservices.com,1,afs.ampaeservices.com
6416,agent.intentiq.com,1,agent.intentiq.com
6418,verifi.podscribe.com,1,verifi.podscribe.com
6419,api.ams.gcc.teams.microsoft.com,1,api.ams.gcc.teams.microsoft.com
6420,adfox.ru,7,adfox.ru;adfox.yandex.ru;avatars.mds.yandex.net;mc.yandex.com;mc.yandex.ru;yandex.ru;yastatic.net
6423,res.dod.cdn.office.net,1,res.dod.cdn.office.net
6426,client-side-metrics.us.criteo.net,1,client-side-metrics.us.criteo.net
6427,gspe12-ssl.ls.apple.com,1,gspe12-ssl.ls.apple.com
6431,gbl.his.arc.azure.com,1,gbl.his.arc.azure.com
6432,ads-sdk-gateway.prd.mz.internal.unity3d.com,1,ads-sdk-gateway.prd.mz.internal.unity3d.com
6436,api-glb-ausw2b.smoot.apple.com,1,api-glb-ausw2b.smoot.apple.com
6437,www.storygize.net,1,www.storygize.net
6442,workspaceone.com,2,workspaceone.com;www.omnissa.com
6447,cdws.us-east-1.amazonaws.com,1,cdws.us-east-1.amazonaws.com
6450,sportscenter.api.espn.com,1,sportscenter.api.espn.com
6451,gpi4.life360.com,2,gpi4.life360.com;static.cloudflareinsights.com
6452,a.clarity.ms,1,a.clarity.ms
6453,scriptsstorage.azureedge.net,1,scriptsstorage.azureedge.net
6454,hb.undertone.com,1,hb.undertone.com
6455,user-sync.gamoshi.io,1,user-sync.gamoshi.io
6458,bit.ly,30,12389169.fls.doubleclick.net;accounts.google.com;ad.doubleclick.net;ade.googlesyndication.com;adservice.google.com;analytics.google.com;api.userway.org;bat.bing.com;bat.bing.net;bit.ly;bitly.com;cdn.cookielaw.org;cdn.jsdelivr.net;cdn.optimizely.com;cdn.userway.org;geolocation.onetrust.com;global-free-tools.qr-code-generator.com;googleads.g.doubleclick.net;js-eu1.hs-analytics.net;js-eu1.hs-banner.com;js-eu1.hs-scripts.com;logx.optimizely.com;mkt-static.bitly.com;pagead2.googlesyndication.com;public.profitwell.com;sp.bitly.com;static.hotjar.com;track-eu1.hubspot.com;www.google-analytics.com;www.googletagmanager.com
6459,widgets.outbrainimg.com,1,widgets.outbrainimg.com
6460,l.clarity.ms,1,l.clarity.ms
6461,ka-p.fontawesome.com,1,ka-p.fontawesome.com
6463,gz0.googleusercontent.com,1,www.google.com
6464,snssdk.com,5,app.toutiao.com;lf-toutiao-ug-dns.toutiaocdn.com;lf3-cdn-tos.bytescm.com;lf3-luckycat.byteug.com;snssdk.com
6465,api-glb-ausw2c.smoot.apple.com,1,api-glb-ausw2c.smoot.apple.com
6468,cdn-adn-https-new.mtgglobals.com,1,cdn-adn-https-new.mtgglobals.com
6469,iguazu.doordash.com,3,iguazu.doordash.com;static.cloudflareinsights.com;typography.doordash.com
6472,chromesyncentities-pa.googleapis.com,1,www.google.com
6473,crowdstrike.com,15,adobedc.demdex.net;assets.adobedtm.com;assets.crowdstrike.com;c.contentsquare.net;cdn.cookielaw.org;cdn.vidyard.com;crowdstrike.com;edge.adobedc.net;epsilon.6sense.com;geolocation.onetrust.com;k-aus1.contentsquare.net;p.typekit.net;play.vidyard.com;t.contentsquare.net;use.typekit.net
6477,bpm-pixel.pointmediatracker.com,1,bpm-pixel.pointmediatracker.com
6478,gspx57-ssl-background.ls.apple.com,1,gspx57-ssl-background.ls.apple.com
6485,assets-jpcust.jwpsrv.com,1,assets-jpcust.jwpsrv.com
6487,ads.adfox.ru,1,ads.adfox.ru
6488,adtarget.com.tr,8,adtarget.com.tr;cdnjs.cloudflare.com;fonts.googleapis.com;fonts.gstatic.com;maps.googleapis.com;maps.gstatic.com;static.cloudflareinsights.com;www.google.com
6496,s-02ab8d15.kinesisvideo.us-west-2.amazonaws.com,1,s-02ab8d15.kinesisvideo.us-west-2.amazonaws.com
6497,consent-api.onetrust.com,2,consent-api.onetrust.com;performance.radar.cloudflare.com
6498,s-01b343f5.kinesisvideo.us-west-2.amazonaws.com,1,s-01b343f5.kinesisvideo.us-west-2.amazonaws.com
6500,google.de,3,ogads-pa.clients6.google.com;play.google.com;www.gstatic.com
6501,w.isx.unity3d.com,1,w.isx.unity3d.com
6504,osb-tnc-v2-appsacc.samsungqbe.com,1,osb-tnc-v2-appsacc.samsungqbe.com
6509,visa.com,13,analytics.google.com;cdn.optimizely.com;code.jquery.com;googleads.g.doubleclick.net;policy.cookiereports.com;stats.g.doubleclick.net;tags.tiqcdn.com;visa.com;www.google-analytics.com;www.google.com;www.googletagmanager.com;www.visa.com;www.youtube.com
6511,rudderstack.com,26,a.quora.com;alb.reddit.com;c.bing.com;c.clarity.ms;cdn.claydar.com;cdn.ketchjs.com;cdn.sanity.io;cdn.snitcher.com;cdn.sy-d.io;global.ketchcdn.com;googleads.g.doubleclick.net;js.qualified.com;pixel-config.reddit.com;px.ads.linkedin.com;rudderstack.com;s.clarity.ms;scripts.clarity.ms;snap.licdn.com;static.claydar.com;www.clarity.ms;www.google-analytics.com;www.google.com;www.googletagmanager.com;www.linkedin.com;www.redditstatic.com;www.rudderstack.com
6512,www.pandora.com,8,browser-intake-datadoghq.com;cdn.cookielaw.org;client.px-cloud.net;collector-pxxljwhhue.px-cloud.net;geolocation.onetrust.com;tzm.px-cloud.net;web-cdn.pandora.com;www.pandora.com
6514,portal.manage.microsoft.us,3,aadcdn.msftauth.net;login.microsoftonline.us;portal.manage.microsoft.us
6515,e.clarity.ms,1,e.clarity.ms
6517,pxdrop.lijit.com,1,pxdrop.lijit.com
6518,target.com,32,59f466a7e7416d5bf711abea52c381cf.safeframe.googlesyndication.com;arw46kigczklenzwjhujb73pjmmetyciaaaafthk6pw.mcl.io;assets.adobedtm.com;assets.targetimg1.com;cdn.dv.tech;cdn.speedcurve.com;client.px-cloud.net;cm.everesttech.net;cm.g.doubleclick.net;collector-pxgwpp4wus.px-cloud.net;dpm.demdex.net;edge.fullstory.com;ep1.adtrafficquality.google;ep2.adtrafficquality.google;js.mcl.io;mcl.spur.us;pagead2.googlesyndication.com;ponos.zeronaught.com;pub.doubleverify.com;pub.dv.tech;resources.digital-cloud.medallia.com;rs.fullstory.com;securepubads.g.doubleclick.net;target.com;target.demdex.net;target.scene7.com;tpc.googlesyndication.com;tps-dn-ue1.doubleverify.com;tps.doubleverify.com;tzm.px-cloud.net;vtrk.dv.tech;www.google.com
6520,dig.bdurl.net,1,dig.bdurl.net
6521,a.c.appier.net,1,a.c.appier.net
6523,mweb.ck.inmobi.com,1,mweb.ck.inmobi.com
6525,c.aps.amazon-adsystem.com,1,c.aps.amazon-adsystem.com
6526,cdn-store-icons-akamai-prd.unityads.unity3d.com,1,cdn-store-icons-akamai-prd.unityads.unity3d.com
6527,www.dwin1.com,1,www.dwin1.com
6529,edge-usw2.demdex.net,1,edge-usw2.demdex.net
6530,us-east-1-cs-rtb.openwebmp.com,1,us-east-1-cs-rtb.openwebmp.com
6531,pps.adobe.io,1,pps.adobe.io
6532,manage-ppe.microsoft.us,4,aadcdn.msftauth.net;intune.microsoft.us;login.microsoftonline.us;manage-ppe.microsoft.us
6536,portal.manage-ppe.microsoft.us,3,aadcdn.msftauth.net;login.microsoftonline.us;portal.manage-ppe.microsoft.us
6537,tplinkcloud.com,4,d2baw28zdve8g3.cloudfront.net;tplinkcloud.com;www.google-analytics.com;www.tplinkcloud.com
6538,riotgames.com,10,auth.riotgames.com;cdn.ravenjs.com;cdn.rgpub.io;cmp.osano.com;fast.fonts.net;lolstatic-a.akamaihd.net;riotgames.com;www.googletagmanager.com;www.riotgames.com;xsso.riotgames.com
6541,cpmstar.com,17,acsbapp.com;api.hubapi.com;cdn.acsbapp.com;cpmstar-website.prismic.io;cpmstar.com;images.prismic.io;js.hs-analytics.net;js.hs-banner.com;js.hs-scripts.com;js.hsadspixel.net;js.hscollectedforms.net;px.ads.linkedin.com;snap.licdn.com;static.cdn.prismic.io;track.hubspot.com;www.cpmstar.com;www.linkedin.com
6542,cc-embed.adobe.com,1,cc-embed.adobe.com
6543,manage.agent-cluster1.prod.us003-prod.arcticwolf.net,1,manage.agent-cluster1.prod.us003-prod.arcticwolf.net
6544,console.us.code42.com,2,console.us.code42.com;use.typekit.net
6545,an.yandex.ru,1,an.yandex.ru
6547,p174-content.icloud.com,1,p174-content.icloud.com
6549,j.clarity.ms,1,j.clarity.ms
6550,s-8e923eff.kinesisvideo.us-west-2.amazonaws.com,1,s-8e923eff.kinesisvideo.us-west-2.amazonaws.com
6551,mobile.zscalerthree.net,5,admin.zscalerthree.net;cdn.mxpnl.com;cms.zscaler.com;mobile.zscalerthree.net;mobileadmin.zscalerthree.net
6552,events.swishapps.ai,1,events.swishapps.ai
6553,p170-content.icloud.com,1,p170-content.icloud.com
6555,qagpublic.qg1.apps.qualys.com,1,qagpublic.qg1.apps.qualys.com
6556,wem.cloud.com,6,accounts-webassets.cloud.com;accounts.cloud.com;citrix-cloud-content.customer.pendo.io;citrix.cloud.com;wem.cloud.com;www.googletagmanager.com
6557,arclight.vimeo.com,1,arclight.vimeo.com
6558,s-56832325.kinesisvideo.us-west-2.amazonaws.com,1,s-56832325.kinesisvideo.us-west-2.amazonaws.com
6559,p182-content.icloud.com,1,p182-content.icloud.com
6560,p101-content.icloud.com,1,p101-content.icloud.com
6562,s-d6629a18.kinesisvideo.us-west-2.amazonaws.com,1,s-d6629a18.kinesisvideo.us-west-2.amazonaws.com
6563,m.5egytucuw.com,1,m.5egytucuw.com
6564,ads.roku.com,13,ads.roku.com;ads.w55c.net;api.ads.roku.com;cdn.auth0.com;cdn.jsdelivr.net;cdn.pendo.io;data.pendo.io;fonts.googleapis.com;fonts.gstatic.com;image.roku.com;login.ads.roku.com;static.cloudflareinsights.com;widget.intercom.io
6568,sync.bumlam.com,1,sync.bumlam.com
6569,shein.com,44,accounts.google.com;ads.nextdoor.com;alb.reddit.com;amplify.outbrain.com;analytics.twitter.com;armor.ltwebstatic.com;bat.bing.com;cdn.id5-sync.com;cdn.taboola.com;cinfo-v4.shein.com;cinfo-v6.shein.com;cjs.ltwebstatic.com;common.ltwebstatic.com;connect.facebook.net;count.shein.com;dynamic.criteo.com;gateway.shein.com;googleads.g.doubleclick.net;gum.criteo.com;id5-sync.com;img.shein.com;lb.eu-1-id5-sync.com;lbs.eu-1-id5-sync.com;pixel-config.reddit.com;pixel.tapad.com;px.ads.linkedin.com;s.pinimg.com;sc-static.net;sc.ltwebstatic.com;shein.com;snap.licdn.com;sslwidget.criteo.com;static.ads-twitter.com;static.gateway.shein.com;storage.googleapis.com;t.co;tr.outbrain.com;tr.snapchat.com;wave.outbrain.com;www.google.com;www.googletagmanager.com;www.linkedin.com;www.redditstatic.com;www.shein.com
6570,manage-beta.microsoft.com,6,aadcdn.msftauth.net;aka.ms;intune.microsoft.com;login.live.com;login.microsoftonline.com;manage-beta.microsoft.com
6571,egress.yandex.net,1,egress.yandex.net
6572,clients.config.gcc.office.net,1,clients.config.gcc.office.net
6577,ic-nss.flixcdn.com,1,ic-nss.flixcdn.com
6581,p105-content.icloud.com,1,p105-content.icloud.com
6583,p172-content.icloud.com,1,p172-content.icloud.com
6587,portal.manage.microsoft.com,4,aadcdn.msftauth.net;login.live.com;login.microsoftonline.com;portal.manage.microsoft.com
6588,s-472d74ac.kinesisvideo.us-west-2.amazonaws.com,1,s-472d74ac.kinesisvideo.us-west-2.amazonaws.com
6590,www.google.com.vn,3,ogads-pa.clients6.google.com;play.google.com;www.gstatic.com
6592,p168-content.icloud.com,1,p168-content.icloud.com
6593,p180-content.icloud.com,1,p180-content.icloud.com
6594,s-b1731d75.kinesisvideo.us-west-2.amazonaws.com,1,s-b1731d75.kinesisvideo.us-west-2.amazonaws.com
6595,directory-search-a.wbx2.com,1,directory-search-a.wbx2.com
6596,vg-ali-ad-track-sdk.mtgglobals.com,1,vg-ali-ad-track-sdk.mtgglobals.com
6597,static.5egytucuw.com,1,static.5egytucuw.com
6599,cmp.osano.com,1,cmp.osano.com
6600,websdk.appsflyer.com,1,websdk.appsflyer.com
6601,binaries.templates.cdn.office.net,1,binaries.templates.cdn.office.net
6604,p103-content.icloud.com,1,p103-content.icloud.com
6605,www.onenote.com,8,aadcdn.msauth.net;browser.events.data.microsoft.com;c.s-microsoft.com;login.live.com;login.microsoftonline.com;onenote.cloud.microsoft;res.cdn.office.net;www.onenote.com
6607,usmia1.icloud-content.com,1,usmia1.icloud-content.com
6608,dl.listdl.com,1,dl.listdl.com
6610,n.clarity.ms,1,n.clarity.ms
6611,ds.uncn.jp,1,ds.uncn.jp
6613,s-4010bf70.kinesisvideo.us-west-2.amazonaws.com,1,s-4010bf70.kinesisvideo.us-west-2.amazonaws.com
6614,p176-content.icloud.com,1,p176-content.icloud.com
6615,server.cpmstar.com,1,server.cpmstar.com
6616,p178-content.icloud.com,1,p178-content.icloud.com
6617,titlehub.xboxlive.com,1,titlehub.xboxlive.com
6618,www.ebay.com,26,13341218.fls.doubleclick.net;ad.doubleclick.net;adservice.google.com;alb.reddit.com;backstory.ebay.com;connect.facebook.net;dynamic.criteo.com;googleads.g.doubleclick.net;gum.criteo.com;i.ebayimg.com;ir.ebaystatic.com;mkttag.ebay.com;pixel-config.reddit.com;rover.ebay.com;s.pinimg.com;sc-static.net;sherlock-events-sampler.ebay.com;sp.analytics.yahoo.com;sslwidget.criteo.com;tags.tiqcdn.com;tr.snapchat.com;www.ebay.com;www.ebayadservices.com;www.google.com;www.googletagmanager.com;www.redditstatic.com
6620,gcs.prod.monitoring.core.windows.net,1,gcs.prod.monitoring.core.windows.net
6622,p166-content.icloud.com,1,p166-content.icloud.com
6623,s-6666510b.kinesisvideo.us-west-2.amazonaws.com,1,s-6666510b.kinesisvideo.us-west-2.amazonaws.com
6624,s-8451b5cd.kinesisvideo.us-west-2.amazonaws.com,1,s-8451b5cd.kinesisvideo.us-west-2.amazonaws.com
6625,cf.vast.doubleverify.com,26,46126064.fs1.hubspotusercontent-na1.net;888-uxn-063.mktoresp.com;acsbapp.com;analytics.google.com;api.userback.io;cdn.acsbapp.com;cf.vast.doubleverify.com;consent.trustarc.com;cta-service-cms2.hubspot.com;doubleverify.com;forms-na1.hsforms.com;googleads.g.doubleclick.net;js.hs-analytics.net;js.hs-banner.com;js.hsforms.net;js.hubspot.com;munchkin.marketo.net;perf-na1.hsforms.com;px.ads.linkedin.com;snap.licdn.com;static.userback.io;stats.g.doubleclick.net;www.doubleverify.com;www.google.com;www.googletagmanager.com;www.linkedin.com
6627,sdk-services.uds.lenovo.com,1,sdk-services.uds.lenovo.com
6630,belkin.com,33,a.klaviyo.com;api.userway.org;belkin.com;belkin.my.salesforce-scrt.com;belkin.my.site.com;c.webtrends-optimize.com;cdn-loyalty.yotpo.com;cdn-swell-assets.yotpo.com;cdn-widgetsrepository.yotpo.com;cdn.cnstrc.com;cdn.cookielaw.org;cdn.cquotient.com;cdn.userway.org;cnstrc.com;d38xvr37kwwhcm.cloudfront.net;fast.a.klaviyo.com;fonts.cdnfonts.com;fonts.googleapis.com;geolocation.onetrust.com;js.klarna.com;maxcdn.bootstrapcdn.com;p.cquotient.com;pat.webtrends-optimize.com;s3.belkin.com;sdk.helloextend.com;static-forms.klaviyo.com;static.cloudflareinsights.com;static.klaviyo.com;unpkg.com;www.belkin.com;www.cloudflare.com;www.googletagmanager.com;x.klarnacdn.net
6632,sw88.espn.com,1,sw88.espn.com
6635,eyeo.com,6,cdn-ukwest.onetrust.com;eyeo.com;js-eu1.hs-scripts.com;p.typekit.net;use.typekit.net;www.googletagmanager.com
6636,amspbs.com,1,amspbs.com
6637,ocsp.r2m01.amazontrust.com,1,ocsp.r2m01.amazontrust.com
6639,prd-lender.cdp.internal.unity3d.com,1,prd-lender.cdp.internal.unity3d.com
6640,data.hicloud.com,1,data.hicloud.com
6645,android-api-cf.duolingo.com,1,android-api-cf.duolingo.com
6647,fa000000043.resources.office.net,1,fa000000043.resources.office.net
6654,sgp-howl.api.intl.miui.com,1,sgp-howl.api.intl.miui.com
6656,caldav.icloud.com,1,caldav.icloud.com
6657,is3-ssl.mzstatic.com,1,is3-ssl.mzstatic.com
6658,zaz.api.amazonvideo.com,1,zaz.api.amazonvideo.com
6659,eqt-gc.rendering.sharethrough.com,3,eqt-gc.rendering.sharethrough.com;fonts.googleapis.com;fonts.gstatic.com
6660,aliexpress.com,11,aeis.alicdn.com;aliexpress.com;at.alicdn.com;cf.aliyun.com;f0slmk.tdum.alibaba.com;g.alicdn.com;img.alicdn.com;log.mmstat.com;o.alicdn.com;s-gm.mmstat.com;ynuf.aliapp.org
6664,cdn.userway.org,1,cdn.userway.org
6666,www.google.com.ph,3,ogads-pa.clients6.google.com;play.google.com;www.gstatic.com
6667,salesforce-scrt.com,2,salesforce-scrt.com;www.salesforce.com
6669,tracenep.admaster.cc,1,tracenep.admaster.cc
6673,cs-rtb.minutemedia-prebid.com,1,cs-rtb.minutemedia-prebid.com
6674,autoupdate.opera.com,1,autoupdate.opera.com
6676,payments-graph.instagram.com,1,payments-graph.instagram.com
6677,cdn.clinch.co,1,cdn.clinch.co
6681,u3y8v8u4.aucdn.net,1,u3y8v8u4.aucdn.net
6683,k.clarity.ms,1,k.clarity.ms
6684,radar.io,57,117421970.intellimizeio.com;a.remarketstats.com;a.usbrowserspeed.com;analytics.ahrefs.com;analytics.google.com;api.hubapi.com;api.intellimize.co;api.segment.io;api.vector.co;app.clearbit.com;bat.bing.com;c.clarity.ms;cdn.claydar.com;cdn.embedly.com;cdn.intellimize.co;cdn.prod.website-files.com;cdn.segment.com;cdn.vector.co;cmp.osano.com;connect.facebook.net;d-code.liadm.com;d3e54v103j8qbb.cloudfront.net;data.processwebsitedata.com;fonts.gstatic.com;googleads.g.doubleclick.net;hubspotonwebflow.com;i.ytimg.com;js.hs-analytics.net;js.hs-banner.com;js.hs-scripts.com;js.hsadspixel.net;knock2-backend-2ba4792164c3.herokuapp.com;knock2-frontend.web.app;log.intellimize.co;match.prod.bidr.io;px.ads.linkedin.com;radar.com;radar.io;s.clarity.ms;s3-us-west-2.amazonaws.com;scripts.clarity.ms;snap.licdn.com;static.claydar.com;static.doubleclick.net;static.radar.com;stats.g.doubleclick.net;tag.clearbitscripts.com;tag.prospectdesk.ai;tag.trovo-tag.com;track.hubspot.com;ws.zoominfo.com;www.clarity.ms;www.google.com;www.googletagmanager.com;www.linkedin.com;www.youtube.com;x.clearbitjs.com
6685,as-sec.casalemedia.com,1,as-sec.casalemedia.com
6686,ipac.ctnsnet.com,1,ipac.ctnsnet.com
6687,intercomcdn.com,9,api-visitor-analytics.intercom.com;cdn.cookielaw.org;geolocation.onetrust.com;intercomcdn.com;unpkg.com;vercel.intercom.com;widget.intercom.io;www.googletagmanager.com;www.intercom.com
6691,mobile.zscaler.net,5,admin.zscaler.net;cdn.mxpnl.com;cms.zscaler.com;mobile.zscaler.net;mobileadmin.zscaler.net
6692,pull-flv-f77-sg01.tiktokcdn.com,1,pull-flv-f77-sg01.tiktokcdn.com
6695,clientstream-ga.launchdarkly.com,1,clientstream-ga.launchdarkly.com
6696,rtbc-uw1.doubleverify.com,1,rtbc-uw1.doubleverify.com
6697,nintendo.com,23,a5740182066954240.cdn.optimizely.com;accounts.nintendo.com;api.accounts.nintendo.com;assets.nintendo.com;caru.bbbprograms.org;cdn.accounts.nintendo.com;cdn.cookielaw.org;cdn.pricespider.com;cdn.quantummetric.com;geolocation.onetrust.com;graph.nintendo.com;ingest.quantummetric.com;logx.optimizely.com;nintendo.com;o4507091576815616.ingest.us.sentry.io;pagead2.googlesyndication.com;polyfill-fastly.io;siteintercept.qualtrics.com;www.google-analytics.com;www.google.com;www.googletagmanager.com;www.nintendo.com;zn5aocakgjj2uagxj-nintendoofamerica.siteintercept.qualtrics.com
6700,geotrust.com,25,8182015.fls.doubleclick.net;api.company-target.com;api.userway.org;assets.adobedtm.com;cdn.pendo.io;cdn.userway.org;cm.everesttech.net;data.pendo.io;digicert.demdex.net;digicert.my.site.com;dpm.demdex.net;eu-assets.i.posthog.com;eu.i.posthog.com;geotrust.com;googleads.g.doubleclick.net;img04.en25.com;s1701211846.t.eloqua.com;smetrics.digicert.com;tag-logger.demandbase.com;tag.demandbase.com;transcend-cdn.com;www.geotrust.com;www.google-analytics.com;www.google.com;www.googletagmanager.com
6703,a.magsrv.com,1,a.magsrv.com
6705,s10.histats.com,1,s10.histats.com
6707,api.userway.org,1,api.userway.org
6708,idsync.live.streamtheworld.com,1,idsync.live.streamtheworld.com
6709,qos.prod.warm.ingest.monitor.core.windows.net,1,qos.prod.warm.ingest.monitor.core.windows.net
6710,gridx.ai,16,cdn.jsdelivr.net;cdn.prod.website-files.com;cookiechimp.com;d3e54v103j8qbb.cloudfront.net;forms-na1.hsforms.com;forms.hsforms.com;gridx.ai;hubspotonwebflow.com;hubspotv2.use1-marketplace-1p-apps-prod-red.if.webflow.services;js.hs-banner.com;js.hs-scripts.com;js.hsforms.net;pagead2.googlesyndication.com;static.cloudflareinsights.com;www.googletagmanager.com;www.gridx.ai
6713,visualstudio.microsoft.com,14,app.vssps.visualstudio.com;bam.nr-data.net;browser.events.data.microsoft.com;js-agent.newrelic.com;js.monitor.azure.com;login.live.com;mem.gfx.ms;s.clarity.ms;scripts.clarity.ms;uhf.microsoft.com;visualstudio.microsoft.com;wcpstatic.microsoft.com;www.clarity.ms;www.microsoft.com
6714,api.ds.gridx.ai,1,api.ds.gridx.ai
6715,feed16-normal-sg.capcutapi.com,1,feed16-normal-sg.capcutapi.com
6716,island.io,76,117793454.intellimizeio.com;44.212.189.233;66b46c88bfe6c5c3eda83f59.services.infinigrow.com;ads-engagement.presage.io;ajax.googleapis.com;alb.reddit.com;analytics.ahrefs.com;analytics.google.com;analytics.roadwayai.com;analytics.twitter.com;api.fouanalytics.com;api.hubapi.com;api.intellimize.co;apix.b2c.com;arclight.vimeo.com;bat.bing.com;c.clarity.ms;cdn.calibermind.com;cdn.cookielaw.org;cdn.intellimize.co;cdn.jsdelivr.net;cdn.mgln.ai;cdn.prod.website-files.com;cdn.ravm.tv;cdnjs.cloudflare.com;code.jquery.com;collector-55210.us.tvsquared.com;connect.facebook.net;d3e54v103j8qbb.cloudfront.net;ddzuuyx7zj81k.cloudfront.net;dss6ntp5q2r0o.cloudfront.net;dx.mountain.com;e.calibermind.com;extend.vimeocdn.com;f.vimeocdn.com;fonts.googleapis.com;fonts.gstatic.com;geolocation.onetrust.com;googleads.g.doubleclick.net;isl-custom-code.onrender.com;island.io;js.hs-analytics.net;js.hs-banner.com;js.hs-scripts.com;js.hsadspixel.net;js.hscollectedforms.net;js.hubspot.com;lensflare.vimeo.com;lltrck.com;log.intellimize.co;monitor.fraudblocker.com;perf-na1.hsforms.com;pixel-config.reddit.com;pixel.tapad.com;player.vimeo.com;px.ads.linkedin.com;s.clarity.ms;scripts.clarity.ms;segment.prod.bidr.io;snap.licdn.com;static.ads-twitter.com;stats.g.doubleclick.net;t.co;tag.unifyintent.com;tags.srv.stackadapt.com;tags.w55c.net;track.hubspot.com;trk.techtarget.com;vimeo.com;vod-adaptive-ak.vimeocdn.com;www.clarity.ms;www.google.com;www.googletagmanager.com;www.island.io;www.linkedin.com;www.redditstatic.com
6718,pus3-collabhubrtc.officeapps.live.com,1,pus3-collabhubrtc.officeapps.live.com
6720,badges.roblox.com,1,badges.roblox.com
6721,api.radar.io,1,api.radar.io
6723,nakheelteam.cc,2,nakheelteam.cc;static.cloudflareinsights.com
6724,xlivrdr.com,1,xlivrdr.com
6726,dynamics.com,43,a.tribalfusion.com;accdn-vip.lpsnmedia.net;analytics.twitter.com;assets.adobedtm.com;browser.events.data.microsoft.com;c.bing.com;c.s-microsoft.com;cdn-dynmedia-1.microsoft.com;cm.everesttech.net;cm.g.doubleclick.net;cms.quantserve.com;dpm.demdex.net;dynamics.com;dynamics.microsoft.com;edge.adobedc.net;galleryapplogos2-ajhfbbhxfmembqf5.b02.azurefd.net;ib.adnxs.com;idpix.media6degrees.com;idsync.rlcdn.com;js.monitor.azure.com;login.live.com;login.microsoftonline.com;lptag.liveperson.net;match.adsrvr.org;mscom.demdex.net;msftenterprise.sc.omtrdc.net;play.vidyard.com;publisher.liveperson.net;res.cdn.office.net;rtd-tm.everesttech.net;rtd.tubemogul.com;rum.hlx.page;s.clarity.ms;scripts.clarity.ms;servedby.flashtalking.com;static-assets.fs.liveperson.com;store-images.s-microsoft.com;target.microsoft.com;uhf.microsoft.com;va-vip.v.liveperson.net;wcpstatic.microsoft.com;www.clarity.ms;www.microsoft.com
6729,countvoncount.goguardian.com,1,countvoncount.goguardian.com
6730,dmp.im-apps.net,1,dmp.im-apps.net
6731,c2.halcyon.ai,1,c2.halcyon.ai
6732,portal.manage-beta.microsoft.com,4,aadcdn.msftauth.net;login.live.com;login.microsoftonline.com;portal.manage-beta.microsoft.com
6735,rdbroker.wvd.microsoft.com,1,rdbroker.wvd.microsoft.com
6736,api.b2c.com,2,api.b2c.com;static.cloudflareinsights.com
6738,tnc-boot.tiktokv.com,1,tnc-boot.tiktokv.com
6740,ad.tpmn.io,1,ad.tpmn.io
6742,nam04.safelinks.protection.outlook.com,1,nam04.safelinks.protection.outlook.com
6743,dtscout.com,15,connect.facebook.net;d.adroll.com;dtscout.com;fonts.googleapis.com;fonts.gstatic.com;lex.33across.com;match.adsrvr.org;ml314.com;pixel.tapad.com;ps.eyeota.net;s.adroll.com;t.dtscout.com;www.dtscout.com;www.google-analytics.com;www.googletagmanager.com
6744,mon-sg.capcutapi.com,1,mon-sg.capcutapi.com
6745,oec22-normal-alisg.tiktokv.com,1,oec22-normal-alisg.tiktokv.com
6747,cds.connatix.com,1,cds.connatix.com
6751,cchome.adobe.io,1,cchome.adobe.io
6753,has.spserv.microsoft.com,1,has.spserv.microsoft.com
6754,ids.cdnwidget.com,1,ids.cdnwidget.com
6755,firefox-settings-attachments.cdn.mozilla.net,1,firefox-settings-attachments.cdn.mozilla.net
6759,gw-cp-us-isp.temu.com,1,gw-cp-us-isp.temu.com
6760,treasuredata.com,35,46950662.fs1.hubspotusercontent-na2.net;714-xij-402.mktoresp.com;a.usbrowserspeed.com;analytics.google.com;analytics.twitter.com;bat.bing.com;browser.sentry-cdn.com;cdn.cookielaw.org;cdn.treasuredata.com;cta-na2.hubspot.com;fast.wistia.com;geolocation.onetrust.com;googleads.g.doubleclick.net;js-na2.hs-analytics.net;js-na2.hs-banner.com;js-na2.hscollectedforms.net;js-na2.hubspot.com;munchkin.marketo.net;perf-na2.hsforms.com;px.ads.linkedin.com;snap.licdn.com;static.ads-twitter.com;static.hotjar.com;static.hsappstatic.net;stats.g.doubleclick.net;t.co;tracking-api.g2.com;tracking.intentsify.io;treasuredata.com;tse4.mm.bing.net;www.google.com;www.googletagmanager.com;www.linkedin.com;www.treasuredata.com;www.youtube.com
6763,sus.sophosupd.com,1,sus.sophosupd.com
6765,fdz.flashtalking.com,1,fdz.flashtalking.com
6766,manage-selfhost.microsoft.com,7,aadcdn.msauth.net;aka.ms;intune.microsoft.com;login.live.com;login.microsoftonline.com;manage-selfhost.microsoft.com;portal.azure.com
6769,visitor.us-east4.gcp.omnitagjs.com,1,visitor.us-east4.gcp.omnitagjs.com
6770,js.klarna.com,1,js.klarna.com
6771,shared.officeapps.live.com,1,shared.officeapps.live.com
6773,adsmetadata.startappservice.com,1,adsmetadata.startappservice.com
6775,portal.manage-selfhost.microsoft.com,4,aadcdn.msftauth.net;login.live.com;login.microsoftonline.com;portal.manage-selfhost.microsoft.com
6778,getrockerbox.com,52,6823595ee2a3634bf77e7bfe.endpoint.csper.io;7052064.fs1.hubspotusercontent-na1.net;8ab0a26cb0027939bcf5-49c99c3c0c9c98b3365b710757036e1b.ssl.cf5.rackcdn.com;a.omappapi.com;acsbapp.com;alb.reddit.com;analytics.google.com;aorta.clickagy.com;api.hubapi.com;api.omappapi.com;app.hubspot.com;cdn.acsbapp.com;cdn.callrail.com;cdnjs.cloudflare.com;cm.g.doubleclick.net;code.jquery.com;connect.facebook.net;consent.trustarc.com;exceptions.hubspot.com;fonts.gstatic.com;getrockerbox.com;googleads.g.doubleclick.net;ib.adnxs.com;image.mux.com;insight.adsrvr.org;js.adsrvr.org;js.hs-analytics.net;js.hs-banner.com;js.hsadspixel.net;js.hscollectedforms.net;js.zi-scripts.com;kit-free.fontawesome.com;leads-api.gonorth.io;manifest-gcp-us-east1-vop1.edgemv.mux.com;pixel-config.reddit.com;pixel.rubiconproject.com;play.hubspotvideo.com;px.ads.linkedin.com;snap.licdn.com;static.hsappstatic.net;stats.g.doubleclick.net;stream.mux.com;tag.unifyintent.com;tags.clickagy.com;us-u.openx.net;ws.zoominfo.com;www.cloudflare.com;www.google.com;www.googletagmanager.com;www.linkedin.com;www.redditstatic.com;www.rockerbox.com
6779,ols.officeapps.live.com,16,admin.microsoft.com;browser.events.data.microsoft.com;c.s-microsoft.com;config.edge.skype.com;js.monitor.azure.com;login.live.com;login.microsoftonline.com;mem.gfx.ms;ols.officeapps.live.com;res.cdn.office.net;s.clarity.ms;scripts.clarity.ms;uhf.microsoft.com;www.clarity.ms;www.microsoft.com;www.office.com
6783,addtoany.com,3,addtoany.com;static.addtoany.com;www.addtoany.com
6785,dc.applicationinsights.azure.com,1,dc.applicationinsights.azure.com
6786,portal.manage-dogfood.microsoft.com,2,login.windows-ppe.net;portal.manage-dogfood.microsoft.com
6790,vst.c.appier.net,1,vst.c.appier.net
6792,outlook-cba.office365.com,4,aadcdn.msftauth.net;login.microsoftonline.com;outlook-cba.office365.com;res.public.onecdn.static.microsoft
6794,kampyle.com,48,141-hjw-872.mktoresp.com;adobedc.demdex.net;api.company-target.com;api.weglot.com;assets.adobedtm.com;cdn.bizible.com;cdn.bizibly.com;cdn.decibelinsight.net;cdn.jsdelivr.net;cdn.vidyard.com;cdn.weglot.com;cm.g.doubleclick.net;connect.facebook.net;consent.trustarc.com;dsum-sec.casalemedia.com;fonts.googleapis.com;fonts.gstatic.com;go2.medallia.com;googleads.g.doubleclick.net;ib.adnxs.com;id.rlcdn.com;insight.adsrvr.org;js.adsrvr.org;js.qualified.com;js.zi-scripts.com;kampyle.com;medalliaresources.s3.us-west-1.amazonaws.com;munchkin.marketo.net;na5.cdn.thunderhead.com;na5.thunderhead.com;nebula-cdn.kampyle.com;partners.tremorhub.com;pixel.rubiconproject.com;play.vidyard.com;px.ads.linkedin.com;resources.digital-cloud.medallia.com;s.company-target.com;segments.company-target.com;smetrics.medallia.com;snap.licdn.com;tag-logger.demandbase.com;tag.demandbase.com;ws.zoominfo.com;www.google-analytics.com;www.google.com;www.googletagmanager.com;www.linkedin.com;www.medallia.com
6796,static.addtoany.com,1,static.addtoany.com
6797,appboy.com,78,10732055.fls.doubleclick.net;11477521.fls.doubleclick.net;14616612.fls.doubleclick.net;367-guy-242.mktoresp.com;aa.agkn.com;action.dstillery.com;action.media6degrees.com;ad.doubleclick.net;adservice.google.com;alb.reddit.com;analytics.google.com;appboy.com;bcp.crwdcntrl.net;cdn.cookielaw.org;cdn.microad.jp;cdn.pdst.fm;cdn.sanity.io;ce.lijit.com;connect.facebook.net;d.agkn.com;dev.visualwebsiteoptimizer.com;dpm.demdex.net;dsum-sec.casalemedia.com;e1.emxdgt.com;eb2.3lift.com;edge.fullstory.com;epsilon.6sense.com;fei.pro-market.net;geolocation.onetrust.com;googleads.g.doubleclick.net;idsync.rlcdn.com;image2.pubmatic.com;insight.adsrvr.org;ipv6.6sc.co;j.6sc.co;js.adsrvr.org;js.qualified.com;loadm.exelator.com;mfx.mobilefuse.com;ml314.com;munchkin.marketo.net;pippio.com;pixel-config.reddit.com;pixel.rubiconproject.com;pixel.tapad.com;pixels.spotify.com;ps.eyeota.net;px.ads.linkedin.com;r3.visualwebsiteoptimizer.com;rs.fullstory.com;rules.quantcount.com;s.ad.smaato.net;s.yimg.com;secure-gl.imrworldwide.com;secure.adnxs.com;secure.quantserve.com;simage2.pubmatic.com;simplifi.partners.tremorhub.com;snap.licdn.com;sp.analytics.yahoo.com;sync.bfmio.com;sync.intentiq.com;synchroscript.deliveryengine.adswizz.com;tag.simpli.fi;tags.srv.stackadapt.com;tracking-api.g2.com;tracking.g2crowd.com;um.simpli.fi;universe.send.microad.jp;us-u.openx.net;user-sync.fwmrm.net;www.braze.com;www.google.com;www.googleadservices.com;www.googletagmanager.com;www.linkedin.com;www.redditstatic.com;x.bidswitch.net
6798,msft-ssp-useast.adnxs.com,1,msft-ssp-useast.adnxs.com
6799,media4.grid.bidswitch.net,1,media4.grid.bidswitch.net
6800,reqhfg-cdn-settings.appsflyersdk.com,1,reqhfg-cdn-settings.appsflyersdk.com
6802,tns-counter.ru,1,tns-counter.ru
6804,immy.bot,22,alb.reddit.com;api.hubapi.com;assets.calendly.com;fonts.googleapis.com;fonts.gstatic.com;googleads.g.doubleclick.net;immy.bot;js.hs-analytics.net;js.hs-banner.com;js.hs-scripts.com;js.hsadspixel.net;js.hubspot.com;perf-na1.hsforms.com;pixel-config.reddit.com;track.hubspot.com;us-assets.i.posthog.com;us.i.posthog.com;www.google-analytics.com;www.google.com;www.googletagmanager.com;www.immy.bot;www.redditstatic.com
6807,mobile.zscalertwo.net,5,admin.zscalertwo.net;cdn.mxpnl.com;cms.zscaler.com;mobile.zscalertwo.net;mobileadmin.zscalertwo.net
6809,fa000000129.resources.office.net,1,fa000000129.resources.office.net
6811,helpshift.com,4,fonts.googleapis.com;fonts.gstatic.com;helpshift.com;www.helpshift.com
6815,p104-content.icloud.com,1,p104-content.icloud.com
6817,affirm.com,41,13382940.fls.doubleclick.net;ad.doubleclick.net;adservice.google.com;affirm.com;alb.reddit.com;analytics.google.com;api.company-target.com;api2.branch.io;app.link;beacon.lynx.cognitivlabs.com;cdn.branch.io;cdn.cookielaw.org;cdn.jsdelivr.net;cdn1.affirm.com;connect.facebook.net;dsum-sec.casalemedia.com;geolocation.onetrust.com;googleads.g.doubleclick.net;idsync.rlcdn.com;images.ctfassets.net;info.affirm.com;lottie.host;o4506950416203776.ingest.us.sentry.io;partners.tremorhub.com;pi.pardot.com;pixel-config.reddit.com;pixel.rubiconproject.com;s.company-target.com;s.pinimg.com;segments.company-target.com;static.cloudflareinsights.com;static.hotjar.com;stats.g.doubleclick.net;tag.demandbase.com;tracking-api.g2.com;tracking.g2crowd.com;videos.ctfassets.net;www.google.com;www.googleadservices.com;www.googletagmanager.com;www.redditstatic.com
6818,www.belkin.com,32,a.klaviyo.com;api.userway.org;belkin.my.salesforce-scrt.com;belkin.my.site.com;c.webtrends-optimize.com;cdn-loyalty.yotpo.com;cdn-swell-assets.yotpo.com;cdn-widgetsrepository.yotpo.com;cdn.cnstrc.com;cdn.cookielaw.org;cdn.cquotient.com;cdn.userway.org;cnstrc.com;d38xvr37kwwhcm.cloudfront.net;fast.a.klaviyo.com;fonts.cdnfonts.com;fonts.googleapis.com;geolocation.onetrust.com;js.klarna.com;maxcdn.bootstrapcdn.com;p.cquotient.com;pat.webtrends-optimize.com;s3.belkin.com;sdk.helloextend.com;static-forms.klaviyo.com;static.cloudflareinsights.com;static.klaviyo.com;unpkg.com;www.belkin.com;www.cloudflare.com;www.googletagmanager.com;x.klarnacdn.net
6819,cdn-ukwest.onetrust.com,1,cdn-ukwest.onetrust.com
6820,z-m-static.xx.fbcdn.net,4,static.xx.fbcdn.net;www.facebook.com;www.instagram.com;z-m-static.xx.fbcdn.net
6822,euc-excel-telemetry.officeapps.live.com,16,admin.microsoft.com;browser.events.data.microsoft.com;c.s-microsoft.com;config.edge.skype.com;euc-excel-telemetry.officeapps.live.com;js.monitor.azure.com;login.live.com;login.microsoftonline.com;mem.gfx.ms;res.cdn.office.net;s.clarity.ms;scripts.clarity.ms;uhf.microsoft.com;www.clarity.ms;www.microsoft.com;www.office.com
6823,p177-content.icloud.com,1,p177-content.icloud.com
6825,pushlycdn.com,1,pushlycdn.com
6828,aic-ngfts.lge.com,1,aic-ngfts.lge.com
6829,drafts-a.wbx2.com,1,drafts-a.wbx2.com
6830,ib.msn.com,1,ib.msn.com
6834,go.xlivrdr.com,11,assets.chapturist.com;assets.strpssts-ana.com;cdnjs.cloudflare.com;creative.eizzih.com;go.eizzih.com;go.stripchat.com;go.xlivrdr.com;img.doppiocdn.net;mmp.doppiocdn.com;stripchat.com;ststandard.com
6835,i.vimeocdn.com,1,i.vimeocdn.com
6838,mintegral.com,6,assets-official.mintegral.com;icheck.mintegral.com;mintegral.com;s3.amazonaws.com;www.google-analytics.com;www.googletagmanager.com
6840,clientperipherals.dell.com,1,clientperipherals.dell.com
6842,assets.twitch.tv,1,assets.twitch.tv
6844,wise.public.cdn.office.net,1,wise.public.cdn.office.net
6847,pdx-col.eum-appdynamics.com,1,pdx-col.eum-appdynamics.com
6848,p175-content.icloud.com,1,p175-content.icloud.com
6849,us02web.zoom.us,63,44.238.122.172;9513928.fls.doubleclick.net;ad.doubleclick.net;adservice.google.com;alb.reddit.com;analytics.twitter.com;api.company-target.com;bat.bing.com;c.contentsquare.net;cdn.amplitude.com;cdn.bc0a.com;cdn.cookielaw.org;cdn.jsdelivr.net;cdn.metadata.io;cm.g.doubleclick.net;collector-29673.us.tvsquared.com;connect.facebook.net;csxd.contentsquare.net;dsum-sec.casalemedia.com;dx.mountain.com;geolocation.onetrust.com;googleads.g.doubleclick.net;id.rlcdn.com;ixfd2-api.bc0a.com;js.zi-scripts.com;partners.tremorhub.com;pixel-config.reddit.com;pixel.byspotify.com;pixel.rubiconproject.com;pixels.spotify.com;px.adentifi.com;px.ads.linkedin.com;s.company-target.com;s.usea01.idio.episerver.net;s.yimg.jp;scout-cdn.salesloft.com;scout.salesloft.com;segments.company-target.com;snap.licdn.com;sr-client-cfg.amplitude.com;st1.zoom.us;static.ads-twitter.com;static.cloudflareinsights.com;t.co;t.contentsquare.net;tag-logger.demandbase.com;tag.demandbase.com;tracking-api.g2.com;tracking.g2crowd.com;trkn.us;us.telemetry.zoom.us;us01campaign.zoom.us;us02web.zoom.us;utt.impactcdn.com;ws-assets.zoominfo.com;ws.zoominfo.com;www.google.com;www.googletagmanager.com;www.linkedin.com;www.redditstatic.com;www.zoom.com;zoom.sjv.io;zoom.us
6854,gcs.garmin.com,2,gcs.garmin.com;static.cloudflareinsights.com
6855,cdn.evgnet.com,1,cdn.evgnet.com
6858,tracker-shr.ortb.net,1,tracker-shr.ortb.net
6861,media.pushlycdn.com,1,media.pushlycdn.com
6862,p102-content.icloud.com,1,p102-content.icloud.com
6863,p106-content.icloud.com,1,p106-content.icloud.com
6865,launcher-public-service-prod06.ol.epicgames.com,1,launcher-public-service-prod06.ol.epicgames.com
6866,p173-content.icloud.com,1,p173-content.icloud.com
6867,s.w-x.co,1,s.w-x.co
6868,adingo.jp,5,adingo.jp;analytics.google.com;corp.fluct.jp;stats.g.doubleclick.net;www.googletagmanager.com
6869,cameraddns.net,1,cameraddns.net
6870,roovza.inapps.appsflyersdk.com,1,roovza.inapps.appsflyersdk.com
6871,dsp-service.pixad.com.tr,1,dsp-service.pixad.com.tr
6873,cclibraries-defaults-cdn.adobe.com,1,cclibraries-defaults-cdn.adobe.com
6874,assistant-s3-pa.googleapis.com,1,www.google.com
6876,p181-content.icloud.com,1,p181-content.icloud.com
6877,static.v2kyu1kjr.com,1,static.v2kyu1kjr.com
6879,t.applovin.com,1,t.applovin.com
6882,bidder.smartytouch.co,1,bidder.smartytouch.co
6883,screencastify.com,48,accounts-api-us.ortto.app;ajax.googleapis.com;analytics.google.com;analytics.twitter.com;api.livechatinc.com;cdn-cookieyes.com;cdn.jsdelivr.net;cdn.livechatinc.com;cdn.prod.website-files.com;cm.g.doubleclick.net;connect.facebook.net;d.adroll.com;d3e54v103j8qbb.cloudfront.net;directory.cookieyes.com;dsum-sec.casalemedia.com;eb2.3lift.com;fonts.googleapis.com;fonts.gstatic.com;googleads.g.doubleclick.net;ib.adnxs.com;idsync.rlcdn.com;image2.pubmatic.com;joinamply.github.io;lex.33across.com;log.cookieyes.com;m.autopilotapp.com;match.adsrvr.org;ml314.com;pippio.com;pixel.rubiconproject.com;pixel.tapad.com;ps.eyeota.net;public.profitwell.com;px.ads.linkedin.com;s.adroll.com;screencastify.com;static.ads-twitter.com;stats.g.doubleclick.net;sync.outbrain.com;sync.taboola.com;t.co;track.mail.castify.com;us-u.openx.net;ww2.screencastify.com;www.google.com;www.googletagmanager.com;www.screencastify.com;x.bidswitch.net
6884,img.3lift.com,4,divp3w86nodu0.cloudfront.net;fonts.googleapis.com;fonts.gstatic.com;img.3lift.com
6885,wysemanagementsuite.com,1,wysemanagementsuite.com
6886,o.iads.unity3d.com,1,o.iads.unity3d.com
6887,powerapps.com,44,a.tribalfusion.com;accdn-vip.lpsnmedia.net;analytics.twitter.com;assets.adobedtm.com;browser.events.data.microsoft.com;c.bing.com;c.s-microsoft.com;cdn-dynmedia-1.microsoft.com;cm.everesttech.net;cm.g.doubleclick.net;cms.analytics.yahoo.com;cms.quantserve.com;dpm.demdex.net;edge.adobedc.net;ib.adnxs.com;idpix.media6degrees.com;idsync.rlcdn.com;js.monitor.azure.com;login.live.com;login.microsoftonline.com;lptag.liveperson.net;match.adsrvr.org;mscom.demdex.net;msftenterprise.sc.omtrdc.net;play.vidyard.com;powerapps.com;powerapps.microsoft.com;proteanwps-gdftf3fgf0f0fye5.b01.azurefd.net;publisher.liveperson.net;px.owneriq.net;rtd-tm.everesttech.net;rtd.tubemogul.com;rum.hlx.page;s.clarity.ms;scripts.clarity.ms;servedby.flashtalking.com;static-assets.fs.liveperson.com;target.microsoft.com;uhf.microsoft.com;ups.analytics.yahoo.com;va-vip.v.liveperson.net;wcpstatic.microsoft.com;www.clarity.ms;www.microsoft.com
6888,video.qq.com,24,active.v.qq.com;beacon.cdn.qq.com;cache.wuji.qq.com;galileotelemetry.tencent.com;game.weixin.qq.com;gif.media.qpic.cn;h.trace.qq.com;infozb6.video.qq.com;iwan-s.video.qq.com;media-img.puui.qpic.cn;p.l.qq.com;pbaccess.video.qq.com;pgdt.gtimg.cn;puui.qpic.cn;res.ab.qq.com;staticfile.qq.com;v.qq.com;vfiles.gtimg.cn;video.qq.com;vip.image.video.qpic.cn;vm.gtimg.cn;vmmp.qpic.cn;wfiles.gtimg.cn;xs.gdt.qq.com
6889,exch.quantcount.com,1,exch.quantcount.com
6890,v3.tiktokcdn.com,1,v3.tiktokcdn.com
6892,autopatch.juno.ea.com,1,autopatch.juno.ea.com
6893,p167-content.icloud.com,1,p167-content.icloud.com
6894,machines.threatdown.com,1,machines.threatdown.com
6895,playmoviesdfe-pa.googleapis.com,1,www.google.com
6897,m.9ffyu1g9c.com,1,m.9ffyu1g9c.com
6899,img.hulu.com,1,img.hulu.com
6901,publickeyservice.msmt.gcp.privacysandboxservices.com,1,publickeyservice.msmt.gcp.privacysandboxservices.com
6903,c.pub.network,1,c.pub.network
6905,gridx-de-ds-production-vpnctl.s3.eu-central-1.amazonaws.com,1,gridx-de-ds-production-vpnctl.s3.eu-central-1.amazonaws.com
6906,bitdrift.io,12,api.iconify.design;aplo-evnt.com;assets.apollo.io;auth.bitdrift.io;bitdrift.io;blog.bitdrift.io;go.bitdrift.io;googleads.g.doubleclick.net;s3-us-west-2.amazonaws.com;www.google-analytics.com;www.google.com;www.googletagmanager.com
6909,p179-content.icloud.com,1,p179-content.icloud.com
6910,api.gcs.garmin.com,1,api.gcs.garmin.com
6913,client.px-cloud.net,1,client.px-cloud.net
6914,ensighten.com,35,analytics.google.com;api.hubapi.com;app.clearbit.com;august.takingbackjuly.com;bat.bing.com;cdnjs.cloudflare.com;cheq.ai;connect.facebook.net;doh.cq0.co;ensighten.com;forms-na1.hsforms.com;forms.hsforms.com;googleads.g.doubleclick.net;js.chilipiper.com;js.hs-analytics.net;js.hs-banner.com;js.hs-scripts.com;js.hsadspixel.net;js.hscollectedforms.net;js.hsforms.net;june.takingbackjuly.com;player.vimeo.com;pocustrack.com;px.ads.linkedin.com;snap.licdn.com;stats.g.doubleclick.net;tag.clearbitscripts.com;tms.cheq.ai;track.hubspot.com;www.clickcease.com;www.google.com;www.googletagmanager.com;www.linkedin.com;www.youtube.com;x.clearbitjs.com
6915,st-relay-v3-univ-srs-win-3801-g3.api.splashtop.com,1,st-relay-v3-univ-srs-win-3801-g3.api.splashtop.com
6919,log.svc.screencastify.com,0,
6920,abff.viber.com,1,abff.viber.com
6923,booking.com,6,account.booking.com;booking.com;cdn.cookielaw.org;cf.bstatic.com;geolocation.onetrust.com;www.booking.com
6925,lyra-r.wbx2.com,1,lyra-r.wbx2.com
6927,notion.so,27,accounts.google.com;adora-cdn.com;analytics.google.com;analytics.twitter.com;c.adora-cdn.com;cdn.metadata.io;connect.facebook.net;d34r8q7sht0t9k.cloudfront.net;googleads.g.doubleclick.net;images.ctfassets.net;ipv4.pdscrb.com;munchkin.marketo.net;notion.so;o324374.ingest.sentry.io;px.ads.linkedin.com;snap.licdn.com;ssl.pstatic.net;static.ads-twitter.com;t.co;transcend-cdn.com;trkn.us;verifi.pdscrb.com;videos.ctfassets.net;wcs.naver.net;www.google.com;www.googletagmanager.com;www.notion.com
6928,messenger.com,5,messenger.com;scontent-iad6-1.xx.fbcdn.net;static.xx.fbcdn.net;www.facebook.com;www.messenger.com
6929,api.instabug.com,1,api.instabug.com
6930,client-update.fastly.steamstatic.com,1,client-update.fastly.steamstatic.com
6931,opus.analytics.yahoo.com,1,opus.analytics.yahoo.com
6934,p165-content.icloud.com,1,p165-content.icloud.com
6935,contactservice.zoom.us,1,contactservice.zoom.us
6936,static-cdn.jtvnw.net,1,static-cdn.jtvnw.net
6937,p169-content.icloud.com,1,p169-content.icloud.com
6939,ocsp.r2m03.amazontrust.com,1,ocsp.r2m03.amazontrust.com
6941,sogou.com,4,dlweb.sogoucdn.com;h.trace.qq.com;pb.sogou.com;sogou.com
6942,us1.wysemanagementsuite.com,1,us1.wysemanagementsuite.com
6943,dp1.33across.com,1,dp1.33across.com
6944,ads.travelaudience.com,1,ads.travelaudience.com
6946,usercontent.google.com,1,www.google.com
6949,img3.hulu.com,1,img3.hulu.com
6951,wb.ru,2,wb.ru;www.wildberries.ru
6952,wordonline.nel.measure.office.net,2,ajax.aspnetcdn.com;wordonline.nel.measure.office.net
6953,hpsmart.com,8,api.hpsmart.com;cdn.cookielaw.org;clientstream.launchdarkly.com;code.jquery.com;geolocation.onetrust.com;hpsmart.com;www.hp.com;www.hpsmart.com
6954,sync6.im-apps.net,1,sync6.im-apps.net
6955,saupdates.dell.com,2,downloads.dell.com;saupdates.dell.com
6958,activate.agent-common.prod.us003-prod.arcticwolf.net,1,activate.agent-common.prod.us003-prod.arcticwolf.net
6960,p171-content.icloud.com,1,p171-content.icloud.com
6961,titanium.roblox.com,1,titanium.roblox.com
6962,pull-flv-f77-va01.tiktokcdn.com,1,pull-flv-f77-va01.tiktokcdn.com
6963,ssbsync-use1.smartadserver.com,1,ssbsync-use1.smartadserver.com
6967,zaloapp.com,5,www.google-analytics.com;www.googletagmanager.com;zalo-site.zadn.vn;zalo.me;zaloapp.com
6971,static.jr5yu01aa.com,1,static.jr5yu01aa.com
6972,dspbeacons.old.ihasdsp.inmobi.com,1,dspbeacons.old.ihasdsp.inmobi.com
6974,p16-comment-sign-sg.tiktokcdn.com,1,p16-comment-sign-sg.tiktokcdn.com
6976,cdn.mobilefuse.com,1,cdn.mobilefuse.com
6977,secure.livechatinc.com,10,accounts.livechat.com;analytics.google.com;cdn.livechat-static.com;cdnx.livechatinc.com;fonts.googleapis.com;fonts.gstatic.com;secure.livechatinc.com;stats.g.doubleclick.net;www.google-analytics.com;www.googletagmanager.com
6978,piano.io,30,api.axept.io;api.framer.com;app.framerstatic.com;cdn.claydar.com;cdn.cxense.com;cdn.leandata.com;cdn.tinypass.com;cdn1.leandata.com;client.axept.io;events.framer.com;fonts.axept.io;fonts.googleapis.com;fqwcfzg.pa-cd.com;framer.com;framerusercontent.com;googleads.g.doubleclick.net;marketing.piano.io;p1cluster.cxense.com;pi.pardot.com;piano.io;px.ads.linkedin.com;snap.licdn.com;static.axept.io;static.claydar.com;tag.aticdn.net;website-for-pianoio.pages.dev;www.google.com;www.googletagmanager.com;www.linkedin.com;www.piano.io
6979,tag.device9.com,1,tag.device9.com
6981,play.hulu.com,1,play.hulu.com
6982,xapi-r.wbx2.com,1,xapi-r.wbx2.com
6983,ghent-gce-or.bidswitch.net,1,ghent-gce-or.bidswitch.net
6986,dldir1v6.qq.com,1,dldir1v6.qq.com
6987,resources.licenses.adobe.com,1,resources.licenses.adobe.com
6988,webpermissionpredictions.googleapis.com,1,www.google.com
6989,ad-host-backup-america.oss-us-west-1.aliyuncs.com,1,ad-host-backup-america.oss-us-west-1.aliyuncs.com
6990,m.yziyu02by.com,1,m.yziyu02by.com
6991,players.brightcove.net,1,players.brightcove.net
6992,device.auth.xboxlive.com,1,device.auth.xboxlive.com
6995,default.any-any.prd.api.discomax.com,1,default.any-any.prd.api.discomax.com
7000,trackedevt.1rx.io,1,trackedevt.1rx.io
7004,static.hj2k2.com,1,static.hj2k2.com
7005,sync.ex.co,1,sync.ex.co
7006,quad9.net,1,quad9.net
7007,m.7df5u.com,1,m.7df5u.com
7008,dzen.ru,21,ad.mail.ru;adv.mail.ru;api.vk.com;avatars.dzeninfra.ru;csp.yandex.net;dzen.ru;login.vk.com;privacy-cs.mail.ru;r.mradx.net;s3.dzeninfra.ru;sso.dzen.ru;sso.passport.yandex.ru;stacks.vk-portal.net;static-mon.yandex.net;static.dzeninfra.ru;static.vk.com;suggest.sso.dzen.ru;top-fwz1.mail.ru;vk.ru;yandex.ru;yastatic.net
7010,dx.mountain.com,1,dx.mountain.com
7011,sf-teko-source.tiktokcdn.com,1,sf-teko-source.tiktokcdn.com
7013,mon16-normal-no1a.tiktokv.eu,1,mon16-normal-no1a.tiktokv.eu
7015,ec2.web.ap-east-2.prod.diagnostic.networking.aws.dev,1,ec2.web.ap-east-2.prod.diagnostic.networking.aws.dev
7017,gameanalytics.com,15,cdn.iubenda.com;cdn.jsdelivr.net;cdn.prod.website-files.com;d3e54v103j8qbb.cloudfront.net;embeds.iubenda.com;gameanalytics.com;hubspotonwebflow.com;idb.iubenda.com;kidsafe.com;p.typekit.net;pagead2.googlesyndication.com;use.typekit.net;www.gameanalytics.com;www.google-analytics.com;www.googletagmanager.com
7020,us-api.samsungpositioning.com,1,us-api.samsungpositioning.com
7021,ocsp.r2m02.amazontrust.com,1,ocsp.r2m02.amazontrust.com
7022,images.pluto.tv,1,images.pluto.tv
7023,cdn-cookieyes.com,1,cdn-cookieyes.com
7024,akamai.com,2,akamai.com;www.akamai.com
7025,shepherd.ff.avast.com,1,shepherd.ff.avast.com
7028,nianticlabs.com,4,lh3.googleusercontent.com;storage.googleapis.com;www.google-analytics.com;www.googletagmanager.com
7030,api.gameanalytics.com,1,api.gameanalytics.com
7032,newsroom.bi,15,aplo-evnt.com;assets.apollo.io;events.newsroom.bi;experiences.mrf.io;fonts.gstatic.com;googleads.g.doubleclick.net;i.ytimg.com;newsroom.bi;rr1---sn-p5qs7n6y.googlevideo.com;sdk.mrf.io;static.doubleclick.net;www.google.com;www.gstatic.com;www.marfeel.com;www.youtube.com
7033,api.hpsmart.com,1,api.hpsmart.com
7034,seg.ad.gt,1,seg.ad.gt
7035,classlink.com,27,accounts.finsweet.com;ajax.googleapis.com;api.consentpro.com;c.bing.com;c.clarity.ms;cdn.jetboost.io;cdn.jsdelivr.net;cdn.prod.website-files.com;cdn.weglot.com;challenges.cloudflare.com;classlink.com;d3e54v103j8qbb.cloudfront.net;fonts.googleapis.com;fonts.gstatic.com;p.typekit.net;s.clarity.ms;sc.lfeeder.com;scripts.clarity.ms;tr.lfeeder.com;use.typekit.net;webassets-cdn.classlink.com;www.clarity.ms;www.classlink.com;www.google-analytics.com;www.google.com;www.googletagmanager.com;www.gstatic.com
7036,az700632.vo.msecnd.net,1,az700632.vo.msecnd.net
7037,gcc.activity.windows.us,1,gcc.activity.windows.us
7038,sync.sparteo.com,1,sync.sparteo.com
7039,install.monetization-sdk.chartboost.com,1,install.monetization-sdk.chartboost.com
7040,smartclip.net,1,smartclip.net
7041,config.monetization-sdk.chartboost.com,1,config.monetization-sdk.chartboost.com
7042,a.orbsrv.com,1,a.orbsrv.com
7046,b-0008.b-msedge.net,1,b-0008.b-msedge.net
7047,ec2.web.ap-south-1.prod.diagnostic.networking.aws.dev,1,ec2.web.ap-south-1.prod.diagnostic.networking.aws.dev
7049,action1.com,10,action1.com;dev.visualwebsiteoptimizer.com;fonts.gstatic.com;googleads.g.doubleclick.net;i.ytimg.com;static.doubleclick.net;www.action1.com;www.google.com;www.youtube.com;yt3.ggpht.com
7050,judge.me,15,analytics.google.com;api.judge.me;app.framerstatic.com;c.bing.com;c.clarity.ms;events.framer.com;framer.com;framerusercontent.com;judge.me;scripts.clarity.ms;static.hotjar.com;stats.g.doubleclick.net;www.clarity.ms;www.google.com;www.googletagmanager.com
7051,img4.hulu.com,1,img4.hulu.com
7052,gql.twitch.tv,1,gql.twitch.tv
7054,match-us-east-1-ecs.sharethrough.com,1,match-us-east-1-ecs.sharethrough.com
7055,heytapimg.com,7,heytapimg.com;magzineimgf-sg2.nearme.com.cn;securepubads.g.doubleclick.net;ums-rum-global.heytapimage.com;ums-telemetry-sgp.heytapmobi.com;www.google-analytics.com;www.googletagmanager.com
7057,liveupdate.symantec.com,9,cdn.cookielaw.org;geolocation.onetrust.com;images.sw.broadcom.com;img.en25.com;liveupdate.symantec.com;secure.sw.broadcom.com;www.broadcom.com;www.google-analytics.com;www.googletagmanager.com
7058,mediation.goog,1,www.google.com
7060,etsy.com,5,ct.captcha-delivery.com;etsy.com;geo.captcha-delivery.com;static.captcha-delivery.com;www.etsy.com
7063,b.i.instagram.com,1,b.i.instagram.com
7065,hihonor.com,20,analytics.google.com;cm.g.doubleclick.net;dap-cn.c.hihonor.com;googleads.g.doubleclick.net;hihonor.com;ib.adnxs.com;insight.adsrvr.org;isurvey.c.hihonor.com;js.adsrvr.org;pixel.rubiconproject.com;retail.hihonor.com;retail.honor.com;selfservice-sg.hihonor.com;stats.g.doubleclick.net;www-file.honor.com;www.google.com;www.googleadservices.com;www.googletagmanager.com;www.hihonor.com;www.honor.com
7066,ch-vid-events.taboola.com,1,ch-vid-events.taboola.com
7067,playgateway-pa.googleapis.com,1,www.google.com
7068,bsync16-normal-no1a.tiktokv.eu,1,bsync16-normal-no1a.tiktokv.eu
7072,dotmetrics.net,8,adex.dotmetrics.net;cdnjs.cloudflare.com;code.jquery.com;dotmetrics.net;fonts.googleapis.com;fonts.gstatic.com;internal-api.dotmetrics.net;script.dotmetrics.net
7073,cxense.com,31,api.axept.io;api.framer.com;app.framerstatic.com;cdn.claydar.com;cdn.cxense.com;cdn.leandata.com;cdn.tinypass.com;cdn1.leandata.com;client.axept.io;cxense.com;events.framer.com;fonts.axept.io;fonts.googleapis.com;fqwcfzg.pa-cd.com;framer.com;framerusercontent.com;googleads.g.doubleclick.net;marketing.piano.io;p1cluster.cxense.com;pi.pardot.com;piano.io;px.ads.linkedin.com;snap.licdn.com;static.axept.io;static.claydar.com;tag.aticdn.net;website-for-pianoio.pages.dev;www.google.com;www.googletagmanager.com;www.linkedin.com;www.piano.io
7074,sse.cisco.com,4,cdn.amplitude.com;d1hl4sbp06iqma.cloudfront.net;d36u8deuxga9bo.cloudfront.net;sse.cisco.com
7077,js.hubspot.com,1,js.hubspot.com
7083,pus2-collabhubrtc.officeapps.live.com,1,pus2-collabhubrtc.officeapps.live.com
7084,platform-api.sharethis.com,1,platform-api.sharethis.com
7086,widget-pixels.outbrain.com,1,widget-pixels.outbrain.com
7087,logmein.com,38,417-klk-478.mktoresp.com;alb.reddit.com;analytics.google.com;ariane.abtasty.com;bat.bing.com;cdn.cookielaw.org;cm.g.doubleclick.net;connect.facebook.net;dcinfos-cache.abtasty.com;edge.sitecorecloud.io;epsilon.6sense.com;geolocation.onetrust.com;googleads.g.doubleclick.net;ib.adnxs.com;insight.adsrvr.org;ipv6.6sc.co;j.6sc.co;js.adsrvr.org;js.qualified.com;lmiutilcdn.blob.core.windows.net;logmein.com;munchkin.marketo.net;pixel-config.reddit.com;pixel.rubiconproject.com;px.ads.linkedin.com;secure.adnxs.com;siteintercept.qualtrics.com;snap.licdn.com;stats.g.doubleclick.net;try.abtasty.com;utt.impactcdn.com;www.google-analytics.com;www.google.com;www.googletagmanager.com;www.linkedin.com;www.logmein.com;www.redditstatic.com;zn1nu7ve8yxy0nawq-logmeinvoc.siteintercept.qualtrics.com
7090,sqs.us-east-1.amazonaws.com,1,sqs.us-east-1.amazonaws.com
7091,na1.data.workspaceone.com,3,cdn.pendo.io;d2oh183cm2fzuo.cloudfront.net;na1.data.workspaceone.com
7092,api16-normal-i-alisg.tiktokv.com,1,api16-normal-i-alisg.tiktokv.com
7093,ec2.web.us-west-2.prod.diagnostic.networking.aws.dev,1,ec2.web.us-west-2.prod.diagnostic.networking.aws.dev
7097,ec2.web.us-east-2.prod.diagnostic.networking.aws.dev,1,ec2.web.us-east-2.prod.diagnostic.networking.aws.dev
7098,pull-o5-gcp01.tiktokcdn.com,1,pull-o5-gcp01.tiktokcdn.com
7099,download.lenovo.com,1,download.lenovo.com
7102,ec2.web.ap-southeast-1.prod.diagnostic.networking.aws.dev,1,ec2.web.ap-southeast-1.prod.diagnostic.networking.aws.dev
7103,vidazoo.com,17,consent.cookiebot.com;consentcdn.cookiebot.com;evt.undertone.com;forms-na1.hsforms.com;forms.hsforms.com;js.hsforms.net;match.adsrvr.org;perion.com;pixel.tapad.com;px.ads.linkedin.com;snap.licdn.com;unpkg.com;vee-crm.com;vidazoo.com;www.google-analytics.com;www.googletagmanager.com;www.linkedin.com
7106,p16-oec-common-useast2a.ibyteimg.com,1,p16-oec-common-useast2a.ibyteimg.com
7112,ec2.web.ap-south-2.prod.diagnostic.networking.aws.dev,1,ec2.web.ap-south-2.prod.diagnostic.networking.aws.dev
7115,ec2.web.me-central-1.prod.diagnostic.networking.aws.dev,1,ec2.web.me-central-1.prod.diagnostic.networking.aws.dev
7116,apex.go.sonobi.com,1,apex.go.sonobi.com
7117,cdngarenanow-a.akamaihd.net,1,cdngarenanow-a.akamaihd.net
7118,api.fitbit.com,0,
7126,liftdsp.com,2,liftdsp.com;www.lift.win
7127,ec2.web.af-south-1.prod.diagnostic.networking.aws.dev,1,ec2.web.af-south-1.prod.diagnostic.networking.aws.dev
7128,tiles.virtualearth.net,1,tiles.virtualearth.net
7133,ec2.web.ap-northeast-2.prod.diagnostic.networking.aws.dev,1,ec2.web.ap-northeast-2.prod.diagnostic.networking.aws.dev
7135,gspe76-ssl.ls.apple.com,1,gspe76-ssl.ls.apple.com
7137,google.com.mx,3,ogads-pa.clients6.google.com;play.google.com;www.gstatic.com
7138,celtra.com,6,cdn.cookielaw.org;celtra.com;geolocation.onetrust.com;pagead2.googlesyndication.com;www.google-analytics.com;www.googletagmanager.com
7140,meta.wikimedia.org,2,meta.wikimedia.org;upload.wikimedia.org
7142,v19.tiktokcdn.com,1,v19.tiktokcdn.com
7144,pull-f5-gcp01.tiktokcdn.com,1,pull-f5-gcp01.tiktokcdn.com
7145,cus-config.officeapps.live.com,1,cus-config.officeapps.live.com
7148,ec2.web.ap-southeast-5.prod.diagnostic.networking.aws.dev,1,ec2.web.ap-southeast-5.prod.diagnostic.networking.aws.dev
7149,quora.com,2,challenges.cloudflare.com;quora.com
7151,acsbapp.com,1,acsbapp.com
7152,api2.smoot.apple.com,1,api2.smoot.apple.com
7155,ec2.web.eu-west-3.prod.diagnostic.networking.aws.dev,1,ec2.web.eu-west-3.prod.diagnostic.networking.aws.dev
7156,pollserver.lastpass.com,1,pollserver.lastpass.com
7157,ox-rtb-us-west1.openx.net,1,ox-rtb-us-west1.openx.net
7159,ec2.web.ap-southeast-4.prod.diagnostic.networking.aws.dev,1,ec2.web.ap-southeast-4.prod.diagnostic.networking.aws.dev
7162,video-useast5.tiktokv.us,1,video-useast5.tiktokv.us
7163,imtwjwoasak-pmi-pixel-origin.s3.amazonaws.com,1,imtwjwoasak-pmi-pixel-origin.s3.amazonaws.com
7164,vidoomy.com,7,googleads.g.doubleclick.net;use.typekit.net;vidoomy.com;www.google-analytics.com;www.google.com;www.googletagmanager.com;www.vidoomy.com
7165,data.cylance.com,1,data.cylance.com
7166,gcs-us-00002.content-storage-download.googleapis.com,1,gcs-us-00002.content-storage-download.googleapis.com
7167,quota.icloud.com,1,quota.icloud.com
7168,pull-f5-vr-sg01.tiktokcdn.com,1,pull-f5-vr-sg01.tiktokcdn.com
7169,in.treasuredata.com,1,in.treasuredata.com
7170,partner.googleadservices.com,1,www.google.com
7172,fw-pcu.prod.gws.ring.amazon.dev,1,fw-pcu.prod.gws.ring.amazon.dev
7178,ec2.web.us-west-1.prod.diagnostic.networking.aws.dev,1,ec2.web.us-west-1.prod.diagnostic.networking.aws.dev
7179,assets.mintegral.com,1,assets.mintegral.com
7181,resolver1.opendns.com,1,resolver1.opendns.com
7182,us.nextdoor.com,17,accounts.google.com;api2.branch.io;apis.google.com;app.link;appleid.cdn-apple.com;bat.bing.com;cdn.branch.io;connect.facebook.net;d19rpgkrjeba2z.cloudfront.net;flask.us.nextdoor.com;googleads.g.doubleclick.net;measure.nextdoor.com;sdk.privacy-center.org;us.nextdoor.com;www.datadoghq-browser-agent.com;www.google.com;www.googletagmanager.com
7185,api.aadrm.com,1,api.aadrm.com
7186,ec2.web.eu-west-2.prod.diagnostic.networking.aws.dev,1,ec2.web.eu-west-2.prod.diagnostic.networking.aws.dev
7187,ec2.web.il-central-1.prod.diagnostic.networking.aws.dev,1,ec2.web.il-central-1.prod.diagnostic.networking.aws.dev
7191,adppa.api.autodesk.com,1,adppa.api.autodesk.com
7192,cdn.parsely.com,1,cdn.parsely.com
7193,api.helpshift.com,1,api.helpshift.com
7194,k8s1-event-tracker-ny.lb.indexww.com,1,k8s1-event-tracker-ny.lb.indexww.com
7195,a.pub.network,2,a.pub.network;dashboard.freestar.io
7196,venetia.iad.appboy.com,1,venetia.iad.appboy.com
7199,pool.liftdsp.com,1,pool.liftdsp.com
7200,ec2.web.ca-central-1.prod.diagnostic.networking.aws.dev,1,ec2.web.ca-central-1.prod.diagnostic.networking.aws.dev
7202,cta-service-cms2.hubspot.com,1,cta-service-cms2.hubspot.com
7203,imageproxy.us.criteo.net,1,imageproxy.us.criteo.net
7206,lf16-effectcdn-sg.tiktokcdn.com,1,lf16-effectcdn-sg.tiktokcdn.com
7207,forticloud.com,3,fonts.gstatic.com;forticloud.com;www.forticloud.com
7209,cmp.inmobi.com,1,cmp.inmobi.com
7213,pull-flv-l77-gcp01.tiktokcdn.com,1,pull-flv-l77-gcp01.tiktokcdn.com
7216,ec2.web.ap-east-1.prod.diagnostic.networking.aws.dev,1,ec2.web.ap-east-1.prod.diagnostic.networking.aws.dev
7218,www.mozilla.org,4,transcend-cdn.com;www.google-analytics.com;www.googletagmanager.com;www.mozilla.org
7220,ec2.web.eu-south-2.prod.diagnostic.networking.aws.dev,1,ec2.web.eu-south-2.prod.diagnostic.networking.aws.dev
7223,client-side-metrics.us5.us.criteo.net,1,client-side-metrics.us5.us.criteo.net
7224,snapshotsgw.us-east-2.prod.gws.ring.amazon.dev,1,snapshotsgw.us-east-2.prod.gws.ring.amazon.dev
7225,ec2.web.us-east-1.prod.diagnostic.networking.aws.dev,1,ec2.web.us-east-1.prod.diagnostic.networking.aws.dev
7228,ec2.web.eu-central-1.prod.diagnostic.networking.aws.dev,1,ec2.web.eu-central-1.prod.diagnostic.networking.aws.dev
7230,c.eset.com,1,c.eset.com
7231,androidtvlauncherxfe-pa.googleapis.com,1,www.google.com
7232,pull-hls-f77-gcp01.tiktokcdn.com,1,pull-hls-f77-gcp01.tiktokcdn.com
7233,pull-f5-vr-gcp01.tiktokcdn.com,1,pull-f5-vr-gcp01.tiktokcdn.com
7234,events.newsroom.bi,1,events.newsroom.bi
7236,api16-core-no1a.tiktokv.eu,1,api16-core-no1a.tiktokv.eu
7237,westus-0.in.applicationinsights.azure.com,1,westus-0.in.applicationinsights.azure.com
7238,tesla.com,1,tesla.com
7239,sxp.smartclip.net,5,cdn.auth0.com;cdnjs.cloudflare.com;login.smartclip.net;stackpath.bootstrapcdn.com;sxp.smartclip.net
7240,app.appsflyer.com,1,app.appsflyer.com
7246,ec2.web.ca-west-1.prod.diagnostic.networking.aws.dev,1,ec2.web.ca-west-1.prod.diagnostic.networking.aws.dev
7248,ec2.web.sa-east-1.prod.diagnostic.networking.aws.dev,1,ec2.web.sa-east-1.prod.diagnostic.networking.aws.dev
7251,api.bilibili.com,6,api.bilibili.com;api.live.bilibili.com;data.bilibili.com;i0.hdslb.com;i1.hdslb.com;s1.hdslb.com
7254,api.micloud.xiaomi.net,1,api.micloud.xiaomi.net
7256,ec2.web.ap-southeast-6.prod.diagnostic.networking.aws.dev,1,ec2.web.ap-southeast-6.prod.diagnostic.networking.aws.dev
7258,supercell.com,6,accounts.supercell.com;cdn.cookielaw.org;cdn.supercell.com;geolocation.onetrust.com;o315582.ingest.sentry.io;supercell.com
7260,ec2.web.ap-southeast-3.prod.diagnostic.networking.aws.dev,1,ec2.web.ap-southeast-3.prod.diagnostic.networking.aws.dev
7264,ec2.web.ap-southeast-2.prod.diagnostic.networking.aws.dev,1,ec2.web.ap-southeast-2.prod.diagnostic.networking.aws.dev
7267,metrics.brightcove.com,1,metrics.brightcove.com
7268,ec2.web.ap-northeast-3.prod.diagnostic.networking.aws.dev,1,ec2.web.ap-northeast-3.prod.diagnostic.networking.aws.dev
7269,pull-cmaf-l77-gcp01.tiktokcdn.com,2,error.c.cdn77.org;pull-cmaf-l77-gcp01.tiktokcdn.com
7278,east-ocse.us.code42.com,1,east-ocse.us.code42.com
7280,ec2.web.ap-southeast-7.prod.diagnostic.networking.aws.dev,1,ec2.web.ap-southeast-7.prod.diagnostic.networking.aws.dev
7282,www.notion.so,31,414-xmy-838.mktoresp.com;accounts.google.com;adora-cdn.com;analytics.google.com;analytics.twitter.com;c.adora-cdn.com;cdn.metadata.io;connect.facebook.net;d34r8q7sht0t9k.cloudfront.net;exp.notion.so;googleads.g.doubleclick.net;images.ctfassets.net;ipv4.pdscrb.com;munchkin.marketo.net;o324374.ingest.sentry.io;px.ads.linkedin.com;snap.licdn.com;ssl.pstatic.net;static.ads-twitter.com;t.co;transcend-cdn.com;trkn.us;verifi.pdscrb.com;videos.ctfassets.net;wcs.naver.com;wcs.naver.net;www.google.com;www.googletagmanager.com;www.linkedin.com;www.notion.com;www.notion.so
7284,streamingapi-ford-soa-24-prod-360.mountain.siriusxm.com,3,fonts.googleapis.com;fonts.gstatic.com;streamingapi-ford-soa-24-prod-360.mountain.siriusxm.com
7289,pull-flv-f11-sg01.tiktokcdn.com,1,pull-flv-f11-sg01.tiktokcdn.com
7291,androidauthnimblegateway-pa.googleapis.com,1,www.google.com
7292,mycdn.me,1,mycdn.me
7294,pull-cmaf-l16-gcp01.tiktokcdn.com,1,pull-cmaf-l16-gcp01.tiktokcdn.com
7295,sberbank.ru,1,sberbank.ru
7298,ip.claspws.tv,1,ip.claspws.tv
7299,log.strm.yandex.ru,1,log.strm.yandex.ru
7300,oculus.com,16,alb.reddit.com;analytics.google.com;analytics.tiktok.com;connect.facebook.net;lookaside.fbsbx.com;metadotcom.fbthirdpartypixel.com;oculus.com;sc-static.net;static.ads-twitter.com;static.xx.fbcdn.net;t.co;tags.tiqcdn.com;www.googletagmanager.com;www.meta.com;www.oculus.com;www.redditstatic.com
7301,ec2.web.eu-south-1.prod.diagnostic.networking.aws.dev,1,ec2.web.eu-south-1.prod.diagnostic.networking.aws.dev
7302,cell8001.iad.mobile.bid-na.ads.aps.amazon-adsystem.com,1,cell8001.iad.mobile.bid-na.ads.aps.amazon-adsystem.com
7307,ec2.web.eu-north-1.prod.diagnostic.networking.aws.dev,1,ec2.web.eu-north-1.prod.diagnostic.networking.aws.dev
7308,sqs.us-west-2.amazonaws.com,1,sqs.us-west-2.amazonaws.com
7310,pull-cmaf-f77-gcp01.tiktokcdn.com,1,pull-cmaf-f77-gcp01.tiktokcdn.com
7311,audioeye.com,21,analytics.audioeye.com;app.hubspot.com;audioeye.com;cdn-cookieyes.com;dev.visualwebsiteoptimizer.com;directory.cookieyes.com;fonts.googleapis.com;js.hs-scripts.com;js.hubspotfeedback.com;js.usemessages.com;log.cookieyes.com;static.hsappstatic.net;us-assets.i.posthog.com;useruploads.visualwebsiteoptimizer.com;wsmcdn.audioeye.com;wsv3cdn.audioeye.com;www-assets.audioeye.com;www.audioeye.com;www.clickcease.com;www.google.com;www.googletagmanager.com
7313,synology.com,26,analytics.google.com;api.livechatinc.com;bat.bing.com;c.clarity.ms;cdn.livechatinc.com;cdn.mouseflow.com;connect.facebook.net;fileres.synology.com;gallery.synology.com;googleads.g.doubleclick.net;px.ads.linkedin.com;s.clarity.ms;scripts.clarity.ms;snap.licdn.com;stats.g.doubleclick.net;synology.com;synostatic.synology.com;webec.synology.com;www-ai.synology.com;www.clarity.ms;www.google-analytics.com;www.google.com;www.googletagmanager.com;www.linkedin.com;www.synology.com;www.youtube.com
7314,findnms.samsungiotcloud.com,1,findnms.samsungiotcloud.com
7316,a.thumbs.redditmedia.com,1,a.thumbs.redditmedia.com
7317,intunemaape4.wus.attest.azure.net,1,intunemaape4.wus.attest.azure.net
7318,links.duckduckgo.com,1,links.duckduckgo.com
7319,tnc16-alisg.isnssdk.com,1,tnc16-alisg.isnssdk.com
7320,authsvc.teams.microsoft.com,1,authsvc.teams.microsoft.com
7321,prod-1.us-east-1.mdcs.mshop.amazon.dev,1,prod-1.us-east-1.mdcs.mshop.amazon.dev
7324,newsaggreg.shalltry.com,1,newsaggreg.shalltry.com
7325,js.intercomcdn.com,1,js.intercomcdn.com
7327,media.yahoo.com,58,ad-delivery.net;ads.pubmatic.com;ads.yieldmo.com;analytics.google.com;ap.lijit.com;api.rlcdn.com;bb.lijit.com;bh.contextweb.com;c2shb-oao.ssp.yahoo.com;cdn.p-n.io;cdn.taboola.com;cm.g.doubleclick.net;consent.cmp.oath.com;contextual.media.net;eus.rubiconproject.com;exchange.kueezrtb.com;fastlane.rubiconproject.com;grid-bidder.criteo.com;guce.yahoo.com;hbopenbid.pubmatic.com;htlb.casalemedia.com;ib.adnxs.com;idx.liadm.com;match.sharethrough.com;measureadv.com;media.yahoo.com;ms-cookie-sync.presage.io;ncp-gw-frontpage.media.yahoo.com;nexus-gateway-prod.media.yahoo.com;noa.yahoo.com;onetag-sys.com;opus.analytics.yahoo.com;pbs-cs.yellowblue.io;pbs-yahoo-us.ay.delivery;pbs.yahoo.com;pm-widget.taboola.com;prebid-match.dotomi.com;prebid-server.rubiconproject.com;prebid.media.net;rp.liadm.com;rtb.gumgum.com;rtb.mfadsrvr.com;rtb.openx.net;s.seedtag.com;s.yimg.com;sb.scorecardresearch.com;secure-assets.rubiconproject.com;securepubads.g.doubleclick.net;signal-service.pbs.yahoo.com;ssc-cms.33across.com;ssp-sync.criteo.com;stats.g.doubleclick.net;tlx.3lift.com;tsdtocl.com;ups.analytics.yahoo.com;wnsrvbjmeprtfrnfx.ay.delivery;www.googletagmanager.com;www.yahoo.com
7328,ec2.web.ap-northeast-1.prod.diagnostic.networking.aws.dev,1,ec2.web.ap-northeast-1.prod.diagnostic.networking.aws.dev
7330,pull-a5-gcp01.tiktokcdn.com,1,pull-a5-gcp01.tiktokcdn.com
7332,sdk-04.moengage.com,1,sdk-04.moengage.com
7333,f.vimeocdn.com,1,f.vimeocdn.com
7334,iid.googleapis.com,1,www.google.com
7335,az416426.vo.msecnd.net,1,az416426.vo.msecnd.net
7336,ok.ru,19,732231.ms.ok.ru;api.vk.com;counter.yadro.ru;dzen.ru;limg.imgsmail.ru;mc.yandex.ru;ok.ru;privacy-cs.mail.ru;r3.mail.ru;rs.mail.ru;st-ok.cdn-vk.ru;st.okcdn.ru;stats.g.doubleclick.net;top-fwz1.mail.ru;www.google-analytics.com;www.googletagmanager.com;www.tns-counter.ru;yandex.ru;yastatic.net
7337,pull-f5-vr-va01.tiktokcdn.com,1,pull-f5-vr-va01.tiktokcdn.com
7339,account-public-service-prod03.ol.epicgames.com,1,account-public-service-prod03.ol.epicgames.com
7340,ec2.web.eu-west-1.prod.diagnostic.networking.aws.dev,1,ec2.web.eu-west-1.prod.diagnostic.networking.aws.dev
7342,pgammedia.com,4,fonts.googleapis.com;fonts.gstatic.com;pgammedia.com;www.pgammedia.com
7343,pull-c5-gcp01.tiktokcdn.com,1,pull-c5-gcp01.tiktokcdn.com
7345,perf-na1.hsforms.com,21,53.fs1.hubspotusercontent-na1.net;analytics.google.com;cdn2.hubspot.net;cta-service-cms2.hubspot.com;developers.hubspot.com;fonts.googleapis.com;hubspot.statuspage.io;js.hs-analytics.net;js.hs-banner.com;js.hsadspixel.net;js.hsforms.net;js.hubspotfeedback.com;js.usemessages.com;perf-na1.hsforms.com;static.hsappstatic.net;static2cdn.hubspot.com;wtcfns.hubspot.com;www.google-analytics.com;www.googletagmanager.com;www.hubspot.com;www.wthubspot.com
7346,noa.yahoo.com,2,noa.yahoo.com;sec.yimg.com
7347,ec2.web.eu-central-2.prod.diagnostic.networking.aws.dev,1,ec2.web.eu-central-2.prod.diagnostic.networking.aws.dev
7351,algolia.net,1,algolia.net
7352,ads.adthrive.com,1,ads.adthrive.com
7353,pull-f5-tt04.tiktokcdn-eu.com,1,pull-f5-tt04.tiktokcdn-eu.com
7356,optidigital.com,43,analytics.google.com;api.consentframework.com;api.hubapi.com;app.hubspot.com;cache.consentframework.com;cdn.abconsent.net;choices.consentframework.com;cm.g.doubleclick.net;cms.analytics.yahoo.com;cookie-matching.mediarithmics.com;dpm.demdex.net;googleads.g.doubleclick.net;i.simpli.fi;image6.pubmatic.com;js.hs-analytics.net;js.hs-banner.com;js.hs-scripts.com;js.hsadspixel.net;js.hscollectedforms.net;js.hsforms.net;js.hubspot.com;js.sddan.com;js.usemessages.com;map.sddan.com;match.adsrvr.org;new.optidigital.com;optidigital.com;perf-na1.hsforms.com;pixel.rubiconproject.com;ps.eyeota.net;px.ads.linkedin.com;redirect.frontend.weborama.fr;s.amazon-adsystem.com;secure.adnxs.com;sitebehaviour-cdn.fra1.cdn.digitaloceanspaces.com;snap.licdn.com;static.hsappstatic.net;stats.g.doubleclick.net;sync.crwdcntrl.net;sync.smartadserver.com;ups.analytics.yahoo.com;www.google.com;www.linkedin.com
7357,events.mz.unity3d.com,1,events.mz.unity3d.com
7358,hbevents-public.mz.unity3d.com,1,hbevents-public.mz.unity3d.com
7359,fout.jp,21,analytics-ipv6.tiktokw.us;analytics.google.com;analytics.tiktok.com;audiencedata.im-apps.net;cdnjs.cloudflare.com;cnt.fout.jp;code.jquery.com;connect.facebook.net;dmp.im-apps.net;fonts.googleapis.com;fonts.gstatic.com;fout.jp;googleads.g.doubleclick.net;js.fout.jp;make-some-noise.fout.co.jp;stats.g.doubleclick.net;www.fout.co.jp;www.google-analytics.com;www.google.com;www.googletagmanager.com;www2.fout.co.jp
7360,roovza.cdn-settings.appsflyersdk.com,1,roovza.cdn-settings.appsflyersdk.com
7361,server.smartytech.io,1,server.smartytech.io
7362,m.qq.com,9,3gimg.qq.com;js.aq.qq.com;luban.m.qq.com;m.qq.com;rumt-zh.com;sdi.3g.qq.com;tam.cdn-go.cn;tools.3g.qq.com;webcdn.m.qq.com
7365,blogger.googleusercontent.com,1,www.google.com
7367,pbs.optidigital.com,1,pbs.optidigital.com
7368,weather.swishapps.ai,1,weather.swishapps.ai
7370,cdn.blisspointmedia.com,1,cdn.blisspointmedia.com
7371,service-aggregation-layer.juno.ea.com,1,service-aggregation-layer.juno.ea.com
7372,yun.hihonor.com,1,yun.hihonor.com
7373,widget-content.spotify.com,1,widget-content.spotify.com
7374,emoji.redditmedia.com,1,emoji.redditmedia.com
7376,aggr16-normal.tiktokv.com,1,aggr16-normal.tiktokv.com
7379,apisd.ebay.com,1,apisd.ebay.com
7380,samsungknox.com,9,a.tribalfusion.com;cdn.builder.io;img06.en25.com;samsungknox.com;snap.licdn.com;tags.srv.stackadapt.com;www.google-analytics.com;www.googletagmanager.com;www.samsungknox.com
7382,pull-w5-gcp01.tiktokcdn.com,1,pull-w5-gcp01.tiktokcdn.com
7383,hybird.mtgglobals.com,1,hybird.mtgglobals.com
7384,udmserve.net,9,api.cmp.inmobi.com;cmp.inmobi.com;fonts.googleapis.com;fonts.gstatic.com;udmserve.net;underdogmedia.com;visit-server.inmobi-choice.io;www.google-analytics.com;www.googletagmanager.com
7385,r12.c.lencr.org,1,r12.c.lencr.org
7386,edge-hls.growcdnssedge.com,1,edge-hls.growcdnssedge.com
7388,prod-2.us-east-1.mdcs.mshop.amazon.dev,1,prod-2.us-east-1.mdcs.mshop.amazon.dev
7389,config.claspws.tv,1,config.claspws.tv
7391,provisioning.agentcontrol.us-west-2.prd.cdo.system-monitor.com,1,provisioning.agentcontrol.us-west-2.prd.cdo.system-monitor.com
7392,api.box.com,1,api.box.com
7393,feed-api-sg.capcut.com,1,feed-api-sg.capcut.com
7396,pull-q5-gcp01.tiktokcdn.com,1,pull-q5-gcp01.tiktokcdn.com
7397,cdn-stv.adgrx.com,1,cdn-stv.adgrx.com
7398,pull-flv-l10-gcp01.tiktokcdn.com,1,pull-flv-l10-gcp01.tiktokcdn.com
7400,signifyd.com,9,cdn-ildoljb.nitrocdn.com;cdn.cookielaw.org;geolocation.onetrust.com;nitroscripts.com;signifyd.com;to.getnitropack.com;www.google.com;www.googletagmanager.com;www.signifyd.com
7401,pull-cmaf-l10-gcp01.tiktokcdn.com,1,pull-cmaf-l10-gcp01.tiktokcdn.com
7402,cloudconf-app-sg.heytapmobile.com,1,cloudconf-app-sg.heytapmobile.com
7404,vgepodownload.mediatek.com,1,vgepodownload.mediatek.com
7409,pull-flv-f77-gcp01.tiktokcdn.com,1,pull-flv-f77-gcp01.tiktokcdn.com
7411,tracking.rus.miui.com,1,tracking.rus.miui.com
7417,lptag.liveperson.net,1,lptag.liveperson.net
7418,imgsct.cookiebot.com,1,imgsct.cookiebot.com
7422,cdn07.boxcdn.net,1,cdn07.boxcdn.net
7424,a.slack-edge.com,1,a.slack-edge.com
7425,pus4-collabhubrtc.officeapps.live.com,1,pus4-collabhubrtc.officeapps.live.com
7427,prod-rel-ffc-ccm.oobesaas.adobe.com,1,prod-rel-ffc-ccm.oobesaas.adobe.com
7428,prod.appsuggestions.teams.cloud.microsoft,1,prod.appsuggestions.teams.cloud.microsoft
7429,gcs.sc-cdn.net,1,gcs.sc-cdn.net
7432,customer.io,34,alb.reddit.com;analytics.twitter.com;api.sitelytics.tech;aqfer.lijit.com;bat.bing.com;c.clarity.ms;cdn.sanity.io;cdn.sitelytics.tech;cdp.customer.io;ce.lijit.com;consent.cookiebot.com;consentcdn.cookiebot.com;customer.io;js.zi-scripts.com;pagead2.googlesyndication.com;pixel-config.reddit.com;px.ads.linkedin.com;pxdrop.lijit.com;s.clarity.ms;scout-cdn.salesloft.com;scout.salesloft.com;scripts.clarity.ms;snap.licdn.com;static.ads-twitter.com;t.co;tracking-api.g2.com;tracking.g2crowd.com;ws-assets.zoominfo.com;ws.zoominfo.com;www.clarity.ms;www.google-analytics.com;www.googletagmanager.com;www.linkedin.com;www.redditstatic.com
7433,wyze-iot.s3.us-west-2.amazonaws.com,1,wyze-iot.s3.us-west-2.amazonaws.com
7434,ire-dsc.shalltry.com,1,ire-dsc.shalltry.com
7436,pbs-yahoo-us.ay.delivery,1,pbs-yahoo-us.ay.delivery
7440,app.ringcentral.com,9,app.pendo.io;app.ringcentral.com;cdn.cookielaw.org;cdn.mxpnl.com;cdn.pendo.io;discovery.ringcentral.biz;geolocation.onetrust.com;sentry.io;storage.googleapis.com
7442,edith.xiaohongshu.com,1,edith.xiaohongshu.com
7443,manifest.prod.boltdns.net,1,manifest.prod.boltdns.net
7449,tp-link.com,2,static.tp-link.com;tp-link.com
7450,oec32-normal-no1a.tiktokv.eu,1,oec32-normal-no1a.tiktokv.eu
7452,vmware.com,13,cdn.cookielaw.org;connect.facebook.net;geolocation.onetrust.com;img.en25.com;pagead2.googlesyndication.com;px.ads.linkedin.com;sec.vmware.com;snap.licdn.com;vmware.com;www.google-analytics.com;www.googletagmanager.com;www.linkedin.com;www.vmware.com
7457,target.scene7.com,1,target.scene7.com
7458,prod-zephyr.goguardian.com,1,prod-zephyr.goguardian.com
7461,metrics.getrockerbox.com,50,6823595ee2a3634bf77e7bfe.endpoint.csper.io;7052064.fs1.hubspotusercontent-na1.net;8ab0a26cb0027939bcf5-49c99c3c0c9c98b3365b710757036e1b.ssl.cf5.rackcdn.com;a.omappapi.com;acsbapp.com;alb.reddit.com;analytics.google.com;aorta.clickagy.com;api.hubapi.com;api.omappapi.com;app.hubspot.com;cdn.acsbapp.com;cdn.callrail.com;cdnjs.cloudflare.com;code.jquery.com;connect.facebook.net;consent.trustarc.com;fonts.gstatic.com;googleads.g.doubleclick.net;ib.adnxs.com;image.mux.com;insight.adsrvr.org;js.adsrvr.org;js.hs-analytics.net;js.hs-banner.com;js.hsadspixel.net;js.hscollectedforms.net;js.zi-scripts.com;kit-free.fontawesome.com;leads-api.gonorth.io;manifest-gcp-us-east1-vop1.edgemv.mux.com;metrics.getrockerbox.com;pixel-config.reddit.com;pixel.rubiconproject.com;play.hubspotvideo.com;px.ads.linkedin.com;snap.licdn.com;static.hsappstatic.net;stats.g.doubleclick.net;stream.mux.com;tag.unifyintent.com;tags.clickagy.com;us-u.openx.net;ws.zoominfo.com;www.cloudflare.com;www.google.com;www.googletagmanager.com;www.linkedin.com;www.redditstatic.com;www.rockerbox.com
7466,vision.meraki.com,5,bam-cell.nr-data.net;cdn.ingest-lr.com;js-agent.newrelic.com;vision.meraki.com;www.googletagmanager.com
7467,img.riskified.com,1,img.riskified.com
7468,aca-livecards-service.amazon.com,2,aca-livecards-service.amazon.com;g-ecx.images-amazon.com
7469,appstore-tv-prod-na.amazon.com,1,appstore-tv-prod-na.amazon.com
7472,e.qq.com,2,e.qq.com;qzonestyle.gtimg.cn
7473,pubnub.com,26,330-xqk-637.mktoresp.com;analytics.google.com;api-ingest.pocustrack.com;api.cr-proxy.com;api.segment.io;api.vector.co;bat.bing.com;cdn.amplitude.com;cdn.builder.io;cdn.cookielaw.org;cdn.cr-proxy.com;cdn.vector.co;fonts.googleapis.com;geolocation.onetrust.com;googleads.g.doubleclick.net;js.zi-scripts.com;munchkin.marketo.net;pubads.g.doubleclick.net;pubnub.com;sentry.pubnub.com;stats.g.doubleclick.net;ws.zoominfo.com;www.google-analytics.com;www.google.com;www.googletagmanager.com;www.pubnub.com
7474,bl-server.alphonso.tv,1,bl-server.alphonso.tv
7475,k.codegridnode.com,1,k.codegridnode.com
7479,presence-public-service-prod.ol.epicgames.com,1,presence-public-service-prod.ol.epicgames.com
7480,alive.github.com,1,alive.github.com
7483,arcore.googleapis.com,1,www.google.com
7484,onedriveclubproddm20045.blob.core.windows.net,1,onedriveclubproddm20045.blob.core.windows.net
7486,segment.prod.bidr.io,1,segment.prod.bidr.io
7487,p19-comment-sign-sg.tiktokcdn.com,1,p19-comment-sign-sg.tiktokcdn.com
7488,clientsapigw-geo.prod.gws.ring.amazon.dev,1,clientsapigw-geo.prod.gws.ring.amazon.dev
7491,aggregator.service.usercentrics.eu,1,aggregator.service.usercentrics.eu
7492,edge-term4.roblox.com,1,edge-term4.roblox.com
7493,path1.xtracloud.net,1,path1.xtracloud.net
7495,ringapigw.prod.gws.ring.amazon.dev,1,ringapigw.prod.gws.ring.amazon.dev
7496,zimperium.com,38,46745145.hs-sites.com;7052064.fs1.hubspotusercontent-na1.net;analytics.twitter.com;api.company-target.com;api.hubapi.com;cdn.jsdelivr.net;cdn.ketchjs.com;cdnjs.cloudflare.com;cta-service-cms2.hubspot.com;dsum-sec.casalemedia.com;global.ketchcdn.com;id.rlcdn.com;js.hs-analytics.net;js.hs-banner.com;js.hs-scripts.com;js.hsadspixel.net;js.hubspot.com;js.qualified.com;okt.to;partners.tremorhub.com;perf-na1.hsforms.com;pixel.rubiconproject.com;px.ads.linkedin.com;s.company-target.com;scout-cdn.salesloft.com;scout.salesloft.com;segments.company-target.com;snap.licdn.com;static.ads-twitter.com;static.hsappstatic.net;static.oktopost.com;t.co;tag-logger.demandbase.com;tag.demandbase.com;www.google-analytics.com;www.googletagmanager.com;www.linkedin.com;zimperium.com
7497,pl.primis.tech,1,pl.primis.tech
7498,l.sharethis.com,1,l.sharethis.com
7502,web-fallback.facebook.com,4,static.xx.fbcdn.net;web-fallback.facebook.com;www.facebook.com;www.instagram.com
7504,ringapigw-geo.prod.gws.ring.amazon.dev,1,ringapigw-geo.prod.gws.ring.amazon.dev
7505,path2.xtracloud.net,1,path2.xtracloud.net
7510,csync-global.smartadserver.com,2,csync-global.smartadserver.com;csync-us.smartadserver.com
7511,ec2.web.mx-central-1.prod.diagnostic.networking.aws.dev,1,ec2.web.mx-central-1.prod.diagnostic.networking.aws.dev
7514,sessiondirectory.xboxlive.com,1,sessiondirectory.xboxlive.com
7518,rtlog16-normal-no1a.tiktokv.eu,1,rtlog16-normal-no1a.tiktokv.eu
7520,internal.cashappapi.com,1,internal.cashappapi.com
7522,uniflowonline.com,10,app.usercentrics.eu;fonts.gstatic.com;googleads.g.doubleclick.net;i.ytimg.com;static.doubleclick.net;uct.service.usercentrics.eu;uniflowonline.com;www.google.com;www.uniflowonline.com;www.youtube.com
7524,pull-flv-f77-tt04.tiktokcdn-eu.com,1,pull-flv-f77-tt04.tiktokcdn-eu.com
7525,us.i.posthog.com,1,us.i.posthog.com
7526,fonts.net,1,fonts.net
7529,nexus.ensighten.com,1,nexus.ensighten.com
7530,music.amazon.com,8,api2.branch.io;app.link;cdn.branch.io;client.rum.us-east-1.amazonaws.com;d5fx445wy2wpk.cloudfront.net;m.media-amazon.com;music.amazon.com;na.web.skill.music.a2z.com
7531,www.google.com.mx,3,ogads-pa.clients6.google.com;play.google.com;www.gstatic.com
7533,adobedc.demdex.net,1,adobedc.demdex.net
7534,pull-cmaf-f16-gcp01.tiktokcdn.com,1,pull-cmaf-f16-gcp01.tiktokcdn.com
7536,gcs-eu-00002.content-storage-upload.googleapis.com,1,gcs-eu-00002.content-storage-upload.googleapis.com
7537,ims-prod07.adobelogin.com,1,ims-prod07.adobelogin.com
7538,ipv6.unagi-na.amazon.com,1,ipv6.unagi-na.amazon.com
7542,autoelevate.com,11,analytics.google.com;autoelevate.com;cyberfox1.wpenginepowered.com;fonts.googleapis.com;fonts.gstatic.com;forms-na1.hsforms.com;forms.hsforms.com;js.hsforms.net;stats.g.doubleclick.net;www.cyberfox.com;www.googletagmanager.com
7543,p19-common-sign.tiktokcdn-eu.com,1,p19-common-sign.tiktokcdn-eu.com
7544,grpc.life360.com,2,grpc.life360.com;static.cloudflareinsights.com
7545,api.accounts.firefox.com,1,api.accounts.firefox.com
7546,i.l-dsp.inmobicdn.net,1,i.l-dsp.inmobicdn.net
7548,control-zoo-dtsprod.tvinteractive.tv,1,control-zoo-dtsprod.tvinteractive.tv
7550,osb-v1-alb.samsungqbe.com,1,osb-v1-alb.samsungqbe.com
7552,path3.xtracloud.net,1,path3.xtracloud.net
7558,s2.go-mpulse.net,1,s2.go-mpulse.net
7559,vcs-sg.capcutapi.com,1,vcs-sg.capcutapi.com
7560,thisisdax.com,16,ajax.googleapis.com;cdn.jsdelivr.net;cdn.privacy-mgmt.com;challenges.cloudflare.com;ekr.zdassets.com;fonts.googleapis.com;fonts.gstatic.com;global.com;global6590.zendesk.com;googleads.g.doubleclick.net;static.zdassets.com;thisisdax.com;www.google.com;www.googleadservices.com;www.googletagmanager.com;www.gstatic.com
7561,acs.m.taobao.com,1,acs.m.taobao.com
7562,cdn.pdst.fm,1,cdn.pdst.fm
7564,secure-dcr.imrworldwide.com,1,secure-dcr.imrworldwide.com
7566,rdbroker-g-us-r1.wvd.microsoft.com,1,rdbroker-g-us-r1.wvd.microsoft.com
7567,atera.com,3,atera.com;static.cloudflareinsights.com;www.atera.com
7568,agentserviceapi.guestconfiguration.azure.com,1,agentserviceapi.guestconfiguration.azure.com
7569,amazonsilk.com,3,amazonsilk.com;images-na.ssl-images-amazon.com;www.amazon.com
7571,konut-cdn.apple.com,1,konut-cdn.apple.com
7572,flask.us.nextdoor.com,1,flask.us.nextdoor.com
7573,gsp51-ssl.ls.apple.com,1,gsp51-ssl.ls.apple.com
7575,browsiprod.com,1,browsiprod.com
7577,pull-f5-tt01.fcdn.eu.tiktokcdn.com,1,pull-f5-tt01.fcdn.eu.tiktokcdn.com
7581,media-hls.growcdnssedge.com,1,media-hls.growcdnssedge.com
7582,ads.creative-serving.com,1,ads.creative-serving.com
7584,imap-mail.outlook.com,5,aadcdn.msftauth.net;imap-mail.outlook.com;login.live.com;login.microsoftonline.com;res.public.onecdn.static.microsoft
7589,login.okta.com,1,login.okta.com
7590,content.cdn.viber.com,1,content.cdn.viber.com
7593,zinfandel-agent-notifications.centrastage.net,1,zinfandel-agent-notifications.centrastage.net
7595,rcs-copper-us.googleapis.com,0,
7597,js.hsadspixel.net,1,js.hsadspixel.net
7598,onedriveclubproddm20033.blob.core.windows.net,1,onedriveclubproddm20033.blob.core.windows.net
7600,contentstack.com,39,489-wni-383.mktoresp.com;alb.reddit.com;analytics.google.com;analytics.twitter.com;api.company-target.com;assets.contentstack.io;assets.makeforms.io;c.lytics.io;cdn.bizible.com;cdn.bizibly.com;cdn.jsdelivr.net;cdn.metadata.io;connect.facebook.net;contentstack.com;cookie-cdn.cookiepro.com;dsum-sec.casalemedia.com;fonts.googleapis.com;fonts.gstatic.com;geolocation.onetrust.com;googleads.g.doubleclick.net;id.rlcdn.com;images.contentstack.io;js.qualified.com;munchkin.marketo.net;partners.tremorhub.com;pixel-config.reddit.com;pixel.rubiconproject.com;s.company-target.com;segments.company-target.com;static.ads-twitter.com;stats.g.doubleclick.net;t.co;tag-logger.demandbase.com;tag.demandbase.com;tags.srv.stackadapt.com;www.contentstack.com;www.google.com;www.googletagmanager.com;www.redditstatic.com
7602,ire-oneid.shalltry.com,1,ire-oneid.shalltry.com
7603,onedriveclubproddm20027.blob.core.windows.net,1,onedriveclubproddm20027.blob.core.windows.net
7604,mrf.io,1,mrf.io
7605,onedriveclubproddm20053.blob.core.windows.net,1,onedriveclubproddm20053.blob.core.windows.net
7608,config.mapbox.com,1,config.mapbox.com
7609,onedriveclubproddm20032.blob.core.windows.net,1,onedriveclubproddm20032.blob.core.windows.net
7611,clientconfig.rpg.riotgames.com,1,clientconfig.rpg.riotgames.com
7612,onedriveclubproddm20025.blob.core.windows.net,1,onedriveclubproddm20025.blob.core.windows.net
7615,onedriveclubproddm20023.blob.core.windows.net,1,onedriveclubproddm20023.blob.core.windows.net
7616,xnxx.com,4,a.orbsrv.com;assets-cdn77.xnxx-cdn.com;thumbs-gcore.xnxx-cdn.com;xnxx.com
7617,http-intake.logs.datadoghq.com,1,http-intake.logs.datadoghq.com
7618,static.yieldmo.com,1,static.yieldmo.com
7620,otel-mobile.doordash.com,2,otel-mobile.doordash.com;typography.doordash.com
7621,cdn.w55c.net,2,cdn.w55c.net;www.w55c.net
7624,uk-script.dotmetrics.net,1,uk-script.dotmetrics.net
7625,rtb-trk4.linkedin.com,2,rtb-trk4.linkedin.com;static.licdn.com
7626,c.us.heap-api.com,45,alb.reddit.com;analytics.google.com;app.clearbit.com;assets.apollo.io;c.contentsquare.net;c.us.heap-api.com;cdn.cookielaw.org;cdn.heapanalytics.com;cdn.jsdelivr.net;connect.facebook.net;contentsquare.chilipiper.com;epsilon.6sense.com;eu.api.fpjs.io;fpjscdn.net;geolocation.onetrust.com;googleads.g.doubleclick.net;heap.io;heapanalytics.com;images.ctfassets.net;ipv6.6sc.co;j.6sc.co;k-aus1.contentsquare.net;marketo.clearbit.com;munchkin.marketo.net;page.contentsquare.com;pixel-config.reddit.com;pubads.g.doubleclick.net;px.ads.linkedin.com;snap.licdn.com;srm.bf.contentsquare.net;static.cloudflareinsights.com;static.hj.contentsquare.net;stats.g.doubleclick.net;t.contentsquare.net;tag.clearbitscripts.com;tracking-api.g2.com;tracking.g2crowd.com;videos.ctfassets.net;www.google-analytics.com;www.google.com;www.googleadservices.com;www.googletagmanager.com;www.linkedin.com;www.redditstatic.com;x.clearbitjs.com
7627,trafficjunky.net,13,accounts.google.com;alb.reddit.com;fonts.googleapis.com;pagead2.googlesyndication.com;pixel-config.reddit.com;static.trafficjunky.com;trafficjunky.net;unpkg.com;webassets.trafficjunky.com;www.google-analytics.com;www.googletagmanager.com;www.redditstatic.com;www.trafficjunky.com
7628,s.console.adtarget.com.tr,1,s.console.adtarget.com.tr
7629,edge.api.brightcove.com,1,edge.api.brightcove.com
7630,adtidy.org,1,adtidy.org
7631,finance-pa.googleapis.com,1,www.google.com
7633,dns.quad9.net,1,dns.quad9.net
7634,adsdk.bing.net,1,adsdk.bing.net
7635,xmppapi.zoom.us,1,xmppapi.zoom.us
7636,mobifts.ebay.com,1,mobifts.ebay.com
7637,onedriveclubproddm20031.blob.core.windows.net,1,onedriveclubproddm20031.blob.core.windows.net
7638,marketiq.com,8,ajax.googleapis.com;fd.cleantalk.org;fonts.googleapis.com;fonts.gstatic.com;marketiq.com;moderate.cleantalk.org;www.google-analytics.com;www.googletagmanager.com
7639,skimresources.com,4,fonts.googleapis.com;fonts.gstatic.com;skimresources.com;ssl.google-analytics.com
7641,forcesafesearch.google.com,1,www.google.com
7642,aam.a47b.com,1,aam.a47b.com
7646,us-east-1.event.prod.bidr.io,1,us-east-1.event.prod.bidr.io
7649,lat-services.api.data.roku.com,1,lat-services.api.data.roku.com
7651,imprchmp.taboola.com,1,imprchmp.taboola.com
7652,agent-api.atera.com,1,agent-api.atera.com
7653,pull-w5-sg01.tiktokcdn-us.com,1,pull-w5-sg01.tiktokcdn-us.com
7654,onedriveclubproddm20046.blob.core.windows.net,1,onedriveclubproddm20046.blob.core.windows.net
7656,analytics.pangle-ads.com,1,analytics.pangle-ads.com
7660,uef.np.dl.playstation.net,1,uef.np.dl.playstation.net
7662,calendar-r.wbx2.com,1,calendar-r.wbx2.com
7663,acronis.com,25,account.acronis.com;acronis.com;bat.bing.com;cdn.cookielaw.org;cdn.cr-relay.com;connect.facebook.net;dev.visualwebsiteoptimizer.com;geolocation.onetrust.com;googleads.g.doubleclick.net;j.6sc.co;js.driftt.com;o394472.ingest.sentry.io;pagead2.googlesyndication.com;snap.licdn.com;tag.demandbase.com;tags.srv.stackadapt.com;trkn.us;websiteapi.acronis.com;www.clarity.ms;www.google.com;www.googletagmanager.com;www.mczbf.com;www.redditstatic.com;www.upsellit.com;www.youtube.com
7664,onedriveclubprodbn20007.blob.core.windows.net,1,onedriveclubprodbn20007.blob.core.windows.net
7665,rt.udmserve.net,9,api.cmp.inmobi.com;cmp.inmobi.com;fonts.googleapis.com;fonts.gstatic.com;rt.udmserve.net;underdogmedia.com;visit-server.inmobi-choice.io;www.google-analytics.com;www.googletagmanager.com
7667,getpublica.com,18,ajax.googleapis.com;cdn-images.mailchimp.com;cdn.cookielaw.org;cdn.prod.website-files.com;d3e54v103j8qbb.cloudfront.net;fonts.googleapis.com;fonts.gstatic.com;geolocation.onetrust.com;getpublica.com;px.ads.linkedin.com;snap.licdn.com;widget.intercom.io;www.getpublica.com;www.google-analytics.com;www.google.com;www.googletagmanager.com;www.gstatic.com;www.linkedin.com
7669,onedriveclubproddm20029.blob.core.windows.net,1,onedriveclubproddm20029.blob.core.windows.net
7670,treatment.grammarly.com,1,treatment.grammarly.com
7673,onedriveclubproddm20051.blob.core.windows.net,1,onedriveclubproddm20051.blob.core.windows.net
7674,rtb.gamoshi.io,1,rtb.gamoshi.io
7675,api.cylance.com,1,api.cylance.com
7676,ac.onedsp.inmobi.com,1,ac.onedsp.inmobi.com
7677,onedriveclubprodbn20028.blob.core.windows.net,1,onedriveclubprodbn20028.blob.core.windows.net
7679,pps.whatsapp.net,1,pps.whatsapp.net
7681,onedriveclubprodbn20042.blob.core.windows.net,1,onedriveclubprodbn20042.blob.core.windows.net
7683,configprd.samsungcloudsolution.net,1,configprd.samsungcloudsolution.net
7684,clientsapigw-alb.us-east-1.prod.v2.gws.ring.amazon.dev,1,clientsapigw-alb.us-east-1.prod.v2.gws.ring.amazon.dev
7685,achievements.xboxlive.com,1,achievements.xboxlive.com
7686,dc-api-v2.adobe.io,1,dc-api-v2.adobe.io
7688,alert.life360.com,2,alert.life360.com;static.cloudflareinsights.com
7689,api.sail-personalize.com,1,api.sail-personalize.com
7690,pull-f5-sg01.fcdn.eu.tiktokcdn.com,1,pull-f5-sg01.fcdn.eu.tiktokcdn.com
7691,xhpingcdn.com,10,euob.iseaskies.com;exploreonlineresults.com;l.cdn-fileserver.com;msadsscale.microsoft.com;obseu.iseaskies.com;resultsfastfind.com;s.cdn-fileserver.com;s.yimg.com;scripts.clarity.ms;xhpingcdn.com
7692,identity.webex.com,1,identity.webex.com
7694,i.simpli.fi,1,i.simpli.fi
7695,beacon.qq.com,8,beacon.cdn.qq.com;beacon.qq.com;cdn3.codesign.qq.com;galileotelemetry.tencent.com;turing.captcha.gtimg.com;turing.captcha.qcloud.com;www.google-analytics.com;www.googletagmanager.com
7698,www.netgear.com,45,api.consentjs.datagrail.io;apps.bazaarvoice.com;ara.paa-reporting-advertising.amazon;assets.netgear.com;b-code.liadm.com;bat.bing.com;browser-intake-datadoghq.com;c.amazon-adsystem.com;cdn.attn.tv;cdn.gbqofs.com;cdn.glassboxcdn.com;cdn.optimizely.com;cm.g.doubleclick.net;connect.facebook.net;container.pepperjam.com;dynamic.criteo.com;events.attentivemobile.com;googleads.g.doubleclick.net;gum.criteo.com;ib.adnxs.com;insight.adsrvr.org;js.adsrvr.org;logx.optimizely.com;netgear-us.attn.tv;network-a.bazaarvoice.com;ob.powerstarsbuilding.com;obs.powerstarsbuilding.com;pixel.rubiconproject.com;px.ads.linkedin.com;report.netgear.glassboxdigital.io;rp.liadm.com;s.amazon-adsystem.com;server-side-tagging-kquh5nqcta-uc.a.run.app;snap.licdn.com;sslwidget.criteo.com;static.cloudflareinsights.com;unpkg.com;www.datadoghq-browser-agent.com;www.downloads.netgear.com;www.google-analytics.com;www.google.com;www.googleadservices.com;www.googletagmanager.com;www.linkedin.com;www.netgear.com
7699,onedriveclubprodbn20019.blob.core.windows.net,1,onedriveclubprodbn20019.blob.core.windows.net
7700,dpmawp.itsupport247.net,1,dpmawp.itsupport247.net
7701,got.iad3rs0zonea.pubnative.net,1,got.iad3rs0zonea.pubnative.net
7702,eastus1-mediap.svc.ms,1,eastus1-mediap.svc.ms
7704,cn-cloudflare.pidetupop.com,1,cn-cloudflare.pidetupop.com
7705,onedriveclubprodbn20021.blob.core.windows.net,1,onedriveclubprodbn20021.blob.core.windows.net
7706,ts01-laggar-gcw.cloudsink.net,1,ts01-laggar-gcw.cloudsink.net
7708,onedriveclubprodbn20022.blob.core.windows.net,1,onedriveclubprodbn20022.blob.core.windows.net
7709,ab-merchandise.opera-api.com,1,ab-merchandise.opera-api.com
7711,albert.apple.com,1,albert.apple.com
7713,loc.map.baidu.com,1,loc.map.baidu.com
7714,myworkdaycdn.com,2,myworkdaycdn.com;static.cloudflareinsights.com
7715,onedriveclubprodbn20054.blob.core.windows.net,1,onedriveclubprodbn20054.blob.core.windows.net
7716,api.config-security.com,1,api.config-security.com
7717,pgorelease.nianticlabs.com,1,pgorelease.nianticlabs.com
7718,s.secure.espncdn.com,1,s.secure.espncdn.com
7719,metrics.rapidedge.io,1,metrics.rapidedge.io
7722,onedriveclubprodbn20023.blob.core.windows.net,1,onedriveclubprodbn20023.blob.core.windows.net
7723,ak.sail-horizon.com,1,ak.sail-horizon.com
7727,pull-flv-f64-sg01.tiktokcdn.com,1,pull-flv-f64-sg01.tiktokcdn.com
7728,nytrng.com,1,nytrng.com
7729,patronus.idata.shopeemobile.com,1,patronus.idata.shopeemobile.com
7734,thumb-cdn77.xnxx-cdn.com,2,error.c.cdn77.org;thumb-cdn77.xnxx-cdn.com
7736,www.wikipedia.org,1,www.wikipedia.org
7737,secure.globalsign.com,1,secure.globalsign.com
7738,cs.pgammedia.com,1,cs.pgammedia.com
7739,rddiagnostics-g-us-r1.wvd.microsoft.com,1,rddiagnostics-g-us-r1.wvd.microsoft.com
7740,track1.aniview.com,0,
7741,xblmessaging.xboxlive.com,1,xblmessaging.xboxlive.com
7742,onedriveclubprodbn20051.blob.core.windows.net,1,onedriveclubprodbn20051.blob.core.windows.net
7745,fa000000128.resources.office.net,1,fa000000128.resources.office.net
7746,bid.sparteo.com,1,bid.sparteo.com
7749,cloud.kargo.com,1,cloud.kargo.com
7750,p.teads.tv,1,p.teads.tv
7751,e8.c.lencr.org,1,e8.c.lencr.org
7752,onedriveclubprodbn20041.blob.core.windows.net,1,onedriveclubprodbn20041.blob.core.windows.net
7753,onedriveclubprodbn20050.blob.core.windows.net,1,onedriveclubprodbn20050.blob.core.windows.net
7754,storage.cloud.kargo.com,1,storage.cloud.kargo.com
7755,eventproxy.na1.data.workspaceone.com,1,eventproxy.na1.data.workspaceone.com
7757,store-dra.hispace.dbankcloud.com,1,store-dra.hispace.dbankcloud.com
7758,powerpoint-telemetry.officeapps.live.com,16,admin.microsoft.com;browser.events.data.microsoft.com;c.s-microsoft.com;config.edge.skype.com;js.monitor.azure.com;login.live.com;login.microsoftonline.com;mem.gfx.ms;powerpoint-telemetry.officeapps.live.com;res.cdn.office.net;s.clarity.ms;scripts.clarity.ms;uhf.microsoft.com;www.clarity.ms;www.microsoft.com;www.office.com
7759,device-skynet-api.cloud.wyze.com,1,device-skynet-api.cloud.wyze.com
7760,tdms.apple.com,1,tdms.apple.com
7761,google.co.th,3,ogads-pa.clients6.google.com;play.google.com;www.gstatic.com
7762,douyin.com,5,douyin.com;lf-cdn-tos.bytescm.com;lf-rc1.yhgfb-cn-static.com;rmc.bytedance.com;www.douyin.com
7763,gfwsl.geforce.com,1,gfwsl.geforce.com
7764,vid-io-iad.springserve.com,1,vid-io-iad.springserve.com
7767,us-api.mimecast.com,1,us-api.mimecast.com
7768,zinfandel-monitoring.centrastage.net,1,zinfandel-monitoring.centrastage.net
7769,seed-mix-image.spotifycdn.com,1,seed-mix-image.spotifycdn.com
7770,dr.yandex.net,1,dr.yandex.net
7771,browser-intake-us5-datadoghq.com,1,browser-intake-us5-datadoghq.com
7772,tracking.crazyegg.com,1,tracking.crazyegg.com
7774,match.marketiq.com,1,match.marketiq.com
7775,api.zaloapp.com,1,api.zaloapp.com
7776,lightboxcdn.com,1,lightboxcdn.com
7777,gist.build,34,alb.reddit.com;analytics.twitter.com;api.sitelytics.tech;aqfer.lijit.com;bat.bing.com;c.clarity.ms;cdn.sitelytics.tech;cdp.customer.io;ce.lijit.com;consent.cookiebot.com;consentcdn.cookiebot.com;customer.io;gist.build;js.zi-scripts.com;pixel-config.reddit.com;px.ads.linkedin.com;pxdrop.lijit.com;s.clarity.ms;scout-cdn.salesloft.com;scout.salesloft.com;scripts.clarity.ms;snap.licdn.com;static.ads-twitter.com;t.co;tracking-api.g2.com;tracking.g2crowd.com;ws-assets.zoominfo.com;ws.zoominfo.com;www.clarity.ms;www.facebook.com;www.google-analytics.com;www.googletagmanager.com;www.linkedin.com;www.redditstatic.com
7779,sync.dxtech.ai,1,sync.dxtech.ai
7780,spectrum.s3.amazonaws.com,1,spectrum.s3.amazonaws.com
7781,bfldr.com,1,bfldr.com
7783,userreport.com,23,c0.wp.com;cdn.mxpnl.com;cdn.userreport.com;cdnjs.cloudflare.com;forms.hsforms.com;googleads.g.doubleclick.net;i0.wp.com;js.hs-analytics.net;js.hs-banner.com;js.hs-scripts.com;js.hscollectedforms.net;p.typekit.net;s0.wp.com;sak.userreport.com;stats.wp.com;track.hubspot.com;use.typekit.net;userreport.com;visitanalytics.userreport.com;widgets.getsitecontrol.com;www.google-analytics.com;www.google.com;www.googletagmanager.com
7785,www.google.de,3,ogads-pa.clients6.google.com;play.google.com;www.gstatic.com
7786,www.tns-counter.ru,1,www.tns-counter.ru
7787,profile.localytics.com,1,profile.localytics.com
7788,www.intel.com,19,c.bing.com;c.clarity.ms;cane.intel.com;cdn.cookielaw.org;cm.g.doubleclick.net;consumer.intel.com;dogo.intel.com;dpm.demdex.net;geolocation.onetrust.com;intelcorp.scene7.com;munchkin.marketo.net;pagead2.googlesyndication.com;s.clarity.ms;scripts.clarity.ms;www.clarity.ms;www.google.com;www.googletagmanager.com;www.intel.com;zn3vonk1wgpmvfrmg-inteldotcomvoc.siteintercept.qualtrics.com
7790,lbs.map.qq.com,1,lbs.map.qq.com
7793,cdn.bfldr.com,1,cdn.bfldr.com
7794,arm.appiersig.com,1,arm.appiersig.com
7796,ads.mythad.com,1,ads.mythad.com
7797,cat.us5.us.criteo.com,1,cat.us5.us.criteo.com
7798,motd.ubuntu.com,1,motd.ubuntu.com
7800,ent-shasta-rrs.symantec.com,1,ent-shasta-rrs.symantec.com
7802,vaultdcr.com,14,downloads.ctfassets.net;images.ctfassets.net;js.hs-analytics.net;js.hs-banner.com;js.hs-scripts.com;js.hsadspixel.net;js.hscollectedforms.net;js.hubspot.com;perf-na1.hsforms.com;track.hubspot.com;vaultdcr.com;www.google-analytics.com;www.googletagmanager.com;www.vaultdcr.tv
7805,e7.c.lencr.org,1,e7.c.lencr.org
7807,tools.messenger.yandex.net,1,tools.messenger.yandex.net
7808,d.applvn.com,1,d.applvn.com
7809,vg-new-hb-bid-feedback.mtgglobals.com,1,vg-new-hb-bid-feedback.mtgglobals.com
7810,api19-normal-c-alisg.tiktokv.com,1,api19-normal-c-alisg.tiktokv.com
7811,deo.susercontent.com,1,deo.susercontent.com
7813,api.audible.com,1,api.audible.com
7815,cdn77-pic.xnxx-cdn.com,2,cdn77-pic.xnxx-cdn.com;error.c.cdn77.org
7817,ark.zoom.us,1,ark.zoom.us
7818,lf-main-gecko-source.tiktokcdn.com,1,lf-main-gecko-source.tiktokcdn.com
7825,prebid.cootlogix.com,1,prebid.cootlogix.com
7830,d.pub.network,1,d.pub.network
7834,growthbook.io,38,ajax.googleapis.com;alb.reddit.com;analytics.google.com;api.github.com;aplo-evnt.com;assets.apollo.io;buttons.github.io;cdn.growthbook.io;cdn.jsdelivr.net;cdn.prod.website-files.com;cdn2.hubspot.net;d3e54v103j8qbb.cloudfront.net;fonts.googleapis.com;fonts.gstatic.com;googleads.g.doubleclick.net;growthbook.io;js-na1.hs-scripts.com;js.hs-analytics.net;js.hs-banner.com;js.hscollectedforms.net;js.usemessages.com;pixel-config.reddit.com;px.ads.linkedin.com;sc.lfeeder.com;snap.licdn.com;static.hsappstatic.net;static.reo.dev;stats.g.doubleclick.net;t.growthbook.io;tr.lfeeder.com;track.hubspot.com;web-sdk.smartlook.com;www.google.com;www.googletagmanager.com;www.growthbook.io;www.gstatic.com;www.linkedin.com;www.redditstatic.com
7835,data-edge.smartscreen.microsoft.com,1,data-edge.smartscreen.microsoft.com
7837,connectivitycheck.unisoc.com,1,connectivitycheck.unisoc.com
7839,spire.aarki.net,1,spire.aarki.net
7843,c1.eb.eu1.thousandeyes.com,1,c1.eb.eu1.thousandeyes.com
7845,b1-use1.zemanta.com,1,b1-use1.zemanta.com
7846,v45.tiktokcdn-eu.com,1,v45.tiktokcdn-eu.com
7847,pps.services.adobe.com,1,pps.services.adobe.com
7849,a4zxe0rm7lq7a.us-east-1.prod.service.minerva.devices.a2z.com,1,a4zxe0rm7lq7a.us-east-1.prod.service.minerva.devices.a2z.com
7850,www.xnxx.com,5,a.orbsrv.com;assets-cdn77.xnxx-cdn.com;thumb-cdn77.xnxx-cdn.com;thumbs-gcore.xnxx-cdn.com;www.xnxx.com
7851,exchange.cootlogix.com,1,exchange.cootlogix.com
7852,www.bingapis.com,1,www.bingapis.com
7853,pus7-collabhubrtc.officeapps.live.com,1,pus7-collabhubrtc.officeapps.live.com
7854,gdt.qq.com,3,e.qq.com;gdt.qq.com;qzonestyle.gtimg.cn
7855,speedtest.net,151,a.ad.gt;aa.agkn.com;aax.amazon-adsystem.com;accounts.google.com;ad-cdn.technoratimedia.com;ad.360yield.com;ads.betweendigital.com;ads.pubmatic.com;ads.servenobid.com;ads.yieldmo.com;analytics.google.com;aorta.clickagy.com;ap.lijit.com;api.id5-sync.com;appleid.cdn-apple.com;b1sync.outbrain.com;b1sync.zemanta.com;bcp.crwdcntrl.net;bh.contextweb.com;btlr.sharethrough.com;c.amazon-adsystem.com;c1.adform.net;c2shb.pubgw.yahoo.com;cdn-gl.imrworldwide.com;cdn-ima.33across.com;cdn.cookielaw.org;cdn.hadronid.net;cdn.id5-sync.com;cdn.static.zdbb.net;cdn.ziffstatic.com;ce.lijit.com;client.aps.amazon-adsystem.com;cm.adform.net;cm.g.doubleclick.net;config.aps.amazon-adsystem.com;creativecdn.com;cs-tam.yellowblue.io;cs.admanmedia.com;cs.iqzone.com;cs.krushmedia.com;cs.media.net;csync.loopme.me;csync.smilewanted.com;d.turn.com;de.tynt.com;diffuser-cdn.app-us1.com;direct.adsrvr.org;eb2.3lift.com;ep1.adtrafficquality.google;equativ-match.dotomi.com;eu-rtbstack-cm.admixer.net;eus.rubiconproject.com;f085384add49905e31a9b7f4f18b5adb.safeframe.googlesyndication.com;fastlane.rubiconproject.com;geolocation.onetrust.com;grid-bidder.criteo.com;gum.criteo.com;gurgle.speedtest.net;gurgle.zdbb.net;hb.trustedstack.com;hb.yellowblue.io;hbopenbid.pubmatic.com;hbx.media.net;hde.tynt.com;htlb.casalemedia.com;i.liadm.com;id5-sync.com;ids.ad.gt;ids4.ad.gt;idsync.rlcdn.com;idx.liadm.com;image2.pubmatic.com;image4.pubmatic.com;image8.pubmatic.com;ittpx-us-e.eskimi.com;ittpx.eskimi.com;jadserve.postrelease.com;jogger.zdbb.net;lb.eu-1-id5-sync.com;lbs.eu-1-id5-sync.com;lexicon.33across.com;match.adsrvr.org;match.deepintent.com;match.marketiq.com;match.prod.bidr.io;match.sharethrough.com;measureadv.com;ms-cookie-sync.presage.io;ogury-match.dotomi.com;onetag-sys.com;openads-cdn.adsrvr.org;openads.adsrvr.org;p.ad.gt;p.rfihub.com;pbs.optidigital.com;pg.ziffstatic.com;pippio.com;pixel.rubiconproject.com;pixel.tapad.com;pixels.ad.gt;prebid-match.dotomi.com;prebid-server.rubiconproject.com;prebid.a-mo.net;prebid.media.net;prism.app-us1.com;ps.eyeota.net;px.ads.linkedin.com;r.bidswitch.net;rp.liadm.com;rtb-csync.smartadserver.com;rtb.gumgum.com;rtb.mfadsrvr.com;rtb.openx.net;s.ad.smaato.net;s.amazon-adsystem.com;s.c.appier.net;s.seedtag.com;sb.scorecardresearch.com;secure-assets.rubiconproject.com;secure-us.imrworldwide.com;securepubads.g.doubleclick.net;server.cpmstar.com;speedtest.net;ssbsync-global.smartadserver.com;ssbsync.smartadserver.com;ssp.api.tappx.com;ssp.disqus.com;stats.g.doubleclick.net;sync-tm.everesttech.net;sync.adotmob.com;sync.go.sonobi.com;sync.kueezrtb.com;sync.pmbmonetize.live;sync.richaudience.com;sync.sparteo.com;sync.technoratimedia.com;syncingbridge.com;tags.crwdcntrl.net;token.rubiconproject.com;tr.blismedia.com;trace.us.rtbwise.com;trackcmp.net;u.openx.net;um.simpli.fi;ups.analytics.yahoo.com;user-sync.fwmrm.net;www.google.com;www.googletagmanager.com;www.speedtest.net;x.bidswitch.net;zdbb.net
7858,ft.device9.com,1,ft.device9.com
7859,e.dtscout.com,1,e.dtscout.com
7860,starfieldtech.com,3,csp.secureserver.net;img1.wsimg.com;starfieldtech.com
7861,editor-api-sg.capcut.com,1,editor-api-sg.capcut.com
7862,notes-pa.googleapis.com,1,www.google.com
7863,static.kwcdn.com,1,static.kwcdn.com
7864,cdn.growthbook.io,1,cdn.growthbook.io
7866,queuev4.vk.com,1,queuev4.vk.com
7867,api.lbs.yandex.net,1,api.lbs.yandex.net
7869,ox-rtb-us-east4.openx.net,1,ox-rtb-us-east4.openx.net
7872,static-assets.bamgrid.com,1,static-assets.bamgrid.com
7874,orpixel.adsafeprotected.com,1,orpixel.adsafeprotected.com
7877,dns.wechat.com,1,dns.wechat.com
7879,api.hubapi.com,22,53.fs1.hubspotusercontent-na1.net;analytics.google.com;api.hubapi.com;cdn2.hubspot.net;cta-service-cms2.hubspot.com;developers.hubspot.com;fonts.googleapis.com;hubspot.statuspage.io;js.hs-analytics.net;js.hs-banner.com;js.hsadspixel.net;js.hsforms.net;js.hubspotfeedback.com;js.usemessages.com;perf-na1.hsforms.com;static.hsappstatic.net;static2cdn.hubspot.com;wtcfns.hubspot.com;www.google-analytics.com;www.googletagmanager.com;www.hubspot.com;www.wthubspot.com
7880,filters.adtidy.org,1,filters.adtidy.org
7881,agentsn.msua06.manage.microsoft.com,1,agentsn.msua06.manage.microsoft.com
7882,p16-tiktok-dm-sticker-sign.tiktokcdn-us.com,1,p16-tiktok-dm-sticker-sign.tiktokcdn-us.com
7883,find.api.micloud.xiaomi.net,1,find.api.micloud.xiaomi.net
7885,ccext-cdn.adobecces.com,1,ccext-cdn.adobecces.com
7886,amemv.com,6,amemv.com;lf-cdn-tos.bytescm.com;lf-rc1.yhgfb-cn-static.com;rmc.bytedance.com;www.amemv.com;www.douyin.com
7887,sutterhealth.svc.snapcomms.com,1,sutterhealth.svc.snapcomms.com
7889,nebula-cdn.kampyle.com,1,nebula-cdn.kampyle.com
7890,telem-edge.smartscreen.microsoft.com,1,telem-edge.smartscreen.microsoft.com
7891,elastic.co,68,15244908.fls.doubleclick.net;813-mam-392.mktoresp.com;a.quora.com;ad.doubleclick.net;adservice.google.com;alb.reddit.com;analytics.google.com;analytics.twitter.com;api.company-target.com;app.clearbit.com;assets.adoberesources.net;assets.userled.io;bat.bing.com;c.clarity.ms;cdn.iubenda.com;cdn.optimizely.com;cdn.vidyard.com;cdn3.optimizely.com;cm.g.doubleclick.net;connect.facebook.net;dsum-sec.casalemedia.com;edge.fullstory.com;elastic-global-nav-assets.s3.us-west-2.amazonaws.com;elastic.co;fonts.googleapis.com;googleads.g.doubleclick.net;id.rlcdn.com;idb.iubenda.com;images.contentstack.io;info.elastic.co;insight.adsrvr.org;js.adsrvr.org;lift-ai-js.marketlinc.com;logx.optimizely.com;munchkin.marketo.net;p.typekit.net;partners.tremorhub.com;pixel-config.reddit.com;pixel.byspotify.com;pixel.rubiconproject.com;pixels.spotify.com;play.vidyard.com;px.ads.linkedin.com;rs.fullstory.com;s.clarity.ms;s.company-target.com;scripts.clarity.ms;sdk.userledclient.io;secure.adnxs.com;segments.company-target.com;sjrtp2-cdn.marketo.com;snap.licdn.com;static-www.elastic.co;static.ads-twitter.com;stats.g.doubleclick.net;t.co;tag-logger.demandbase.com;tag.clearbitscripts.com;tag.demandbase.com;trk.techtarget.com;use.typekit.net;www.clarity.ms;www.elastic.co;www.google.com;www.googletagmanager.com;www.linkedin.com;www.redditstatic.com;x.clearbitjs.com
7892,api.runestone.samsung.com,1,api.runestone.samsung.com
7895,ubnt.com,14,alb.reddit.com;cdn.cookielaw.org;dev.visualwebsiteoptimizer.com;geolocation.onetrust.com;images.svc.ui.com;pixel-config.reddit.com;sso.ui.com;static.hotjar.com;store.ui.com;ubnt.com;www.google-analytics.com;www.googletagmanager.com;www.redditstatic.com;www.ui.com
7898,speeddials.opera.com,1,speeddials.opera.com
7899,img1.hulu.com,1,img1.hulu.com
7900,pm.instagram.com,1,pm.instagram.com
7901,lensflare.vimeo.com,1,lensflare.vimeo.com
7902,logger.adthrive.com,1,logger.adthrive.com
7903,ars.oobesaas.adobe.com,1,ars.oobesaas.adobe.com
7904,proton.me,4,account.proton.me;pmecdn.protonweb.com;proton.me;telemetry.proton.me
7905,n.adv.lijit.com,1,n.adv.lijit.com
7907,update-zinfandel.centrastage.net,1,update-zinfandel.centrastage.net
7911,insight.samsunghealth.com,1,insight.samsunghealth.com
7913,frontier16-normal-no1a.tiktokv.eu,1,frontier16-normal-no1a.tiktokv.eu
7917,mpsnare.iesnare.com,3,mpsnare.iesnare.com;www.iovation.com;www.transunion.com
7919,speedcurve.com,12,analytics.google.com;cdn-dev.speedcurve.com;cdn.mxpnl.com;googleads.g.doubleclick.net;images.speedcurve.com;sc.lfeeder.com;speedcurve.com;stats.g.doubleclick.net;tr-rc.lfeeder.com;www.google.com;www.googletagmanager.com;www.speedcurve.com
7920,dtp-gateway-prod-global.dsp-plus-backend.aws.oath.cloud,1,dtp-gateway-prod-global.dsp-plus-backend.aws.oath.cloud
7924,sync-dsp.ad-m.asia,1,sync-dsp.ad-m.asia
7927,sojern.com,64,117967078.intellimizeio.com;accounts.finsweet.com;ajax.googleapis.com;analytics.google.com;api.intellimize.co;app.factors.ai;bat.bing.com;cdn.cookielaw.org;cdn.drda.io;cdn.dreamdata.cloud;cdn.intellimize.co;cdn.jetboost.io;cdn.jsdelivr.net;cdn.matomo.cloud;cdn.prod.website-files.com;cm.g.doubleclick.net;connect.facebook.net;d.adroll.com;d3e54v103j8qbb.cloudfront.net;dsum-sec.casalemedia.com;eb2.3lift.com;fonts.googleapis.com;fonts.gstatic.com;geolocation.onetrust.com;googleads.g.doubleclick.net;ib.adnxs.com;idsync.rlcdn.com;image2.pubmatic.com;js.stripe.com;kit.fontawesome.com;lex.33across.com;log.intellimize.co;m.stripe.com;m.stripe.network;match.adsrvr.org;ml314.com;pi.pardot.com;pippio.com;pixel.rubiconproject.com;pixel.sojern.com;pixel.tapad.com;ps.eyeota.net;px.ads.linkedin.com;s.adroll.com;secure.visionary-business-52.com;snap.licdn.com;sojern.com;sojern.my.salesforce-scrt.com;sojern.my.site.com;static.hotjar.com;static.sojern.com;stats.g.doubleclick.net;sync.outbrain.com;sync.taboola.com;us-u.openx.net;web.sojern.com;www.clarity.ms;www.google-analytics.com;www.google.com;www.googleadservices.com;www.googletagmanager.com;www.linkedin.com;www.sojern.com;x.bidswitch.net
7930,merchandise.opera-api2.com,1,merchandise.opera-api2.com
7932,s.twitter.com,1,s.twitter.com
7933,app.usercentrics.eu,1,app.usercentrics.eu
7934,soundcloud.com,73,74004bed883b9496891727d0e445aea4.safeframe.googlesyndication.com;a-v2.sndcdn.com;accounts.google.com;ads.pubmatic.com;alb.reddit.com;ams-pageview-public.s3.amazonaws.com;analytics.google.com;api-auth.soundcloud.com;api-v2.soundcloud.com;api.id5-sync.com;c.amazon-adsystem.com;cadmus.script.ac;cdn.adswizz.com;cdn.cookielaw.org;cdn.id5-sync.com;cdn.moengage.com;cdn.taboola.com;config.aps.amazon-adsystem.com;connect.facebook.net;dn0qt3r0xannq.cloudfront.net;dsum-sec.casalemedia.com;dwt.soundcloud.com;edge.aditude.io;ep1.adtrafficquality.google;ep2.adtrafficquality.google;esp.rtbhouse.com;geo-location.prebid.cloud;geo.aditude.io;geolocation.onetrust.com;gum.criteo.com;htlbid.com;i1.sndcdn.com;id.crwdcntrl.net;id5-sync.com;idsync.rlcdn.com;image2.pubmatic.com;invstatic101.creativecdn.com;lb.eu-1-id5-sync.com;lbs.eu-1-id5-sync.com;lexicon.33across.com;listen.audiohook.com;p.rfihub.com;pagead2.googlesyndication.com;pippio.com;pixel-config.reddit.com;pixel.rubiconproject.com;prodregistryv2.org;px.ads.linkedin.com;raven-edge.aditude.io;rules.quantcount.com;sb.scorecardresearch.com;secure-assets.rubiconproject.com;secure.cdn.fastclick.net;secure.quantserve.com;secure.sndcdn.com;secure.soundcloud.com;securepubads.g.doubleclick.net;soundcloud.com;static.criteo.net;stats.g.doubleclick.net;style.sndcdn.com;synchrobox.adswizz.com;synchroscript.deliveryengine.adswizz.com;tags.crwdcntrl.net;ups.analytics.yahoo.com;wa.appsflyersdk.com;wa.onelink.me;websdk.appsflyersdk.com;www.google-analytics.com;www.google.com;www.googletagmanager.com;www.gstatic.com;www.redditstatic.com
7936,afdcanary.officeapps.live.com,1,afdcanary.officeapps.live.com
7938,hb.minutemedia-prebid.com,1,hb.minutemedia-prebid.com
7940,mobiletelemetry.ebay.com,1,mobiletelemetry.ebay.com
7941,cdn.boomtrain.com,1,cdn.boomtrain.com
7942,ae01.alicdn.com,1,ae01.alicdn.com
7943,imdb.com,3,1c5c1ecf7303.c0b160fb.us-east-1.token.awswaf.com;imdb.com;www.imdb.com
7944,log32-normal-no1a.tiktokv.eu,1,log32-normal-no1a.tiktokv.eu
7945,imageservice.disco.peacocktv.com,1,imageservice.disco.peacocktv.com
7950,info.startappservice.com,1,info.startappservice.com
7953,cf-byoip.web.us-east-1.prod.diagnostic.networking.aws.dev,1,cf-byoip.web.us-east-1.prod.diagnostic.networking.aws.dev
7954,pull-flv-f58-tt04.tiktokcdn-eu.com,1,pull-flv-f58-tt04.tiktokcdn-eu.com
7955,flask.nextdoor.com,1,flask.nextdoor.com
7956,cse.google.com,6,ajax.googleapis.com;fonts.googleapis.com;fonts.gstatic.com;www.google-analytics.com;www.googletagmanager.com;www.gstatic.com
7957,gameplayapi.intel.com,1,gameplayapi.intel.com
7958,graph.oculus.com,1,graph.oculus.com
7962,images-eu.ssl-images-amazon.com,1,images-eu.ssl-images-amazon.com
7963,gateway-us-east1-c.discord.gg,1,gateway-us-east1-c.discord.gg
7967,pac.zdxcloud.net,1,pac.zdxcloud.net
7970,www.google.co.th,3,ogads-pa.clients6.google.com;play.google.com;www.gstatic.com
7971,onedriveclubprodbn20049.blob.core.windows.net,1,onedriveclubprodbn20049.blob.core.windows.net
7972,vulcan5.branch.io,1,vulcan5.branch.io
7974,api-m.paypal.com,1,api-m.paypal.com
7978,tappx.com,6,challenges.cloudflare.com;fonts.googleapis.com;fonts.gstatic.com;stats.wp.com;tappx.com;www.tappx.com
7979,v16m.tiktokcdn-eu.com,1,v16m.tiktokcdn-eu.com
7981,a-pdx.1rx.io,1,a-pdx.1rx.io
7982,adaptiva.cloud,2,adaptiva.cloud;console.adaptiva.cloud
7983,o22381.ingest.sentry.io,1,o22381.ingest.sentry.io
7984,sisu.xboxlive.com,1,sisu.xboxlive.com
7989,urlite.ff.avast.com,1,urlite.ff.avast.com
7990,audid-api.taobao.com,1,audid-api.taobao.com
7993,consentmanager.net,9,app.consentmanager.net;b.delivery.consentmanager.net;c.delivery.consentmanager.net;cdn.consentmanager.net;consentmanager.net;delivery.consentmanager.net;eu-cdn.acsbapp.com;eu.acsbapp.com;www.consentmanager.net
7995,sf19-music.tiktokcdn-eu.com,1,sf19-music.tiktokcdn-eu.com
7997,adx-id.ads.heytapmobile.com,1,adx-id.ads.heytapmobile.com
7998,www.pullcm.com,1,www.pullcm.com
8001,sandbox.opendns.com,1,sandbox.opendns.com
8002,cdn.auth0.com,1,cdn.auth0.com
8005,global.prod.microsoftmetrics.com,6,aadcdn.msauth.net;aadcdn.msauthimages.net;autologon.microsoftazuread-sso.com;global.prod.microsoftmetrics.com;login.live.com;login.microsoftonline.com
8007,gateway-us-east1-d.discord.gg,1,gateway-us-east1-d.discord.gg
8009,e5a6ae085b6c43020dea230eb0c0ecc33a188227507da97b8ecc05eb8beace6.us-east-1.prod.service.minerva.devices.a2z.com,1,e5a6ae085b6c43020dea230eb0c0ecc33a188227507da97b8ecc05eb8beace6.us-east-1.prod.service.minerva.devices.a2z.com
8011,us-trc-events.taboola.com,1,us-trc-events.taboola.com
8012,ftsns1.rbxcdn.com,1,ftsns1.rbxcdn.com
8015,grid-mercury.criteo.com,1,grid-mercury.criteo.com
8016,dailyinnovation.biz,1,dailyinnovation.biz
8019,js.datadome.co,1,js.datadome.co
8020,api3.siftscience.com,1,api3.siftscience.com
8022,www.affirm.com,42,13382940.fls.doubleclick.net;ad.doubleclick.net;adservice.google.com;alb.reddit.com;analytics.google.com;api.company-target.com;api2.branch.io;app.link;beacon.lynx.cognitivlabs.com;cdn.branch.io;cdn.cookielaw.org;cdn.jsdelivr.net;cdn1.affirm.com;connect.facebook.net;dsum-sec.casalemedia.com;geolocation.onetrust.com;googleads.g.doubleclick.net;id.rlcdn.com;idsync.rlcdn.com;images.ctfassets.net;info.affirm.com;lottie.host;o4506950416203776.ingest.us.sentry.io;partners.tremorhub.com;pi.pardot.com;pixel-config.reddit.com;pixel.rubiconproject.com;s.company-target.com;s.pinimg.com;segments.company-target.com;static.cloudflareinsights.com;static.hotjar.com;stats.g.doubleclick.net;tag.demandbase.com;tracking-api.g2.com;tracking.g2crowd.com;videos.ctfassets.net;www.affirm.com;www.google.com;www.googleadservices.com;www.googletagmanager.com;www.redditstatic.com
8023,na1e-acc.services.adobe.com,1,na1e-acc.services.adobe.com
8025,assets.strpst.com,1,assets.strpst.com
8027,platform.linkedin.com,2,platform.linkedin.com;static.licdn.com
8028,rudderlabs.com,27,a.quora.com;alb.reddit.com;c.bing.com;c.clarity.ms;cdn.claydar.com;cdn.ketchjs.com;cdn.sanity.io;cdn.snitcher.com;cdn.sy-d.io;global.ketchcdn.com;googleads.g.doubleclick.net;js.qualified.com;pixel-config.reddit.com;px.ads.linkedin.com;rudderlabs.com;rudderstack.com;s.clarity.ms;scripts.clarity.ms;snap.licdn.com;static.claydar.com;www.clarity.ms;www.google-analytics.com;www.google.com;www.googletagmanager.com;www.linkedin.com;www.redditstatic.com;www.rudderstack.com
8029,gpi1.life360.com,2,gpi1.life360.com;static.cloudflareinsights.com
8037,sendgrid.net,1,sendgrid.net
8038,ads.nextdoor.com,26,ads.nextdoor.com;api.mapbox.com;api2.branch.io;app.link;bat.bing.com;cdn.branch.io;cdn.zapier.com;connect.facebook.net;d19rpgkrjeba2z.cloudfront.net;d3vi5vrrv1t5af.cloudfront.net;fonts.googleapis.com;googleads.g.doubleclick.net;js.stripe.com;measure.nextdoor.com;o77029.ingest.sentry.io;r.stripe.com;s.clarity.ms;scripts.clarity.ms;sdk.privacy-center.org;service.force.com;use.fontawesome.com;www.clarity.ms;www.google-analytics.com;www.googletagmanager.com;www3.doubleclick.net;zna2aeaqmlr4aozkq-nextdoor.siteintercept.qualtrics.com
8039,completion.amazon.com,1,completion.amazon.com
8040,bcti.brightcloud.com,4,bcti.brightcloud.com;static.hotjar.com;www.google-analytics.com;www.googletagmanager.com
8041,cm.ctnsnet.com,1,cm.ctnsnet.com
8043,bobapsoabauns.com,1,bobapsoabauns.com
8044,id.supercell.com,5,accounts.supercell.com;cdn.cookielaw.org;cdn.supercell.com;geolocation.onetrust.com;id.supercell.com
8045,cdn.acsbapp.com,1,cdn.acsbapp.com
8047,web-chat-e2ee.instagram.com,2,static.facebook.com;web-chat-e2ee.instagram.com
8048,visitor-ow.omnitagjs.com,1,visitor-ow.omnitagjs.com
8049,pull-f5-sg01.tiktokcdn-us.com,1,pull-f5-sg01.tiktokcdn-us.com
8051,logsdk.kwai-pro.com,1,logsdk.kwai-pro.com
8054,vjs.zencdn.net,1,vjs.zencdn.net
8055,consent.cmp.oath.com,1,consent.cmp.oath.com
8061,cnstrc.com,1,cnstrc.com
8062,capitalone.com,23,806653.fls.doubleclick.net;8591251.fls.doubleclick.net;ad.doubleclick.net;adservice.google.com;bam.nr-data.net;bfp.capitalone.com;capitalone-resources.digital-cloud.medallia.com;capitalone.com;capitaloneservices.demdex.net;capitaloneservices.tt.omtrdc.net;cm.everesttech.net;dpm.demdex.net;ecm.capitalone.com;googleads.g.doubleclick.net;js-agent.newrelic.com;onetms.capitalone.com;potomac-clickstream.capitalone.com;smetrics.capitalone.com;verified.capitalone.com;www.capitalone.com;www.google-analytics.com;www.google.com;www.googletagmanager.com
8066,people.api.boomtrain.com,1,people.api.boomtrain.com
8067,v15m.tiktokcdn-eu.com,1,v15m.tiktokcdn-eu.com
8070,t2.xiaohongshu.com,1,t2.xiaohongshu.com
8071,f-log-mac-extension.grammarly.io,1,f-log-mac-extension.grammarly.io
8073,tsa.webex.com,1,tsa.webex.com
8074,images.mediago.io,1,images.mediago.io
8075,skyoverride.webrootcloudav.com,1,skyoverride.webrootcloudav.com
8077,library-service.live.use1a.on.epicgames.com,1,library-service.live.use1a.on.epicgames.com
8078,canary.officeapps.live.com,1,canary.officeapps.live.com
8079,vod-adaptive-ak.vimeocdn.com,1,vod-adaptive-ak.vimeocdn.com
8082,page.cdnbasket.net,1,page.cdnbasket.net
8084,gateway-us-east1-b.discord.gg,1,gateway-us-east1-b.discord.gg
8088,ch-wf.taboola.com,1,ch-wf.taboola.com
8089,bbc.com,48,a1.api.bbc.com;ads.undertone.com;api.permutive.com;bbc.com;browser.covatic.io;buy-eu.piano.io;c2-eu.piano.io;cdn.cxense.com;cdn.doubleverify.com;cdn.optimizely.com;cdn.permutive.com;cdn.privacy-mgmt.com;cdn.tinypass.com;cdn.undertone.com;cdnjs.cloudflare.com;cm.g.doubleclick.net;dbe6197c748edafa2a8cc9e7b4b558b1.safeframe.googlesyndication.com;e488cdb0-e7cb-4d91-9648-60d437d8e491.prmutv.co;edigitalsurvey.com;emp.bbci.co.uk;ep1.adtrafficquality.google;ep2.adtrafficquality.google;gn-web-assets.api.bbc.com;ib.adnxs.com;ichef.bbci.co.uk;jssdkcdns.mparticle.com;logx.optimizely.com;mobile-cvc-nv-bbc-web.covatic.io;mybbc-analytics.files.bbci.co.uk;p1cluster.cxense.com;pagead2.googlesyndication.com;prebid.the-ozone-project.com;pub.doubleverify.com;rm-script.dotmetrics.net;sb.scorecardresearch.com;scripts.webcontentassessor.com;secure-us.imrworldwide.com;securepubads.g.doubleclick.net;static.bbci.co.uk;static.chartbeat.com;static.files.bbci.co.uk;stats-collector.cxense.com;tpc.googlesyndication.com;uk-script.dotmetrics.net;vtrk.dv.tech;web-cdn.api.bbci.co.uk;www.bbc.co.uk;www.google.com
8091,www.icloud.com,4,appleid.cdn-apple.com;setup.icloud.com;www.apple.com;www.icloud.com
8094,view.cdnbasket.net,1,view.cdnbasket.net
8097,clientsapigw.us-east-1.prod.gws.ring.amazon.dev,1,clientsapigw.us-east-1.prod.gws.ring.amazon.dev
8099,d.btttag.com,1,d.btttag.com
8101,buttons-config.sharethis.com,1,buttons-config.sharethis.com
8103,data.cdnbasket.net,1,data.cdnbasket.net
8104,p16-catalog-sg.ibyteimg.com,1,p16-catalog-sg.ibyteimg.com
8105,s.clarity.ms,1,s.clarity.ms
8108,ipv4.podscribe.com,1,ipv4.podscribe.com
8112,media.canva.com,1,media.canva.com
8113,imp.control.kochava.com,1,imp.control.kochava.com
8114,zinfandel.rmm.datto.com,5,auth.datto.com;ka-p.fontawesome.com;kit.fontawesome.com;walkme.portal.datto.com;zinfandel.rmm.datto.com
8119,ssbsync-geo.smartadserver.com,1,ssbsync-geo.smartadserver.com
8122,disney.my.sentry.io,6,disney.my.sentry.io;js.stripe.com;m.stripe.com;m.stripe.network;reload.getsentry.net;sentry.io
8127,knowbe4.com,49,241394.hs-sites.com;7052064.fs1.hubspotusercontent-na1.net;alb.reddit.com;analytics.google.com;api.hubapi.com;app.hubspot.com;bat.bing.com;c.6sc.co;c.clarity.ms;cdn.debugbear.com;cdn.optimizely.com;epsilon.6sense.com;fonts.googleapis.com;fonts.gstatic.com;forms-na1.hsforms.com;googleads.g.doubleclick.net;ipv6.6sc.co;j.6sc.co;js.hs-analytics.net;js.hs-banner.com;js.hsadspixel.net;js.hsforms.net;js.hubspot.com;js.qualified.com;js.usemessages.com;js.zi-scripts.com;knowbe4.com;logx.optimizely.com;perf-na1.hsforms.com;pixel-config.reddit.com;player.vimeo.com;px.ads.linkedin.com;s.clarity.ms;scout-cdn.salesloft.com;scout.salesloft.com;scripts.clarity.ms;secure.adnxs.com;snap.licdn.com;stats.g.doubleclick.net;tracking-api.g2.com;tracking.g2crowd.com;ws.zoominfo.com;www.clarity.ms;www.google.com;www.googleadservices.com;www.googletagmanager.com;www.knowbe4.com;www.linkedin.com;www.redditstatic.com
8137,news.google.com,10,encrypted-tbn0.gstatic.com;encrypted-tbn1.gstatic.com;encrypted-tbn3.gstatic.com;fonts.googleapis.com;fonts.gstatic.com;ogads-pa.clients6.google.com;ssl.gstatic.com;www.google-analytics.com;www.googletagmanager.com;www.gstatic.com
8141,podcasts.apple.com,4,daf.xp.apple.com;is1-ssl.mzstatic.com;podcasts.apple.com;www.apple.com
8142,update-concord.centrastage.net,1,update-concord.centrastage.net
8144,js.hcaptcha.com,1,js.hcaptcha.com
8145,t.seedtag.com,1,t.seedtag.com
8149,amazon.de,7,1c5c1ecf7303.c0b160fb.us-east-1.token.awswaf.com;amazon.de;fls-eu.amazon.de;images-eu.ssl-images-amazon.com;m.media-amazon.com;unagi.amazon.de;www.amazon.de
8153,rc.rlcdn.com,1,rc.rlcdn.com
8154,scs.obi.aol.com,1,scs.obi.aol.com
8158,cdn3.optimizely.com,1,cdn3.optimizely.com
8161,api.bcti.brightcloud.com,1,api.bcti.brightcloud.com
8165,geo-tracker.smadex.com,1,geo-tracker.smadex.com
8167,bravesoftware.com,1,bravesoftware.com
8168,launches.appsflyer.com,1,launches.appsflyer.com
8171,static.cdn.pixad.com.tr,1,static.cdn.pixad.com.tr
8173,homecloudcastsdk-pa.googleapis.com,1,www.google.com
8175,rapidssl.com,20,8182015.fls.doubleclick.net;api.company-target.com;api.userway.org;assets.adobedtm.com;cdn.pendo.io;cdn.userway.org;cm.everesttech.net;data.pendo.io;digicert.demdex.net;dpm.demdex.net;eu-assets.i.posthog.com;eu.i.posthog.com;img04.en25.com;rapidssl.com;s1701211846.t.eloqua.com;smetrics.digicert.com;transcend-cdn.com;www.google-analytics.com;www.google.com;www.googletagmanager.com
8176,eu-api.asm.skype.com,1,eu-api.asm.skype.com
8177,ekatox.com,1,ekatox.com
8178,usersync.samplicio.us,1,usersync.samplicio.us
8183,matchadsrvr.yieldmo.com,1,matchadsrvr.yieldmo.com
8187,ash-prebid.a-mx.net,1,ash-prebid.a-mx.net
8189,feature-a.wbx2.com,1,feature-a.wbx2.com
8193,amer04.azure-devices.net,1,amer04.azure-devices.net
8194,z-m-graph.facebook.com,1,z-m-graph.facebook.com
8199,usea1-015.sentinelone.net,3,cdn.pendo.io;content.pendo.sentinelone.net;usea1-015.sentinelone.net
8200,concord-monitoring.centrastage.net,1,concord-monitoring.centrastage.net
8201,ios18.push.prod.netflix.com,1,ios18.push.prod.netflix.com
8203,wix.com,34,0784b118-1f4f-4e40-8fb4-dd835f835427.usrfiles.com;4382365.fls.doubleclick.net;accounts.google.com;ad.doubleclick.net;adservice.google.com;analytics.google.com;analytics.twitter.com;bat.bing.com;browser.sentry-cdn.com;bundler-velo.parastorage.com;cdn.mgln.ai;frog.wix.com;googleads.g.doubleclick.net;manage.wix.com;panorama.wixapps.net;pixel.tapad.com;px.ads.linkedin.com;s.pinimg.com;s.yimg.com;siteassets.parastorage.com;snap.licdn.com;sp.analytics.yahoo.com;static.ads-twitter.com;static.parastorage.com;stats.g.doubleclick.net;t.co;unpkg.com;wix-2-adswizz.attribution.adswizz.com;wix.com;www.google.com;www.googleadservices.com;www.googletagmanager.com;www.linkedin.com;www.wix.com
8205,data.adsrvr.org,1,data.adsrvr.org
8206,cws-us-east.conviva.com,1,cws-us-east.conviva.com
8211,checkip.us-east-1.prod.check-ip.aws.a2z.com,1,checkip.us-east-1.prod.check-ip.aws.a2z.com
8215,wsv3cdn.audioeye.com,1,wsv3cdn.audioeye.com
8217,cdn-widgetsrepository.yotpo.com,1,cdn-widgetsrepository.yotpo.com
8220,mcc.intl.inf.miui.com,1,mcc.intl.inf.miui.com
8221,cdn.speedcurve.com,1,cdn.speedcurve.com
8222,sp.itunes.apple.com,1,sp.itunes.apple.com
8223,mp.weixin.qq.com,4,badjs.weixinbridge.com;captcha.gtimg.com;mp.weixin.qq.com;res.wx.qq.com
8224,survicate.com,30,a.survicate.com;ajax.googleapis.com;analytics.ahrefs.com;assets.survicate.com;cdn.prod.website-files.com;consent.cookiebot.com;consentcdn.cookiebot.com;d3e54v103j8qbb.cloudfront.net;fonts.googleapis.com;fonts.gstatic.com;grsm.io;gtm.survicate.com;ipapi.co;js.hs-analytics.net;js.hs-banner.com;js.hs-scripts.com;js.partnerstack.com;pagead2.googlesyndication.com;partnerlinks.io;sc.lfeeder.com;survey.survicate.com;surveys-static-prd.survicate-cdn.com;survicate.com;tr.lfeeder.com;track.hubspot.com;tracking-api.g2.com;tracking.g2crowd.com;try.survicate.com;widget.intercom.io;www.googletagmanager.com
8226,signaler-pa.youtube.com,1,www.google.com
8228,pull-q5-sg01.tiktokcdn-us.com,1,pull-q5-sg01.tiktokcdn-us.com
8229,cksync.yahoo.co.jp,2,cksync.yahoo.co.jp;s.yimg.jp
8232,h.trace.qq.com,1,h.trace.qq.com
8234,track.celtra.com,1,track.celtra.com
8235,updates.bravesoftware.com,1,updates.bravesoftware.com
8236,iana.org,5,clients1.google.com;cse.google.com;iana.org;www.google.com;www.iana.org
8237,userstats.xboxlive.com,1,userstats.xboxlive.com
8238,mboxedge34.tt.omtrdc.net,1,mboxedge34.tt.omtrdc.net
8239,metrics-dra.dt.hicloud.com,1,metrics-dra.dt.hicloud.com
8240,doh.sandbox.opendns.com,1,doh.sandbox.opendns.com
8242,imgur.com,131,aa.agkn.com;aax-eu.amazon-adsystem.com;ab.dns-finder.com;ad-delivery.net;ad.360yield.com;ad.doubleclick.net;ad.turn.com;ads.assemblyexchange.com;ads.betweendigital.com;ads.pubmatic.com;ads.yieldmo.com;api.btloader.com;api.imgur.com;api.rlcdn.com;b1sync.outbrain.com;b1sync.zemanta.com;bb.lijit.com;bcp.crwdcntrl.net;bh.contextweb.com;btloader.com;c1.adform.net;capi.connatix.com;cdn.id5-sync.com;cdn.jsdelivr.net;cdn.lilsnack.co;ce.lijit.com;ced-ns.sascdn.com;ced.sascdn.com;cm.g.doubleclick.net;cms.analytics.yahoo.com;code.jquery.com;connectid.analytics.yahoo.com;crb.kargo.com;creativecdn.com;cs-rtb.minutemedia-prebid.com;cs-server-s2s.yellowblue.io;cs.admanmedia.com;cs.emxdgt.com;cs.krushmedia.com;cs.media.net;cs.playdigo.com;csync.loopme.me;d3c8j8snkzfr1n.cloudfront.net;delivery.adrecover.com;dmp.im-apps.net;dpm.demdex.net;dt.adsafeprotected.com;eb2.3lift.com;esp.rtbhouse.com;eus.rubiconproject.com;fonts.googleapis.com;fundingchoicesmessages.google.com;gum.criteo.com;gw-iad-bid.ymmobi.com;hb.trustedstack.com;ib.adnxs.com;id.rlcdn.com;id5-sync.com;image2.pubmatic.com;image4.pubmatic.com;image6.pubmatic.com;image8.pubmatic.com;imgur.ccgateway.net;imgur.com;inmobi-match.dotomi.com;invstatic101.creativecdn.com;ittpx-us-e.eskimi.com;ittpx.eskimi.com;js.assemblyexchange.com;js.media-lab.ai;match.adsrvr.org;match.deepintent.com;match.prod.bidr.io;match.sharethrough.com;measureadv.com;mfx.mobilefuse.com;onetag-sys.com;pagead2.googlesyndication.com;pippio.com;pixel-us-east.rubiconproject.com;pixel.onaudience.com;pixel.rubiconproject.com;pixel.tapad.com;prebid.a-mo.net;ps.eyeota.net;px.ads.linkedin.com;quicklyedit.com;rtb.adstanding.com;rtb.mfadsrvr.com;s.ad.smaato.net;s.amazon-adsystem.com;secure-assets.rubiconproject.com;secure.adnxs.com;securepubads.g.doubleclick.net;ssbsync.smartadserver.com;ssc-cms.33across.com;ssp-sync.criteo.com;ssp.disqus.com;ssum-sec.casalemedia.com;static.cloudflareinsights.com;static.criteo.net;sync.a-mo.net;sync.e-volution.ai;sync.go.sonobi.com;sync.inmobi.com;sync.intentiq.com;sync.ipredictive.com;sync.kueezrtb.com;sync.pinklion.io;sync.pmbmonetize.live;sync.srv.stackadapt.com;sync6.im-apps.net;t.adx.opera.com;tag.wknd.ai;tags.crwdcntrl.net;token.rubiconproject.com;tr.blismedia.com;tracker-shr.ortb.net;tracookiepixel.xyz;um.simpli.fi;ups.analytics.yahoo.com;us.ck-ie.com;user-sync.fwmrm.net;usync.ingage.tech;ut.pubmatic.com;visitor.omnitagjs.com;webbyword.net;www.google-analytics.com;www.googletagmanager.com;www.temu.com;x.bidswitch.net
8244,nvuprd-sfc.ivanticloud.com,1,nvuprd-sfc.ivanticloud.com
8247,crl.swisssign.net,2,crl.swisssign.net;www.swisssign.com
8248,verizon.com,28,analytics.twitter.com;assets.adobedtm.com;c.bing.com;cdn.quantummetric.com;cdn.schemaapp.com;cm.g.doubleclick.net;cms.analytics.yahoo.com;d.turn.com;dpm.demdex.net;edge.adobedc.net;googleads.g.doubleclick.net;idsync.rlcdn.com;match.adsrvr.org;s.amazon-adsystem.com;s7.vzw.com;sanalytics.verizon.com;scache-ws.vzw.com;scache1.vzw.com;scache2.vzw.com;secure.verizon.com;ss7.vzw.com;trc.taboola.com;ups.analytics.yahoo.com;verizon.com;www.google.com;www.googleadservices.com;www.googletagmanager.com;www.verizon.com
8249,editor-api-sg.capcutapi.com,1,editor-api-sg.capcutapi.com
8250,cloud-api.yandex.net,1,cloud-api.yandex.net
8252,asia-vcode-od.vivoglobal.com,1,asia-vcode-od.vivoglobal.com
8253,cf-trickplay.aux.pv-cdn.net,1,cf-trickplay.aux.pv-cdn.net
8254,iot.eu-west-1.amazonaws.com,1,iot.eu-west-1.amazonaws.com
8255,r13.c.lencr.org,1,r13.c.lencr.org
8259,squarespace.com,36,aax-eu.amazon-adsystem.com;ad.doubleclick.net;adservice.google.com;alb.reddit.com;analytics.google.com;ara.paa-reporting-advertising.amazon;assets.squarespace.com;bat.bing.com;c.amazon-adsystem.com;c.hrzn-nxt.com;cdn.mgln.ai;cm.teads.tv;connect.facebook.net;consent.trustarc.com;events.squarespace.com;ib.adnxs.com;insight.adsrvr.org;l.hrzn-nxt.com;location.squarespace.com;media-www.sqspcdn.com;o109687.ingest.sentry.io;p.teads.tv;pixel-config.reddit.com;pixel.tapad.com;s.amazon-adsystem.com;s.pinimg.com;squarespace.com;squarespace.syuh.net;static1.squarespace.com;stats.g.doubleclick.net;t.teads.tv;utt.impactcdn.com;www.google.com;www.googleadservices.com;www.googletagmanager.com;www.redditstatic.com
8260,wx.qlogo.cn,1,wx.qlogo.cn
8261,signals.urs.microsoft.com,1,signals.urs.microsoft.com
8262,analytics.us.tiktok.com,1,analytics.us.tiktok.com
8263,miracanary.officeapps.live.com,1,miracanary.officeapps.live.com
8264,my.onetrust.com,6,assets.adobedtm.com;cdn.cookielaw.org;geolocation.onetrust.com;my.onetrust.com;smetrics.onetrust.com;use.fontawesome.com
8265,pull-flv-f77-tt01-tt03.fcdn.eu.tiktokcdn.com,1,pull-flv-f77-tt01-tt03.fcdn.eu.tiktokcdn.com
8270,cdnwidget.judge.me,1,cdnwidget.judge.me
8271,trk.svr-algorix.com,1,trk.svr-algorix.com
8272,c.paypal.com,1,c.paypal.com
8273,accdn.lpsnmedia.net,1,accdn.lpsnmedia.net
8274,audio-ak.spotifycdn.com,1,audio-ak.spotifycdn.com
8275,c.az.contentsquare.net,1,c.az.contentsquare.net
8276,us05web.zoom.us,63,44.212.189.233;9513928.fls.doubleclick.net;ad.doubleclick.net;adservice.google.com;alb.reddit.com;analytics.twitter.com;api.company-target.com;bat.bing.com;c.contentsquare.net;cdn.amplitude.com;cdn.bc0a.com;cdn.cookielaw.org;cdn.jsdelivr.net;cdn.metadata.io;cm.g.doubleclick.net;collector-29673.us.tvsquared.com;connect.facebook.net;csxd.contentsquare.net;dsum-sec.casalemedia.com;dx.mountain.com;geolocation.onetrust.com;googleads.g.doubleclick.net;id.rlcdn.com;ixfd2-api.bc0a.com;js.zi-scripts.com;partners.tremorhub.com;pixel-config.reddit.com;pixel.byspotify.com;pixel.rubiconproject.com;pixels.spotify.com;px.adentifi.com;px.ads.linkedin.com;s.company-target.com;s.usea01.idio.episerver.net;s.yimg.jp;scout-cdn.salesloft.com;scout.salesloft.com;segments.company-target.com;snap.licdn.com;sr-client-cfg.amplitude.com;st1.zoom.us;static.ads-twitter.com;static.cloudflareinsights.com;t.co;t.contentsquare.net;tag-logger.demandbase.com;tag.demandbase.com;tracking-api.g2.com;tracking.g2crowd.com;trkn.us;us.telemetry.zoom.us;us01campaign.zoom.us;us05web.zoom.us;utt.impactcdn.com;ws-assets.zoominfo.com;ws.zoominfo.com;www.google.com;www.googletagmanager.com;www.linkedin.com;www.redditstatic.com;www.zoom.com;zoom.sjv.io;zoom.us
8277,lms.roblox.com,1,lms.roblox.com
8280,prdw-hub-us.prd.rings.solutions,1,prdw-hub-us.prd.rings.solutions
8282,manifest.localytics.com,1,manifest.localytics.com
8284,quilvem.com,1,quilvem.com
8285,survey.survicate.com,30,a.survicate.com;ajax.googleapis.com;analytics.ahrefs.com;assets.survicate.com;cdn.prod.website-files.com;consent.cookiebot.com;consentcdn.cookiebot.com;d3e54v103j8qbb.cloudfront.net;fonts.googleapis.com;fonts.gstatic.com;grsm.io;gtm.survicate.com;ipapi.co;js.hs-analytics.net;js.hs-banner.com;js.hs-scripts.com;js.partnerstack.com;pagead2.googlesyndication.com;partnerlinks.io;sc.lfeeder.com;survey.survicate.com;surveys-static-prd.survicate-cdn.com;survicate.com;tr.lfeeder.com;track.hubspot.com;tracking-api.g2.com;tracking.g2crowd.com;try.survicate.com;widget.intercom.io;www.googletagmanager.com
8286,s.quilvem.com,1,s.quilvem.com
8287,alidns.com,20,alidns.com;alidt.alicdn.com;alioth.alicdn.com;aliyun-page.cn-hangzhou.log.aliyuncs.com;at.alicdn.com;bridge.aliyun.com;cloud-assets.alicdn.com;cn.aliyun.com;cws.alicdn.com;fecs.console.aliyun.com;fourier.alibaba.com;fourier.taobao.com;g.alicdn.com;intl.aliyun.com;log.mmstat.com;page.aliyun.com;query.aliyun.com;t.aliyun.com;website.alyasset.com;www.aliyun.com
8289,mydefender.microsoft.com,51,a.tribalfusion.com;analytics.twitter.com;api.company-target.com;assets.adobedtm.com;browser.events.data.microsoft.com;bttrack.com;c.bing.com;c.s-microsoft.com;cdn-dynmedia-1.microsoft.com;cm.everesttech.net;cm.g.doubleclick.net;cms.analytics.yahoo.com;cms.quantserve.com;dpm.demdex.net;ds.reson8.com;dsum-sec.casalemedia.com;edge.adobedc.net;go.microsoft.com;ib.adnxs.com;id.rlcdn.com;idpix.media6degrees.com;jadserve.postrelease.com;js.monitor.azure.com;login.live.com;login.microsoftonline.com;match.adsrvr.org;mem.gfx.ms;microsoft.com;mscom.demdex.net;msftenterprise.sc.omtrdc.net;mydefender.microsoft.com;partners.tremorhub.com;pixel.rubiconproject.com;play.vidyard.com;px.owneriq.net;rtd-tm.everesttech.net;rtd.tubemogul.com;rum.hlx.page;s.clarity.ms;s.company-target.com;scripts.clarity.ms;segments.company-target.com;servedby.flashtalking.com;tag-logger.demandbase.com;tag.demandbase.com;target.microsoft.com;uhf.microsoft.com;ups.analytics.yahoo.com;wcpstatic.microsoft.com;www.clarity.ms;www.microsoft.com
8290,t.dtscout.com,1,t.dtscout.com
8293,ahrefs.com,7,ahrefs.com;cdn-cookieyes.com;cdn.jsdelivr.net;directory.cookieyes.com;log.cookieyes.com;static.cloudflareinsights.com;www.googletagmanager.com
8294,appdynamics.com,66,128-239-2-78_s-2-18-67-67_ts-1776305037-clienttons-s.akamaihd.net;173bf106.akstat.io;35.160.46.251;984-xhe-138.mktoresp.com;a.usbrowserspeed.com;adobedc.demdex.net;alb.reddit.com;analytics.google.com;analytics.twitter.com;api.ipify.org;appdynamics.com;bat.bing.com;bttrack.com;c.clarity.ms;c.go-mpulse.net;cdn.bttrack.com;cdn.cookielaw.org;cdn.signalfx.com;cdn1.adoberesources.net;cisco-tags.cisco.com;cisco.demdex.net;cms.analytics.yahoo.com;cnv.event.prod.bidr.io;connect.facebook.net;dpm.demdex.net;dx.mountain.com;edge.adobedc.net;epsilon.6sense.com;geolocation.onetrust.com;googleads.g.doubleclick.net;id.cisco.com;ipv6.6sc.co;j.6sc.co;js.zi-scripts.com;munchkin.marketo.net;pixel-config.reddit.com;px.ads.linkedin.com;qdxqetqx3xr2m2paiogq-p6ozt6-4d3ebb53c-clientnsv4-s.akamaihd.net;rum-ingest.us1.signalfx.com;s.clarity.ms;s.go-mpulse.net;s.yimg.jp;scripts.clarity.ms;sgtm.splunk.com;smetrics.cisco.com;snap.licdn.com;stats.g.doubleclick.net;tags.srv.stackadapt.com;tags.tiqcdn.com;tracking.intentsify.io;trial-eum-clientnsv4-s.akamaihd.net;trial-eum-clienttons-s.akamaihd.net;trk.techtarget.com;ups.analytics.yahoo.com;v2.listenloop.com;web-sdk.smartlook.com;ws.zoominfo.com;www.appdynamics.com;www.cisco.com;www.clarity.ms;www.google-analytics.com;www.google.com;www.googletagmanager.com;www.linkedin.com;www.redditstatic.com;www.splunk.com
8296,westeurope-5.in.applicationinsights.azure.com,1,westeurope-5.in.applicationinsights.azure.com
8299,xg4ken.com,4,cdn01.smartling.com;kenshoo.com;use.typekit.net;xg4ken.com
8303,signaling.vn.teslamotors.com,1,signaling.vn.teslamotors.com
8305,realtime.clinch.co,1,realtime.clinch.co
8306,userdata.sr.roku.com,1,userdata.sr.roku.com
8309,meg.disco.peacocktv.com,1,meg.disco.peacocktv.com
8310,vafw.adsafeprotected.com,1,vafw.adsafeprotected.com
8311,east.srv.stackadapt.com,1,east.srv.stackadapt.com
8312,cc-api-data-ue1.adobe.io,1,cc-api-data-ue1.adobe.io
8313,lg1.hb.trustedstack.com,1,lg1.hb.trustedstack.com
8314,api.bitdrift.io,1,api.bitdrift.io
8315,titlestorage.xboxlive.com,1,titlestorage.xboxlive.com
8318,amer02.azure-devices.net,1,amer02.azure-devices.net
8320,wallet.cdn-apple.com,1,wallet.cdn-apple.com
8321,loop.cloud.microsoft,6,csp.microsoft.com;eu-office.events.data.microsoft.com;loop.cloud.microsoft;res-1.cdn.office.net;res.cdn.office.net;wcpstatic.microsoft.com
8322,is5-ssl.mzstatic.com,1,is5-ssl.mzstatic.com
8323,flash.sec.intl.miui.com,2,cnbj3-fusion.fds.api.xiaomi.com;flash.sec.intl.miui.com
8324,is4-ssl.mzstatic.com,1,is4-ssl.mzstatic.com
8325,accountinformation.roblox.com,1,accountinformation.roblox.com
8326,auth.hulu.com,1,auth.hulu.com
8329,prod-dynamite-prod-00-us-signaler-pa.clients6.google.com,1,www.google.com
8330,settings.visualstudio.microsoft.com,1,settings.visualstudio.microsoft.com
8331,prod-ue.xobni.yahoo.com,39,ad-delivery.net;ads.pubmatic.com;ads.yieldmo.com;api.rlcdn.com;c2shb-oao.ssp.yahoo.com;cdn.p-n.io;cdn.taboola.com;cm.g.doubleclick.net;consent.cmp.oath.com;d2mqt2joll4fma.cloudfront.net;display.bidder.taboola.com;exchange.kueezrtb.com;fastlane.rubiconproject.com;grid-bidder.criteo.com;guce.yahoo.com;htlb.casalemedia.com;ib.adnxs.com;idx.liadm.com;ncp-gw-frontpage.media.yahoo.com;nexus-gateway-prod.media.yahoo.com;noa.yahoo.com;opus.analytics.yahoo.com;pbs-cs.minutemedia-prebid.com;pbs.yahoo.com;prebid-server.rubiconproject.com;prebid.media.net;prod-ue.xobni.yahoo.com;rp.liadm.com;rtb.openx.net;s.seedtag.com;s.yimg.com;sb.scorecardresearch.com;securepubads.g.doubleclick.net;signal-service.pbs.yahoo.com;tlx.3lift.com;ups.analytics.yahoo.com;wnsrvbjmeprtfrnfx.ay.delivery;www.googletagmanager.com;www.yahoo.com
8333,officehub.nel.measure.office.net,2,ajax.aspnetcdn.com;officehub.nel.measure.office.net
8334,www.xiaohongshu.com,6,as.xiaohongshu.com;fe-platform.xhscdn.com;fe-static.xhscdn.com;fe-video-qc.xhscdn.com;sns-webpic-qc.xhscdn.com;www.xiaohongshu.com
8336,api.rb.sbixby.com,1,api.rb.sbixby.com
8344,www.pullcf.com,1,www.pullcf.com
8345,prod-dynamite-prod-07-us-signaler-pa.clients6.google.com,1,www.google.com
8349,statsig.com,17,a.usbrowserspeed.com;api.cr-relay.com;api.vector.co;bzrcdn.openai-staging.com;cdn.cr-relay.com;cdn.vector.co;featureassets.org;googleads.g.doubleclick.net;prodregistryv2.org;px.ads.linkedin.com;snap.licdn.com;statsig.com;tag.unifyintent.com;www.google-analytics.com;www.google.com;www.googletagmanager.com;www.linkedin.com
8351,intunemaape1.eus.attest.azure.net,1,intunemaape1.eus.attest.azure.net
8354,revjet.com,29,analytics.google.com;api.hubapi.com;app.hubspot.com;c.bing.com;c.clarity.ms;connect.facebook.net;fonts.gstatic.com;forms-na1.hsforms.com;googleads.g.doubleclick.net;js.hs-analytics.net;js.hs-banner.com;js.hsadspixel.net;js.hsforms.net;js.hubspot.com;js.zi-scripts.com;perf-na1.hsforms.com;revjet.com;s.clarity.ms;scout-cdn.salesloft.com;scout.salesloft.com;scripts.clarity.ms;stats.g.doubleclick.net;ws-assets.zoominfo.com;ws.zoominfo.com;www.clarity.ms;www.google.com;www.googleadservices.com;www.googletagmanager.com;www.innervate.com
8355,ozon.ru,2,cdn1.ozone.ru;ozon.ru
8357,ab8mt4dd97et.api.amazonvideo.com,1,ab8mt4dd97et.api.amazonvideo.com
8358,fcmatch.google.com,1,www.google.com
8359,prod-dynamite-prod-04-us-signaler-pa.clients6.google.com,1,www.google.com
8360,ucweb.com,11,analytics.google.com;g.alicdn.com;gjtrack.ucweb.com;img.ucshare.app;intl-cms-service.ucweb.com;px-intl.ucweb.com;static.hotjar.com;stats.g.doubleclick.net;ucweb.com;www.googletagmanager.com;www.ucweb.com
8364,alertustech.com,16,alertustech.com;assets.squarespace.com;code.jquery.com;definitions.sqspcdn.com;fonts.googleapis.com;images.squarespace-cdn.com;p.typekit.net;pi.pardot.com;static1.squarespace.com;subscriptions.smartrecruiters.com;use.typekit.net;www.alertus.com;www.google-analytics.com;www.googletagmanager.com;www.gstatic.com;www2.alertus.com
8365,prod-dynamite-prod-09-us-signaler-pa.clients6.google.com,1,www.google.com
8367,o.clarity.ms,1,o.clarity.ms
8368,prod-dynamite-prod-06-us-signaler-pa.clients6.google.com,1,www.google.com
8369,prod-us1.meraki-sdavc-saas.com,1,prod-us1.meraki-sdavc-saas.com
8371,npr.org,47,6635101.fls.doubleclick.net;aax.amazon-adsystem.com;ads.pubmatic.com;api.permutive.com;c.amazon-adsystem.com;c.go-mpulse.net;cdn.cookielaw.org;cdn.cxense.com;cdn.jwplayer.com;cdn.optimizely.com;cdn.pdst.fm;cdn.piano.io;cdn3.optimizely.com;config.aps.amazon-adsystem.com;e1cef1f0-495f-4973-ba1c-880786e73a66.edge.permutive.app;entitlements.jwplayer.com;geolocation.onetrust.com;imasdk.googleapis.com;js.stripe.com;legacy.npr.org;m.stripe.com;m.stripe.network;mab.chartbeat.com;media.npr.org;npr.brightspotcdn.com;npr.org;organization.api.npr.org;prd.jwpltx.com;prod-eks-static-assets.npr.org;rumcdn.geoedge.be;s.go-mpulse.net;sb.scorecardresearch.com;secure-us.imrworldwide.com;secure.cdn.fastclick.net;securepubads.g.doubleclick.net;ssl.p.jwpcdn.com;static.chartbeat.com;station.api.npr.org;tags.crwdcntrl.net;videos-cloudfront-usp.jwpsrv.com;www.datadoghq-browser-agent.com;www.google.com;www.googletagmanager.com;www.gstatic.com;www.npr.org;www.npttech.com;www.recaptcha.net
8374,amer03.azure-devices.net,1,amer03.azure-devices.net
8381,homedepot.com,41,0952170dc167457cb4dcf8b4180a322d-1ad356638475.cdn.forter.com;1ad356638475.cdn4.forter.com;23o27zncy3tr2solpax7rxi6s6d7g7h7eqtvfjzy75f35b2fef423529sac.d.aa.online-metrix.net;adobedc.demdex.net;assets.thdstatic.com;bam.nr-data.net;c.bing.com;c.go-mpulse.net;cdn.quantummetric.com;cdn0.forter.com;clickstream-producer.hd-personalization-prod.gcp.homedepot.com;client.px-cloud.net;collector-pxj770cp7y.px-cloud.net;ct.pinterest.com;customer.homedepot.com;d.turn.com;dam.thdstatic.com;fls.doubleclick.net;h.online-metrix.net;h64.online-metrix.net;homedepot.com;homedepot.demdex.net;ib.adnxs.com;ingest.quantummetric.com;js-agent.newrelic.com;live-chat-static.sprinklr.com;localization.thdws.com;mr.homedepot.com;pixel.tapad.com;prod2-live-chat.sprinklr.com;prod2-sprcdn-assets.sprinklr.com;s.go-mpulse.net;siteintercept.qualtrics.com;siteperformancetest.net;swasc.homedepot.com;tag.getamigo.io;tzm.px-cloud.net;ups.analytics.yahoo.com;www.facebook.com;www.homedepot.com;zn_42v6draxyafsjmv-homedepot.siteintercept.qualtrics.com
8383,msedgeextensions.sf.tlu.dl.delivery.mp.microsoft.com,1,msedgeextensions.sf.tlu.dl.delivery.mp.microsoft.com
8384,api.statsig.com,1,api.statsig.com
8385,wnsrvbjmeprtfrnfx.ay.delivery,1,wnsrvbjmeprtfrnfx.ay.delivery
8386,pornhub.com,11,analytics.google.com;cdn1-smallimg.phncdn.com;ei.phncdn.com;i.pornhub.com;media.trafficjunky.net;pix-cdn77.phncdn.com;pix-fl.phncdn.com;pornhub.com;static.trafficjunky.com;stats.g.doubleclick.net;www.googletagmanager.com
8387,eap-log-sg.allawnos.com,1,eap-log-sg.allawnos.com
8388,www.bytedance.com,5,mon-va.byteoversea.com;p16.tiktokcdn.com;sf16-scmcdn-sg.ibytedtos.com;sf16-scmcdn-va.ibytedtos.com;www.bytedance.com
8389,prod-dynamite-prod-05-us-signaler-pa.clients6.google.com,1,www.google.com
8391,prod-dynamite-prod-08-us-signaler-pa.clients6.google.com,1,www.google.com
8392,analytics.ahrefs.com,1,analytics.ahrefs.com
8393,profile.xboxlive.com,1,profile.xboxlive.com
8395,okta-featureflag-edge.azureedge.net,1,okta-featureflag-edge.azureedge.net
8396,api-js.datadome.co,1,api-js.datadome.co
8397,ifconfig.me,6,accounts.google.com;apis.google.com;fonts.googleapis.com;fonts.gstatic.com;ifconfig.me;ssl.gstatic.com
8399,roeye.com,3,cdn.jsdelivr.net;cdnjs.cloudflare.com;roeye.com
8402,mqtt-ig-p4.facebook.com,1,mqtt-ig-p4.facebook.com
8403,ubi.com,17,avcvysejs1-dsn.algolia.net;cdn.cookielaw.org;connect.ubisoft.com;dcinfos-cache.abtasty.com;geolocation.onetrust.com;overlay.ubisoft.com;redirection.ubisoft.com;static-dm.akamaized.net;static-dm.ubisoft.com;staticctf.ubisoft.com;try.abtasty.com;ubi.com;ubiservices.cdn.ubi.com;ubistatic-a.ubisoft.com;www.googletagmanager.com;www.ubisoft.com;xely3u4lod-dsn.algolia.net
8404,lantern.roeye.com,1,lantern.roeye.com
8408,bidcontext-us.bidmachine.io,1,bidcontext-us.bidmachine.io
8409,dspbeacons.ihasdsp.inmobi.com,1,dspbeacons.ihasdsp.inmobi.com
8411,asia-comonrt-stsdk.vivoglobal.com,1,asia-comonrt-stsdk.vivoglobal.com
8414,googledomains.com,2,fonts.googleapis.com;fonts.gstatic.com
8415,mssdk16-normal-no1a.tiktokv.eu,1,mssdk16-normal-no1a.tiktokv.eu
8418,alocdn.com,1,alocdn.com
8420,assertcom.de,1,assertcom.de
8421,api.assertcom.de,1,api.assertcom.de
8424,services.digitaleast.mobi,1,services.digitaleast.mobi
8426,pb-ing.ccgateway.net,1,pb-ing.ccgateway.net
8427,liongard.com,4,fonts.googleapis.com;fonts.gstatic.com;liongard.com;www.liongard.com
8428,odb.outbrain.com,3,fonts.googleapis.com;fonts.gstatic.com;odb.outbrain.com
8431,prod-dynamite-prod-02-us-signaler-pa.clients6.google.com,1,www.google.com
8437,frontier-va.tiktokv.com,1,frontier-va.tiktokv.com
8438,us.nextlgsdp.com,1,us.nextlgsdp.com
8439,bijmry-launches.appsflyersdk.com,1,bijmry-launches.appsflyersdk.com
8440,connecttest.cisco.io,1,connecttest.cisco.io
8443,prod-dynamite-prod-01-us-signaler-pa.clients6.google.com,1,www.google.com
8445,dt.beyla.site,1,dt.beyla.site
8446,gbc.criteo.com,1,gbc.criteo.com
8447,chrome.google.com,10,2542116.fls.doubleclick.net;ad.doubleclick.net;adservice.google.com;fonts.googleapis.com;fonts.gstatic.com;tools.google.com;www.google-analytics.com;www.googletagmanager.com;www.gstatic.com;www.youtube.com
8452,e1.emxdgt.com,1,e1.emxdgt.com
8459,img-getpocket.cdn.mozilla.net,1,img-getpocket.cdn.mozilla.net
8464,cd.connatix.com,1,cd.connatix.com
8474,chat.zalo.me,6,chat.zalo.me;jr.chat.zalo.me;jr.zalo.me;stc-sp.zadn.vn;za.zdn.vn;zalo-chat-static.zadn.vn
8480,alexa.amazon.com,5,alexa.amazon.com;fls-na.amazon.com;images-na.ssl-images-amazon.com;m.media-amazon.com;unagi.amazon.com
8485,hosted.loop.cloud.microsoft,6,csp.microsoft.com;eu-office.events.data.microsoft.com;hosted.loop.cloud.microsoft;res-1.cdn.office.net;res.cdn.office.net;wcpstatic.microsoft.com
8499,t.ssl.ak.dynamic.tiles.virtualearth.net,1,t.ssl.ak.dynamic.tiles.virtualearth.net
8503,c711427bb38c7dc2e4a2d285861beaa042beb102dbfa95b535c3e7ecbebbba5.us-east-1.prod.service.minerva.devices.a2z.com,1,c711427bb38c7dc2e4a2d285861beaa042beb102dbfa95b535c3e7ecbebbba5.us-east-1.prod.service.minerva.devices.a2z.com
8504,push.prod.us-east-1.internal.dradis.netflix.com,1,push.prod.us-east-1.internal.dradis.netflix.com
8508,statics.creativecdn.com,1,statics.creativecdn.com
8519,features.zinfandel.rmm.datto.com,1,features.zinfandel.rmm.datto.com
8525,southcentralus1-mediap.svc.ms,1,southcentralus1-mediap.svc.ms
8527,ws-mt1.pusher.com,1,ws-mt1.pusher.com
8533,uat-net.technoratimedia.com,1,uat-net.technoratimedia.com
8539,dl.acronis.com,1,dl.acronis.com
8540,receptivity.io,1,receptivity.io
8546,lantern.roeyecdn.com,1,lantern.roeyecdn.com
8552,cdn.syndication.twimg.com,1,cdn.syndication.twimg.com
8553,mail.aol.com,2,mail.aol.com;s.yimg.com
8554,i.prt.news,1,i.prt.news
8557,ads-img.mozilla.org,5,ads-img.mozilla.org;transcend-cdn.com;www.google-analytics.com;www.googletagmanager.com;www.mozilla.org
8563,falcon.crowdstrike.com,2,assets-public.falcon.crowdstrike.com;falcon.crowdstrike.com
8565,voisetech.com,3,cdn.jsdelivr.net;unpkg.com;voisetech.com
8566,prod-dynamite-prod-03-us-signaler-pa.clients6.google.com,1,www.google.com
8572,d5p.de17a.com,1,d5p.de17a.com
8573,dc-genai-access-provisioning-api.adobe.io,1,dc-genai-access-provisioning-api.adobe.io
8575,update.xboxlive.com,1,update.xboxlive.com
8578,google.nl,3,ogads-pa.clients6.google.com;play.google.com;www.gstatic.com
8579,usc-word-edit.officeapps.live.com,16,admin.microsoft.com;browser.events.data.microsoft.com;c.s-microsoft.com;config.edge.skype.com;js.monitor.azure.com;login.live.com;login.microsoftonline.com;mem.gfx.ms;res.cdn.office.net;s.clarity.ms;scripts.clarity.ms;uhf.microsoft.com;usc-word-edit.officeapps.live.com;www.clarity.ms;www.microsoft.com;www.office.com
8580,as.atlassian.com,1,as.atlassian.com
8585,c.bannerflow.net,1,c.bannerflow.net
8586,instantmessaging-pa-jms-eu.googleapis.com,1,www.google.com
8587,cdn.sapphire.microsoftapp.net,1,cdn.sapphire.microsoftapp.net
8588,log.cookieyes.com,1,log.cookieyes.com
8593,fa000000137.resources.office.net,1,fa000000137.resources.office.net
8594,usatl5.icloud-content.com,1,usatl5.icloud-content.com
8597,rtm.tnt-ea.com,1,rtm.tnt-ea.com
8599,concord.rmm.datto.com,5,auth.datto.com;concord.rmm.datto.com;ka-p.fontawesome.com;kit.fontawesome.com;walkme.portal.datto.com
8602,checkip.check-ip.aws.a2z.com,1,checkip.check-ip.aws.a2z.com
8603,chifsr.lenovomm.com,1,chifsr.lenovomm.com
8606,cloud.dell.com,1,cloud.dell.com
8608,b-graph-fallback.facebook.com,1,b-graph-fallback.facebook.com
8609,p16-amd-va.tiktokcdn.com,1,p16-amd-va.tiktokcdn.com
8610,se-edge.itunes.apple.com,1,se-edge.itunes.apple.com
8614,event-portal.dailyinnovation.biz,1,event-portal.dailyinnovation.biz
8615,us-west-sync.bidswitch.net,1,us-west-sync.bidswitch.net
8617,boot.pluto.tv,1,boot.pluto.tv
8619,subscriptionsmobile-pa.googleapis.com,1,www.google.com
8622,stripchat.com,10,assets.chapturist.com;assets.strpssts-ana.com;cdnjs.cloudflare.com;creative.eizzih.com;go.eizzih.com;go.stripchat.com;img.doppiocdn.net;mmp.doppiocdn.com;stripchat.com;ststandard.com
8624,i.etsystatic.com,1,i.etsystatic.com
8625,avatars.steamstatic.com,1,avatars.steamstatic.com
8627,sync.sxp.smartclip.net,1,sync.sxp.smartclip.net
8629,api.rpay.roku.com,1,api.rpay.roku.com
8630,fcmatch.youtube.com,1,www.google.com
8634,pull-flv-w77-sg01.tiktokcdn.com,1,pull-flv-w77-sg01.tiktokcdn.com
8637,mrsglobalsteus2prod.blob.core.windows.net,1,mrsglobalsteus2prod.blob.core.windows.net
8640,api.braintreegateway.com,2,api.braintreegateway.com;static.cloudflareinsights.com
8646,iot-us.hpdaas.com,1,iot-us.hpdaas.com
8647,p16-tiktok-dm-sticker-sign-sg.ibyteimg.com,1,p16-tiktok-dm-sticker-sign-sg.ibyteimg.com
8648,sdk.fra-01.braze.eu,1,sdk.fra-01.braze.eu
8649,ads.samba.tv,1,ads.samba.tv
8650,comserver-hb-us2-lax-2.n-able.com,1,comserver-hb-us2-lax-2.n-able.com
8652,track2.securedvisit.com,1,track2.securedvisit.com
8654,bankofamerica.com,21,adobedc.demdex.net;aero.bankofamerica.com;awuseb.advanced-web-analytics.com;bankofamerica.com;boss.bankofamerica.com;bup.bankofamerica.com;cdn.cookielaw.org;d.agkn.com;dull.bankofamerica.com;geolocation.onetrust.com;glassbox-hlx-igw.bankofamerica.com;rail.bankofamerica.com;secure.bankofamerica.com;secure1.bac-assets.com;smetrics.bankofamerica.com;storage.glancecdn.net;tags.tiqcdn.com;tilt.bankofamerica.com;www.bankofamerica.com;www.google-analytics.com;www1.bac-assets.com
8655,api19-core-c-alisg.tiktokv.com,1,api19-core-c-alisg.tiktokv.com
8658,cdn.prod.website-files.com,1,cdn.prod.website-files.com
8659,devicemgmt.teams.microsoft.com,1,devicemgmt.teams.microsoft.com
8660,m.deepintent.com,1,m.deepintent.com
8664,omt.garmin.com,2,omt.garmin.com;static.cloudflareinsights.com
8665,strict.bing.com,15,assets.msn.com;browser.events.data.msn.com;c.bing.com;c.msn.com;img-s-msn-com.akamaized.net;login.live.com;login.microsoftonline.com;m.adnxs.com;px.ads.linkedin.com;r.bing.com;strict.bing.com;trc.taboola.com;www.bing.com;www.msn.com;www2.bing.com
8667,myaccount.google.com,5,fonts.googleapis.com;fonts.gstatic.com;www.google-analytics.com;www.googletagmanager.com;www.gstatic.com
8668,intunemaape5.scus.attest.azure.net,1,intunemaape5.scus.attest.azure.net
8669,api-ali-malaysia-b.fa4wu9a4f.com,1,api-ali-malaysia-b.fa4wu9a4f.com
8671,floors.dev,1,floors.dev
8672,api.floors.dev,1,api.floors.dev
8673,kayzen.io,2,cdn.getkoala.com;kayzen.io
8674,api.appcues.net,4,api.appcues.net;fonts.googleapis.com;fonts.gstatic.com;run.pstmn.io
8676,p16-oec-sg.ibyteimg.com,1,p16-oec-sg.ibyteimg.com
8677,rum.browser-intake-datadoghq.com,1,rum.browser-intake-datadoghq.com
8679,shazam.com,6,beacon.shazam.com;ci.assets.shazam.com;is1-ssl.mzstatic.com;js-cdn.music.apple.com;shazam.com;www.shazam.com
8683,pixel-origin.mathtag.com,9,ajax.googleapis.com;cdn.cookielaw.org;cdn.jsdelivr.net;geolocation.onetrust.com;hello.infillion.com;infillion.com;pixel-origin.mathtag.com;www.googletagmanager.com;www.mediamath.com
8684,api.hisavana.com,1,api.hisavana.com
8686,ingest.appcenter.ms,1,ingest.appcenter.ms
8690,us-api.taboola.com,1,us-api.taboola.com
8693,bitwarden.com,57,18.210.229.244;api.company-target.com;api.hubapi.com;app.clearbit.com;bat.bing.com;bitwarden.com;c.clarity.ms;cdn.jsdelivr.net;cdn.ketchjs.com;cdn.pdst.fm;connect.facebook.net;d21y75miwcfqoq.cloudfront.net;dsum-sec.casalemedia.com;dx.mountain.com;experience.ninetailed.co;extend.vimeocdn.com;global.ketchcdn.com;googleads.g.doubleclick.net;ib.adnxs.com;id.rlcdn.com;idsync.rlcdn.com;in.ml314.com;ipv6.6sc.co;j.6sc.co;js.hs-analytics.net;js.hs-banner.com;js.hs-scripts.com;js.hsadspixel.net;js.hscollectedforms.net;js.hubspot.com;js.usemessages.com;js.zi-scripts.com;match.adsrvr.org;ml314.com;partners.tremorhub.com;perf-na1.hsforms.com;pixel.rubiconproject.com;pixels.spotify.com;ps.eyeota.net;px.ads.linkedin.com;s.clarity.ms;s.company-target.com;scripts.clarity.ms;secure.adnxs.com;segments.company-target.com;snap.licdn.com;tag-logger.demandbase.com;tag.clearbitscripts.com;tag.demandbase.com;track.hubspot.com;ws.zoominfo.com;www.clarity.ms;www.google-analytics.com;www.google.com;www.googletagmanager.com;www.linkedin.com;x.clearbitjs.com
8694,connectapi.garmin.com,2,connectapi.garmin.com;static.cloudflareinsights.com
8697,ape-androids1.isappcloud.com,1,ape-androids1.isappcloud.com
8700,www.ojrq.net,1,www.ojrq.net
8701,s.update.rubiconproject.com,1,s.update.rubiconproject.com
8702,update.rubiconproject.com,1,update.rubiconproject.com
8704,amp-api.podcasts.apple.com,1,amp-api.podcasts.apple.com
8709,c1.eb.thousandeyes.com,1,c1.eb.thousandeyes.com
8711,logincdn.msauth.net,1,logincdn.msauth.net
8713,enterprise-eudb.activity.windows.com,1,enterprise-eudb.activity.windows.com
8714,concord-agent-comms.centrastage.net,1,concord-agent-comms.centrastage.net
8715,waa-pa.googleapis.com,1,www.google.com
8716,rtbsystem.com,2,rtbsystem.com;static.cloudflareinsights.com
8717,cm.rtbsystem.com,2,cm.rtbsystem.com;static.cloudflareinsights.com
8718,nexx360.io,5,fonts.googleapis.com;fonts.gstatic.com;nexx360.io;sc.lfeeder.com;tr.lfeeder.com
8720,wifilocationapi.prd.ins.aws.tpd-soe.com,1,wifilocationapi.prd.ins.aws.tpd-soe.com
8722,useinsider.com,11,cdn.jsdelivr.net;cdnjs.cloudflare.com;fonts.googleapis.com;fonts.gstatic.com;forms-na1.hsforms.com;forms.hsforms.com;insiderone.com;js.hsforms.net;static.cloudflareinsights.com;unpkg.com;useinsider.com
8725,ad-cdn.technoratimedia.com,1,ad-cdn.technoratimedia.com
8728,apm-native.xiaohongshu.com,1,apm-native.xiaohongshu.com
8734,de.sentry.io,1,de.sentry.io
8735,dns.alidns.com,1,dns.alidns.com
8736,hb.openwebmp.com,1,hb.openwebmp.com
8742,messaging.lifecycle.office.com,1,messaging.lifecycle.office.com
8743,comserver.us1.mspa.n-able.com,1,comserver.us1.mspa.n-able.com
8750,logincdn.msftauth.net,1,logincdn.msftauth.net
8752,dsp.outbrainimg.com,1,dsp.outbrainimg.com
8758,ssp.wknd.ai,1,ssp.wknd.ai
8759,p16-comment-sign-va.tiktokcdn.com,1,p16-comment-sign-va.tiktokcdn.com
8760,sf16-tiktok-im-scp-sign.tiktokcdn-us.com,1,sf16-tiktok-im-scp-sign.tiktokcdn-us.com
8762,api-safari-ause1c.smoot.apple.com,1,api-safari-ause1c.smoot.apple.com
8763,ch-match.taboola.com,1,ch-match.taboola.com
8764,usermatch.targeting.unrulymedia.com,1,usermatch.targeting.unrulymedia.com
8765,video.adsafeprotected.com,1,video.adsafeprotected.com
8766,px4.ads.linkedin.com,1,px4.ads.linkedin.com
8769,streams.adobeprimetime.com,1,streams.adobeprimetime.com
8771,oss-ap-southeast-1.aliyuncs.com,1,oss-ap-southeast-1.aliyuncs.com
8772,locketcamera.com,8,apps.apple.com;is1-ssl.mzstatic.com;itunes.apple.com;locket.camera;locketcamera.com;www.apple.com;www.googletagmanager.com;xp.apple.com
8775,whiteboard.microsoft.com,7,aadcdn.msauth.net;app.whiteboard.microsoft.com;login.live.com;login.microsoftonline.com;login.windows.net;whiteboard.cloud.microsoft;whiteboard.microsoft.com
8776,tps.touchstatistics.com,1,tps.touchstatistics.com
8777,collector-pxdojv695v.protechts.net,1,collector-pxdojv695v.protechts.net
8779,fa000000136.resources.office.net,1,fa000000136.resources.office.net
8780,sync.console.adtarget.com.tr,1,sync.console.adtarget.com.tr
8781,p77-sign-va.tiktokcdn.com,2,error.c.cdn77.org;p77-sign-va.tiktokcdn.com
8782,passport16-normal-sg.capcutapi.com,1,passport16-normal-sg.capcutapi.com
8784,zinfandel-agent.centrastage.net,1,zinfandel-agent.centrastage.net
8785,s2s.singular.net,1,s2s.singular.net
8786,canonical.com,8,assets.ubuntu.com;canonical.com;cdn.jsdelivr.net;pagead2.googlesyndication.com;pubads.g.doubleclick.net;res.cloudinary.com;www.google-analytics.com;www.googletagmanager.com
8787,asm.np.community.playstation.net,1,asm.np.community.playstation.net
8789,cdn.adsafeprotected.com,1,cdn.adsafeprotected.com
8790,toast.com,9,analytics.google.com;googleads.g.doubleclick.net;static.toastoven.net;stats.g.doubleclick.net;toast.com;www.google.com;www.googleadservices.com;www.googletagmanager.com;www.nhncloud.com
8791,af.shalltry.com,1,af.shalltry.com
8793,p111-content.icloud.com,1,p111-content.icloud.com
8795,config.clients.peacocktv.com,1,config.clients.peacocktv.com
8796,lens-pa.googleapis.com,1,www.google.com
8797,p123-content.icloud.com,1,p123-content.icloud.com
8798,fast.nexx360.io,1,fast.nexx360.io
8800,play-apps-features.googleusercontent.com,1,www.google.com
8801,tvspix.com,1,tvspix.com
8803,webcast19-normal-c-alisg.tiktokv.com,1,webcast19-normal-c-alisg.tiktokv.com
8804,azenduser.adsrvr.org,1,azenduser.adsrvr.org
8806,ya.ru,6,mc.yandex.ru;sso.passport.yandex.ru;sso.ya.ru;static-mon.yandex.net;ya.ru;yastatic.net
8807,api.target.com,1,api.target.com
8809,vntsnotificationservice.visa.com,1,vntsnotificationservice.visa.com
8810,mcc-intl.inf.miui.com,1,mcc-intl.inf.miui.com
8811,pay.shopify.com,1,pay.shopify.com
8813,p128-content.icloud.com,1,p128-content.icloud.com
8814,schwab.com,2,schwab.com;www.schwab.com
8815,p9-sign-sg.tiktokcdn.com,1,p9-sign-sg.tiktokcdn.com
8816,p16-tiktok-dm-sticker-sign-useast8.tiktokcdn-us.com,1,p16-tiktok-dm-sticker-sign-useast8.tiktokcdn-us.com
8817,zoominfo.com,9,client.px-cloud.net;collector-pxosx7m0dx.px-client.net;collector-pxosx7m0dx.px-cloud.net;crcldu.com;fonts.googleapis.com;fonts.gstatic.com;fst-ec.perimeterx.net;tzm.px-cloud.net;zoominfo.com
8818,yadro.ru,2,counter.yadro.ru;yadro.ru
8819,p132-content.icloud.com,1,p132-content.icloud.com
8820,ssb-use1.smartadserver.com,1,ssb-use1.smartadserver.com
8824,counter.yadro.ru,1,counter.yadro.ru
8825,prefetch.monetization-sdk.chartboost.com,1,prefetch.monetization-sdk.chartboost.com
8826,imgs.signifyd.com,1,imgs.signifyd.com
8827,as.xiaohongshu.com,1,as.xiaohongshu.com
8833,p160-content.icloud.com,1,p160-content.icloud.com
8836,us-east-win.srv.stackadapt.com,1,us-east-win.srv.stackadapt.com
8837,amcore-ens.rest.gti.trellix.com,1,amcore-ens.rest.gti.trellix.com
8838,ibm.enterprise.slack.com,28,a.slack-edge.com;ade.googlesyndication.com;alb.reddit.com;api.company-target.com;c.contentsquare.net;cdn.cookielaw.org;cdn.schemaapp.com;csxd.contentsquare.net;dc.ads.linkedin.com;dsum-sec.casalemedia.com;geolocation.onetrust.com;ibm.enterprise.slack.com;id.rlcdn.com;pagead2.googlesyndication.com;partners.tremorhub.com;pixel-config.reddit.com;pixel.rubiconproject.com;px.ads.linkedin.com;s.company-target.com;segments.company-target.com;t.contentsquare.net;tag-logger.demandbase.com;tag.demandbase.com;www.google-analytics.com;www.googletagmanager.com;www.linkedin.com;www.mczbf.com;www.redditstatic.com
8839,pin-river.data.ea.com,1,pin-river.data.ea.com
8840,aod.itunes.apple.com,1,aod.itunes.apple.com
8841,privacy-cs.mail.ru,15,cspreport.mail.ru;help.mail.ru;hmr-assets.cdn-vk.ru;home.imgsmail.ru;img.imgsmail.ru;limg.imgsmail.ru;mc.yandex.ru;portal.mail.ru;privacy-cs.mail.ru;rs.mail.ru;top-fwz1.mail.ru;trk.mail.ru;www.google-analytics.com;www.googletagmanager.com;xray.mail.ru
8842,gov.teams.microsoft.us,4,gov.teams.microsoft.us;login.microsoftonline.us;statics.gov.teams.microsoft.us;tb.events.data.microsoft.com
8845,cloud.huawei.com,3,cloud.huawei.com;h5hosting-dra.dbankcdn.com;id5.cloud.huawei.com
8847,account.t-mobile.com,1,account.t-mobile.com
8848,fa000000132.resources.office.net,1,fa000000132.resources.office.net
8849,pixel.mathtag.com,9,ajax.googleapis.com;cdn.cookielaw.org;cdn.jsdelivr.net;geolocation.onetrust.com;hello.infillion.com;infillion.com;pixel.mathtag.com;www.googletagmanager.com;www.mediamath.com
8850,concord-agent.centrastage.net,1,concord-agent.centrastage.net
8851,adx.adform.net,1,adx.adform.net
8853,ussjc1.icloud-content.com,1,ussjc1.icloud-content.com
8854,ingest.us-east-1.prod.skywave.jetstream.advertising.a2z.com,1,ingest.us-east-1.prod.skywave.jetstream.advertising.a2z.com
8856,disney.playback.edge.bamgrid.com,1,disney.playback.edge.bamgrid.com
8857,static-basket-01.wbbasket.ru,1,static-basket-01.wbbasket.ru
8859,android.chat.openai.com,1,android.chat.openai.com
8860,hb-api.omnitagjs.com,1,hb-api.omnitagjs.com
8861,p125-content.icloud.com,1,p125-content.icloud.com
8863,absolute.com,39,258-hsl-350.mktoresp.com;absolute.com;ajax.googleapis.com;api.company-target.com;assets.vidyard.com;cdn.jsdelivr.net;cdn.prod.website-files.com;cdn.vidyard.com;d3e54v103j8qbb.cloudfront.net;dsum-sec.casalemedia.com;fonts.googleapis.com;fonts.gstatic.com;go.absolute.com;googleads.g.doubleclick.net;id.rlcdn.com;ipv6.6sc.co;j.6sc.co;js.qualified.com;munchkin.marketo.net;partners.tremorhub.com;pixel.rubiconproject.com;play.vidyard.com;px.ads.linkedin.com;s.company-target.com;segments.company-target.com;snap.licdn.com;static.hotjar.com;tag-logger.demandbase.com;tag.demandbase.com;tags.srv.stackadapt.com;tracking-api.g2.com;tracking.g2crowd.com;ws.zoominfo.com;www.absolute.com;www.google-analytics.com;www.google.com;www.googleadservices.com;www.googletagmanager.com;www.linkedin.com
8865,ce-ue1.lijit.com,1,ce-ue1.lijit.com
8867,secure.logmein.com,35,417-klk-478.mktoresp.com;alb.reddit.com;analytics.google.com;ariane.abtasty.com;bat.bing.com;cdn.cookielaw.org;connect.facebook.net;dcinfos-cache.abtasty.com;edge.sitecorecloud.io;epsilon.6sense.com;geolocation.onetrust.com;googleads.g.doubleclick.net;insight.adsrvr.org;ipv6.6sc.co;j.6sc.co;js.adsrvr.org;js.qualified.com;lmiutilcdn.blob.core.windows.net;munchkin.marketo.net;pixel-config.reddit.com;pixel.rubiconproject.com;px.ads.linkedin.com;secure.adnxs.com;secure.logmein.com;siteintercept.qualtrics.com;snap.licdn.com;stats.g.doubleclick.net;try.abtasty.com;utt.impactcdn.com;www.google.com;www.googletagmanager.com;www.linkedin.com;www.logmein.com;www.redditstatic.com;zn1nu7ve8yxy0nawq-logmeinvoc.siteintercept.qualtrics.com
8877,smetrics.aem.playstation.com,1,smetrics.aem.playstation.com
8878,api.edge-gateway.siriusxm.com,1,api.edge-gateway.siriusxm.com
8881,services.addons.mozilla.org,1,services.addons.mozilla.org
8882,p130-content.icloud.com,1,p130-content.icloud.com
8883,fa000000144.resources.office.net,1,fa000000144.resources.office.net
8884,public.servenobid.com,1,public.servenobid.com
8887,rtb.primis.tech,1,rtb.primis.tech
8892,restrictmoderate.youtube.com,1,www.google.com
8893,api-ucc.ringcentral.com,1,api-ucc.ringcentral.com
8894,adaggreg-ali.shalltry.com,1,adaggreg-ali.shalltry.com
8895,p154-content.icloud.com,1,p154-content.icloud.com
8896,p150-content.icloud.com,1,p150-content.icloud.com
8897,api.h.threatlocker.com,1,api.h.threatlocker.com
8898,dsohp.litix.io,1,dsohp.litix.io
8899,api.io.mi.com,1,api.io.mi.com
8901,cdn1.affirm.com,1,cdn1.affirm.com
8902,conf.config-security.com,1,conf.config-security.com
8903,clctr.ltguevmavv.com,1,clctr.ltguevmavv.com
8906,p140-content.icloud.com,1,p140-content.icloud.com
8907,stock-notifications.astockcdn.net,1,stock-notifications.astockcdn.net
8909,abtasty.com,35,abtasty.com;abtasty.matomo.cloud;analytics.google.com;api.userose.ai;app.clearbit.com;bat.bing.com;browser.sentry-cdn.com;c.clarity.ms;cdn.matomo.cloud;cdn.userose.ai;connect.facebook.net;dcinfos-cache.abtasty.com;dev.visualwebsiteoptimizer.com;fast.wistia.net;go.abtasty.com;googleads.g.doubleclick.net;import-cdn.default.com;javascript.heeet.io;px.ads.linkedin.com;reveal.clearbit.com;s.clarity.ms;scripts.clarity.ms;sdk.privacy-center.org;snap.licdn.com;stats.g.doubleclick.net;tag.clearbitscripts.com;tracking-api.g2.com;tracking.g2crowd.com;try.abtasty.com;unpkg.com;www.clarity.ms;www.google.com;www.googletagmanager.com;www.linkedin.com;x.clearbitjs.com
8910,cryptauthdevicesync.googleapis.com,1,www.google.com
8912,cdn-assets.affirm.com,1,cdn-assets.affirm.com
8913,china-3day-bucket.obs.cn-south-1.myhuaweicloud.com,1,china-3day-bucket.obs.cn-south-1.myhuaweicloud.com
8919,i3.c.eset.com,1,i3.c.eset.com
8923,s3.yandex.net,1,s3.yandex.net
8924,cm.teads.tv,1,cm.teads.tv
8926,spectrum.net,2,spectrum.net;www.spectrum.net
8928,ag.gbc.criteo.com,1,ag.gbc.criteo.com
8930,cws-iad4-slb10.conviva.com,1,cws-iad4-slb10.conviva.com
8932,i.imgur.com,50,ab.dns-finder.com;ad-delivery.net;ad.doubleclick.net;ads.assemblyexchange.com;ap.lijit.com;api.btloader.com;api.imgur.com;api.rlcdn.com;bb.lijit.com;bcp.crwdcntrl.net;btloader.com;cdn.id5-sync.com;cdn.jsdelivr.net;cdn.lilsnack.co;ced-ns.sascdn.com;ced.sascdn.com;cm.g.doubleclick.net;code.jquery.com;connectid.analytics.yahoo.com;csi.gstatic.com;d3c8j8snkzfr1n.cloudfront.net;delivery.adrecover.com;dmp.im-apps.net;dt.adsafeprotected.com;esp.rtbhouse.com;fonts.googleapis.com;fundingchoicesmessages.google.com;gum.criteo.com;i.imgur.com;id5-sync.com;imgur.ccgateway.net;invstatic101.creativecdn.com;js.assemblyexchange.com;js.media-lab.ai;match.adsrvr.org;pagead2.googlesyndication.com;quicklyedit.com;s.ad.smaato.net;securepubads.g.doubleclick.net;ssbsync.smartadserver.com;static.criteo.net;sync.go.sonobi.com;sync.intentiq.com;sync.sparteo.com;sync6.im-apps.net;tag.wknd.ai;tags.crwdcntrl.net;webbyword.net;www.google-analytics.com;www.googletagmanager.com
8933,p156-content.icloud.com,1,p156-content.icloud.com
8935,features.concord.rmm.datto.com,1,features.concord.rmm.datto.com
8937,us.storage.main.endpoint.ingress.rapid7.com,1,us.storage.main.endpoint.ingress.rapid7.com
8941,api-taboola.com,1,api-taboola.com
8942,ds.ciscospark.com,1,ds.ciscospark.com
8943,p146-content.icloud.com,1,p146-content.icloud.com
8944,gem.gbc.criteo.com,1,gem.gbc.criteo.com
8946,gcore-pic.xnxx-cdn.com,10,a.orbsrv.com;api.ipify.org;assets-cdn77.xvideos-cdn.com;chaturbate.com;cluster.aaaconnect.info;gcore-pic.xnxx-cdn.com;jpeg.live.mmcdn.com;s.orbsrv.com;thumb.live.mmcdn.com;www.xvideos.com
8948,chat.stream-io-api.com,1,chat.stream-io-api.com
8949,p142-content.icloud.com,1,p142-content.icloud.com
8950,telemetry.threatdown.com,1,telemetry.threatdown.com
8955,titles.gccm.mos.microsoft.com,1,titles.gccm.mos.microsoft.com
8956,uxfeedback.ru,9,cdn.uxfeedback.ru;fonts.googleapis.com;gt.andata.ru;mc.yandex.ru;tagmanager.andata.ru;uxfeedback.ru;vk.com;widget.uxfeedback.ru;www.googletagmanager.com
8959,avito.ru,7,63f97335d456.w.hcaptcha.com;a0f6db8c23ee.w.hcaptcha.com;apps.bdimg.com;avito.ru;hcaptcha.com;newassets.hcaptcha.com;www.avito.st
8960,i4.ytimg.com,0,
8962,p117-content.icloud.com,1,p117-content.icloud.com
8963,p164-content.icloud.com,1,p164-content.icloud.com
8964,hangouts.clients6.google.com,1,www.google.com
8966,p152-content.icloud.com,1,p152-content.icloud.com
8967,vid-io-pdx.springserve.com,1,vid-io-pdx.springserve.com
8968,p162-content.icloud.com,1,p162-content.icloud.com
8969,p115-content.icloud.com,1,p115-content.icloud.com
8970,hexagon-analytics.com,1,hexagon-analytics.com
8971,pull-flv-w77-va01.tiktokcdn.com,1,pull-flv-w77-va01.tiktokcdn.com
8972,brightline.tv,8,brightline.tv;cdn-media.brightline.tv;cdn.jsdelivr.net;cdn.prod.website-files.com;challenges.cloudflare.com;d3e54v103j8qbb.cloudfront.net;www.google-analytics.com;www.googletagmanager.com
8973,comcluster.cxense.com,1,comcluster.cxense.com
8977,serviceconfig.talos.cisco.com,1,serviceconfig.talos.cisco.com
8978,hotapi16-normal-no1a.tiktokv.eu,1,hotapi16-normal-no1a.tiktokv.eu
8980,update-crx.falcon.crowdstrike.com,1,update-crx.falcon.crowdstrike.com
8981,events.api.boomtrain.com,1,events.api.boomtrain.com
8983,pull-flv-f77-tt04.tiktokcdn.com,1,pull-flv-f77-tt04.tiktokcdn.com
8984,lazada.com,6,g.alicdn.com;lazada-com.oss-ap-southeast-1.aliyuncs.com;lazada.com;sg.mmstat.com;www.google-analytics.com;www.googletagmanager.com
8985,cache-ssl.celtra.com,1,cache-ssl.celtra.com
8986,api.island.io,5,api.island.io;auth0.island.io;documentation.island.io;login.island.io;management.island.io
8988,p113-content.icloud.com,1,p113-content.icloud.com
8990,libra32-normal-alisg.tiktokv.com,1,libra32-normal-alisg.tiktokv.com
8991,p144-content.icloud.com,1,p144-content.icloud.com
8997,api3.4dvertible.com,1,api3.4dvertible.com
8999,sf16-muse-va.ibytedtos.com,1,sf16-muse-va.ibytedtos.com
9006,p16-ulike-sg.ibyteimg.com,1,p16-ulike-sg.ibyteimg.com
9007,webconnectorclientapp.config-cdn.a.intuit.com,1,webconnectorclientapp.config-cdn.a.intuit.com
9008,na.checkin.dm.microsoft.com,1,na.checkin.dm.microsoft.com
9009,p148-content.icloud.com,1,p148-content.icloud.com
9010,aralego.com,1,aralego.com
9012,lansweeper.com,2,challenges.cloudflare.com;static.cloudflareinsights.com
9015,pull-flv-q77-sg01.tiktokcdn.com,1,pull-flv-q77-sg01.tiktokcdn.com
9016,amplify-imp.outbrain.com,3,amplify-imp.outbrain.com;fonts.googleapis.com;fonts.gstatic.com
9017,shopifycloud.com,1,shopifycloud.com
9018,i.mycdn.me,1,i.mycdn.me
9019,p158-content.icloud.com,1,p158-content.icloud.com
9020,crl.certum.pl,2,crl.certum.pl;crl.sec.cdn.certum.pl
9023,analytics.audioeye.com,1,analytics.audioeye.com
9024,static-lvlt.xhcdn.com,2,static-lvlt.xhcdn.com;static-nss.xhcdn.com
9027,eu-rtbstack-cm.admixer.net,1,eu-rtbstack-cm.admixer.net
9029,surveywall-api.survata.com,1,surveywall-api.survata.com
9030,p107-content.icloud.com,1,p107-content.icloud.com
9032,waterfall.inner-active.mobi,1,waterfall.inner-active.mobi
9033,api-safari-ause2a.smoot.apple.com,1,api-safari-ause2a.smoot.apple.com
9034,download-incydr.code42.com,1,download-incydr.code42.com
9036,brass.account.t-mobile.com,1,brass.account.t-mobile.com
9037,ulp1p-pa.googleapis.com,1,www.google.com
9040,v.adsrvr.org,2,ad.adsrvr.org;v.adsrvr.org
9041,experimental-api.asm.skype.com,1,experimental-api.asm.skype.com
9046,l.facebook.com,4,l.facebook.com;static.xx.fbcdn.net;www.facebook.com;www.instagram.com
9052,o293668.ingest.us.sentry.io,1,o293668.ingest.us.sentry.io
9056,p16-ttam-va.ibyteimg.com,1,p16-ttam-va.ibyteimg.com
9057,admob.com,10,ajax.googleapis.com;blog.google;fonts.googleapis.com;googleads.g.doubleclick.net;lh3.googleusercontent.com;www.blog.google;www.google-analytics.com;www.google.com;www.googletagmanager.com;www.gstatic.com
9059,erne.co,1,erne.co
9064,static.wixstatic.com,1,static.wixstatic.com
9065,static-resource.np.community.playstation.net,1,static-resource.np.community.playstation.net
9066,secure-us-west-2.imrworldwide.com,1,secure-us-west-2.imrworldwide.com
9067,commerce.adobe.com,1,commerce.adobe.com
9070,us.info.lgsmartad.com,1,us.info.lgsmartad.com
9071,ms-ads-monitoring-events.presage.io,1,ms-ads-monitoring-events.presage.io
9072,ir.surveywall-api.survata.com,1,ir.surveywall-api.survata.com
9073,rtb2-useast.voisetech.com,1,rtb2-useast.voisetech.com
9077,max.com,17,128-239-2-78_s-23-215-0-5_ts-1776303823-clienttons-s.akamaihd.net;173bf10e.akstat.io;beam-images.warnermediacdn.com;braze-images.com;browser.sentry-cdn.com;c.go-mpulse.net;default.any-any.prd.api.hbomax.com;default.beam-amer.prd.api.hbomax.com;lightning.warnermediacdn.com;max.com;qdxqetqx3lmik2pah3hq-psvkcy-b534b6b58-clientnsv4-s.akamaihd.net;s.go-mpulse.net;trial-eum-clientnsv4-s.akamaihd.net;trial-eum-clienttons-s.akamaihd.net;www.googletagmanager.com;www.hbomax.com;www.max.com
9079,www.google.nl,3,ogads-pa.clients6.google.com;play.google.com;www.gstatic.com
9080,digitalaudience.io,17,api.leadinfo.com;cdn.leadinfo.net;collector.leadinfo.net;digitalaudience.io;fonts.googleapis.com;fonts.gstatic.com;forms-na1.hsforms.com;forms.hsforms.com;js.hs-analytics.net;js.hs-banner.com;js.hs-scripts.com;js.hscollectedforms.net;js.hsforms.net;target.digitalaudience.io;track.hubspot.com;www.google-analytics.com;www.googletagmanager.com
9081,target.digitalaudience.io,1,target.digitalaudience.io
9084,api.prod.signalling.ring.devices.a2z.com,1,api.prod.signalling.ring.devices.a2z.com
9089,openweathermap.org,7,analytics.google.com;api.openweathermap.org;fonts.googleapis.com;fonts.gstatic.com;openweathermap.org;stats.g.doubleclick.net;www.googletagmanager.com
9092,cm-exchange.toast.com,1,cm-exchange.toast.com
9093,us04web.zoom.us,62,3.212.39.155;9513928.fls.doubleclick.net;ad.doubleclick.net;adservice.google.com;alb.reddit.com;analytics.twitter.com;api.company-target.com;bat.bing.com;c.contentsquare.net;cdn.amplitude.com;cdn.bc0a.com;cdn.cookielaw.org;cdn.jsdelivr.net;cdn.metadata.io;cm.g.doubleclick.net;collector-29673.us.tvsquared.com;connect.facebook.net;csxd.contentsquare.net;dsum-sec.casalemedia.com;dx.mountain.com;geolocation.onetrust.com;googleads.g.doubleclick.net;id.rlcdn.com;ixfd2-api.bc0a.com;js.zi-scripts.com;partners.tremorhub.com;pixel-config.reddit.com;pixel.byspotify.com;pixel.rubiconproject.com;pixels.spotify.com;px.adentifi.com;px.ads.linkedin.com;s.company-target.com;s.usea01.idio.episerver.net;s.yimg.jp;scout-cdn.salesloft.com;scout.salesloft.com;segments.company-target.com;snap.licdn.com;st1.zoom.us;static.ads-twitter.com;static.cloudflareinsights.com;t.co;t.contentsquare.net;tag-logger.demandbase.com;tag.demandbase.com;tracking-api.g2.com;tracking.g2crowd.com;trkn.us;us.telemetry.zoom.us;us01campaign.zoom.us;us04web.zoom.us;utt.impactcdn.com;ws-assets.zoominfo.com;ws.zoominfo.com;www.google.com;www.googletagmanager.com;www.linkedin.com;www.redditstatic.com;www.zoom.com;zoom.sjv.io;zoom.us
9096,certs.apple.com,1,certs.apple.com
9097,lf16-effectcdn.byteeffecttos-g.com,1,lf16-effectcdn.byteeffecttos-g.com
9098,obus-dc20305-sg.heytapmobile.com,1,obus-dc20305-sg.heytapmobile.com
9103,developer.api.autodesk.com,1,developer.api.autodesk.com
9104,features.opera-api2.com,1,features.opera-api2.com
9106,ibm-cio.lakesidesoftware.com,6,cdn.jsdelivr.net;cdn.pendo.io;fonts.googleapis.com;fonts.gstatic.com;ibm-cio.lakesidesoftware.com;kit.fontawesome.com
9107,pa.openx.net,1,pa.openx.net
9109,c6thn4.launches.appsflyersdk.com,1,c6thn4.launches.appsflyersdk.com
9110,merchandise.opera-api.com,1,merchandise.opera-api.com
9111,chunk-composing.canva.com,1,chunk-composing.canva.com
9113,swiftkey.com,41,a.tribalfusion.com;analytics.twitter.com;browser.events.data.microsoft.com;c.az.clicktale.net;c.bing.com;c.s-microsoft.com;c1.microsoft.com;cdn-dynmedia-1.microsoft.com;cdnssl.clicktale.net;cm.everesttech.net;cm.g.doubleclick.net;cms.analytics.yahoo.com;cms.quantserve.com;dpm.demdex.net;ds.reson8.com;ib.adnxs.com;idpix.media6degrees.com;idsync.rlcdn.com;jadserve.postrelease.com;js.monitor.azure.com;k.af.clicktale.net;login.live.com;match.adsrvr.org;mem.gfx.ms;microsoft.com;mscom.demdex.net;msftenterprise.sc.omtrdc.net;px.owneriq.net;rtd-tm.everesttech.net;rtd.tubemogul.com;servedby.flashtalking.com;srm.af.contentsquare.net;static.hj.contentsquare.net;swiftkey.com;target.microsoft.com;uhf.microsoft.com;ups.analytics.yahoo.com;wcpstatic.microsoft.com;www.google.com;www.googletagmanager.com;www.microsoft.com
9114,c.gumgum.com,1,c.gumgum.com
9116,cdn.4dvertible.com,1,cdn.4dvertible.com
9119,yammer.com,5,aadcdn.msftauth.net;login.live.com;login.microsoftonline.com;outlook-1.cdn.office.net;yammer.com
9120,www.etsy.com,4,ct.captcha-delivery.com;geo.captcha-delivery.com;static.captcha-delivery.com;www.etsy.com
9122,connect.epicgames.dev,1,connect.epicgames.dev
9124,matka-us.temu.com,1,matka-us.temu.com
9125,adclick.g.doubleclick.net,1,www.google.com
9126,indeed.com,2,indeed.com;t.indeed.com
9128,account.xiaomi.com,6,account.xiaomi.com;cdn.web-global.fds.api.mi-img.com;ssl-cdn.static.browser.mi-img.com;static-verify.sec.xiaomi.com;www.google-analytics.com;www.googletagmanager.com
9129,cdn8.forter.com,1,cdn8.forter.com
9131,track.securedvisit.com,1,track.securedvisit.com
9132,cdn.mxpnl.com,1,cdn.mxpnl.com
9133,gew1-dealer.g2.spotify.com,1,gew1-dealer.g2.spotify.com
9134,yabs.yandex.ru,1,yabs.yandex.ru
9135,content.inhousedsp.com,1,content.inhousedsp.com
9142,skycommands.webrootcloudav.com,1,skycommands.webrootcloudav.com
9143,sync.browser.yandex.net,1,sync.browser.yandex.net
9145,p19-comment-sign-va.tiktokcdn.com,1,p19-comment-sign-va.tiktokcdn.com
9146,net.mtgglobals.com,1,net.mtgglobals.com
9147,tvp-ads-log.samsungads.com,1,tvp-ads-log.samsungads.com
9148,tpsc-video.doubleverify.com,1,tpsc-video.doubleverify.com
9150,sync.aralego.com,1,sync.aralego.com
9152,ios18.ws.prod.cloud.netflix.com,1,ios18.ws.prod.cloud.netflix.com
9153,api.locketcamera.com,1,api.locketcamera.com
9154,amer01.azure-devices.net,1,amer01.azure-devices.net
9156,vod-dash.main.amazon.pv-cdn.net,1,vod-dash.main.amazon.pv-cdn.net
9157,pull-flv-f77-sg01.tiktokcdn-us.com,1,pull-flv-f77-sg01.tiktokcdn-us.com
9159,mavrtracktor.com,1,mavrtracktor.com
9160,tradingview.com,13,accounts.google.com;analytics.google.com;economic-calendar.tradingview.com;news-mediator.tradingview.com;s3-symbol-logo.tradingview.com;scanner.tradingview.com;securepubads.g.doubleclick.net;snowplow-pixel.tradingview.com;static.tradingview.com;stats.g.doubleclick.net;tradingview.com;www.google-analytics.com;www.googletagmanager.com
9161,xvideos.com,6,a.orbsrv.com;assets-cdn77.xvideos-cdn.com;s.orbsrv.com;thumbs-gcore.xvideos-cdn.com;xvideos.com;z6v2p9a8.bkcdn.net
9163,title.auth.xboxlive.com,1,title.auth.xboxlive.com
9164,wcpstatic.microsoft.com,1,wcpstatic.microsoft.com
9165,groupme.com,10,api.framer.com;app.framerstatic.com;browser.events.data.microsoft.com;events.framer.com;fonts.gstatic.com;framer.com;framerusercontent.com;groupme.com;js.monitor.azure.com;wcpstatic.microsoft.com
9166,vrtcal.com,5,cdnjs.cloudflare.com;fonts.googleapis.com;fonts.gstatic.com;vrtcal.com;www.vrtcal.com
9169,tr-common-mira.office.com,4,aadcdn.msftauth.net;login.microsoftonline.com;res.public.onecdn.static.microsoft;tr-common-mira.office.com
9171,sdk.mrf.io,1,sdk.mrf.io
9176,b.6sc.co,3,b.6sc.co;fonts.googleapis.com;fonts.gstatic.com
9177,rc.conviva.com,1,rc.conviva.com
9178,zdn.vn,1,zdn.vn
9179,img2.hulu.com,1,img2.hulu.com
9180,visitor.us-west1.gcp.omnitagjs.com,1,visitor.us-west1.gcp.omnitagjs.com
9181,a.mrktmtrcs.net,1,a.mrktmtrcs.net
9182,frameo.net,9,cdnjs.cloudflare.com;ekr.zdassets.com;fonts.googleapis.com;frameo.net;frameo.zendesk.com;static.zdassets.com;use.typekit.net;www.frameo.com;www.termsfeed.com
9183,sns-avatar-qc.xhscdn.com,1,sns-avatar-qc.xhscdn.com
9184,rm-script.dotmetrics.net,1,rm-script.dotmetrics.net
9186,statusapi.micloud.xiaomi.net,1,statusapi.micloud.xiaomi.net
9187,agentsn.msua01.manage.microsoft.com,1,agentsn.msua01.manage.microsoft.com
9189,analytics.ff.avast.com,1,analytics.ff.avast.com
9191,lpcdn.lpsnmedia.net,1,lpcdn.lpsnmedia.net
9192,cdn.zimperium.com,1,cdn.zimperium.com
9193,anonymised.io,11,anonymised.io;api.cmp.inmobi.com;cdn.jsdelivr.net;cdn.prod.website-files.com;cmp.inmobi.com;d3e54v103j8qbb.cloudfront.net;privacy-seal.heydata.eu;visit-server.inmobi-choice.io;www.anonymised.io;www.googletagmanager.com;ykyp33.csb.app
9194,googleoptimize.com,1,www.google.com
9195,bromium-online.com,10,bromium-online.com;cdn.cookielaw.org;fonts.gstatic.com;geolocation.onetrust.com;i.ytimg.com;www.google.com;www.hp.com;www.hpwolf.com;www.youtube-nocookie.com;www.youtube.com
9197,t.mookie1.com,1,t.mookie1.com
9198,gslb.sgw.shopeemobile.com,1,gslb.sgw.shopeemobile.com
9200,shared.fastly.steamstatic.com,1,shared.fastly.steamstatic.com
9201,i-sg.capcutapi.com,1,i-sg.capcutapi.com
9202,images.squarespace-cdn.com,1,images.squarespace-cdn.com
9204,siteimproveanalytics.com,2,siteimproveanalytics.com;static.cloudflareinsights.com
9205,t.me,2,t.me;telegram.org
9208,mts.ru,20,1054--a00--1776302213907838423.stbid.ru;5430925061776302212729.cm.a.mts.ru;abt.s3.yandex.net;ad.adriver.ru;an.yandex.ru;api.tomi.ai;content.adriver.ru;dtm-dre.platform.hicloud.com;identitystatic.mts.ru;login.mts.ru;mc.yandex.ru;moskva.mts.ru;mts.ru;mtsopros.mts.ru;pn.mts.ru;sentry.obs.mts.ru;static.mts.ru;tag.a.mts.ru;top-fwz1.mail.ru;uaas.yandex.ru
9209,tb-static.uber.com,1,tb-static.uber.com
9210,gtglobal.intl.miui.com,1,gtglobal.intl.miui.com
9211,www.t-mobile.com,26,accdn.lpsnmedia.net;analytics.google.com;api2.branch.io;app.link;assets.adobedtm.com;cdn.branch.io;cdn.cookielaw.org;cdn.moengage.com;cdn.quantummetric.com;geolocation.onetrust.com;googletagmanager.com;ingest.quantummetric.com;ipinfo.io;lpcdn.lpsnmedia.net;lptag.liveperson.net;match.adsrvr.org;pnapi.invoca.net;rum.hlx.page;smetrics.t-mobile.com;solutions.invocacdn.com;stats.g.doubleclick.net;t-mobile.scene7.com;tmo-assets.fs.liveperson.com;unpkg.com;va.v.liveperson.net;www.t-mobile.com
9212,cisco-my.sharepoint.com,5,aadcdn.msauth.net;aadcdn.msauthimages.net;cisco-my.sharepoint.com;login.live.com;login.microsoftonline.com
9213,static.canva.com,1,static.canva.com
9215,api.fe.amazonalexa.com,2,api.fe.amazonalexa.com;g-ecx.images-amazon.com
9216,highlights.us-east-2.intelligence.webex.com,1,highlights.us-east-2.intelligence.webex.com
9220,pull-w5-va01.fcdn.eu.tiktokcdn.com,1,pull-w5-va01.fcdn.eu.tiktokcdn.com
9222,www.googleoptimize.com,1,www.google.com
9224,image.roku.com,1,image.roku.com
9225,mediacloud.xiaohongshu.com,1,mediacloud.xiaohongshu.com
9228,api-safari-ause2b.smoot.apple.com,1,api-safari-ause2b.smoot.apple.com
9230,agentsn.msua02.manage.microsoft.com,1,agentsn.msua02.manage.microsoft.com
9231,atv-ps.amazon.com,1,atv-ps.amazon.com
9235,login.vk.com,2,login.vk.com;vk.com
9236,o.isx.unity3d.com,1,o.isx.unity3d.com
9240,sprinklr.com,11,cdn.optimizely.com;cdnjs.cloudflare.com;cmp.osano.com;images.ctfassets.net;js.hs-scripts.com;pagead2.googlesyndication.com;sprinklr.com;videos.ctfassets.net;www.google-analytics.com;www.googletagmanager.com;www.sprinklr.com
9242,da-an-v3.tiktokv.us,1,da-an-v3.tiktokv.us
9244,media.admob.com,5,ajax.googleapis.com;fonts.googleapis.com;fonts.gstatic.com;media.admob.com;www.google-analytics.com
9245,policy.samsungcloud.com,1,policy.samsungcloud.com
9248,lf16-cdn-tos.tiktokcdn-us.com,1,lf16-cdn-tos.tiktokcdn-us.com
9249,tnapplications.com,1,tnapplications.com
9250,api.tnapplications.com,1,api.tnapplications.com
9253,bff-ext.clients.peacocktv.com,1,bff-ext.clients.peacocktv.com
9255,cdn.browsiprod.com,1,cdn.browsiprod.com
9257,ccext-static.adobecces.com,1,ccext-static.adobecces.com
9260,tmobile.com,27,accdn.lpsnmedia.net;analytics.google.com;api2.branch.io;app.link;assets.adobedtm.com;cdn.branch.io;cdn.cookielaw.org;cdn.moengage.com;cdn.quantummetric.com;geolocation.onetrust.com;googletagmanager.com;ingest.quantummetric.com;ipinfo.io;lpcdn.lpsnmedia.net;lptag.liveperson.net;match.adsrvr.org;pnapi.invoca.net;rum.hlx.page;smetrics.t-mobile.com;solutions.invocacdn.com;stats.g.doubleclick.net;t-mobile.scene7.com;tmo-assets.fs.liveperson.com;tmobile.com;unpkg.com;va.v.liveperson.net;www.t-mobile.com
9261,www.npr.org,47,6635101.fls.doubleclick.net;aax.amazon-adsystem.com;ads.pubmatic.com;api.permutive.com;bcp.crwdcntrl.net;c.amazon-adsystem.com;c.go-mpulse.net;cdn.cookielaw.org;cdn.cxense.com;cdn.jwplayer.com;cdn.optimizely.com;cdn.pdst.fm;cdn.piano.io;cdn3.optimizely.com;cm.g.doubleclick.net;config.aps.amazon-adsystem.com;e1cef1f0-495f-4973-ba1c-880786e73a66.edge.permutive.app;entitlements.jwplayer.com;geolocation.onetrust.com;imasdk.googleapis.com;js.stripe.com;m.stripe.com;m.stripe.network;mab.chartbeat.com;media.npr.org;npr.brightspotcdn.com;organization.api.npr.org;pagead2.googlesyndication.com;prd.jwpltx.com;rumcdn.geoedge.be;s.go-mpulse.net;s0.2mdn.net;sb.scorecardresearch.com;secure-us.imrworldwide.com;secure.cdn.fastclick.net;securepubads.g.doubleclick.net;ssl.p.jwpcdn.com;static.chartbeat.com;station.api.npr.org;tags.crwdcntrl.net;www.datadoghq-browser-agent.com;www.google.com;www.googletagmanager.com;www.gstatic.com;www.npr.org;www.npttech.com;www.recaptcha.net
9263,api.company-target.com,1,api.company-target.com
9265,hbomax.com,15,128-239-2-78_s-23-55-176-230_ts-1776305842-clienttons-s.akamaihd.net;beam-images.warnermediacdn.com;braze-images.com;browser.sentry-cdn.com;c.go-mpulse.net;default.any-any.prd.api.hbomax.com;default.beam-amer.prd.api.hbomax.com;hbomax.com;lightning.warnermediacdn.com;qdxqetqx3xr2m2pai2za-p0a7wn-b9e83b2ae-clientnsv4-s.akamaihd.net;s.go-mpulse.net;trial-eum-clientnsv4-s.akamaihd.net;trial-eum-clienttons-s.akamaihd.net;www.googletagmanager.com;www.hbomax.com
9267,da-an-v3-ttp2.tiktokv.us,1,da-an-v3-ttp2.tiktokv.us
9270,tr-ooc-fs.office.com,4,aadcdn.msftauth.net;login.microsoftonline.com;res.public.onecdn.static.microsoft;tr-ooc-fs.office.com
9271,vast.extremereach.io,1,vast.extremereach.io
9273,outlook-sdf.office.com,6,aadcdn.msauth.net;login.live.com;login.microsoftonline.com;outlook-sdf.office.com;res.df.onecdn.static.microsoft;sdf.outlook.cloud.microsoft
9274,passport16-normal-us-ttp.capcutapi.us,1,passport16-normal-us-ttp.capcutapi.us
9278,coinbase.com,2,challenges.cloudflare.com;coinbase.com
9279,grafana.com,14,a-us.storyblok.com;analytics.google.com;app.clearbit.com;connect.facebook.net;grafana.com;px.ads.linkedin.com;satgt.grafana.com;snap.licdn.com;stats.g.doubleclick.net;widget.intercom.io;www.google-analytics.com;www.googletagmanager.com;www.linkedin.com;x.clearbitjs.com
9281,zillowstatic.com,1,zillowstatic.com
9283,meetings.clients6.google.com,1,www.google.com
9285,log.sptag2.com,1,log.sptag2.com
9288,otpi0g-launches.appsflyersdk.com,1,otpi0g-launches.appsflyersdk.com
9289,sentitlement2.mobile.att.net,1,sentitlement2.mobile.att.net
9290,p16-webcast.tiktokcdn.com,1,p16-webcast.tiktokcdn.com
9292,pull-flv-l77-tt04.tiktokcdn.com,1,pull-flv-l77-tt04.tiktokcdn.com
9294,consumer.cloud.gist.build,1,consumer.cloud.gist.build
9295,identity.ads.roku.com,1,identity.ads.roku.com
9296,missena.io,1,missena.io
9297,sf19-teko.tiktokcdn.com,1,sf19-teko.tiktokcdn.com
9298,parastorage.com,3,parastorage.com;static.parastorage.com;www.wix.com
9302,api-safari-ause1b.smoot.apple.com,1,api-safari-ause1b.smoot.apple.com
9303,pull-flv-f77-tt01.tiktokcdn.com,1,pull-flv-f77-tt01.tiktokcdn.com
9306,jetbrains.com,39,a.quora.com;a26669750187.cdn.optimizely.com;alb.reddit.com;analytics.google.com;analytics.tiktok.com;analytics.twitter.com;ara.paa-reporting-advertising.amazon;bat.bing.com;bat.bing.net;c.amazon-adsystem.com;c.bing.com;c.clarity.ms;capi-automation.s3.us-east-2.amazonaws.com;cdn.cookiehub.eu;connect.facebook.net;data.services.jetbrains.com;googleads.g.doubleclick.net;j.nrich.ai;jetbrains.com;logx.optimizely.com;pixel-config.reddit.com;px.ads.linkedin.com;q.quora.com;resources.jetbrains.com;s.amazon-adsystem.com;s.clarity.ms;scripts.clarity.ms;sgtm.jetbrains.com;snap.licdn.com;static.ads-twitter.com;stats.g.doubleclick.net;t.co;tag.nrich.ai;www.clarity.ms;www.google.com;www.googletagmanager.com;www.jetbrains.com;www.linkedin.com;www.redditstatic.com
9307,us.rdx2.nextlgsdp.com,1,us.rdx2.nextlgsdp.com
9308,collector.xhamster.com,1,collector.xhamster.com
9309,api.engager.ecbsn.com,1,api.engager.ecbsn.com
9310,fpjs.io,44,44.238.122.172;a.usbrowserspeed.com;alb.reddit.com;analytics.google.com;api.fpjs.pro;api.hubapi.com;api.ipify.org;api.mapbox.com;api.vector.co;aplo-evnt.com;app.clearbit.com;app.factors.ai;assets.apollo.io;cdn.drda.io;cdn.dreamdata.cloud;cdn.metadata.io;cdn.vector.co;connect.facebook.net;dx.mountain.com;fingerprint.com;fonts.googleapis.com;fonts.gstatic.com;fpjs.io;googleads.g.doubleclick.net;js.hs-analytics.net;js.hs-banner.com;js.hs-scripts.com;js.hsadspixel.net;pixel-config.reddit.com;px.ads.linkedin.com;sdk.userledclient.io;snap.licdn.com;stats.g.doubleclick.net;tag.clearbitscripts.com;track.hubspot.com;tracking-api.g2.com;tracking.g2crowd.com;us-assets.i.posthog.com;us.assets.userled.io;www.google.com;www.googletagmanager.com;www.linkedin.com;www.redditstatic.com;x.clearbitjs.com
9315,user.auth.xboxlive.com,1,user.auth.xboxlive.com
9316,gecko32-normal-no1a.tiktokv.eu,1,gecko32-normal-no1a.tiktokv.eu
9317,o315582.ingest.sentry.io,1,o315582.ingest.sentry.io
9319,line.me,3,cdn.jsdelivr.net;line.me;www.line.me
9320,itunes.com,3,itunes.com;securemetrics.apple.com;www.apple.com
9325,serviceupdates.frameo.net,1,serviceupdates.frameo.net
9327,oppomobile.com,2,activity-cdo.heytapimage.com;oppomobile.com
9328,atlas.halcyon.ai,1,atlas.halcyon.ai
9329,smetrics.costco.com,1,smetrics.costco.com
9330,pub-ent-usea-17-t.trouter.teams.microsoft.com,1,pub-ent-usea-17-t.trouter.teams.microsoft.com
9331,us.uniflowonline.com,1,us.uniflowonline.com
9334,www.app-ads-services.com,1,www.google.com
9335,guc3-dealer-ssl.spotify.com,1,guc3-dealer-ssl.spotify.com
9336,powerplatform.com,45,a.tribalfusion.com;accdn-vip.lpsnmedia.net;analytics.twitter.com;assets.adobedtm.com;browser.events.data.microsoft.com;bttrack.com;c.bing.com;c.s-microsoft.com;cdn-dynmedia-1.microsoft.com;cm.everesttech.net;cm.g.doubleclick.net;cms.analytics.yahoo.com;cms.quantserve.com;dpm.demdex.net;ds.reson8.com;edge.adobedc.net;ib.adnxs.com;idpix.media6degrees.com;idsync.rlcdn.com;jadserve.postrelease.com;js.monitor.azure.com;login.live.com;login.microsoftonline.com;lptag.liveperson.net;match.adsrvr.org;mscom.demdex.net;msftenterprise.sc.omtrdc.net;play.vidyard.com;powerplatform.com;publisher.liveperson.net;px.owneriq.net;rtd-tm.everesttech.net;rtd.tubemogul.com;rum.hlx.page;s.clarity.ms;s7d2.scene7.com;scripts.clarity.ms;servedby.flashtalking.com;static-assets.fs.liveperson.com;target.microsoft.com;uhf.microsoft.com;ups.analytics.yahoo.com;wcpstatic.microsoft.com;www.clarity.ms;www.microsoft.com
9337,analytics-ingestion-v3.main-production-custom.production.k8s.tubi.io,1,analytics-ingestion-v3.main-production-custom.production.k8s.tubi.io
9338,login.epm.cyberark.com,1,login.epm.cyberark.com
9340,ocsp.pki.goog,1,www.google.com
9341,bisrtb.vidazoo.com,1,bisrtb.vidazoo.com
9342,applepay.cdn-apple.com,1,applepay.cdn-apple.com
9344,azure-na-cdn.contentstack.com,1,azure-na-cdn.contentstack.com
9345,cdn.lijit.com,1,cdn.lijit.com
9346,artifacts.security.elastic.co,63,15244908.fls.doubleclick.net;813-mam-392.mktoresp.com;a.quora.com;ad.doubleclick.net;adservice.google.com;alb.reddit.com;analytics.google.com;analytics.twitter.com;api.company-target.com;app.clearbit.com;artifacts.security.elastic.co;assets.adoberesources.net;assets.userled.io;bat.bing.com;c.clarity.ms;cdn.iubenda.com;cdn.optimizely.com;cdn3.optimizely.com;cm.g.doubleclick.net;connect.facebook.net;dsum-sec.casalemedia.com;edge.fullstory.com;elastic-global-nav-assets.s3.us-west-2.amazonaws.com;fonts.googleapis.com;googleads.g.doubleclick.net;id.rlcdn.com;idb.iubenda.com;images.contentstack.io;info.elastic.co;insight.adsrvr.org;js.adsrvr.org;lift-ai-js.marketlinc.com;logx.optimizely.com;munchkin.marketo.net;partners.tremorhub.com;pixel-config.reddit.com;pixel.byspotify.com;pixel.rubiconproject.com;px.ads.linkedin.com;rs.fullstory.com;s.clarity.ms;s.company-target.com;scripts.clarity.ms;sdk.userledclient.io;secure.adnxs.com;segments.company-target.com;sjrtp2-cdn.marketo.com;snap.licdn.com;static-www.elastic.co;static.ads-twitter.com;stats.g.doubleclick.net;t.co;tag-logger.demandbase.com;tag.clearbitscripts.com;tag.demandbase.com;trk.techtarget.com;www.clarity.ms;www.elastic.co;www.google.com;www.googletagmanager.com;www.linkedin.com;www.redditstatic.com;x.clearbitjs.com
9347,intunemaape6.ncus.attest.azure.net,1,intunemaape6.ncus.attest.azure.net
9350,a3s5bh2hu6vayf.us-east-1.prod.service.minerva.devices.a2z.com,1,a3s5bh2hu6vayf.us-east-1.prod.service.minerva.devices.a2z.com
9351,noam.events.data.microsoft.com,1,noam.events.data.microsoft.com
9353,tr-ooc-geo.office.com,4,aadcdn.msftauth.net;login.microsoftonline.com;res.public.onecdn.static.microsoft;tr-ooc-geo.office.com
9354,api-safari-ause2c.smoot.apple.com,1,api-safari-ause2c.smoot.apple.com
9355,tr-eop-fs.office.com,4,aadcdn.msftauth.net;login.microsoftonline.com;res.public.onecdn.static.microsoft;tr-eop-fs.office.com
9356,ingest.vfw.prod.skywave.jetstream.advertising.a2z.com,1,ingest.vfw.prod.skywave.jetstream.advertising.a2z.com
9357,community.steamstatic.com,1,community.steamstatic.com
9359,samizdat-graphql.nytimes.com,1,samizdat-graphql.nytimes.com
9360,pub-ent-usea-08-t.trouter.teams.microsoft.com,1,pub-ent-usea-08-t.trouter.teams.microsoft.com
9362,cpl-t-sightsafe.wyzecam.com,1,cpl-t-sightsafe.wyzecam.com
9366,go.mavrtracktor.com,11,assets.chapturist.com;assets.strpssts-ana.com;cdnjs.cloudflare.com;creative.eizzih.com;go.eizzih.com;go.mavrtracktor.com;go.stripchat.com;img.doppiocdn.net;mmp.doppiocdn.com;stripchat.com;ststandard.com
9369,content.quantcount.com,1,content.quantcount.com
9371,ws.zoominfo.com,1,ws.zoominfo.com
9373,inkwell.femetrics.grammarly.io,1,inkwell.femetrics.grammarly.io
9375,ios.bugly.qq.com,1,ios.bugly.qq.com
9377,q.quora.com,1,q.quora.com
9378,sentry.insops.net,1,sentry.insops.net
9380,prd-api-us.prd.rings.solutions,1,prd-api-us.prd.rings.solutions
9382,accounts.cloud.com,1,accounts.cloud.com
9383,static.chasecdn.com,1,static.chasecdn.com
9384,cleanbrowsing.org,9,analytics.ahrefs.com;cdn.jsdelivr.net;cdnjs.cloudflare.com;cleanbrowsing.org;fonts.googleapis.com;fonts.gstatic.com;plausible.io;www.google-analytics.com;www.googletagmanager.com
9387,tr-ecs-fs.office.com,4,aadcdn.msauth.net;login.microsoftonline.com;res.public.onecdn.static.microsoft;tr-ecs-fs.office.com
9389,myapplications.microsoft.com,5,aadcdn.msauth.net;eu-mobile.events.data.microsoft.com;login.live.com;login.microsoftonline.com;myapplications.microsoft.com
9391,support.google.com,12,apis.google.com;fonts.googleapis.com;fonts.gstatic.com;gstatic.com;lh3.googleusercontent.com;ogads-pa.clients6.google.com;ssl.gstatic.com;storage.googleapis.com;www.google-analytics.com;www.google.com;www.googletagmanager.com;www.gstatic.com
9395,ssb-global.smartadserver.com,1,ssb-global.smartadserver.com
9396,pub-ent-usea-09-t.trouter.teams.microsoft.com,1,pub-ent-usea-09-t.trouter.teams.microsoft.com
9397,dramaboxdb.com,8,accounts.google.com;asc.dramaboxdb.com;dramaboxdb.com;log.dramaboxdb.com;thwztchapter.dramaboxdb.com;www.dramaboxdb.com;www.google-analytics.com;www.googletagmanager.com
9398,nh-mobile-config.ring.com,1,nh-mobile-config.ring.com
9401,prd-usw2-requestattribution-iad.apple.com,1,prd-usw2-requestattribution-iad.apple.com
9403,us.storage.endpoint.ingress.rapid7.com,1,us.storage.endpoint.ingress.rapid7.com
9404,mail.yandex.ru,6,360.yandex.ru;avatars.mds.yandex.net;mail.yandex.ru;mc.yandex.ru;yandex.ru;yastatic.net
9406,pub-ent-usnc-08-t.trouter.teams.microsoft.com,1,pub-ent-usnc-08-t.trouter.teams.microsoft.com
9408,www.cnn.com,1,www.cnn.com
9412,api-safari-ause1a.smoot.apple.com,1,api-safari-ause1a.smoot.apple.com
9413,udm.scorecardresearch.com,1,udm.scorecardresearch.com
9414,mpc2-prod-1-is5qnl632q-uc.a.run.app,0,
9416,o13855.ingest.sentry.io,1,o13855.ingest.sentry.io
9418,appgw.conviva.com,1,appgw.conviva.com
9419,www.xvideos.com,6,a.orbsrv.com;assets-cdn77.xvideos-cdn.com;s.orbsrv.com;thumbs-gcore.xvideos-cdn.com;www.xvideos.com;z6v2p9a8.bkcdn.net
9421,pub-ent-usea2-10-t.trouter.teams.microsoft.com,1,pub-ent-usea2-10-t.trouter.teams.microsoft.com
9422,pub-ent-usea-01-t.trouter.teams.microsoft.com,1,pub-ent-usea-01-t.trouter.teams.microsoft.com
9423,pub-ent-usnc-06-t.trouter.teams.microsoft.com,1,pub-ent-usnc-06-t.trouter.teams.microsoft.com
9425,bid.contextweb.com,1,bid.contextweb.com
9426,cdn.adnxs.com,1,cdn.adnxs.com
9428,speedysub.itunes.apple.com,1,speedysub.itunes.apple.com
9429,datarouter-weighted.ol.epicgames.com,1,datarouter-weighted.ol.epicgames.com
9431,cloud.lakesidesoftware.com,6,cdn.jsdelivr.net;cdn.pendo.io;cloud.lakesidesoftware.com;fonts.googleapis.com;fonts.gstatic.com;kit.fontawesome.com
9433,use.trk.svr-algorix.com,1,use.trk.svr-algorix.com
9434,pub-ent-usea-07-t.trouter.teams.microsoft.com,1,pub-ent-usea-07-t.trouter.teams.microsoft.com
9435,pub-ent-usea2-02-t.trouter.teams.microsoft.com,1,pub-ent-usea2-02-t.trouter.teams.microsoft.com
9436,events.browsiprod.com,1,events.browsiprod.com
9437,p19-comment-sg-sign.tiktokcdn-us.com,1,p19-comment-sg-sign.tiktokcdn-us.com
9438,mygaru.com,10,ajax.googleapis.com;cdn.embedly.com;cdn.jsdelivr.net;cdn.prod.website-files.com;challenges.cloudflare.com;d3e54v103j8qbb.cloudfront.net;fonts.googleapis.com;fonts.gstatic.com;mygaru.com;player.vimeo.com
9439,pub-ent-usnc-04-t.trouter.teams.microsoft.com,1,pub-ent-usnc-04-t.trouter.teams.microsoft.com
9440,pixel-us-west.rubiconproject.com,1,pixel-us-west.rubiconproject.com
9441,e2c3.gcp.gvt2.com,1,e2c3.gcp.gvt2.com
9442,stats-collector.zdoiodhtqahjizqq.net,1,stats-collector.zdoiodhtqahjizqq.net
9447,fa000000005.resources.office.net,1,fa000000005.resources.office.net
9448,advertising.walmart.com,8,advertising.walmart.com;client.px-cloud.net;collector-pxzitus4e5.px-client.net;collector-pxzitus4e5.px-cloud.net;fonts.googleapis.com;i5.wal.co;i5.walmartimages.com;tzm.px-cloud.net
9449,tr-eop-mira.office.com,4,aadcdn.msauth.net;login.microsoftonline.com;res.public.onecdn.static.microsoft;tr-eop-mira.office.com
9451,e2c17.gcp.gvt2.com,1,e2c17.gcp.gvt2.com
9452,a.vidoomy.com,1,a.vidoomy.com
9453,pub-ent-usnc-13-t.trouter.teams.microsoft.com,1,pub-ent-usnc-13-t.trouter.teams.microsoft.com
9455,libra31-normal-alisg.tiktokv.com,1,libra31-normal-alisg.tiktokv.com
9456,pub-ent-ussc-14-t.trouter.teams.microsoft.com,1,pub-ent-ussc-14-t.trouter.teams.microsoft.com
9458,acctcdn.msftauth.net,1,acctcdn.msftauth.net
9459,pub-ent-usea-16-t.trouter.teams.microsoft.com,1,pub-ent-usea-16-t.trouter.teams.microsoft.com
9460,acctcdn.msauth.net,1,acctcdn.msauth.net
9461,e2c55.gcp.gvt2.com,1,e2c55.gcp.gvt2.com
9462,pub-ent-ussc-12-t.trouter.teams.microsoft.com,1,pub-ent-ussc-12-t.trouter.teams.microsoft.com
9466,pub-ent-usnc-16-t.trouter.teams.microsoft.com,1,pub-ent-usnc-16-t.trouter.teams.microsoft.com
9467,e2c48.gcp.gvt2.com,1,e2c48.gcp.gvt2.com
9468,pub-ent-uswe-15-t.trouter.teams.microsoft.com,1,pub-ent-uswe-15-t.trouter.teams.microsoft.com
9470,e2c45.gcp.gvt2.com,1,e2c45.gcp.gvt2.com
9471,c.urs.microsoft.com,1,c.urs.microsoft.com
9473,mediation-gab-normal-sg.capcutapi.com,1,mediation-gab-normal-sg.capcutapi.com
9475,api.foxnews.com,1,api.foxnews.com
9480,q.adrta.com,1,q.adrta.com
9481,et.nytimes.com,1,et.nytimes.com
9482,a.et.nytimes.com,1,a.et.nytimes.com
9483,adserver.pandora.com,1,adserver.pandora.com
9486,sites.google.com,1,ssl.gstatic.com
9487,pub-ent-usnc-09-t.trouter.teams.microsoft.com,1,pub-ent-usnc-09-t.trouter.teams.microsoft.com
9488,pub-ent-usea-15-t.trouter.teams.microsoft.com,1,pub-ent-usea-15-t.trouter.teams.microsoft.com
9489,atlas.ngtv.io,1,atlas.ngtv.io
9490,e2c64.gcp.gvt2.com,1,e2c64.gcp.gvt2.com
9492,e2c54.gcp.gvt2.com,1,e2c54.gcp.gvt2.com
9494,svr.smartcloudcon.com,1,svr.smartcloudcon.com
9497,client-office365-tas.msedge.net,1,client-office365-tas.msedge.net
9500,pub-ent-usnc-03-t.trouter.teams.microsoft.com,1,pub-ent-usnc-03-t.trouter.teams.microsoft.com
9501,pub-ent-usea2-15-t.trouter.teams.microsoft.com,1,pub-ent-usea2-15-t.trouter.teams.microsoft.com
9502,e2c49.gcp.gvt2.com,1,e2c49.gcp.gvt2.com
9503,nje1pug-paira.pubmatic.com,1,nje1pug-paira.pubmatic.com
9504,e2c42.gcp.gvt2.com,1,e2c42.gcp.gvt2.com
9506,pub-ent-usnc-10-t.trouter.teams.microsoft.com,1,pub-ent-usnc-10-t.trouter.teams.microsoft.com
9508,account-public-service-prod.ak.epicgames.com,1,account-public-service-prod.ak.epicgames.com
9510,e2c5.gcp.gvt2.com,1,e2c5.gcp.gvt2.com
9511,datarouter.cfef.live.use1a.on.epicgames.com,1,datarouter.cfef.live.use1a.on.epicgames.com
9513,e2c80.gcp.gvt2.com,1,e2c80.gcp.gvt2.com
9514,pub-ent-usnc-05-t.trouter.teams.microsoft.com,1,pub-ent-usnc-05-t.trouter.teams.microsoft.com
9515,qualcomm.com,11,a40.usablenet.com;assets.adobedtm.com;cdn.bc0a.com;cdn.cookielaw.org;geolocation.onetrust.com;ixfd2-api.bc0a.com;prdgraphql.www.qualcomm.com;qualcomm.com;s7d1.scene7.com;static.cloud.coveo.com;www.qualcomm.com
9516,x.klarnacdn.net,1,x.klarnacdn.net
9518,pub-ent-usea-11-t.trouter.teams.microsoft.com,1,pub-ent-usea-11-t.trouter.teams.microsoft.com
9519,cdn.us.heap-api.com,2,cdn.us.heap-api.com;sdk.us.heap-api.com
9521,e2c31.gcp.gvt2.com,1,e2c31.gcp.gvt2.com
9522,pub-ent-usnc-14-t.trouter.teams.microsoft.com,1,pub-ent-usnc-14-t.trouter.teams.microsoft.com
9523,lens.poly.com,14,analytics.google.com;cacheorcheck.mopinion.com;clientstream.launchdarkly.com;collect.mopinion.com;deploy.mopinion.com;fonts.googleapis.com;fonts.gstatic.com;fonts.mopinion.com;gstatic.mopinion.com;lens.poly.com;lenscdndev.azureedge.net;login.silica-prod01.io.lens.poly.com;stats.g.doubleclick.net;www.googletagmanager.com
9524,e2c22.gcp.gvt2.com,1,e2c22.gcp.gvt2.com
9525,e2c53.gcp.gvt2.com,1,e2c53.gcp.gvt2.com
9526,e2c59.gcp.gvt2.com,1,e2c59.gcp.gvt2.com
9527,image.api.playstation.com,1,image.api.playstation.com
9528,pub-ent-uswe-14-t.trouter.teams.microsoft.com,1,pub-ent-uswe-14-t.trouter.teams.microsoft.com
9529,e2c10.gcp.gvt2.com,1,e2c10.gcp.gvt2.com
9530,js.gumgum.com,1,js.gumgum.com
9531,fortinet.com,58,10104846.fls.doubleclick.net;a.dpmsrv.com;a.quora.com;ad.doubleclick.net;adservice.google.com;analytics.twitter.com;api-v2.mutinyhq.io;api.consentjs.datagrail.io;assets.adobedtm.com;attr-td.ml-api.io;bam.nr-data.net;bat.bing.com;cdn-app.pathfactory.com;cdn.schemaapp.com;cdn.webexperiences.com;client-registry.mutinycdn.com;cm.everesttech.net;cm.g.doubleclick.net;connect.facebook.net;d2i34c80a0ftze.cloudfront.net;dpm.demdex.net;epsilon.6sense.com;fortinet.com;fortinet.demdex.net;fortinet.my.salesforce-scrt.com;fortinet.my.site.com;fortinet.tt.omtrdc.net;googleads.g.doubleclick.net;ib.adnxs.com;img.en25.com;ipv6.6sc.co;j.6sc.co;js-agent.newrelic.com;jukebox.pathfactory.com;lantern.fortinet.com;lltrck.com;marvel-b1-cdn.bc0a.com;marvel-b2-cdn.bc0a.com;marvel-processor.bc0a.com;match.adsrvr.org;metrics.fortinet.com;pixel.mathtag.com;pixel.rubiconproject.com;px.ads.linkedin.com;rum.hlx.page;s.dpmsrv.com;s3049749.t.eloqua.com;secure.adnxs.com;snap.licdn.com;static.ads-twitter.com;t.co;tags.srv.stackadapt.com;trk.techtarget.com;wec-assets.terminus.services;www.fortinet.com;www.google.com;www.googletagmanager.com;www.linkedin.com
9534,www.hulu.com,35,3797690.fls.doubleclick.net;ad.doubleclick.net;adservice.google.com;analytics-ipv6.tiktokw.us;analytics.tiktok.com;apps.rokt.com;assetshuluimcom-a.akamaihd.net;b.videoamp.com;cdn.cookielaw.org;cm.g.doubleclick.net;cnbl-cdn.bamgrid.com;collector-1564.tvsquared.com;connect.facebook.net;d.impactradius-event.com;disney.my.sentry.io;geolocation.onetrust.com;img1.hulu.com;img2.hulu.com;img4.hulu.com;insight.adsrvr.org;js.adsrvr.org;metcon.hulu.com;s.yimg.com;sanalytics.disneyplus.com;sc-static.net;sp.analytics.yahoo.com;tag.rmp.rakuten.com;tags.tiqcdn.com;tr.snapchat.com;uconnect.tealiumiq.com;vortex.hulu.com;www.facebook.com;www.google.com;www.googletagmanager.com;www.hulu.com
9535,e2c60.gcp.gvt2.com,1,e2c60.gcp.gvt2.com
9536,pub-ent-usea-02-t.trouter.teams.microsoft.com,1,pub-ent-usea-02-t.trouter.teams.microsoft.com
9537,bigo.sg,9,bigo.sg;gdl.bigo.sg;manage-www.bigo.sg;static-web.bigolive.tv;static-web.likeevideo.com;static.f2ecdn.com;support-json.like.video;www.google-analytics.com;www.googletagmanager.com
9540,ping-edge.smartscreen.microsoft.com,1,ping-edge.smartscreen.microsoft.com
9541,public-ubiservices.ubi.com,1,public-ubiservices.ubi.com
9542,pub-ent-usnc-07-t.trouter.teams.microsoft.com,1,pub-ent-usnc-07-t.trouter.teams.microsoft.com
9545,e2c46.gcp.gvt2.com,1,e2c46.gcp.gvt2.com
9550,dareprobe.office.com,4,aadcdn.msftauth.net;dareprobe.office.com;login.microsoftonline.com;res.public.onecdn.static.microsoft
9551,zillow.com,11,client.px-cloud.net;collector-pxhyx10rg3.px-client.net;collector-pxhyx10rg3.px-cloud.net;crcldu.com;fonts.googleapis.com;fonts.gstatic.com;fst-ec.perimeterx.net;tzm.px-cloud.net;www.zillow.com;www.zillowstatic.com;zillow.com
9552,e2c67.gcp.gvt2.com,1,e2c67.gcp.gvt2.com
9553,e2c7.gcp.gvt2.com,1,e2c7.gcp.gvt2.com
9554,e2c71.gcp.gvt2.com,1,e2c71.gcp.gvt2.com
9557,e2c50.gcp.gvt2.com,1,e2c50.gcp.gvt2.com
9559,ts.eset.com,1,ts.eset.com
9560,pub-ent-usea-13-t.trouter.teams.microsoft.com,1,pub-ent-usea-13-t.trouter.teams.microsoft.com
9561,taboola-d.openx.net,1,taboola-d.openx.net
9562,cdn.cxense.com,1,cdn.cxense.com
9564,tr-ecs-mira.office.com,4,aadcdn.msauth.net;login.microsoftonline.com;res.public.onecdn.static.microsoft;tr-ecs-mira.office.com
9565,e2c19.gcp.gvt2.com,1,e2c19.gcp.gvt2.com
9566,pub-ent-usea2-18-t.trouter.teams.microsoft.com,1,pub-ent-usea2-18-t.trouter.teams.microsoft.com
9567,aichouphaugn.com,1,aichouphaugn.com
9569,log.pinterest.com,1,log.pinterest.com
9570,pub-ent-uswe-10-t.trouter.teams.microsoft.com,1,pub-ent-uswe-10-t.trouter.teams.microsoft.com
9571,e2c69.gcp.gvt2.com,1,e2c69.gcp.gvt2.com
9572,pub-ent-usea-10-t.trouter.teams.microsoft.com,1,pub-ent-usea-10-t.trouter.teams.microsoft.com
9573,e2c1.gcp.gvt2.com,1,e2c1.gcp.gvt2.com
9574,passport.yandex.ru,8,adfstat.yandex.ru;captcha-backgrounds.s3.yandex.net;cdnrhkgfkkpupuotntfj.svc.cdn.yandex.net;id.yandex.ru;mc.yandex.ru;passport.yandex.ru;yandex.ru;yastatic.net
9575,pub-ent-usea-05-t.trouter.teams.microsoft.com,1,pub-ent-usea-05-t.trouter.teams.microsoft.com
9576,zmaticoo.com,1,zmaticoo.com
9577,redfast.com,39,439-lsc-903.mktoresp.com;alb.reddit.com;analytics.google.com;b.6sc.co;c.6sc.co;c.bing.com;c.clarity.ms;cdn.cookielaw.org;connect.facebook.net;distillery.wistia.com;embed-cloudfront.wistia.com;embed-ssl.wistia.com;epsilon.6sense.com;fast.wistia.com;fast.wistia.net;geolocation.onetrust.com;images.ctfassets.net;ipv6.6sc.co;j.6sc.co;js.zi-scripts.com;munchkin.marketo.net;pipedream.wistia.com;pixel-config.reddit.com;px.ads.linkedin.com;recurly.com;redfast.com;s.clarity.ms;scripts.clarity.ms;secure.adnxs.com;snap.licdn.com;stats.g.doubleclick.net;tracking.g2crowd.com;trk.techtarget.com;ws.zoominfo.com;www.clarity.ms;www.google.com;www.googletagmanager.com;www.linkedin.com;www.redditstatic.com
9579,e2c78.gcp.gvt2.com,1,e2c78.gcp.gvt2.com
9580,pub-ent-usnc-12-t.trouter.teams.microsoft.com,1,pub-ent-usnc-12-t.trouter.teams.microsoft.com
9581,e2c43.gcp.gvt2.com,1,e2c43.gcp.gvt2.com
9583,e2c16.gcp.gvt2.com,1,e2c16.gcp.gvt2.com
9584,conduit.redfast.com,1,conduit.redfast.com
9586,e2c63.gcp.gvt2.com,1,e2c63.gcp.gvt2.com
9587,ei.phncdn.com,1,ei.phncdn.com
9588,pub-ent-usea-14-t.trouter.teams.microsoft.com,1,pub-ent-usea-14-t.trouter.teams.microsoft.com
9589,gew4-dealer.g2.spotify.com,1,gew4-dealer.g2.spotify.com
9590,e2c20.gcp.gvt2.com,1,e2c20.gcp.gvt2.com
9591,e2c26.gcp.gvt2.com,1,e2c26.gcp.gvt2.com
9592,e2c33.gcp.gvt2.com,1,e2c33.gcp.gvt2.com
9593,e2c29.gcp.gvt2.com,1,e2c29.gcp.gvt2.com
9594,e2c30.gcp.gvt2.com,1,e2c30.gcp.gvt2.com
9596,a.wb.ru,1,a.wb.ru
9597,pub-ent-usnc-11-t.trouter.teams.microsoft.com,1,pub-ent-usnc-11-t.trouter.teams.microsoft.com
9601,e2c82.gcp.gvt2.com,1,e2c82.gcp.gvt2.com
9602,e2c21.gcp.gvt2.com,1,e2c21.gcp.gvt2.com
9603,e2c72.gcp.gvt2.com,1,e2c72.gcp.gvt2.com
9604,pix.adrta.com,1,pix.adrta.com
9605,e2c77.gcp.gvt2.com,1,e2c77.gcp.gvt2.com
9609,eesysoft.com,1,eesysoft.com
9610,e2c52.gcp.gvt2.com,1,e2c52.gcp.gvt2.com
9611,e2c2.gcp.gvt2.com,1,e2c2.gcp.gvt2.com
9612,datatables.net,2,datatables.net;media.ethicalads.io
9613,dns-filter.familyzone.com,1,dns-filter.familyzone.com
9615,e2c23.gcp.gvt2.com,1,e2c23.gcp.gvt2.com
9617,e2c40.gcp.gvt2.com,1,e2c40.gcp.gvt2.com
9618,e2c74.gcp.gvt2.com,1,e2c74.gcp.gvt2.com
9619,powerbi.com,5,app.powerbi.com;content.powerapps.com;js.monitor.azure.com;login.microsoftonline.com;powerbi.com
9620,pub-ent-usnc-15-t.trouter.teams.microsoft.com,1,pub-ent-usnc-15-t.trouter.teams.microsoft.com
9622,pub-ent-usea2-08-t.trouter.teams.microsoft.com,1,pub-ent-usea2-08-t.trouter.teams.microsoft.com
9623,tsdtocl.com,1,tsdtocl.com
9624,e2c24.gcp.gvt2.com,1,e2c24.gcp.gvt2.com
9627,e2c65.gcp.gvt2.com,1,e2c65.gcp.gvt2.com
9628,cdn.datatables.net,3,cdn.datatables.net;datatables.net;media.ethicalads.io
9629,e2c47.gcp.gvt2.com,1,e2c47.gcp.gvt2.com
9631,pub-ent-usnc-17-t.trouter.teams.microsoft.com,1,pub-ent-usnc-17-t.trouter.teams.microsoft.com
9632,nsone.net,7,1.www.s81c.com;cdn.walkme.com;consent.trustarc.com;fonts.googleapis.com;nsone.net;tags.tiqcdn.com;www-api.ibm.com
9634,pub-ent-usea2-12-t.trouter.teams.microsoft.com,1,pub-ent-usea2-12-t.trouter.teams.microsoft.com
9635,pub-ent-ussc-13-t.trouter.teams.microsoft.com,1,pub-ent-ussc-13-t.trouter.teams.microsoft.com
9636,pub-ent-uswe-05-t.trouter.teams.microsoft.com,1,pub-ent-uswe-05-t.trouter.teams.microsoft.com
9638,e2c81.gcp.gvt2.com,1,e2c81.gcp.gvt2.com
9640,e2c62.gcp.gvt2.com,1,e2c62.gcp.gvt2.com
9641,pub-ent-usnc-01-t.trouter.teams.microsoft.com,1,pub-ent-usnc-01-t.trouter.teams.microsoft.com
9642,e2c57.gcp.gvt2.com,1,e2c57.gcp.gvt2.com
9643,tag.bounceexchange.com,1,tag.bounceexchange.com
9644,pub-ent-usea2-06-t.trouter.teams.microsoft.com,1,pub-ent-usea2-06-t.trouter.teams.microsoft.com
9645,e2c83.gcp.gvt2.com,1,e2c83.gcp.gvt2.com
9646,cdn.contentful.com,1,cdn.contentful.com
9647,pub-ent-usnc-02-t.trouter.teams.microsoft.com,1,pub-ent-usnc-02-t.trouter.teams.microsoft.com
9648,api.cloud.huawei.com,1,api.cloud.huawei.com
9649,e2c41.gcp.gvt2.com,1,e2c41.gcp.gvt2.com
9651,e2c13.gcp.gvt2.com,1,e2c13.gcp.gvt2.com
9652,img.lazcdn.com,1,img.lazcdn.com
9654,pub-ent-uswe-09-t.trouter.teams.microsoft.com,1,pub-ent-uswe-09-t.trouter.teams.microsoft.com
9656,e2c58.gcp.gvt2.com,1,e2c58.gcp.gvt2.com
9657,metrics-dra.dt.dbankcloud.com,1,metrics-dra.dt.dbankcloud.com
9658,rtb.linkedin.com,2,rtb.linkedin.com;static.licdn.com
9659,www.google.ca,3,ogads-pa.clients6.google.com;play.google.com;www.gstatic.com
9661,componentupdater.brave.com,1,componentupdater.brave.com
9663,pub-ent-usnc-18-t.trouter.teams.microsoft.com,1,pub-ent-usnc-18-t.trouter.teams.microsoft.com
9666,jampp.com,22,analytics.google.com;api.hubapi.com;cdn.jsdelivr.net;cdn.prod.website-files.com;d3e54v103j8qbb.cloudfront.net;googleads.g.doubleclick.net;jampp.com;js.hs-analytics.net;js.hs-banner.com;js.hs-scripts.com;js.hsadspixel.net;px.ads.linkedin.com;sc.lfeeder.com;snap.licdn.com;stats.g.doubleclick.net;tr.lfeeder.com;track.hubspot.com;www.google-analytics.com;www.google.com;www.googletagmanager.com;www.jampp.com;www.linkedin.com
9667,e2c51.gcp.gvt2.com,1,e2c51.gcp.gvt2.com
9669,cws-sjc2-rdc2.conviva.com,1,cws-sjc2-rdc2.conviva.com
9670,arcgis.com,2,arcgis.com;cdn.jsdelivr.net
9672,pub-ent-usea2-16-t.trouter.teams.microsoft.com,1,pub-ent-usea2-16-t.trouter.teams.microsoft.com
9674,img-1000736.ad-score.com,1,img-1000736.ad-score.com
9676,pub-ent-usea2-05-t.trouter.teams.microsoft.com,1,pub-ent-usea2-05-t.trouter.teams.microsoft.com
9677,pub-ent-usea2-09-t.trouter.teams.microsoft.com,1,pub-ent-usea2-09-t.trouter.teams.microsoft.com
9679,pvca-samsung-0.api.amazonvideo.com,1,pvca-samsung-0.api.amazonvideo.com
9681,rec.xiaohongshu.com,1,rec.xiaohongshu.com
9682,affiliate.api.espn.com,1,affiliate.api.espn.com
9684,pub-ent-usea2-07-t.trouter.teams.microsoft.com,1,pub-ent-usea2-07-t.trouter.teams.microsoft.com
9685,apptrailers.itunes.apple.com,1,apptrailers.itunes.apple.com
9686,r.skimresources.com,1,r.skimresources.com
9687,pub-ent-uswe-12-t.trouter.teams.microsoft.com,1,pub-ent-uswe-12-t.trouter.teams.microsoft.com
9688,log.api.zaloapp.com,1,log.api.zaloapp.com
9694,e2c28.gcp.gvt2.com,1,e2c28.gcp.gvt2.com
9695,pub-ent-usea2-14-t.trouter.teams.microsoft.com,1,pub-ent-usea2-14-t.trouter.teams.microsoft.com
9696,pub-ent-ussc-08-t.trouter.teams.microsoft.com,1,pub-ent-ussc-08-t.trouter.teams.microsoft.com
9697,asia-vpushonrt-stsdk.vivoglobal.com,1,asia-vpushonrt-stsdk.vivoglobal.com
9698,gateway.zscalerone.net,2,gateway.zscalerone.net;login.zscalerone.net
9700,pub-ent-usea-18-t.trouter.teams.microsoft.com,1,pub-ent-usea-18-t.trouter.teams.microsoft.com
9703,pub-ent-usea-04-t.trouter.teams.microsoft.com,1,pub-ent-usea-04-t.trouter.teams.microsoft.com
9704,pub-ent-usea2-01-t.trouter.teams.microsoft.com,1,pub-ent-usea2-01-t.trouter.teams.microsoft.com
9705,sdk.codegridnode.com,1,sdk.codegridnode.com
9706,ios-tuner.pandora.com,1,ios-tuner.pandora.com
9707,gsp-ssl-commute.ls.apple.com,1,gsp-ssl-commute.ls.apple.com
9709,smetrics.t-mobile.com,1,smetrics.t-mobile.com
9710,e2c14.gcp.gvt2.com,1,e2c14.gcp.gvt2.com
9712,pub-ent-usea2-04-t.trouter.teams.microsoft.com,1,pub-ent-usea2-04-t.trouter.teams.microsoft.com
9714,e2c15.gcp.gvt2.com,1,e2c15.gcp.gvt2.com
9715,filerep-replica-win.ff.avast.com,1,filerep-replica-win.ff.avast.com
9717,solutions.invocacdn.com,1,solutions.invocacdn.com
9719,pub-ent-usea2-13-t.trouter.teams.microsoft.com,1,pub-ent-usea2-13-t.trouter.teams.microsoft.com
9720,d2.sc.omtrdc.net,1,d2.sc.omtrdc.net
9721,pub-ent-usea-12-t.trouter.teams.microsoft.com,1,pub-ent-usea-12-t.trouter.teams.microsoft.com
9723,iteratehq.com,14,assets.calendly.com;cdn.jsdelivr.net;cdn.ravenjs.com;code.jquery.com;googleads.g.doubleclick.net;iteratehq.com;js.appboycdn.com;p.typekit.net;use.fontawesome.com;use.typekit.net;widget.intercom.io;www.google-analytics.com;www.google.com;www.googletagmanager.com
9724,euid.eu,37,527-inm-364.mktoresp.com;a.usbrowserspeed.com;analytics.google.com;analytics.o11.tech;analytics.twitter.com;cdn.bizible.com;cdn.bizibly.com;cdn.cookielaw.org;cdn.prod.uidapi.com;cm.g.doubleclick.net;connect.facebook.net;dpm.demdex.net;euid.eu;geolocation.onetrust.com;googleads.g.doubleclick.net;ib.adnxs.com;idsync.rlcdn.com;insight.adsrvr.org;js.adsrvr.org;js.zi-scripts.com;ml314.com;munchkin.marketo.net;pages.thetradedesk.com;pixel.rubiconproject.com;polaris.truevaultcdn.com;ps.eyeota.net;px.ads.linkedin.com;snap.licdn.com;static.ads-twitter.com;stats.g.doubleclick.net;t.co;ws-assets.zoominfo.com;ws.zoominfo.com;www.google-analytics.com;www.google.com;www.googletagmanager.com;www.linkedin.com
9725,e2c44.gcp.gvt2.com,1,e2c44.gcp.gvt2.com
9726,pub-ent-uswe-18-t.trouter.teams.microsoft.com,1,pub-ent-uswe-18-t.trouter.teams.microsoft.com
9727,etrade.com,43,10086.global.siteimproveanalytics.io;4601119.fls.doubleclick.net;ad.doubleclick.net;adobedc.demdex.net;adservice.google.com;alb.reddit.com;analytics.twitter.com;api.glia.com;assets.adobedtm.com;bat.bing.com;beacon.lynx.cognitivlabs.com;c.amazon-adsystem.com;c.evidon.com;c.la1-c1cs-ph2.salesforceliveagent.com;c.pmsrv.co;cdn2.etrade.net;connect.facebook.net;d34r8q7sht0t9k.cloudfront.net;dpm.demdex.net;etrade.com;googleads.g.doubleclick.net;idsync.rlcdn.com;ipv4.podscribe.com;l.evidon.com;pixel-config.reddit.com;px.adentifi.com;px.ads.linkedin.com;s.amazon-adsystem.com;s.pinimg.com;s.yimg.com;siteimproveanalytics.com;smetrics.morganstanley.com;snap.licdn.com;sp.analytics.yahoo.com;static.ads-twitter.com;t.co;us.etrade.com;verifi.podscribe.com;www.google.com;www.googleadservices.com;www.googletagmanager.com;www.linkedin.com;www.redditstatic.com
9729,pub-ent-ussc-03-t.trouter.teams.microsoft.com,1,pub-ent-ussc-03-t.trouter.teams.microsoft.com
9732,wellsfargo.com,28,adobedc.demdex.net;analytics.google.com;api.rlcdn.com;b.videoamp.com;c1.wfinterface.com;cm.everesttech.net;cm.g.doubleclick.net;cms.analytics.yahoo.com;connect.secure.wellsfargo.com;connect.secure.wf.com;dpm.demdex.net;gbxreport-prod.wf.com;geolocation.onetrust.com;idsync.rlcdn.com;okra.wf.com;ort.wellsfargo.com;px.ads.linkedin.com;s.amazon-adsystem.com;static.wellsfargo.com;stats.g.doubleclick.net;td.doubleclick.net;trc.taboola.com;ups.analytics.yahoo.com;wellsfargo.com;www.facebook.com;www.google.com;www.wellsfargo.com;www17.wellsfargomedia.com
9733,accounts-dsauthweb.cloud.com,1,accounts-dsauthweb.cloud.com
9734,prod.euid.eu,1,prod.euid.eu
9735,cdn.heapanalytics.com,1,cdn.heapanalytics.com
9736,agent.conn-quality-agent.prod.e2ro.com,1,agent.conn-quality-agent.prod.e2ro.com
9737,edoinc.com,34,7151179.fs1.hubspotusercontent-na1.net;a.usbrowserspeed.com;api.hubapi.com;api.vector.co;app.hubspot.com;c.bing.com;c.clarity.ms;cdn.vector.co;edoinc.com;epsilon.6sense.com;forms-na1.hsforms.com;forms.hsforms.com;googleads.g.doubleclick.net;ipv6.6sc.co;j.6sc.co;js.hs-analytics.net;js.hs-banner.com;js.hsadspixel.net;js.hscollectedforms.net;js.hsforms.net;js.hubspot.com;perf-na1.hsforms.com;px.ads.linkedin.com;s.clarity.ms;scripts.clarity.ms;secure.adnxs.com;snap.licdn.com;www.clarity.ms;www.edo.com;www.google-analytics.com;www.google.com;www.googleadservices.com;www.googletagmanager.com;www.linkedin.com
9738,analytics-domainverify.clever.com,1,analytics-domainverify.clever.com
9739,lighthouse.edoinc.com,1,lighthouse.edoinc.com
9740,events.syd-1.linewize.net,1,events.syd-1.linewize.net
9742,www.chase.com,5,asset.chase.com;c.go-mpulse.net;s2.go-mpulse.net;static.chasecdn.com;www.chase.com
9744,tk.amazon-adsystem.com,1,tk.amazon-adsystem.com
9745,asia-exappupgrade.vivoglobal.com,1,asia-exappupgrade.vivoglobal.com
9746,api.powerplatform.com,8,aka.ms;api.powerplatform.com;browser.events.data.microsoft.com;c.bing.com;c1.microsoft.com;js.monitor.azure.com;learn.microsoft.com;wcpstatic.microsoft.com
9747,staticassets-creator-design.criteo.net,1,staticassets-creator-design.criteo.net
9749,pub-ent-ussc-04-t.trouter.teams.microsoft.com,1,pub-ent-ussc-04-t.trouter.teams.microsoft.com
9751,datapipeline.logitech.io,1,datapipeline.logitech.io
9752,pub-ent-uswe-07-t.trouter.teams.microsoft.com,1,pub-ent-uswe-07-t.trouter.teams.microsoft.com
9754,pub-ent-ussc-02-t.trouter.teams.microsoft.com,1,pub-ent-ussc-02-t.trouter.teams.microsoft.com
9757,pub-ent-usea2-03-t.trouter.teams.microsoft.com,1,pub-ent-usea2-03-t.trouter.teams.microsoft.com
9758,pub-ent-usea-06-t.trouter.teams.microsoft.com,1,pub-ent-usea-06-t.trouter.teams.microsoft.com
9759,pub-ent-usea2-11-t.trouter.teams.microsoft.com,1,pub-ent-usea2-11-t.trouter.teams.microsoft.com
9763,insights-a.webex.com,3,idbroker-static.webex.com;idbroker.webex.com;insights-a.webex.com
9765,pub-ent-uswe-01-t.trouter.teams.microsoft.com,1,pub-ent-uswe-01-t.trouter.teams.microsoft.com
9767,pub-ent-ussc-15-t.trouter.teams.microsoft.com,1,pub-ent-ussc-15-t.trouter.teams.microsoft.com
9769,pub-ent-ussc-06-t.trouter.teams.microsoft.com,1,pub-ent-ussc-06-t.trouter.teams.microsoft.com
9771,eastus2-gas.guestconfiguration.azure.com,1,eastus2-gas.guestconfiguration.azure.com
9772,tadata.afafb.com,1,tadata.afafb.com
9773,log-config.samsungacr.com,1,log-config.samsungacr.com
9774,media.bidr.io,1,media.bidr.io
9775,store-cfg-gl.heytapmobile.com,1,store-cfg-gl.heytapmobile.com
9776,tag.simpli.fi,1,tag.simpli.fi
9778,pub-ent-ussc-10-t.trouter.teams.microsoft.com,1,pub-ent-ussc-10-t.trouter.teams.microsoft.com
9780,files.acrobat.com,20,acrobat.adobe.com;acroipm2.adobe.com;adobeid-na1.services.adobe.com;assets.adobedtm.com;auth-light.identity.adobe.com;auth.services.adobe.com;client.messaging.adobe.com;cloud.acrobat.com;dcs.adobedc.net;documentcloud.adobe.com;files.acrobat.com;ims-na1.adobelogin.com;o4505393339695104.ingest.us.sentry.io;p.typekit.net;prod.adobeccstatic.com;server.messaging.adobe.com;shared-components.adobe.com;sstats.adobe.com;use.typekit.net;widget.uservoice.com
9781,t.dtscdn.com,1,t.dtscdn.com
9783,auth.services.adobe.com,1,auth.services.adobe.com
9784,pub-ent-uswe-13-t.trouter.teams.microsoft.com,1,pub-ent-uswe-13-t.trouter.teams.microsoft.com
9785,pub-ent-usea2-17-t.trouter.teams.microsoft.com,1,pub-ent-usea2-17-t.trouter.teams.microsoft.com
9786,afterpay.com,20,424-iab-218.mktoresp.com;539-rja-633.mktoresp.com;afterpay.com;analytics.google.com;cdn.builder.io;cdn.cookielaw.org;clientstream.launchdarkly.com;connect.facebook.net;geolocation.onetrust.com;munchkin.marketo.net;o76154.ingest.sentry.io;px.ads.linkedin.com;snap.licdn.com;static.afterpay.com;stats.g.doubleclick.net;vimeo.com;websdk.appsflyer.com;www.google.com;www.googletagmanager.com;www.linkedin.com
9791,pub-ent-uswe-06-t.trouter.teams.microsoft.com,1,pub-ent-uswe-06-t.trouter.teams.microsoft.com
9792,ic-vt-nss.xhpingcdn.com,1,ic-vt-nss.xhpingcdn.com
9793,cdn.dv.tech,1,cdn.dv.tech
9794,pub-ent-usea-03-t.trouter.teams.microsoft.com,1,pub-ent-usea-03-t.trouter.teams.microsoft.com
9795,pub-ent-ussc-18-t.trouter.teams.microsoft.com,1,pub-ent-ussc-18-t.trouter.teams.microsoft.com
9796,shops.myshopify.com,2,challenges.cloudflare.com;shops.myshopify.com
9797,pub-ent-ussc-11-t.trouter.teams.microsoft.com,1,pub-ent-ussc-11-t.trouter.teams.microsoft.com
9798,wl.amazon-dss.com,1,wl.amazon-dss.com
9799,pub-ent-ussc-01-t.trouter.teams.microsoft.com,1,pub-ent-ussc-01-t.trouter.teams.microsoft.com
9801,pub-ent-uswe-16-t.trouter.teams.microsoft.com,1,pub-ent-uswe-16-t.trouter.teams.microsoft.com
9802,gat.us5.us.criteo.com,1,gat.us5.us.criteo.com
9803,collector-pxu6b0qd2s.px-cloud.net,1,collector-pxu6b0qd2s.px-cloud.net
9804,us.temu.com,10,accounts.google.com;adtk-us.temu.com;aimg.kwcdn.com;commimg.kwcdn.com;img.kwcdn.com;pftka-us.temu.com;static.kwcdn.com;thtka-us.temu.com;us.temu.com;www.temu.com
9805,t7.a.market.xiaomi.com,1,t7.a.market.xiaomi.com
9806,usersync.getpublica.com,1,usersync.getpublica.com
9807,pub-ent-ussc-07-t.trouter.teams.microsoft.com,1,pub-ent-ussc-07-t.trouter.teams.microsoft.com
9808,pull-flv-l77-tt02.tiktokcdn.com,1,pull-flv-l77-tt02.tiktokcdn.com
9809,adriver.ru,11,ad.adriver.ru;adriver.ru;cdnjs.cloudflare.com;counter.yadro.ru;ev.adriver.ru;maxcdn.bootstrapcdn.com;mlb5.adriver.ru;tags.soloway.ru;www.adriver.ru;www.google-analytics.com;www.googletagmanager.com
9810,pub-ent-ussc-16-t.trouter.teams.microsoft.com,1,pub-ent-ussc-16-t.trouter.teams.microsoft.com
9811,wgw.calix.ai,1,wgw.calix.ai
9815,www.lightboxcdn.com,1,www.lightboxcdn.com
9819,sitereview.zscaler.com,1,sitereview.zscaler.com
9820,truecaller.com,9,asia-south1-truecaller-web.cloudfunctions.net;cdn.jsdelivr.net;chat.zipzip.ai;cookies.truecaller.com;metis.truecaller.com;plausible.io;static.cloudflareinsights.com;truecaller.com;www.truecaller.com
9821,pub-ent-uswe-02-t.trouter.teams.microsoft.com,1,pub-ent-uswe-02-t.trouter.teams.microsoft.com
9822,configure.rayjump.com,1,configure.rayjump.com
9823,getadblock.com,6,fonts.googleapis.com;fonts.gstatic.com;getadblock.com;logs.getadblock.com;www.google-analytics.com;www.googletagmanager.com
9824,mpc-prod-24-s6uit34pua-uw.a.run.app,0,
9825,figma.com,7,cdn.sanity.io;f.vimeocdn.com;featureassets.org;figma.com;i.vimeocdn.com;player.vimeo.com;vimeo.com
9827,pub-ent-uswe-03-t.trouter.teams.microsoft.com,1,pub-ent-uswe-03-t.trouter.teams.microsoft.com
9829,pub-ent-uswe-08-t.trouter.teams.microsoft.com,1,pub-ent-uswe-08-t.trouter.teams.microsoft.com
9830,static.parastorage.com,1,static.parastorage.com
9831,editor16-normal-us-ttp.capcutapi.us,1,editor16-normal-us-ttp.capcutapi.us
9832,pub-ent-uswe-11-t.trouter.teams.microsoft.com,1,pub-ent-uswe-11-t.trouter.teams.microsoft.com
9833,api-2-0.spot.im,1,api-2-0.spot.im
9834,api.osano.com,1,api.osano.com
9836,sinker-t-usw2.s3.us-west-2.amazonaws.com,1,sinker-t-usw2.s3.us-west-2.amazonaws.com
9837,acr-us-prd.samsungcloud.tv,1,acr-us-prd.samsungcloud.tv
9841,pub-ent-ussc-05-t.trouter.teams.microsoft.com,1,pub-ent-ussc-05-t.trouter.teams.microsoft.com
9843,ngfts.lge.com,1,ngfts.lge.com
9844,pub-ent-ussc-17-t.trouter.teams.microsoft.com,1,pub-ent-ussc-17-t.trouter.teams.microsoft.com
9845,eventstreamappsgw.prod.gws.ring.amazon.dev,1,eventstreamappsgw.prod.gws.ring.amazon.dev
9849,gateway.bingviz.microsoftapp.net,15,assets.msn.com;browser.events.data.msn.com;c.bing.com;c.msn.com;gateway.bingviz.microsoftapp.net;img-s-msn-com.akamaized.net;login.live.com;login.microsoftonline.com;m.adnxs.com;px.ads.linkedin.com;r.bing.com;trc.taboola.com;www.bing.com;www.msn.com;www2.bing.com
9853,ouraring.com,17,api.amplitude.com;api.segment.io;cdn.amplitude.com;cdn.cookielaw.org;cdn.noibu.com;cdn.segment.com;cdn1.affirm.com;d2o9p5vky89u4e.cloudfront.net;decagon.ai;features.affirm.com;geolocation.onetrust.com;getrockerbox.com;o94626.ingest.us.sentry.io;ourahealth.imgix.net;ouraring.com;ouraringconfig.com;rb1g93ne.ouraring.com
9854,pm.facebook.com,1,pm.facebook.com
9855,www.twitter.com,7,abs-0.twimg.com;abs.twimg.com;accounts.google.com;appleid.cdn-apple.com;fonts.gstatic.com;www.twitter.com;x.com
9856,pub-ent-uswe-04-t.trouter.teams.microsoft.com,1,pub-ent-uswe-04-t.trouter.teams.microsoft.com
9857,fa000000116.resources.office.net,1,fa000000116.resources.office.net
9858,assets.rapidedge.io,1,assets.rapidedge.io
9859,pull-cmaf-f77-tt02.tiktokcdn-us.com,1,pull-cmaf-f77-tt02.tiktokcdn-us.com
9861,eastus1-6.pushnp.svc.ms,1,eastus1-6.pushnp.svc.ms
9862,api.paypal.com,1,api.paypal.com
9863,sitecheck.opera.com,1,sitecheck.opera.com
9865,weather.transsion-os.com,1,weather.transsion-os.com
9866,pull-flv-f10-sg01.tiktokcdn.com,1,pull-flv-f10-sg01.tiktokcdn.com
9867,bsync22-normal-alisg.tiktokv.com,1,bsync22-normal-alisg.tiktokv.com
9868,imgsmail.ru,55,531311.ms.dzen.ru;a-69205192-51-585-0nm12d-000.pms.mail.ru;a-69205232-51-585-0nm12d-000.pms.mail.ru;a-69205297-51-1-0nm12d-000.pms.mail.ru;a-70551511-7-575-0nm12d-000.pms.mail.ru;a-70553236-6-575-0nm12d-000.pms.mail.ru;a-70554255-6-422-0nm12d-000.pms.mail.ru;a-70554777-6-138-0nm12d-000.pms.mail.ru;a-70554874-6-1-0nm12d-000.pms.mail.ru;a-70555039-8-77-0nm12d-000.pms.mail.ru;a-70555324-6-1-0nm12d-000.pms.mail.ru;a-70555355-6-150-0nm12d-000.pms.mail.ru;a-70555431-6-1-0nm12d-000.pms.mail.ru;a.delivery.consentmanager.net;account.mail.ru;ad.mail.ru;avatars.dzeninfra.ru;avatars.mds.yandex.net;b.delivery.consentmanager.net;bs.yandex.ru;cdn.consentmanager.net;counter.yadro.ru;dzen.ru;favicon.yandex.net;home.imgsmail.ru;img.imgsmail.ru;imgs2.imgsmail.ru;imgsmail.ru;limg.imgsmail.ru;log.strm.yandex.ru;login.vk.ru;mail.ru;mc.yandex.ru;media-trend.mail.ru;ok6-11.vkuser.net;ok6-12.vkuser.net;ok6-4.vkuser.net;pogoda.imgsmail.ru;portal.mail.ru;privacy-cs.mail.ru;r.mradx.net;r3.mail.ru;rs.mail.ru;stat.radar.imgsmail.ru;static.dzeninfra.ru;sun9-17.userapi.com;top-fwz1.mail.ru;trk.mail.ru;vk.com;vkvideo.ru;www.google-analytics.com;www.googletagmanager.com;xray.mail.ru;yandex.ru;yastatic.net
9870,yelp.com,11,accounts.google.com;api-js.datadome.co;cdn.cookielaw.org;geolocation.onetrust.com;js.datadome.co;s3-media0.fl.yelpcdn.com;sb.scorecardresearch.com;www.google-analytics.com;www.googletagmanager.com;www.yelp.com;yelp.com
9871,signal-service.pbs.yahoo.com,40,ad-delivery.net;ads.pubmatic.com;ads.yieldmo.com;api.rlcdn.com;c2shb-oao.ssp.yahoo.com;cdn.p-n.io;cdn.taboola.com;cm.g.doubleclick.net;consent.cmp.oath.com;d2mqt2joll4fma.cloudfront.net;display.bidder.taboola.com;exchange.kueezrtb.com;fastlane.rubiconproject.com;grid-bidder.criteo.com;guce.yahoo.com;htlb.casalemedia.com;ib.adnxs.com;idx.liadm.com;ncp-gw-frontpage.media.yahoo.com;nexus-gateway-prod.media.yahoo.com;noa.yahoo.com;opus.analytics.yahoo.com;pbs-yahoo-us.ay.delivery;pbs.yahoo.com;prebid-server.rubiconproject.com;prebid.media.net;rp.liadm.com;rtb.openx.net;s.seedtag.com;s.yimg.com;sb.scorecardresearch.com;securepubads.g.doubleclick.net;signal-service.pbs.yahoo.com;tlx.3lift.com;ups.analytics.yahoo.com;us-trc-events.taboola.com;wnsrvbjmeprtfrnfx.ay.delivery;www.googletagmanager.com;www.yahoo.com;yahoo-match.dotomi.com
9872,kxcdn.com,1,kxcdn.com
9873,pretty-fly4.com,1,pretty-fly4.com
9874,sub.pretty-fly4.com,1,sub.pretty-fly4.com
9875,usea1-016.sentinelone.net,3,cdn.pendo.io;content.pendo.sentinelone.net;usea1-016.sentinelone.net
9876,try.abtasty.com,1,try.abtasty.com
9877,m-us.spaces.glanceapis.com,1,m-us.spaces.glanceapis.com
9878,grey.erne.co,1,grey.erne.co
9879,ipv6.adrta.com,1,ipv6.adrta.com
9881,s.yimg.jp,1,s.yimg.jp
9883,dalyfeds.com,5,dalyfeds.com;news-api.fnyfeds.com;news-cdn.fnyfeds.com;static.wshareit.com;weather-api.fnyfeds.com
9886,pub-ent-uswe-17-t.trouter.teams.microsoft.com,1,pub-ent-uswe-17-t.trouter.teams.microsoft.com
9889,rm.aarki.net,1,rm.aarki.net
9890,axon-v1.adobess.com,1,axon-v1.adobess.com
9892,vulcan3.branch.io,1,vulcan3.branch.io
9893,dyna.wikimedia.org,1,dyna.wikimedia.org
9894,td-pixel.c.appier.net,1,td-pixel.c.appier.net
9895,fa000000006.resources.office.net,1,fa000000006.resources.office.net
9896,bigolive.tv,21,285088a9.cubetecn.com;analytics.google.com;bigolive.tv;c.bing.com;c.clarity.ms;connect.facebook.net;esx.bigo.sg;front-perf.like-video.com;googleads.g.doubleclick.net;mc.yandex.ru;s.clarity.ms;scripts.clarity.ms;sec.bigo.sg;static-act.da7akni.net;static-web.bigolive.tv;stats.g.doubleclick.net;ta.bigolive.tv;www.clarity.ms;www.google-analytics.com;www.google.com;www.googletagmanager.com
9897,hls-cdn77.xnxx-cdn.com,2,error.c.cdn77.org;hls-cdn77.xnxx-cdn.com
9898,ap-southeast-1.log.aliyuncs.com,1,ap-southeast-1.log.aliyuncs.com
9901,ad-stir.com,8,ad-stir.com;ajax.googleapis.com;cdnv.ad-stir.com;connect.facebook.net;fonts.googleapis.com;fonts.gstatic.com;www.google-analytics.com;www.googletagmanager.com
9903,upsx.weather.com,1,upsx.weather.com
9904,gce-beacons.gcp.gvt2.com,1,gce-beacons.gcp.gvt2.com
9905,idmap.ai,3,fonts.googleapis.com;fonts.gstatic.com;idmap.ai
9906,pixel.idmap.ai,1,pixel.idmap.ai
9909,c.albss.com,1,c.albss.com
9910,pull-flv-w11-sg01.tiktokcdn.com,1,pull-flv-w11-sg01.tiktokcdn.com
9911,pub-ent-ussc-09-t.trouter.teams.microsoft.com,1,pub-ent-ussc-09-t.trouter.teams.microsoft.com
9915,mem.gfx.ms,1,mem.gfx.ms
9920,prdpmpolicyeastus.blob.core.windows.net,1,prdpmpolicyeastus.blob.core.windows.net
9921,squarecdn.com,23,a8447815042.cdn-pci.optimizely.com;api.squareup.com;assets.ctfassets.net;campaign-hub-production-f.squarecdn.com;cash-f.squarecdn.com;cdn.cookielaw.org;cdn.jsdelivr.net;images.ctfassets.net;logx.optimizely.com;martech-production-c.squarecdn.com;munchkin.marketo.net;o160250.ingest.us.sentry.io;pw-assets-production-c.squarecdn.com;pw-renderer-production-c.squarecdn.com;pwt-production-c.squarecdn.com;sales-bridge-production-c.squarecdn.com;squarecdn.com;squareup.com;www.datadoghq-browser-agent.com;www.google-analytics.com;www.google.com;www.googletagmanager.com;xms-production-f.squarecdn.com
9923,hints.voice.roku.com,1,hints.voice.roku.com
9924,avira.com,33,analytics.google.com;app.upsellit.com;assets.adobedtm.com;assets.prod.cms.avira.com;avira.com;bat.bing.com;c.bing.com;c.clarity.ms;c.go-mpulse.net;data.privacy.ensighten.com;doh.cq0.co;dpm.demdex.net;getrockerbox.com;mhubc.avira.com;nexus.ensighten.com;oms.avira.com;pubads.g.doubleclick.net;rmbyy5ra.avira.com;s.clarity.ms;s.go-mpulse.net;scripts.clarity.ms;stats.g.doubleclick.net;symantec.demdex.net;symantec.tt.omtrdc.net;t.nc0.co;widget.trustpilot.com;www.avira.com;www.clarity.ms;www.google.com;www.googletagmanager.com;www.nortonlifelock.com;www.upsellit.com;www.webassetscdn.com
9925,pull-flv-q77-va01.tiktokcdn.com,1,pull-flv-q77-va01.tiktokcdn.com
9926,nbcstreaming.sc.omtrdc.net,1,nbcstreaming.sc.omtrdc.net
9928,tk.kargo.com,1,tk.kargo.com
9929,send-asr.acrobat.com,1,send-asr.acrobat.com
9930,serverstatus.apple.com,1,serverstatus.apple.com
9931,eh.vk.com,1,eh.vk.com
9932,play.mtgglobals.com,1,play.mtgglobals.com
9933,app.snapchat.com,1,app.snapchat.com
9935,fa000000156.resources.office.net,1,fa000000156.resources.office.net
9936,login.aol.com,126,3p-udc.yahoo.com;6d414b130a71504975969c5e317d1af3.safeframe.googlesyndication.com;aa.agkn.com;aax-eu.amazon-adsystem.com;ad.360yield.com;ad.turn.com;ads.avads.net;ads.pubmatic.com;ads.servenobid.com;ads.yieldmo.com;ap.lijit.com;api-ssp.spot.im;api.taboola.com;b1sync.outbrain.com;bb.lijit.com;beachfront-match.dotomi.com;bh.contextweb.com;bttrack.com;c1.adform.net;c2shb-oao.ssp.yahoo.com;cadmus.script.ac;ce.lijit.com;ced-ns.sascdn.com;cm.g.doubleclick.net;cms.analytics.yahoo.com;consent.cmp.oath.com;cpm.vistarsagency.com;crb.kargo.com;creativecdn.com;cs-server-s2s.yellowblue.io;cs.admanmedia.com;cs.media.net;csync.copper6.com;csync.loopme.me;csync.smartadserver.com;csync.smilewanted.com;de.tynt.com;dis.criteo.com;display.bidder.taboola.com;dpm.demdex.net;eb2.3lift.com;ep1.adtrafficquality.google;ep2.adtrafficquality.google;eu-west-1-cs-rtb.openwebmp.com;eus.rubiconproject.com;gpt.mail.yahoo.net;guce.aol.com;gum.aidemsrv.com;hb.trustedstack.com;hbx.media.net;hde.tynt.com;ib.adnxs.com;id.rlcdn.com;idx.liadm.com;image2.pubmatic.com;image6.pubmatic.com;image8.pubmatic.com;ittpx-us-e.eskimi.com;ittpx.eskimi.com;jadserve.postrelease.com;login.aol.com;match.adsrvr.org;match.deepintent.com;match.prod.bidr.io;match.sharethrough.com;measureadv.com;ms-cookie-sync.presage.io;onetag-sys.com;opus.analytics.yahoo.com;p.rfihub.com;pbs.yahoo.com;pippio.com;pixel-sync.sitescout.com;pixel.33across.com;pixel.tapad.com;player.aniview.com;prebid-match.dotomi.com;prebid.a-mo.net;public.servenobid.com;r.bidswitch.net;rp.liadm.com;rtb.gumgum.com;rtb.mfadsrvr.com;rtb.openx.net;s.ad.smaato.net;s.amazon-adsystem.com;s.seedtag.com;s.yimg.com;secure-assets.rubiconproject.com;securepubads.g.doubleclick.net;signal-service.pbs.yahoo.com;ssbsync.smartadserver.com;ssc-cms.33across.com;ssp-sync.criteo.com;ssum-sec.casalemedia.com;sync-tm.everesttech.net;sync.aniview.com;sync.bfmio.com;sync.dxtech.ai;sync.inmobi.com;sync.ipredictive.com;sync.pmbmonetize.live;sync.smartadserver.com;sync.srv.stackadapt.com;syncingbridge.com;t.adx.opera.com;token.rubiconproject.com;tpc.googlesyndication.com;tr.blismedia.com;tsdtocl.com;u.openx.net;uipglob.semasio.net;um.simpli.fi;ups.analytics.yahoo.com;user-sync.fwmrm.net;uss.xplosion.de;ut.pubmatic.com;visitor.omnitagjs.com;visitor.us-east4.gcp.omnitagjs.com;vop.sundaysky.com;wt.rqtrk.eu;www.google-analytics.com;www.google.com;www.googletagmanager.com;www.temu.com;x.bidswitch.net
9937,sf16-teko.tiktokcdn-eu.com,1,sf16-teko.tiktokcdn-eu.com
9938,hw.zuimeitianqi.com,1,hw.zuimeitianqi.com
9940,fireoscaptiveportal.com,1,fireoscaptiveportal.com
9945,beacon.sojern.com,1,beacon.sojern.com
9946,finance.yahoo.com,38,aa.agkn.com;analytics.google.com;bats.video.yahoo.com;c2shb-oao.ssp.yahoo.com;cdn.jsdelivr.net;cms.analytics.yahoo.com;consent.cmp.oath.com;dpm.demdex.net;edge.api.brightcove.com;fastly-signed-us-east-1-prod.brightcovecdn.com;finance.yahoo.com;guce.yahoo.com;imasdk.googleapis.com;metrics.brightcove.com;opus.analytics.yahoo.com;pagead2.googlesyndication.com;pbs.yahoo.com;ping.chartbeat.net;players.brightcove.net;polymarket-upload.s3.us-east-2.amazonaws.com;query1.finance.yahoo.com;query2.finance.yahoo.com;s.yimg.com;s0.2mdn.net;sb.scorecardresearch.com;securepubads.g.doubleclick.net;signal-service.pbs.yahoo.com;sp.analytics.yahoo.com;static.chartbeat.com;stats.g.doubleclick.net;tb.pbs.yahoo.com;udc.yahoo.com;uipglob.semasio.net;ups.analytics.yahoo.com;video-api.yql.yahoo.com;www.google.com;www.googletagmanager.com;yahoo-match.dotomi.com
9947,sync-sc-main-was.aniview.com,1,sync-sc-main-was.aniview.com
9952,config.gorgias.chat,1,config.gorgias.chat
9956,mediation-sg.pangle.io,1,mediation-sg.pangle.io
9958,prod.ivs-device-config.live-video.net,1,prod.ivs-device-config.live-video.net
9959,pbs-raptive-us.ay.delivery,1,pbs-raptive-us.ay.delivery
9960,studio.youtube.com,1,ssl.gstatic.com
9961,api.glb.samsung-gamelauncher.com,1,api.glb.samsung-gamelauncher.com
9962,bluecore.com,37,527-fsf-769.mktoresp.com;analytics.google.com;api.bluecore.com;api.hubapi.com;bat.bing.com;bluecore.com;boards.greenhouse.io;cdn.bizible.com;cdn.bizibly.com;cdn.cookielaw.org;cdn.jsdelivr.net;cookiesstaging.blob.core.windows.net;epsilon.6sense.com;fonts.googleapis.com;fonts.gstatic.com;geolocation.onetrust.com;googleads.g.doubleclick.net;ipv6.6sc.co;j.6sc.co;js.hs-analytics.net;js.hs-banner.com;js.hs-scripts.com;js.hsadspixel.net;js.hscollectedforms.net;js.hubspot.com;munchkin.marketo.net;perf-na1.hsforms.com;px.ads.linkedin.com;secure.adnxs.com;snap.licdn.com;stats.g.doubleclick.net;track.hubspot.com;tracking-api.g2.com;tracking.g2crowd.com;www.google.com;www.googletagmanager.com;www.linkedin.com
9963,cdn.appdynamics.com,1,cdn.appdynamics.com
9967,api-cf.affirm.com,2,api-cf.affirm.com;static.cloudflareinsights.com
9968,yield-manager.browsiprod.com,1,yield-manager.browsiprod.com
9971,points.wb.ru,1,points.wb.ru
9973,www.peacocktv.com,44,9374122.fls.doubleclick.net;9899657.fls.doubleclick.net;a18026570151.cdn.optimizely.com;ad.doubleclick.net;adservice.google.com;api.ipify.org;ara.paa-reporting-advertising.amazon;assets.adobedtm.com;browser-intake-datadoghq.com;c.amazon-adsystem.com;cdn-pci.optimizely.com;cdn.cookielaw.org;cdn3.optimizely.com;cm.everesttech.net;cm.g.doubleclick.net;cnv.event.prod.bidr.io;d.agkn.com;d.impactradius-event.com;dpm.demdex.net;edge.fullstory.com;geolocation.onetrust.com;googleads.g.doubleclick.net;ib.adnxs.com;imageservice.disco.peacocktv.com;imp.i305175.net;insight.adsrvr.org;jssdkcdns.mparticle.com;jssdks.mparticle.com;logx.optimizely.com;nbcstreaming.sc.omtrdc.net;nbcuss.demdex.net;pixel.rubiconproject.com;rs.fullstory.com;s.amazon-adsystem.com;s.pinimg.com;s.yimg.com;sp.analytics.yahoo.com;stats.g.doubleclick.net;wpromote-4-adswizz.attribution.adswizz.com;www.google-analytics.com;www.google.com;www.googleadservices.com;www.googletagmanager.com;www.peacocktv.com
9975,oss-eu-central-1.aliyuncs.com,1,oss-eu-central-1.aliyuncs.com
9976,intunemaape2.eus2.attest.azure.net,1,intunemaape2.eus2.attest.azure.net
9978,bluebook.app.collegeboard.org,7,athena.collegeboard.org;atlas.collegeboard.org;bluebook.app.collegeboard.org;cdn.cookielaw.org;dta.collegeboard.org;geolocation.onetrust.com;kiwi.collegeboard.org
9981,us-east4-production-rtb-wins.yellowblue.io,1,us-east4-production-rtb-wins.yellowblue.io
9982,dsu-a.shalltry.com,1,dsu-a.shalltry.com
9984,delivery-cdn-cf.adswizz.com,1,delivery-cdn-cf.adswizz.com
9985,ms4.applvn.com,1,ms4.applvn.com
9986,pull-flv-f1-sg01.tiktokcdn.com,1,pull-flv-f1-sg01.tiktokcdn.com
9987,avs-alexa-19-na.amazon.com,1,avs-alexa-19-na.amazon.com
9988,pb-ing-02.ccgateway.net,1,pb-ing-02.ccgateway.net
9989,ident.mygaru.com,1,ident.mygaru.com
9991,cdn.mediago.io,1,cdn.mediago.io
9993,bam-sdk-configs.bamgrid.com,1,bam-sdk-configs.bamgrid.com
9994,presentation-pdx1.turn.com,6,assets.amobee.com;browser-intake-datadoghq.com;login.amobee.com;platform.amobee.com;presentation-pdx1.turn.com;www.datadoghq-browser-agent.com
9995,usrtb.c.appier.net,1,usrtb.c.appier.net
10002,tiktok.adsmeasurement.com,1,tiktok.adsmeasurement.com
10005,prdw-a-envproxy-use1.prd.rings.solutions,1,prdw-a-envproxy-use1.prd.rings.solutions
10008,iot.mi.com,6,cdn.cnbj1.fds.api.mi-img.com;font.sec.miui.com;iot.mi.com;sentry.d.xiaomi.net;ssl-cdn.static.browser.mi-img.com;tracking.miui.com
10012,pull-q5-sg01.tiktokcdn.com,1,pull-q5-sg01.tiktokcdn.com
10015,pjs.srv.stackadapt.com,1,pjs.srv.stackadapt.com
10019,pull-flv-l77-tt01.tiktokcdn.com,1,pull-flv-l77-tt01.tiktokcdn.com
10020,streamingaudio.itunes.apple.com,1,streamingaudio.itunes.apple.com
10022,service.officepy.microsoftusercontent.com,1,service.officepy.microsoftusercontent.com
10025,secure.chase.com,14,asset.chase.com;c.go-mpulse.net;d.agkn.com;dc.ads.linkedin.com;googleads.g.doubleclick.net;measure.chase.com;px.ads.linkedin.com;s2.go-mpulse.net;secure.chase.com;static.chasecdn.com;www.chase.com;www.facebook.com;www.google.com;www.linkedin.com
10027,gcs-eu-00002.content-storage-download.googleapis.com,1,gcs-eu-00002.content-storage-download.googleapis.com
10028,dispatcher.is.autonavi.com,1,dispatcher.is.autonavi.com
10029,home-assistant.io,7,cdn.jsdelivr.net;cdnjs.cloudflare.com;code.iconify.design;fonts.googleapis.com;fonts.gstatic.com;home-assistant.io;static.cloudflareinsights.com
10031,ampproject.net,5,amp.dev;cdn.ampproject.org;www.ampproject.org;www.google-analytics.com;www.googletagmanager.com
10032,photos.zillowstatic.com,1,photos.zillowstatic.com
10034,ir.ebaystatic.com,1,ir.ebaystatic.com
10042,psb.taboola.com,1,psb.taboola.com
10044,cnam4c-inapps.appsflyersdk.com,1,cnam4c-inapps.appsflyersdk.com
10047,pull-w5-sg01.tiktokcdn.com,1,pull-w5-sg01.tiktokcdn.com
10048,spotim.market,3,spot.im;spotim.market;www.spot.im
10054,protrafficinspector.com,1,protrafficinspector.com
10061,creatives.attn.tv,1,creatives.attn.tv
10064,updates2.cdc.carbonblack.io,1,updates2.cdc.carbonblack.io
10068,rgepodownload.mediatek.com,1,rgepodownload.mediatek.com
10069,default-us.geo.gateway.devices.a2z.com,1,default-us.geo.gateway.devices.a2z.com
10072,static-nss.xhcdn.com,1,static-nss.xhcdn.com
10073,alexa.na.gateway.devices.a2z.com,1,alexa.na.gateway.devices.a2z.com
10074,ht-cdn2.adtng.com,1,ht-cdn2.adtng.com
10075,huntress-survey-results.s3.amazonaws.com,1,huntress-survey-results.s3.amazonaws.com
10077,cursor.sh,12,0ay7zb.cursor.com;alb.reddit.com;analytics.google.com;analytics.roadwayai.com;analytics.tiktok.com;connect.facebook.net;cursor.com;cursor.sh;ip.conceptualhq.com;ptht05hbb1ssoooe.public.blob.vercel-storage.com;www.googletagmanager.com;www.redditstatic.com
10079,playtime.tubemogul.com,1,playtime.tubemogul.com
10081,queue-it.net,7,consent.cookiebot.com;consentcdn.cookiebot.com;fonts.googleapis.com;fonts.gstatic.com;queue-it.com;queue-it.net;www.googletagmanager.com
10082,a32doymun6dtxa.us-east-1.prod.service.minerva.devices.a2z.com,1,a32doymun6dtxa.us-east-1.prod.service.minerva.devices.a2z.com
10083,um4.eqads.com,1,um4.eqads.com
10084,www.zillow.com,10,client.px-cloud.net;collector-pxhyx10rg3.px-client.net;collector-pxhyx10rg3.px-cloud.net;crcldu.com;fonts.googleapis.com;fonts.gstatic.com;fst-ec.perimeterx.net;tzm.px-cloud.net;www.zillow.com;www.zillowstatic.com
10088,track.sv.rkdms.com,1,track.sv.rkdms.com
10090,dvrtr.innovid.com,26,46126064.fs1.hubspotusercontent-na1.net;888-uxn-063.mktoresp.com;acsbapp.com;analytics.google.com;api.userback.io;cdn.acsbapp.com;consent.trustarc.com;cta-service-cms2.hubspot.com;doubleverify.com;dvrtr.innovid.com;forms-na1.hsforms.com;googleads.g.doubleclick.net;js.hs-analytics.net;js.hs-banner.com;js.hsforms.net;js.hubspot.com;munchkin.marketo.net;perf-na1.hsforms.com;px.ads.linkedin.com;snap.licdn.com;static.userback.io;stats.g.doubleclick.net;www.doubleverify.com;www.google.com;www.googletagmanager.com;www.linkedin.com
10091,api.login.aol.com,1,api.login.aol.com
10093,fox.com,16,cdn.amplitude.com;cdn.ketchjs.com;cdn.us.heap-api.com;configs.knotch.com;fox.com;frontdoor.knotch.it;global.ketchcdn.com;images.api.fox.com;onelinksmartscript.appsflyersdk.com;sr-client-cfg.amplitude.com;static-media.fox.com;use.fontawesome.com;websdk.appsflyersdk.com;www.fox.com;www.googletagmanager.com;www.knotch-cdn.com
10094,meraki-grpc.talos.cisco.com,1,meraki-grpc.talos.cisco.com
10095,ad.twinrdengine.com,1,ad.twinrdengine.com
10097,conf.letsmessagenow.com,1,conf.letsmessagenow.com
10098,frog.wix.com,1,frog.wix.com
10102,asia-st-exappupgrade.vivoglobal.com,1,asia-st-exappupgrade.vivoglobal.com
10106,intunemaape3.cus.attest.azure.net,1,intunemaape3.cus.attest.azure.net
10107,vivo.com.cn,9,asia-exstatic.vivoglobal.com;cn-exstatic-vivofs.iqoo.com;portalstatic-cn.vivo.com;sentinelapi.vivo.com.cn;stpc.vivo.com.cn;vivo.com.cn;www.vivo.com;www.vivo.com.cn;wwwresstatic.vivo.com.cn
10109,fa000000175.resources.office.net,1,fa000000175.resources.office.net
10110,www.srmdata.com,1,www.srmdata.com
10112,usync.vrtcal.com,1,usync.vrtcal.com
10113,statsf-tm.everesttech.net,1,statsf-tm.everesttech.net
10115,cdn.prod.euid.eu,1,cdn.prod.euid.eu
10117,abm99nftr2sm.api.amazonvideo.com,1,abm99nftr2sm.api.amazonvideo.com
10119,cm.smadex.com,1,cm.smadex.com
10120,c.mgid.com,1,c.mgid.com
10124,s.microsoft.com,38,bat.bing.com;browser.events.data.microsoft.com;c.az.clicktale.net;c.bing.com;c.clarity.ms;c.s-microsoft.com;cdn-dynmedia-1.microsoft.com;cdnssl.clicktale.net;cm.everesttech.net;cm.g.doubleclick.net;dpm.demdex.net;googleads.g.doubleclick.net;ib.adnxs.com;idsync.rlcdn.com;js.monitor.azure.com;login.live.com;login.microsoftonline.com;mem.gfx.ms;mscom.demdex.net;msftenterprise.sc.omtrdc.net;pixel.everesttech.net;px.ads.linkedin.com;rtd-tm.everesttech.net;rtd.tubemogul.com;rum.hlx.page;s.clarity.ms;s.microsoft.com;scripts.clarity.ms;static.hj.contentsquare.net;target.microsoft.com;uhf.microsoft.com;wcpstatic.microsoft.com;www.clarity.ms;www.facebook.com;www.google.com;www.googletagmanager.com;www.linkedin.com;www.microsoft.com
10125,www.yammer.com,5,aadcdn.msauth.net;login.live.com;login.microsoftonline.com;outlook-1.cdn.office.net;www.yammer.com
10127,proxy.uet.s.microsoft.com,1,proxy.uet.s.microsoft.com
10131,fandom.com,2,challenges.cloudflare.com;fandom.com
10134,servicer.mgid.com,1,servicer.mgid.com
10135,fast.fonts.net,1,fast.fonts.net
10140,lacnic.net,27,analytics.google.com;api.olark.com;apievt.lacnic.net;blog.lacnic.net;cdn.amcharts.com;connect.facebook.net;fonts.googleapis.com;fonts.gstatic.com;github.com;googleads.g.doubleclick.net;ipapi.co;knrpc.olark.com;lacnic.net;px.ads.linkedin.com;rdap.lacnic.net;release-assets.githubusercontent.com;snap.licdn.com;stat.ripe.net;static.hotjar.com;static.olark.com;stats.g.doubleclick.net;webmeasurements.net;www.google.com;www.googletagmanager.com;www.gstatic.com;www.lacnic.net;www.linkedin.com
10141,wmff.warnermediacdn.com,1,wmff.warnermediacdn.com
10142,lazada.sg,17,55308.ase.aidcgroup.net;acs-m.lazada.sg;ase.aidcgroup.net;cart.lazada.sg;epss.alibaba-inc.com;fourier.alibaba.com;fourier.taobao.com;g.alicdn.com;g.lazcdn.com;lazada.sg;member.lazada.sg;my.lazada.sg;octpf.tdum.alibaba.com;pagead2.googlesyndication.com;sg.mmstat.com;umlazada.alibaba.com;www.lazada.sg
10143,yieldlab.net,1,yieldlab.net
10145,clientsapigw.us-east-1.prod.v2.gws.ring.amazon.dev,1,clientsapigw.us-east-1.prod.v2.gws.ring.amazon.dev
10147,metamask.io,20,analytics.twitter.com;api.hubapi.com;cdn.jsdelivr.net;cmp.osano.com;googleads.g.doubleclick.net;images.ctfassets.net;js.hs-analytics.net;js.hs-banner.com;js.hs-scripts.com;js.hsadspixel.net;js.hubspot.com;metamask.io;perf-na1.hsforms.com;static.ads-twitter.com;t.co;track.hubspot.com;www.google-analytics.com;www.google.com;www.googletagmanager.com;www.gstatic.com
10148,release-assets.githubusercontent.com,1,release-assets.githubusercontent.com
10154,xapi.ozon.ru,1,xapi.ozon.ru
10155,open.spotifycdn.com,1,open.spotifycdn.com
10158,consent.adjust.com,1,consent.adjust.com
10159,whatfix.com,9,cdn.jsdelivr.net;dev.visualwebsiteoptimizer.com;fast.wistia.com;go.whatfix.com;r3.visualwebsiteoptimizer.com;storage.pardot.com;website.whatfix.com;whatfix.com;whatfix.wistia.com
10160,pubeasy.io,4,cdn.tailwindcss.com;is1-ssl.mzstatic.com;play-lh.googleusercontent.com;pubeasy.io
10161,auth.wikimedia.org,1,auth.wikimedia.org
10163,ricoh.com,10,ce.mf.marsflag.com;cookie-cdn.cookiepro.com;geolocation.onetrust.com;px.ads.linkedin.com;ricoh.com;ricoh.static.fontplus.jp;snap.licdn.com;www.google-analytics.com;www.linkedin.com;www.ricoh.com
10164,use3-sync.a-mo.net,1,use3-sync.a-mo.net
10165,c2shb.ssp.yahoo.com,1,c2shb.ssp.yahoo.com
10166,locus-r.wbx2.com,1,locus-r.wbx2.com
10167,expedia.com,5,c.travel-assets.com;expedia.com;geo.captcha-delivery.com;static.captcha-delivery.com;www.expedia.com
10168,aic.cdpsvc.lgtvcommon.com,1,aic.cdpsvc.lgtvcommon.com
10170,api-spotlight-ause1c.smoot.apple.com,1,api-spotlight-ause1c.smoot.apple.com
10171,evidence.com,1,evidence.com
10172,cnam4c-gcdsdk.appsflyersdk.com,1,cnam4c-gcdsdk.appsflyersdk.com
10173,res.wx.qq.com,1,res.wx.qq.com
10176,ads-config.unityads.unity3d.com,1,ads-config.unityads.unity3d.com
10177,sync.ad-stir.com,1,sync.ad-stir.com
10178,api-service.shein.com,1,api-service.shein.com
10181,device-configuration-r.wbx2.com,1,device-configuration-r.wbx2.com
10182,asus.com,12,apps.bazaarvoice.com;asus-brand-assistant.asus.com;asus.com;c.go-mpulse.net;cdn.fonts.net;csapi.asus.com;dlcdnimgs.asus.com;network-a.bazaarvoice.com;odinapi.asus.com;s.go-mpulse.net;www.asus.com;www.googletagmanager.com
10184,thumbnails-photos.amazon.com,1,thumbnails-photos.amazon.com
10185,mgln.ai,23,ajax.googleapis.com;cdn.mgln-stage.ai;cdn.prod.website-files.com;content.verasafe.com;d3e54v103j8qbb.cloudfront.net;fonts.googleapis.com;fonts.gstatic.com;forms-na1.hsforms.com;forms.hsforms.com;js.hs-analytics.net;js.hs-banner.com;js.hs-scripts.com;js.hsadspixel.net;js.hscollectedforms.net;js.hsforms.net;js.hubspot.com;magellan-8272841.hs-sites.com;mgln.ai;perf-na1.hsforms.com;pixel.tapad.com;www.google-analytics.com;www.googletagmanager.com;www.magellan.ai
10187,mcs-sg.tiktokv.com,1,mcs-sg.tiktokv.com
10188,remote-config.gslb.sgw.shopeemobile.com,1,remote-config.gslb.sgw.shopeemobile.com
10193,api.bitwarden.com,1,api.bitwarden.com
10194,incognia.com,17,7052064.fs1.hubspotusercontent-na1.net;api.hubapi.com;app.hubspot.com;cdn-cookieyes.com;conn-check.icg-in.com;fonts.googleapis.com;fonts.gstatic.com;incognia.com;js.hs-banner.com;js.hsadspixel.net;js.hscollectedforms.net;js.usemessages.com;log.cookieyes.com;repo.incognia.com;service4.icg-in.com;static.hsappstatic.net;www.incognia.com
10195,my.1password.com,7,1password.com;accounts.1password.ca;accounts.1password.eu;accounts.ent.1password.com;app.1password.com;images.ctfassets.net;my.1password.com
10196,idaas6.cph.liveintent.com,1,idaas6.cph.liveintent.com
10197,thinkingdata.cn,6,api.fontshare.com;cdn.fontshare.com;fonts.googleapis.com;thinkingai.io;thinkingdata-image.oss-cn-shanghai.aliyuncs.com;thinkingdata.cn
10198,boot.net.anydesk.com,3,boot.net.anydesk.com;challenges.cloudflare.com;static.cloudflareinsights.com
10200,bqstreamer.com,1,bqstreamer.com
10201,la-trc-events.taboola.com,1,la-trc-events.taboola.com
10202,qbrere.launches.appsflyersdk.com,1,qbrere.launches.appsflyersdk.com
10205,bam.eu01.nr-data.net,1,bam.eu01.nr-data.net
10206,jsc.mgid.com,1,jsc.mgid.com
10207,opps.taboola.com,1,opps.taboola.com
10209,u2c-a.wbx2.com,1,u2c-a.wbx2.com
10210,sessions.mobile.crashtracking.prod.ring.com,1,sessions.mobile.crashtracking.prod.ring.com
10211,commerce32-normal-sg.capcutapi.com,1,commerce32-normal-sg.capcutapi.com
10212,csdm-r.wbx2.com,1,csdm-r.wbx2.com
10214,img-cdn.clinch.co,1,img-cdn.clinch.co
10215,fa000000117.resources.office.net,1,fa000000117.resources.office.net
10216,www.myworkday.com,1,www.myworkday.com
10217,adsensecustomsearchads.com,1,www.google.com
10218,www.adsensecustomsearchads.com,1,www.google.com
10220,p19-comment-va-sign.tiktokcdn-us.com,1,p19-comment-va-sign.tiktokcdn-us.com
10221,sync.spotim.market,1,sync.spotim.market
10222,ad.yieldlab.net,1,ad.yieldlab.net
10224,jupiter.intl.sys.miui.com,1,jupiter.intl.sys.miui.com
10225,rt.services.visualstudio.com,1,rt.services.visualstudio.com
10226,www.pornhub.com,11,analytics.google.com;cdn1-smallimg.phncdn.com;ei.phncdn.com;i.pornhub.com;media.trafficjunky.net;pix-cdn77.phncdn.com;pix-fl.phncdn.com;static.trafficjunky.com;stats.g.doubleclick.net;www.googletagmanager.com;www.pornhub.com
10227,pull-flv-f77-tt02.tiktokcdn.com,1,pull-flv-f77-tt02.tiktokcdn.com
10229,b2b.filesyscrm.com,1,b2b.filesyscrm.com
10230,trueanthem.com,1,trueanthem.com
10231,board-r.wbx2.com,1,board-r.wbx2.com
10232,cdn.id.supercell.com,1,cdn.id.supercell.com
10233,www.booking.com,5,account.booking.com;cdn.cookielaw.org;cf.bstatic.com;geolocation.onetrust.com;www.booking.com
10235,google.com.tr,3,ogads-pa.clients6.google.com;play.google.com;www.gstatic.com
10236,searchlite-pa.googleapis.com,1,www.google.com
10237,o1407395.ingest.sentry.io,1,o1407395.ingest.sentry.io
10238,ichef.bbci.co.uk,1,ichef.bbci.co.uk
10239,forms.hsforms.com,23,53.fs1.hubspotusercontent-na1.net;analytics.google.com;cdn2.hubspot.net;cta-service-cms2.hubspot.com;developers.hubspot.com;fonts.googleapis.com;forms.hsforms.com;hubspot.statuspage.io;js.hs-analytics.net;js.hs-banner.com;js.hsadspixel.net;js.hsforms.net;js.hubspotfeedback.com;js.usemessages.com;perf-na1.hsforms.com;static.hsappstatic.net;static2cdn.hubspot.com;stats.g.doubleclick.net;wtcfns.hubspot.com;www.google-analytics.com;www.googletagmanager.com;www.hubspot.com;www.wthubspot.com
10241,creative.stackadapt.com,1,creative.stackadapt.com
10244,et.w.inmobi.com,1,et.w.inmobi.com
10245,myapps.microsoft.com,4,aadcdn.msftauth.net;login.live.com;login.microsoftonline.com;myapps.microsoft.com
10246,pull-flv-f9-sg01.tiktokcdn.com,1,pull-flv-f9-sg01.tiktokcdn.com
10249,sdkopmetrics-eu.dsp-api.moloco.com,1,sdkopmetrics-eu.dsp-api.moloco.com
10250,commerce16-normal-sg.capcutapi.com,1,commerce16-normal-sg.capcutapi.com
10251,lf16-tiktok-common.tiktokcdn-us.com,1,lf16-tiktok-common.tiktokcdn-us.com
10253,tracking.mygaru.com,1,tracking.mygaru.com
10256,api.amazon.co.uk,2,api.amazon.co.uk;g-ecx.images-amazon.com
10257,amer.devicemgmt.teams.microsoft.com,1,amer.devicemgmt.teams.microsoft.com
10259,sf16-tk-sg.tiktokcdn-us.com,1,sf16-tk-sg.tiktokcdn-us.com
10261,eastus1-5.pushnp.svc.ms,1,eastus1-5.pushnp.svc.ms
10263,resources.xg4ken.com,1,resources.xg4ken.com
10265,grammarly.net,55,11910764.fls.doubleclick.net;a.quora.com;accounts.google.com;ad.doubleclick.net;adresults-19-adswizz.attribution.adswizz.com;adservice.google.com;analytics-ipv6.tiktokw.us;analytics.google.com;analytics.tiktok.com;bat.bing.com;c.clarity.ms;cdn.pdst.fm;cdn.taboola.com;cm.g.doubleclick.net;collector-21641.us.tvsquared.com;connect.facebook.net;d34r8q7sht0t9k.cloudfront.net;data.adxcel-ec2.com;dsum-sec.casalemedia.com;gateway.grammarly.com;gnar.grammarly.com;googleads.g.doubleclick.net;grammarly.net;grammarly.pxf.io;ib.adnxs.com;insight.adsrvr.org;ipv4.podscribe.com;ipv6.6sc.co;j.6sc.co;js.adsrvr.org;js.zi-scripts.com;pixel.rubiconproject.com;pixel.tapad.com;px.ads.linkedin.com;px.gumgum.com;s.clarity.ms;scripts.clarity.ms;secure.adnxs.com;simage2.pubmatic.com;snap.licdn.com;static-web.grammarly.com;stats.g.doubleclick.net;tags.w55c.net;transcend-cdn.com;utt.impactcdn.com;verifi.podscribe.com;ws.zoominfo.com;www.clarity.ms;www.facebook.com;www.google-analytics.com;www.google.com;www.googletagmanager.com;www.grammarly.com;www.linkedin.com;x.bidswitch.net
10266,s2.adform.net,2,s2.adform.net;track.adform.net
10267,na-eb2.3lift.com,1,na-eb2.3lift.com
10268,api-spotlight-ause2a.smoot.apple.com,1,api-spotlight-ause2a.smoot.apple.com
10269,li.protechts.net,1,li.protechts.net
10270,fedoraproject.org,1,fedoraproject.org
10273,applet-bundles.grammarly.net,1,applet-bundles.grammarly.net
10275,video.yahoo.com,83,aa.agkn.com;ad.turn.com;ads.pubmatic.com;ads.yieldmo.com;analytics.google.com;ap.lijit.com;api.rlcdn.com;assets.news-data-prod-aws-use1.aws.oath.cloud;b1sync.outbrain.com;bb.lijit.com;c2shb-oao.ssp.yahoo.com;cdn.p-n.io;cdn.taboola.com;cm.g.doubleclick.net;cms.analytics.yahoo.com;consent.cmp.oath.com;creativecdn.com;cs-server-s2s.yellowblue.io;cs.admanmedia.com;cs.emxdgt.com;cs.iqzone.com;cs.krushmedia.com;cs.media.net;csync.copper6.com;de.tynt.com;dis.criteo.com;display.bidder.taboola.com;dpm.demdex.net;eb2.3lift.com;eus.rubiconproject.com;exchange.kueezrtb.com;fastlane.rubiconproject.com;grid-bidder.criteo.com;guce.yahoo.com;hde.tynt.com;htlb.casalemedia.com;ib.adnxs.com;idx.liadm.com;jadserve.postrelease.com;match.adsrvr.org;match.sharethrough.com;nexus-gateway-prod.media.yahoo.com;noa.yahoo.com;openweb-match.dotomi.com;opus.analytics.yahoo.com;pbs-cs.openwebmp.com;pbs-yahoo-us.ay.delivery;pbs.yahoo.com;pixel-sync.sitescout.com;pixel.tapad.com;prebid.a-mo.net;prebid.media.net;rp.liadm.com;rtb.openx.net;s.seedtag.com;s.yimg.com;sb.scorecardresearch.com;seart.marphezis.com;secure-assets.rubiconproject.com;securepubads.g.doubleclick.net;signal-service.pbs.yahoo.com;ssbsync.smartadserver.com;ssc-cms.33across.com;ssp-sync.criteo.com;stats.g.doubleclick.net;sync.aniview.com;sync.crwdcntrl.net;sync.inmobi.com;sync.pmbmonetize.live;tlx.3lift.com;tr.blismedia.com;tsdtocl.com;uipglob.semasio.net;ups.analytics.yahoo.com;us-trc-events.taboola.com;us-u.openx.net;user-sync.fwmrm.net;video.yahoo.com;visitor-ow.omnitagjs.com;wnsrvbjmeprtfrnfx.ay.delivery;www.googletagmanager.com;www.yahoo.com;x.bidswitch.net
10276,statics.teams.cdn.live.net,1,statics.teams.cdn.live.net
10278,api.rudderstack.com,1,api.rudderstack.com
10279,galleryapi.micloud.xiaomi.net,1,galleryapi.micloud.xiaomi.net
10280,gpt.mail.yahoo.net,4,bcn.fp.yahoo.com;geo.yahoo.com;gpt.mail.yahoo.net;s.yimg.com
10283,video-fa.scdn.co,1,video-fa.scdn.co
10284,inst-fs-iad-prod.inscloudgate.net,1,inst-fs-iad-prod.inscloudgate.net
10286,eu-api.samsungpositioning.com,1,eu-api.samsungpositioning.com
10287,st001vw.instabug.com,1,st001vw.instabug.com
10288,i0.hdslb.com,1,i0.hdslb.com
10289,youtubei-att.googleapis.com,1,www.google.com
10292,ringapigw.us-east-1.prod.gws.ring.amazon.dev,1,ringapigw.us-east-1.prod.gws.ring.amazon.dev
10293,pull-flv-l10-va01.tiktokcdn.com,1,pull-flv-l10-va01.tiktokcdn.com
10296,contentaccess.exp.xboxservices.com,1,contentaccess.exp.xboxservices.com
10297,word-edit.officeapps.live.com,16,admin.microsoft.com;c.s-microsoft.com;config.edge.skype.com;js.monitor.azure.com;login.live.com;login.microsoftonline.com;logincdn.msauth.net;mem.gfx.ms;res.cdn.office.net;s.clarity.ms;scripts.clarity.ms;uhf.microsoft.com;word-edit.officeapps.live.com;www.clarity.ms;www.microsoft.com;www.office.com
10298,us.incognia.com,4,cdn.lgrckt-in.com;developer.incognia.com;us.incognia.com;welcome.developer.incognia.com
10300,ms.applvn.com,1,ms.applvn.com
10301,slb-apisnd-in.heytapmobile.com,1,slb-apisnd-in.heytapmobile.com
10302,tagsrvcs.com,1,tagsrvcs.com
10303,m365cdn-sdp-public.azurefd.net,1,m365cdn-sdp-public.azurefd.net
10304,www.gravatar.com,13,analytics.google.com;en.gravatar.com;googleads.g.doubleclick.net;pixel.wp.com;public-api.wordpress.com;s.gravatar.com;s0.wp.com;s1.wp.com;stats.g.doubleclick.net;stats.wp.com;www.google.com;www.googletagmanager.com;www.gravatar.com
10306,aba.gumgum.com,1,aba.gumgum.com
10307,csync-us.smartadserver.com,1,csync-us.smartadserver.com
10308,lng.xiaohongshu.com,1,lng.xiaohongshu.com
10309,r.bidswitch.net,1,r.bidswitch.net
10311,drdrab.com,1,drdrab.com
10313,prdw-envproxy-use1.prd.rings.solutions,1,prdw-envproxy-use1.prd.rings.solutions
10314,pull-f5-tt02.fcdn.eu.tiktokcdn.com,1,pull-f5-tt02.fcdn.eu.tiktokcdn.com
10315,log.drdrab.com,1,log.drdrab.com
10317,usersub-r.wbx2.com,1,usersub-r.wbx2.com
10320,narrative.io,3,narrative.io;static.cloudflareinsights.com;www.narrative.io
10322,io.narrative.io,1,io.narrative.io
10323,use-bid-openpath-1.adsrvr.org,1,use-bid-openpath-1.adsrvr.org
10329,mparticle.weather.com,1,mparticle.weather.com
10331,cde-ta-g7g.amazon.com,1,cde-ta-g7g.amazon.com
10335,a.nytimes.com,1,a.nytimes.com
10338,graphql.contentful.com,1,graphql.contentful.com
10340,pix.cdnwidget.com,1,pix.cdnwidget.com
10344,usabilla.com,45,alb.reddit.com;analytics-ipv6.tiktokw.us;analytics.google.com;analytics.tiktok.com;analytics.twitter.com;bat.bing.com;c.amazon-adsystem.com;cdn.mgln.ai;cdn.smassets.net;cm.g.doubleclick.net;connect.facebook.net;d6tizftlrpuof.cloudfront.net;get.surveymonkey.com;ib.adnxs.com;insight.adsrvr.org;js.adsrvr.org;js.hs-analytics.net;js.hs-banner.com;js.hs-scripts.com;js.zi-scripts.com;kds-pixel.kargo.com;pixel-config.reddit.com;pixel.rubiconproject.com;prod.smassets.net;rum-ingest.us1.signalfx.com;snap.licdn.com;sr-client-cfg.amplitude.com;static.ads-twitter.com;stats.g.doubleclick.net;storage.cloud.kargo.com;t.co;tr.capterra.com;track.hubspot.com;tracking-api.g2.com;tracking.g2crowd.com;trkn.us;usabilla.com;w.usabilla.com;ws-assets.zoominfo.com;ws.zoominfo.com;www.getfeedback.com;www.google.com;www.googletagmanager.com;www.redditstatic.com;www.surveymonkey.com
10346,blueconic.net,32,358-xtm-616.mktoresp.com;a.usbrowserspeed.com;ajax.googleapis.com;analytics.google.com;api.vector.co;bat.bing.com;blueconic.net;c.clarity.ms;cdn.dreamdata.cloud;cdn.prod.website-files.com;cdn.vector.co;cdn.vwam.ai;chat.vwam.ai;d3e54v103j8qbb.cloudfront.net;dogfood.blueconic.com;fonts.googleapis.com;fonts.gstatic.com;googleads.g.doubleclick.net;leadtracker.smartsites.com;marketo.use1-marketplace-1p-apps-prod-red.if.webflow.services;munchkin.marketo.net;pl21.blueconic.com;public.api.tofuhq.com;px.ads.linkedin.com;s.clarity.ms;scripts.clarity.ms;snap.licdn.com;www.blueconic.com;www.clarity.ms;www.google.com;www.googletagmanager.com;www.linkedin.com
10347,mobile.zscalerone.net,5,admin.zscalerone.net;cdn.mxpnl.com;cms.zscaler.com;mobile.zscalerone.net;mobileadmin.zscalerone.net
10349,img.alicdn.com,1,img.alicdn.com
10351,clubhub.xboxlive.com,1,clubhub.xboxlive.com
10353,cdn-tinkoff.ru,1,cdn-tinkoff.ru
10354,mssdk.volces.com,1,mssdk.volces.com
10357,provisioning.metrics.us-west-2.prd.cdo.system-monitor.com,1,provisioning.metrics.us-west-2.prd.cdo.system-monitor.com
10358,us-assets.i.posthog.com,1,us-assets.i.posthog.com
10359,cp-rp16-normal-no1a.tiktokv.eu,1,cp-rp16-normal-no1a.tiktokv.eu
10360,fa000000186.resources.office.net,1,fa000000186.resources.office.net
10362,assetsconfigcdn.org,1,assetsconfigcdn.org
10364,ampcid.google.com,5,fonts.googleapis.com;fonts.gstatic.com;gstatic.com;www.googletagmanager.com;www.gstatic.com
10365,smrtb.com,9,ajax.googleapis.com;cdn.prod.website-files.com;d3e54v103j8qbb.cloudfront.net;fonts.googleapis.com;fonts.gstatic.com;smrtb.com;uploads-ssl.webflow.com;www.google-analytics.com;www.googletagmanager.com
10366,amx1.net,1,amx1.net
10369,owner-api.teslamotors.com,1,owner-api.teslamotors.com
10372,w.usabilla.com,1,w.usabilla.com
10376,northamerica-1.object-storage.apple.com,1,northamerica-1.object-storage.apple.com
10378,rs.mail.ru,15,ad.mail.ru;analytics.google.com;googleads.g.doubleclick.net;privacy-cs.mail.ru;px.ads.linkedin.com;rs.mail.ru;snap.licdn.com;target.my.com;target.vk.ru;top-fwz1.mail.ru;vk.com;www.google-analytics.com;www.google.com;www.googletagmanager.com;www.linkedin.com
10383,r2---sn-tn.googlevideo.com,2,r2---sn-tn.googlevideo.com;www.google.com
10384,r3---sn-tn.googlevideo.com,2,r3---sn-tn.googlevideo.com;www.google.com
10385,liveramp.com,34,117645514.intellimizeio.com;accounts.finsweet.com;api.intellimize.co;api.rlcdn.com;browser.sentry-cdn.com;cdn.bizible.com;cdn.bizibly.com;cdn.drda.io;cdn.dreamdata.cloud;cdn.intellimize.co;cdn.jsdelivr.net;cdn.ketchjs.com;cdn.prod.website-files.com;d3e54v103j8qbb.cloudfront.net;di.rlcdn.com;distillery.wistia.com;fast.wistia.com;geo.privacymanager.io;global.ketchcdn.com;liveramp.com;log.intellimize.co;lp.liveramp.com;middleware.rampedup.us;pagead2.googlesyndication.com;pipedream.wistia.com;rc.rlcdn.com;rtp-static.marketo.com;s3.amazonaws.com;scout-cdn.salesloft.com;scout.salesloft.com;sjrtp6-cdn.marketo.com;tag.clearbitscripts.com;www.google-analytics.com;www.googletagmanager.com
10386,census-web.scorecardresearch.com,1,census-web.scorecardresearch.com
10389,c2.piano.io,4,assets.atinternet-solutions.com;auth.piano.io;c2.piano.io;cdn.auth0.com
10391,pull-f5-tt03.tiktokcdn.com,1,pull-f5-tt03.tiktokcdn.com
10392,cdn.stackadapt.com,1,cdn.stackadapt.com
10393,client.protechts.net,1,client.protechts.net
10394,vid.vidoomy.com,2,vid.vidoomy.com;www.cdn77.com
10395,cdn.cquotient.com,1,cdn.cquotient.com
10397,secure-sdk.imrworldwide.com,1,secure-sdk.imrworldwide.com
10398,kraken-measurements.s3-external-1.amazonaws.com,1,kraken-measurements.s3-external-1.amazonaws.com
10401,munchkin.marketo.net,1,munchkin.marketo.net
10402,cdn.revjet.com,1,cdn.revjet.com
10403,cinfo-v4.shein.com,1,cinfo-v4.shein.com
10405,tag.1rx.io,1,tag.1rx.io
10406,sf-ssp.tiktokcdn-eu.com,1,sf-ssp.tiktokcdn-eu.com
10408,audex.userreport.com,1,audex.userreport.com
10409,nym2-ib.msn.com,1,nym2-ib.msn.com
10410,disneyplus.com,12,analytics.tiktok.com;assets.adobedtm.com;cdn.cookielaw.org;client-sdk-configs.bamgrid.com;cnbl-cdn.bamgrid.com;disney.demdex.net;disney.images.edge.bamgrid.com;disneyplus.com;prod-static.disney-plus.net;sanalytics.disneyplus.com;static-assets.bamgrid.com;www.disneyplus.com
10411,d8c14d4960ca.edge.sdk.awswaf.com,1,d8c14d4960ca.edge.sdk.awswaf.com
10412,api-spotlight-ause2b.smoot.apple.com,1,api-spotlight-ause2b.smoot.apple.com
10413,myapps.classlink.com,6,ajax.googleapis.com;cdn.classlink.com;fonts.googleapis.com;fonts.gstatic.com;launchpad.classlink.com;myapps.classlink.com
10414,cinfo-v6.shein.com,1,cinfo-v6.shein.com
10415,www.imdb.com,2,1c5c1ecf7303.c0b160fb.us-east-1.token.awswaf.com;www.imdb.com
10416,us-cds.taboola.com,1,us-cds.taboola.com
10420,pbc.yahoo.com,1,pbc.yahoo.com
10422,a1rhccd2lezb0-ats.iot.us-west-2.amazonaws.com,1,a1rhccd2lezb0-ats.iot.us-west-2.amazonaws.com
10423,api.cld.dtvce.com,1,api.cld.dtvce.com
10424,blizzard.com,19,10163466.fls.doubleclick.net;account.battle.net;ad.doubleclick.net;adservice.google.com;analytics.google.com;baseui.akamaized.net;bat.bing.com;blizzard.com;blz-contentstack-assets.akamaized.net;blz-contentstack-images.akamaized.net;cdn.cookielaw.org;d3ukkjpihy42k4.cloudfront.net;geo.battle.net;images.blz-contentstack.com;navbar.blizzard.com;stats.g.doubleclick.net;www.blizzard.com;www.google.com;www.googletagmanager.com
10425,tru.am,1,tru.am
10427,video.sacdnssedge.com,1,video.sacdnssedge.com
10428,bam-cell.nr-data.net,1,bam-cell.nr-data.net
10429,cdnfonts.com,9,cdn.jsdelivr.net;cdn.materialdesignicons.com;cdnfonts.com;cdnjs.cloudflare.com;code.jquery.com;fonts.cdnfonts.com;static.cloudflareinsights.com;www.google-analytics.com;www.googletagmanager.com
10430,displayf-tm.everesttech.net,1,displayf-tm.everesttech.net
10431,eppo.cloud,3,browser-intake-datadoghq.com;eppo.cloud;snippet.maze.co
10432,ecs.gov.teams.microsoft.us,2,azurefrontdoorpages.azureedge.net;ecs.gov.teams.microsoft.us
10433,analytics.mobile.walmart.com,1,analytics.mobile.walmart.com
10435,fonts.cdnfonts.com,1,fonts.cdnfonts.com
10436,ringapigw-alb.us-east-1.prod.v2.gws.ring.amazon.dev,1,ringapigw-alb.us-east-1.prod.v2.gws.ring.amazon.dev
10437,fa000000195.resources.office.net,1,fa000000195.resources.office.net
10438,locations-prod.tile-api.com,1,locations-prod.tile-api.com
10439,img.cdn4dd.com,1,img.cdn4dd.com
10440,r1---sn-tn.googlevideo.com,2,r1---sn-tn.googlevideo.com;www.google.com
10442,config.ecs.gov.teams.microsoft.us,2,azurefrontdoorpages.azureedge.net;config.ecs.gov.teams.microsoft.us
10443,gladly.com,38,665-vxg-269.mktoresp.com;alb.reddit.com;analytics.google.com;c.bing.com;c.clarity.ms;cdn-4.convertexperiments.com;cdn.gladly.com;cdn.sanity.io;cdnjs.cloudflare.com;connect.facebook.net;d.adroll.com;fonts.googleapis.com;gladly.chilipiper.com;gladly.com;googleads.g.doubleclick.net;ingestion.prod.apiarydata.net;lex.33across.com;munchkin.marketo.net;pixel-config.reddit.com;px.ads.linkedin.com;s.adroll.com;s.clarity.ms;s3.amazonaws.com;sc.lfeeder.com;scripts.clarity.ms;site.gladly.com;snap.licdn.com;stats.g.doubleclick.net;tag.unifyintent.com;tr.lfeeder.com;tracking-api.g2.com;tracking.g2crowd.com;www.clarity.ms;www.gladly.ai;www.google.com;www.googletagmanager.com;www.linkedin.com;www.redditstatic.com
10445,eastus1-4.pushnp.svc.ms,1,eastus1-4.pushnp.svc.ms
10446,fa000000014.resources.office.net,1,fa000000014.resources.office.net
10447,eu-irl-00001.s3.dualstack.eu-west-1.amazonaws.com,1,eu-irl-00001.s3.dualstack.eu-west-1.amazonaws.com
10448,download.nvidia.com,1,download.nvidia.com
10449,prebid.pixad.com.tr,1,prebid.pixad.com.tr
10450,content.powerapps.com,1,content.powerapps.com
10452,crcdn01.adnxs-simple.com,1,crcdn01.adnxs-simple.com
10453,inventory.mtech.supercell.com,1,inventory.mtech.supercell.com
10455,vidstatb.taboola.com,1,vidstatb.taboola.com
10457,bidmatic.io,21,analytics.ahrefs.com;analytics.google.com;bat.bing.com;bidmatic.io;connect.facebook.net;files-service.adtelligent.com;fonts.googleapis.com;fonts.gstatic.com;geo-service.bidmatic.io;googleads.g.doubleclick.net;js-eu1.hs-analytics.net;js-eu1.hs-banner.com;js-eu1.hs-scripts.com;px.ads.linkedin.com;snap.licdn.com;static.cloudflareinsights.com;stats.g.doubleclick.net;track-eu1.hubspot.com;www.google.com;www.googletagmanager.com;www.linkedin.com
10458,amdc.alipay.com,1,amdc.alipay.com
10459,eastus1-1.pushnp.svc.ms,1,eastus1-1.pushnp.svc.ms
10461,fscdn.eppo.cloud,1,fscdn.eppo.cloud
10464,time2.google.com,3,ogads-pa.clients6.google.com;play.google.com;www.gstatic.com
10465,api.openweathermap.org,8,analytics.google.com;api.openweathermap.org;fonts.googleapis.com;fonts.gstatic.com;openweathermap.org;stats.g.doubleclick.net;www.google.com;www.googletagmanager.com
10469,ssc.33across.com,1,ssc.33across.com
10470,wxapp.tc.qq.com,1,wxapp.tc.qq.com
10472,uds-zpln-ps5.np.rds.s0.playstation.net,1,uds-zpln-ps5.np.rds.s0.playstation.net
10475,drive.usercontent.google.com,1,www.google.com
10477,scapi.vmware.com,2,scapi.vmware.com;static.cloudflareinsights.com
10478,eastus1-7.pushnp.svc.ms,1,eastus1-7.pushnp.svc.ms
10481,amp-account.itunes.apple.com,1,amp-account.itunes.apple.com
10482,ics.travelaudience.com,1,ics.travelaudience.com
10483,subscriptionsfirstparty-pa.clients6.google.com,1,www.google.com
10485,se.monetate.net,1,se.monetate.net
10486,wb.dns-finder.com,1,wb.dns-finder.com
10487,eastus1-3.pushnp.svc.ms,1,eastus1-3.pushnp.svc.ms
10490,consent.samsungrs.com,1,consent.samsungrs.com
10491,sonar.script.ac,1,sonar.script.ac
10492,ringapigw.us-east-1.prod.v2.gws.ring.amazon.dev,1,ringapigw.us-east-1.prod.v2.gws.ring.amazon.dev
10493,cl-data-sg.ads.heytapmobi.com,1,cl-data-sg.ads.heytapmobi.com
10495,media-ams2-1.cdn.whatsapp.net,1,media-ams2-1.cdn.whatsapp.net
10496,expo.dev,7,cdn.sanity.io;expo.dev;js.stripe.com;m.stripe.com;sentry.io;static.expo.dev;status.expo.dev
10497,fa000000002.resources.office.net,1,fa000000002.resources.office.net
10499,watch-cdn.product.api.espn.com,1,watch-cdn.product.api.espn.com
10500,concord-agent-notifications.centrastage.net,1,concord-agent-notifications.centrastage.net
10502,cp-t-usw2.s3.us-west-2.amazonaws.com,1,cp-t-usw2.s3.us-west-2.amazonaws.com
10504,feed16-normal-us-ttp.capcutapi.us,1,feed16-normal-us-ttp.capcutapi.us
10506,mcias-va7.cloud.adobe.io,1,mcias-va7.cloud.adobe.io
10508,dldir1.qq.com,1,dldir1.qq.com
10509,aps.amap.com,1,aps.amap.com
10510,adobetarget.data.adobedc.net,1,adobetarget.data.adobedc.net
10511,p.mrktmtrcs.net,1,p.mrktmtrcs.net
10512,qoe.samsungcloud.tv,1,qoe.samsungcloud.tv
10515,panther.goguardian.com,1,panther.goguardian.com
10516,www.taobao.com,26,75rs8m.tdum.alibaba.com;alidt.alicdn.com;at.alicdn.com;bjb3k6.tdum.alibaba.com;cf.aliyun.com;cm.mediav.com;fourier.alibaba.com;fourier.taobao.com;g.alicdn.com;g.aplus.taobao.com;gm.mmstat.com;gw.alicdn.com;h5api.m.taobao.com;img.alicdn.com;log.mmstat.com;login.taobao.com;main.m.tmall.com;o.alicdn.com;pc-growht-rta.taobao.com;push-v1.taobao.com;s-gm.mmstat.com;to2in.tdum.alibaba.com;umdc.taobao.com;www.taobao.com;x.alicdn.com;ynuf.aliapp.org
10517,ios18.appboot.netflix.com,1,ios18.appboot.netflix.com
10518,dns.sb,3,dns.sb;ip.dns.sh;stat.dns.sb
10519,geoip.youversionapi.com,1,geoip.youversionapi.com
10520,airbnb.com,22,ad.doubleclick.net;adservice.google.com;airbnb.com;analytics.google.com;cm.g.doubleclick.net;ct.pinterest.com;d0a7e.airbnb.com;d34r8q7sht0t9k.cloudfront.net;googleads.g.doubleclick.net;ib.adnxs.com;insight.adsrvr.org;ipv4.pdscrb.com;js.adsrvr.org;pixel.rubiconproject.com;stats.g.doubleclick.net;tr.snapchat.com;verifi.pdscrb.com;www.airbnb.com;www.facebook.com;www.google.com;www.googleadservices.com;www.googletagmanager.com
10521,marriott.com,51,ad.doubleclick.net;adobe-sync.dotomi.com;adobedc.demdex.net;ag.innovid.com;api2.branch.io;app.link;assets.adobedtm.com;c.bing.com;cache.marriott.com;cdn.branch.io;cdn.cookielaw.org;cm.everesttech.net;cm.g.doubleclick.net;cms.analytics.yahoo.com;connect.facebook.net;d2v83son8kay5v.cloudfront.net;dpm.demdex.net;ds-aksb-a.akamaihd.net;ep1.adtrafficquality.google;ep2.adtrafficquality.google;fded9a2a2f9e4f064ae56d5b6ec2bcc5.safeframe.googlesyndication.com;geolocation.onetrust.com;googleads.g.doubleclick.net;idpix.media6degrees.com;js-cdn.dynatrace.com;jvxpxl.marriott.com;marriott.btttag.com;marriott.com;match.adsrvr.org;nam.veta.naver.com;p11.techlab-cdn.com;pagead2.googlesyndication.com;resources.digital-cloud.medallia.com;rtr.innovid.com;s-static.innovid.com;s.yimg.jp;sc-static.net;securepubads.g.doubleclick.net;siteintercept.qualtrics.com;smetrics.marriott.com;ssl.pstatic.net;t1.daumcdn.net;tpc.googlesyndication.com;tr.snapchat.com;ups.analytics.yahoo.com;wcs.naver.net;www.dev-cdn.marriott.com;www.googleadservices.com;www.googletagmanager.com;www.marriott.com;zn1mdx3zmq39jkigz-marriott.siteintercept.qualtrics.com
10522,content.googleapis.com,1,www.google.com
10523,mboxedge35.tt.omtrdc.net,1,mboxedge35.tt.omtrdc.net
10525,comcast.demdex.net,1,comcast.demdex.net
10526,api-spotlight-ause1b.smoot.apple.com,1,api-spotlight-ause1b.smoot.apple.com
10528,dsb4h3ustf.data.adobedc.net,1,dsb4h3ustf.data.adobedc.net
10529,dynalyst-sync.adtdp.com,1,dynalyst-sync.adtdp.com
10530,udps.adobe.com,1,udps.adobe.com
10532,content.hotjar.io,1,content.hotjar.io
10534,cvws-h2.icloud-content.com,1,cvws-h2.icloud-content.com
10535,doh.xfinity.com,1,doh.xfinity.com
10537,eastus1-0.pushnp.svc.ms,1,eastus1-0.pushnp.svc.ms
10538,rocketcyber.com,15,api.weglot.com;browser.sentry-cdn.com;cdn.cookielaw.org;cdn.neverbounce.com;cdn.weglot.com;cdnjs.cloudflare.com;code.jquery.com;distillery.wistia.com;embed-ssl.wistia.com;fast.wistia.com;geolocation.onetrust.com;kit.fontawesome.com;rocketcyber.com;www.googletagmanager.com;www.kaseya.com
10540,www.amazon.co.uk,6,1c5c1ecf7303.a481e94e.us-east-2.token.awswaf.com;fls-eu.amazon.co.uk;images-na.ssl-images-amazon.com;m.media-amazon.com;unagi.amazon.co.uk;www.amazon.co.uk
10544,mailchimp.com,83,6114620.global.siteimproveanalytics.io;9894771.fls.doubleclick.net;aax-eu.amazon-adsystem.com;accdn.lpsnmedia.net;accounts.google.com;ad.doubleclick.net;adservice.google.com;alb.reddit.com;analytics-ipv6.tiktokw.us;analytics.google.com;analytics.tiktok.com;analytics.twitter.com;aorta.clickagy.com;ara.paa-reporting-advertising.amazon;arttrk.com;bat.bing.com;bat.bing.net;c.amazon-adsystem.com;c.go-mpulse.net;cdn.cookielaw.org;cdn.optimizely.com;cdn.pdst.fm;cdn.segment.com;cm.g.doubleclick.net;connect.facebook.net;di.rlcdn.com;e-10220.adzerk.net;edge.fullstory.com;geolocation.onetrust.com;googleads.g.doubleclick.net;ict.infinity-tracking.net;idsync.api.intuit.com;img.en25.com;insight.adsrvr.org;jadserve.postrelease.com;js.adsrvr.org;js.zi-scripts.com;logx.optimizely.com;lpcdn.lpsnmedia.net;lptag.liveperson.net;mailchimp.com;ml314.com;nas.lon.infinity-tracking.com;ob.herbgreencolumn.com;obs.herbgreencolumn.com;pixel-config.reddit.com;pixel.rubiconproject.com;pixels.spotify.com;plugin.intuitcdn.net;px.ads.linkedin.com;rs.fullstory.com;s.pinimg.com;s.yimg.com;s2.go-mpulse.net;schema-cf.bc0a.com;script.infinity-tracking.com;secure.adnxs.com;secure.insightexpressai.com;siteimproveanalytics.com;siteintercept.qualtrics.com;snap.licdn.com;sp.analytics.yahoo.com;static.ads-twitter.com;stats.g.doubleclick.net;t.co;tags.clickagy.com;trk.mailchimp.com;unpkg.com;us-u.openx.net;uxfabric.app.intuit.com;uxfabric.intuitcdn.net;va.v.liveperson.net;vi.ml314.com;ws.zoominfo.com;www.google.com;www.googleadservices.com;www.googletagmanager.com;www.gstatic.com;www.intuit.com;www.linkedin.com;www.mczbf.com;www.redditstatic.com;zncylzuczeq15wxvp-mailchimp.siteintercept.qualtrics.com
10545,doh.dns.sb,4,dns.sb;doh.dns.sb;ip.dns.sh;stat.dns.sb
10546,sync.missena.io,1,sync.missena.io
10547,eastus1-2.pushnp.svc.ms,1,eastus1-2.pushnp.svc.ms
10548,cdn.judge.me,18,analytics.google.com;api.framer.com;api.judge.me;app.framerstatic.com;c.bing.com;c.clarity.ms;cdn.judge.me;events.framer.com;framer.com;framerusercontent.com;judge.me;s.clarity.ms;scripts.clarity.ms;static.hotjar.com;stats.g.doubleclick.net;www.clarity.ms;www.google.com;www.googletagmanager.com
10549,prebid.production.adthrive.com,1,prebid.production.adthrive.com
10550,tripadvisor.com,5,ct.captcha-delivery.com;geo.captcha-delivery.com;static.captcha-delivery.com;tripadvisor.com;www.tripadvisor.com
10551,spoprod-a.akamaihd.net,2,res-1.cdn.office.net;spoprod-a.akamaihd.net
10552,osb-v1-ussvc.samsungqbe.com,1,osb-v1-ussvc.samsungqbe.com
10553,mcds.dalyfeds.com,1,mcds.dalyfeds.com
10554,qcc.qualcomm.com,1,qcc.qualcomm.com
10556,api2.cursor.sh,1,api2.cursor.sh
10557,pull-flv-f77-tt02-tt03.fcdn.eu.tiktokcdn.com,1,pull-flv-f77-tt02-tt03.fcdn.eu.tiktokcdn.com
10561,mobilesupport.zscaler.com,1,mobilesupport.zscaler.com
10562,usatoday.com,171,a.sportradarserving.com;a.teads.tv;a.tribalfusion.com;aa.agkn.com;aax-eu.amazon-adsystem.com;aax.amazon-adsystem.com;accounts.google.com;ad.360yield.com;ad.turn.com;ads.betweendigital.com;ads.creative-serving.com;ads.pubmatic.com;ads.yieldmo.com;aorta.clickagy.com;ap.lijit.com;b1sync.outbrain.com;b1sync.zemanta.com;beachfront-match.dotomi.com;beacon.lynx.cognitivlabs.com;bh.contextweb.com;c.amazon-adsystem.com;c1.adform.net;capi.connatix.com;cdn.brandmetrics.com;cdn.confiant-integrations.net;cdn.taboola.com;cdn.undertone.com;ce.lijit.com;ced-ns.sascdn.com;client.aps.amazon-adsystem.com;cm.adform.net;cm.adgrx.com;cm.ctnsnet.com;cm.g.doubleclick.net;cms.quantserve.com;config.aps.amazon-adsystem.com;connectid.analytics.yahoo.com;contextual.media.net;crb.kargo.com;creativecdn.com;cs-server-s2s.yellowblue.io;cs-tam.minutemedia-prebid.com;cs.admanmedia.com;cs.emxdgt.com;cs.iqzone.com;cs.media.net;csync.loopme.me;csync.smartadserver.com;display.bidder.taboola.com;dpm.demdex.net;dsp-2.presage.io;dsp.adkernel.com;dt.adsafeprotected.com;eb2.3lift.com;ep1.adtrafficquality.google;ep2.adtrafficquality.google;eus.rubiconproject.com;exbd.ex.co;f02621f7a68b57fec528a990bfac5f8a.safeframe.googlesyndication.com;fonts.googleapis.com;fonts.gstatic.com;grid-bidder.criteo.com;gum.criteo.com;hbx.media.net;i.liadm.com;ib.adnxs.com;id.rlcdn.com;idpix.media6degrees.com;image2.pubmatic.com;image4.pubmatic.com;image6.pubmatic.com;image8.pubmatic.com;jadserve.postrelease.com;live.primis.tech;match.adsrvr.org;match.deepintent.com;match.marketiq.com;match.prod.bidr.io;match.sharethrough.com;measureadv.com;ms-cookie-sync.presage.io;nep.advangelists.com;onetag-sys.com;p.rfihub.com;pagead2.googlesyndication.com;pippio.com;pixel-eu.rubiconproject.com;pixel-sync.sitescout.com;pixel-us-east.rubiconproject.com;pixel.adsafeprotected.com;pixel.onaudience.com;pixel.rubiconproject.com;pixel.tapad.com;pm-widget.taboola.com;pmp.mxptint.net;pool.liftdsp.com;prebid-match.dotomi.com;prebid.a-mo.net;prg.smartadserver.com;pubmatic-match.dotomi.com;pulsepoint-match.dotomi.com;px.ads.linkedin.com;r.bidswitch.net;reachms.bfmio.com;reporting-api.gannettinnovation.com;rtb-csync.smartadserver.com;rtb.adentifi.com;rtb.gumgum.com;rtb.mfadsrvr.com;rtb.openx.net;rtb2-useast.delivrdsp.ai;s.ad.smaato.net;s.amazon-adsystem.com;s.seedtag.com;sb.scorecardresearch.com;secure-assets.rubiconproject.com;secure.adnxs.com;secure.cdn.fastclick.net;securepubads.g.doubleclick.net;simage2.pubmatic.com;simage4.pubmatic.com;ssbsync-us.smartadserver.com;ssbsync.smartadserver.com;ssc-cms.33across.com;ssp-sync.criteo.com;ssum-sec.casalemedia.com;static.adsafeprotected.com;static.criteo.net;sync-tm.everesttech.net;sync.a-mo.net;sync.bfmio.com;sync.colossusssp.com;sync.cootlogix.com;sync.crwdcntrl.net;sync.go.sonobi.com;sync.inmobi.com;sync.intentiq.com;sync.ipredictive.com;sync.mathtag.com;sync.pmbmonetize.live;sync.richaudience.com;sync.srv.stackadapt.com;sync.trustx.org;t.adx.opera.com;t.oa.opera.com;targeting.unrulymedia.com;token.rubiconproject.com;tr.blismedia.com;trace.mediago.io;tracker.ads-tinyorbit.com;tracookiepixel.xyz;traxex.gannettdigital.com;u.openx.net;uipglob.semasio.net;um.simpli.fi;ums.acuityplatform.com;ups.analytics.yahoo.com;us-trc-events.taboola.com;usatoday.com;user-sync.fwmrm.net;usr.undertone.com;uss.xplosion.de;ut.pubmatic.com;visitor.omnitagjs.com;www.google-analytics.com;www.google.com;www.googletagmanager.com;www.storygize.net;www.temu.com;www.usatoday.com;x.bidswitch.net
10563,ads.simpli.fi,1,ads.simpli.fi
10566,xflight.xboxlive.com,1,xflight.xboxlive.com
10567,euc-word-telemetry.officeapps.live.com,14,browser.events.data.microsoft.com;c.s-microsoft.com;euc-word-telemetry.officeapps.live.com;js.monitor.azure.com;login.live.com;login.microsoftonline.com;mem.gfx.ms;res.cdn.office.net;s.clarity.ms;scripts.clarity.ms;uhf.microsoft.com;www.clarity.ms;www.microsoft.com;www.office.com
10568,onedriveclubproddm20035.blob.core.windows.net,1,onedriveclubproddm20035.blob.core.windows.net
10569,mon22-normal-useast1a.tiktokv.com,1,mon22-normal-useast1a.tiktokv.com
10570,cdn4image.com,1,cdn4image.com
10571,unrealengine.com,2,challenges.cloudflare.com;unrealengine.com
10573,image.tiktokv.us,1,image.tiktokv.us
10574,infoevent.startappservice.com,1,infoevent.startappservice.com
10576,cdn.gladly.com,1,cdn.gladly.com
10579,www.avito.ru,7,apps.bdimg.com;d0dc22f2b60b.w.hcaptcha.com;d3915fbd6e3f.w.hcaptcha.com;hcaptcha.com;newassets.hcaptcha.com;www.avito.ru;www.avito.st
10581,adtarget.biz,8,adtarget.biz;cdnjs.cloudflare.com;fonts.googleapis.com;fonts.gstatic.com;maps.googleapis.com;maps.gstatic.com;www.adtarget.com.tr;www.google.com
10582,mybbc-analytics.files.bbci.co.uk,1,mybbc-analytics.files.bbci.co.uk
10583,centegix.com,27,analytics.google.com;c.bing.com;c.clarity.ms;cdn-cookieyes.com;centegix.com;fonts.googleapis.com;fonts.gstatic.com;go.centegix.com;i.vimeocdn.com;js.zi-scripts.com;kit.fontawesome.com;log.cookieyes.com;mlq2h1nro0sr.i.optimole.com;player.vimeo.com;px.ads.linkedin.com;s.clarity.ms;scripts.clarity.ms;snap.licdn.com;stats.g.doubleclick.net;tags.srv.stackadapt.com;tools.luckyorange.com;ws.zoominfo.com;www.centegix.com;www.clarity.ms;www.google.com;www.googletagmanager.com;www.linkedin.com
10584,glas.us.glanceapis.com,1,glas.us.glanceapis.com
10594,otheve.beacon.qq.com,1,otheve.beacon.qq.com
10595,applets.ebxcdn.com,1,applets.ebxcdn.com
10596,pbs.aniview.com,1,pbs.aniview.com
10597,dmed.technology,6,dee-intranet-identity-prod.auth.us-east-1.amazoncognito.com;dee.technology;dmed.technology;login.okta.com;ok2static2.oktacdn.com;sso.myid.disney.com
10598,neighbors-api.ring.com,1,neighbors-api.ring.com
10600,iprom.net,1,iprom.net
10602,here.com,32,142-uel-347.mktoresp.com;9565188.fls.doubleclick.net;adservice.google.com;app-ab31.marketo.com;assets.contently.com;assets.vidyard.com;cdn.bizible.com;cdn.bizibly.com;cdn.vidyard.com;cm.everesttech.net;cm.g.doubleclick.net;collect-eu-central-1.tealiumiq.com;datacloud.tealiumiq.com;dpm.demdex.net;eu-api.ipdata.co;googleads.g.doubleclick.net;here.com;images.here.com;js.api.here.com;munchkin.marketo.net;play.vidyard.com;px.ads.linkedin.com;s.ytimg.com;sfirstparty.here.com;tags.tiqcdn.com;track.contently.com;v2.d41.co;visitor-service-eu-central-1.tealiumiq.com;www.google.com;www.googletagmanager.com;www.here.com;www.linkedin.com
10603,mobile-bank.cdn-tinkoff.ru,1,mobile-bank.cdn-tinkoff.ru
10604,dcdiscovery.adobe.io,1,dcdiscovery.adobe.io
10605,h.clarity.ms,1,h.clarity.ms
10606,api.naea1.uds.lenovo.com,1,api.naea1.uds.lenovo.com
10607,guide-acs.m.taobao.com,1,guide-acs.m.taobao.com
10608,doh.cleanbrowsing.org,10,analytics.ahrefs.com;cdn.jsdelivr.net;cdnjs.cloudflare.com;cleanbrowsing.org;doh.cleanbrowsing.org;fonts.googleapis.com;fonts.gstatic.com;plausible.io;www.google-analytics.com;www.googletagmanager.com
10611,u-las.4dex.io,1,u-las.4dex.io
10612,cuento.cpc.dmed.technology,1,cuento.cpc.dmed.technology
10613,trustx.org,13,fonts.googleapis.com;fonts.gstatic.com;id5-sync.com;lb.eu-1-id5-sync.com;lbs.eu-1-id5-sync.com;px.ads.linkedin.com;sigil.symitri.net;snap.licdn.com;static-testing.symitri.net;trustx.org;www.google-analytics.com;www.googletagmanager.com;www.linkedin.com
10616,zopim.com,54,15086586.fls.doubleclick.net;819-rrq-060.mktoresp.com;a.dpmsrv.com;a.usbrowserspeed.com;ad.doubleclick.net;adservice.google.com;analytics.google.com;analytics.twitter.com;api.cr-relay.com;api.segment.io;api.vector.co;app.clearbit.com;b.6sc.co;bat.bing.com;cdn.cookielaw.org;cdn.cr-relay.com;cdn.segment.com;cdn.vector.co;cm.g.doubleclick.net;collector-43043.us.tvsquared.com;connect.facebook.net;d1eipm3vz40hy0.cloudfront.net;d2v83son8kay5v.cloudfront.net;epsilon.6sense.com;geolocation.onetrust.com;ib.adnxs.com;insight.adsrvr.org;ipv6.6sc.co;j.6sc.co;munchkin.marketo.net;o1025743.ingest.sentry.io;pixel.mathtag.com;pixel.rubiconproject.com;px.ads.linkedin.com;rtr.innovid.com;s-static.innovid.com;s.dpmsrv.com;secure.adnxs.com;snap.licdn.com;static.ads-twitter.com;static.hotjar.com;static.zdassets.com;stats.g.doubleclick.net;t.co;tag.clearbitscripts.com;web-assets.zendesk.com;www.google.com;www.googleadservices.com;www.googletagmanager.com;www.linkedin.com;www.zendesk.com;www.zndsk.com;x.clearbitjs.com;zopim.com
10617,stun.cloudflare.com,2,performance.radar.cloudflare.com;stun.cloudflare.com
10618,honeycomb.io,20,analytics.google.com;api.sitelytics.tech;cdn-cookieyes.com;cdn.delivr.ai;cdn.jsdelivr.net;cdn.sanity.io;dev.visualwebsiteoptimizer.com;honeycomb.io;js.hs-banner.com;js.hs-scripts.com;js.hsforms.net;js.qualified.com;js.zi-scripts.com;log.cookieyes.com;pubads.g.doubleclick.net;stats.g.doubleclick.net;tracking-api.g2.com;www.google.com;www.googletagmanager.com;www.honeycomb.io
10619,uid2.hadron.ad.gt,1,uid2.hadron.ad.gt
10623,battle.net,18,10163466.fls.doubleclick.net;account.battle.net;ad.doubleclick.net;ade.googlesyndication.com;adservice.google.com;baseui.akamaized.net;battle.net;blz-contentstack-assets.akamaized.net;blz-contentstack-images.akamaized.net;bnetstorefront.akamaized.net;cdn.cookielaw.org;geo.battle.net;navbar.blizzard.com;oauth.battle.net;us.shop.battle.net;www.google-analytics.com;www.google.com;www.googletagmanager.com
10624,support.ricoh.com,1,support.ricoh.com
10625,core.iprom.net,1,core.iprom.net
10626,store.fastly.steamstatic.com,1,store.fastly.steamstatic.com
10627,code.visualstudio.com,4,browser.events.data.microsoft.com;code.visualstudio.com;consentdeliveryfd.azurefd.net;js.monitor.azure.com
10628,maxineapi.razersynapse.com,1,maxineapi.razersynapse.com
10629,wshareit.com,14,analytics.google.com;ep1.adtrafficquality.google;ep2.adtrafficquality.google;googleads.g.doubleclick.net;hm.baidu.com;pagead2.googlesyndication.com;receiver-metis.infeng.site;stats.g.doubleclick.net;web.wshareit.com;wshareit.com;www.google.com;www.googletagmanager.com;www.ushareit.com;www.wshareit.com
10630,chimpstatic.com,1,chimpstatic.com
10631,glip.com,39,075-dtb-715.mktoresp.com;a.dpmsrv.com;adobedc.demdex.net;alb.reddit.com;api-ingest.pocustrack.com;api-tml.ringcentral.com;arttrk.com;cdn.cookielaw.org;cdn.fonts.net;cdn.jsdelivr.net;cm.g.doubleclick.net;connect.facebook.net;dev.visualwebsiteoptimizer.com;dpm.demdex.net;geolocation.onetrust.com;glip.com;googleads.g.doubleclick.net;ib.adnxs.com;insight.adsrvr.org;js.qualified.com;munchkin.marketo.net;pixel-config.reddit.com;pixel.mathtag.com;pixel.rubiconproject.com;pnapi.invoca.net;px.ads.linkedin.com;s.dpmsrv.com;secure.adnxs.com;snap.licdn.com;solutions.invocacdn.com;som.ringcentral.com;tags.srv.stackadapt.com;trk.techtarget.com;trkn.us;www.google.com;www.googletagmanager.com;www.linkedin.com;www.redditstatic.com;www.ringcentral.com
10632,gov.aniview.com,0,
10634,gamedot.afafb.com,1,gamedot.afafb.com
10635,msp-platform.newsbreak.com,1,msp-platform.newsbreak.com
10636,assa.ouraring.com,1,assa.ouraring.com
10638,sg1.clevertap-prod.com,1,sg1.clevertap-prod.com
10643,web.hb.ad.cpe.dotomi.com,1,web.hb.ad.cpe.dotomi.com
10644,orfw.adsafeprotected.com,1,orfw.adsafeprotected.com
10645,updates.dem.prismaaccess.com,1,updates.dem.prismaaccess.com
10646,wa.appsflyer.com,1,wa.appsflyer.com
10647,service.force.com,3,c.salesforce.com;login.salesforce.com;service.force.com
10648,cdn-scripts.signifyd.com,1,cdn-scripts.signifyd.com
10650,www.dropboxstatic.com,1,www.dropboxstatic.com
10651,s.skimresources.com,2,s.skimresources.com;ssl.google-analytics.com
10652,wus-azsc-config.officeapps.live.com,1,wus-azsc-config.officeapps.live.com
10653,marketingplatform.google.com,8,ajax.googleapis.com;fonts.googleapis.com;fonts.gstatic.com;googleads.g.doubleclick.net;lh3.googleusercontent.com;www.google.com;www.googletagmanager.com;www.gstatic.com
10655,prod-video-cms-amp-microsoft-com.akamaized.net,1,prod-video-cms-amp-microsoft-com.akamaized.net
10656,beacon.riskified.com,1,beacon.riskified.com
10658,qualys.eu,8,cdn2.qualys.com;consent.cookiebot.com;consentcdn.cookiebot.com;ik.imagekit.io;qualys.eu;static.cloudflareinsights.com;www.googletagmanager.com;www.qualys.com
10659,youtu.be,8,fonts.googleapis.com;fonts.gstatic.com;googleads.g.doubleclick.net;i.ytimg.com;static.doubleclick.net;www.google.com;www.gstatic.com;youtube.com
10661,gslb.xiaohongshu.com,1,gslb.xiaohongshu.com
10663,home-dual.hulu.com,36,3797690.fls.doubleclick.net;ad.doubleclick.net;adservice.google.com;analytics-ipv6.tiktokw.us;analytics.tiktok.com;apps.rokt.com;assetshuluimcom-a.akamaihd.net;b.videoamp.com;cdn.cookielaw.org;cm.g.doubleclick.net;cnbl-cdn.bamgrid.com;collector-1564.tvsquared.com;connect.facebook.net;d.impactradius-event.com;disney.my.sentry.io;geolocation.onetrust.com;home-dual.hulu.com;img1.hulu.com;img2.hulu.com;img4.hulu.com;insight.adsrvr.org;js.adsrvr.org;metcon.hulu.com;s.yimg.com;sanalytics.disneyplus.com;sc-static.net;sp.analytics.yahoo.com;tag.rmp.rakuten.com;tags.tiqcdn.com;tr.snapchat.com;uconnect.tealiumiq.com;vortex.hulu.com;www.facebook.com;www.google.com;www.googletagmanager.com;www.hulu.com
10664,arlo.com,2,arlo.com;challenges.cloudflare.com
10665,a2u21srk4qgse1.us-east-1.prod.service.minerva.devices.a2z.com,1,a2u21srk4qgse1.us-east-1.prod.service.minerva.devices.a2z.com
10666,api-spotlight-ause2c.smoot.apple.com,1,api-spotlight-ause2c.smoot.apple.com
10668,basis.net,65,6399057.fls.doubleclick.net;ad.doubleclick.net;adservice.google.com;analytics.google.com;api.intentiq.com;app.factori.ai;app.lifesight.io;arclight.vimeo.com;assets.trendemon.com;basis.com;basis.net;bh.contextweb.com;c.bing.com;c.clarity.ms;cdn-4.convertexperiments.com;cdn.cookielaw.org;cdn01.basis.net;ce.lijit.com;cm.g.doubleclick.net;connect.facebook.net;d.agkn.com;download-video-ak.vimeocdn.com;dpm.demdex.net;dsum-sec.casalemedia.com;eb2.3lift.com;f.vimeocdn.com;fei.pro-market.net;fonts.googleapis.com;fonts.gstatic.com;geolocation.onetrust.com;googleads.g.doubleclick.net;gtm.basis.com;hello.basis.com;ib.adnxs.com;idsync.rlcdn.com;image2.pubmatic.com;ipv6.6sc.co;j.6sc.co;load77.exelator.com;loadm.exelator.com;pi.pardot.com;pixel-sync.sitescout.com;pixel.sitescout.com;pixel.tapad.com;player.vimeo.com;px.ads.linkedin.com;rtb-csync.smartadserver.com;s.clarity.ms;scripts.clarity.ms;static.hotjar.com;stats.g.doubleclick.net;sync.crwdcntrl.net;tracking-api.g2.com;tracking.g2crowd.com;trackingapi.trendemon.com;unpkg.com;up.pixel.ad;us-u.openx.net;use.fontawesome.com;vimeo.com;www.clarity.ms;www.google.com;www.googleadservices.com;www.googletagmanager.com;www.linkedin.com
10670,panorama.wixapps.net,2,panorama.wixapps.net;static.parastorage.com
10671,asia-abeacdataort-stsdk.vivoglobal.com,1,asia-abeacdataort-stsdk.vivoglobal.com
10672,search-prod.creativecloud.adobe.com,1,search-prod.creativecloud.adobe.com
10673,pptsgs.officeapps.live.com,17,admin.microsoft.com;browser.events.data.microsoft.com;c.s-microsoft.com;config.edge.skype.com;js.monitor.azure.com;login.live.com;login.microsoftonline.com;logincdn.msauth.net;mem.gfx.ms;pptsgs.officeapps.live.com;res.cdn.office.net;s.clarity.ms;scripts.clarity.ms;uhf.microsoft.com;www.clarity.ms;www.microsoft.com;www.office.com
10675,api.tappx.com,1,api.tappx.com
10676,ovp.peacocktv.com,1,ovp.peacocktv.com
10678,sdk-02.moengage.com,1,sdk-02.moengage.com
10680,k8s1-event-tracker-sj.lb.indexww.com,1,k8s1-event-tracker-sj.lb.indexww.com
10681,sf77-ies-music-sg.tiktokcdn.com,1,sf77-ies-music-sg.tiktokcdn.com
10682,public-api.uxfeedback.ru,1,public-api.uxfeedback.ru
10684,vudu.com,17,ak.sail-horizon.com;api.vudu.com;apicache.vudu.com;assets.adobedtm.com;athome.fandango.com;cdn.cookielaw.org;cm.everesttech.net;dpm.demdex.net;geolocation.onetrust.com;sb.scorecardresearch.com;siteintercept.qualtrics.com;vudu.com;vudu.demdex.net;vudu.tt.omtrdc.net;vuduwebprod.112.2o7.net;www.vudu.com;zn2mf8aculsihnrgc-fandango.siteintercept.qualtrics.com
10685,i2.ytimg.com,0,
10686,merchantpool1.linkedin.com,1,merchantpool1.linkedin.com
10687,scus-azsc-config.officeapps.live.com,1,scus-azsc-config.officeapps.live.com
10688,api.silica-prod01.io.lens.poly.com,3,api.silica-prod01.io.lens.poly.com;fonts.googleapis.com;fonts.gstatic.com
10689,ios-db.lsfilter.com,1,ios-db.lsfilter.com
10690,imagedelivery.net,1,imagedelivery.net
10691,p.cquotient.com,1,p.cquotient.com
10692,skyoverride-euw1.webrootcloudav.com,1,skyoverride-euw1.webrootcloudav.com
10693,collections.md.mp.microsoft.com,1,collections.md.mp.microsoft.com
10699,dl-edge.smartscreen.microsoft.com,1,dl-edge.smartscreen.microsoft.com
10700,api-spotlight-ause1a.smoot.apple.com,1,api-spotlight-ause1a.smoot.apple.com
10701,onedriveclubprodbn20055.blob.core.windows.net,1,onedriveclubprodbn20055.blob.core.windows.net
10702,cdn.celtra.com,2,cache-ssl.celtra.com;cdn.celtra.com
10704,cdn.tinypass.com,1,cdn.tinypass.com
10705,storage.mds.yandex.net,1,storage.mds.yandex.net
10710,glance.com,24,analytics.google.com;api.hubapi.com;app.factors.ai;connect.facebook.net;flagcdn.com;fonts.googleapis.com;fonts.gstatic.com;glance-web.glance-cdn.com;glance.com;glanceweb-staging.s3.ap-southeast-1.amazonaws.com;js.hs-analytics.net;js.hs-banner.com;js.hs-scripts.com;js.hsadspixel.net;js.hubspot.com;perf-na1.hsforms.com;px.ads.linkedin.com;snap.licdn.com;stats.g.doubleclick.net;track.hubspot.com;web.glance-cdn.com;www.google.com;www.googletagmanager.com;www.linkedin.com
10711,onedriveclubproddm20020.blob.core.windows.net,1,onedriveclubproddm20020.blob.core.windows.net
10713,snu.lge.com,1,snu.lge.com
10715,aqfer.lijit.com,1,aqfer.lijit.com
10716,sts.us-east-1.amazonaws.com,27,a.b.cdn.console.awsstatic.com;a0.awsstatic.com;amazonwebservices.d2.sc.omtrdc.net;amazonwebservicesinc.tt.omtrdc.net;aws.amazon.com;aws.demdex.net;cm.everesttech.net;cx0.m.awsstatic.com;d0.m.awsstatic.com;d1.awsstatic.com;d2c.aws.amazon.com;dpm.demdex.net;edge.adobedc.net;fonts.gstatic.com;i.ytimg.com;infra-api.us-east-1.prod.mrc-sunrise.marketing.aws.dev;loader.us-east-1.prod.mrc-sunrise.marketing.aws.dev;prod.log.shortbread.aws.dev;prod.pa.cdn.uis.awsstatic.com;sts.us-east-1.amazonaws.com;t0.m.awsstatic.com;vs.aws.amazon.com;www.google.com;www.gstatic.com;www.youtube-nocookie.com;www.youtube.com;yt3.ggpht.com
10717,edge.curalate.com,1,edge.curalate.com
10719,www.figma.com,7,cdn.sanity.io;f.vimeocdn.com;featureassets.org;i.vimeocdn.com;player.vimeo.com;vimeo.com;www.figma.com
10720,www.hpdaas.com,6,cdn.pendo.io;metrics.hotjar.io;microui.hpdaas.com;static.hotjar.com;www.hp.com;www.hpdaas.com
10721,aws.amazon.com,19,a.b.cdn.console.awsstatic.com;a0.awsstatic.com;amazonwebservices.d2.sc.omtrdc.net;aws.amazon.com;aws.demdex.net;cm.everesttech.net;cx0.m.awsstatic.com;d0.m.awsstatic.com;d1.awsstatic.com;d2c.aws.amazon.com;dpm.demdex.net;edge.adobedc.net;infra-api.us-east-1.prod.mrc-sunrise.marketing.aws.dev;loader.us-east-1.prod.mrc-sunrise.marketing.aws.dev;prod.log.shortbread.aws.dev;prod.pa.cdn.uis.awsstatic.com;t0.m.awsstatic.com;vs.aws.amazon.com;www.youtube.com
10722,p16-webcast-row-useast5.tiktokcdn-us.com,1,p16-webcast-row-useast5.tiktokcdn-us.com
10726,commvod.kwcdn.com,1,commvod.kwcdn.com
10727,update.code.visualstudio.com,1,update.code.visualstudio.com
10730,p19-lemon8-sign-useast5.tiktokcdn-us.com,1,p19-lemon8-sign-useast5.tiktokcdn-us.com
10732,globalsign.net,21,api-cdn.euw2.pure.cloud;apps.euw2.pure.cloud;bam.eu01.nr-data.net;cache.img.gmo.jp;cdn.jsdelivr.net;consent.cookiebot.com;consentcdn.cookiebot.com;fonts.googleapis.com;fonts.gstatic.com;globalsign.com;globalsign.containers.piwik.pro;globalsign.net;globalsign.piwik.pro;js-agent.newrelic.com;s.clarity.ms;scripts.clarity.ms;seal.atlas.globalsign.com;static.cloudflareinsights.com;www.clarity.ms;www.globalsign.com;www.googletagmanager.com
10733,cf-timedtext.aux.pv-cdn.net,1,cf-timedtext.aux.pv-cdn.net
10735,eventstreamappgw-alb.us-east-1.prod.v2.gws.ring.amazon.dev,1,eventstreamappgw-alb.us-east-1.prod.v2.gws.ring.amazon.dev
10736,gw-lh.riskified.com,1,gw-lh.riskified.com
10739,static.wikia.nocookie.net,1,static.wikia.nocookie.net
10740,bats.video.yahoo.com,1,bats.video.yahoo.com
10741,express.adobe.com,14,adobeid-na1.services.adobe.com;app.link;assets.adobedtm.com;auth.services.adobe.com;d1hmet3ucsy3j0.cloudfront.net;dcs.adobedc.net;express.adobe.com;geo2.adobe.com;idg.adobe.com;ims-na1.adobelogin.com;p.typekit.net;server.messaging.adobe.com;sstats.adobe.com;use.typekit.net
10742,api.receptivity.io,1,api.receptivity.io
10744,vcs16-normal-no1a.tiktokv.eu,1,vcs16-normal-no1a.tiktokv.eu
10745,android.prod.dradis.netflix.com,1,android.prod.dradis.netflix.com
10748,usablenet.com,44,a11ystatus.usablenet.com;ajax.googleapis.com;analytics.google.com;aorta.clickagy.com;assets.apollo.io;bat.bing.com;c.6sc.co;cdn.calltrk.com;cdn.loopanalytics.com;cm.g.doubleclick.net;connect.facebook.net;d10lpsik1i8c69.cloudfront.net;fonts.googleapis.com;fonts.gstatic.com;ib.adnxs.com;insight.adsrvr.org;ipv6.6sc.co;j.6sc.co;js.adsrvr.org;js.hs-analytics.net;js.hs-banner.com;js.hs-scripts.com;js.hsadspixel.net;js.hubspot.com;js.usemessages.com;js.zi-scripts.com;perf-na1.hsforms.com;pixel.rubiconproject.com;px.ads.linkedin.com;scout-cdn.salesloft.com;scout.salesloft.com;settings.luckyorange.net;snap.licdn.com;stats.g.doubleclick.net;tags.clickagy.com;track.hubspot.com;unsitesdyd99ehck.devcloud.acquia-sites.com;us-u.openx.net;usablenet.com;ws.zoominfo.com;www.google.com;www.googletagmanager.com;www.linkedin.com;www.loopanalytics.com
10749,jpush.cn,20,analytics.google.com;bj-api.srv.jpush.cn;captcha-stat.engagelab.com;hm.baidu.com;img.jiguang.cn;jpush.cn;metrics.hotjar.io;o.alicdn.com;px.ads.linkedin.com;res.gptbots.ai;snap.licdn.com;sp0.baidu.com;static.hotjar.com;stats.g.doubleclick.net;web-stat.jpush.cn;www.google-analytics.com;www.google.com;www.googletagmanager.com;www.gptbots.ai;zz.bdstatic.com
10750,pull-f5-va01.fcdn.eu.tiktokcdn.com,1,pull-f5-va01.fcdn.eu.tiktokcdn.com
10752,buzzoola.com,9,analytics.google.com;api.buzzoola.com;buzzoola.com;fonts.googleapis.com;fonts.gstatic.com;mc.yandex.ru;stats.g.doubleclick.net;www.google-analytics.com;www.googletagmanager.com
10754,inventory.roblox.com,1,inventory.roblox.com
10755,onedriveclubproddm20050.blob.core.windows.net,1,onedriveclubproddm20050.blob.core.windows.net
10756,u.expo.dev,1,u.expo.dev
10760,lf16-tiktok-web.tiktokcdn-us.com,1,lf16-tiktok-web.tiktokcdn-us.com
10761,us.statusapi.micloud.xiaomi.net,1,us.statusapi.micloud.xiaomi.net
10764,shopee.ph,12,9554009.fls.doubleclick.net;ad.doubleclick.net;adservice.google.com;analytics.google.com;connect.facebook.net;content.garena.com;deo.shopeemobile.com;down-ph.img.susercontent.com;shopee.ph;stats.g.doubleclick.net;www.google.com;www.googletagmanager.com
10765,fotoscapes.com,37,14367aa81e34a02ef1def0a0e8d3be12.safeframe.googlesyndication.com;ads.servenobid.com;analytics.google.com;api.id5-sync.com;bcp.crwdcntrl.net;btlr.sharethrough.com;cdn.id5-sync.com;cm.g.doubleclick.net;ep1.adtrafficquality.google;ep2.adtrafficquality.google;esp.rtbhouse.com;fotoscapes.com;fundingchoicesmessages.google.com;grid-bidder.criteo.com;gum.criteo.com;hbopenbid.pubmatic.com;htlb.casalemedia.com;ib.adnxs.com;id5-sync.com;image6.pubmatic.com;invstatic101.creativecdn.com;lb.eu-1-id5-sync.com;lbs.eu-1-id5-sync.com;match.adsrvr.org;media.fotoscapes.com;oa.openxcdn.net;pagead2.googlesyndication.com;securepubads.g.doubleclick.net;static.criteo.net;stats.g.doubleclick.net;storage.googleapis.com;tagan.adlightning.com;tags.crwdcntrl.net;widgets.outbrain.com;www.google-analytics.com;www.google.com;www.googletagmanager.com
10768,d.clarity.ms,1,d.clarity.ms
10769,acs-m.lazada.sg,1,acs-m.lazada.sg
10770,memfault.com,1,memfault.com
10775,cont-1.p-cdn.us,1,cont-1.p-cdn.us
10776,api16-core-c-useast1a.tiktokv.com,1,api16-core-c-useast1a.tiktokv.com
10777,out053a3bejgh7t0phqa0csou.litix.io,1,out053a3bejgh7t0phqa0csou.litix.io
10778,chat.xboxlive.com,1,chat.xboxlive.com
10779,versioncheck-bg.addons.mozilla.org,1,versioncheck-bg.addons.mozilla.org
10781,ota.nvidia.com,1,ota.nvidia.com
10782,pull-flv-f58-tt04.tiktokcdn.com,1,pull-flv-f58-tt04.tiktokcdn.com
10785,app.hubspot.com,6,app.hubspot.com;fonts.googleapis.com;js.hs-banner.com;static.hsappstatic.net;wtcfns.hubspot.com;www.hubspot.com
10786,commerce16-normal-us-ttp.capcutapi.us,1,commerce16-normal-us-ttp.capcutapi.us
10787,google.com.hk,3,ogads-pa.clients6.google.com;play.google.com;www.gstatic.com
10788,atsod.launch.liveramp.com,1,atsod.launch.liveramp.com
10789,sf16-muse-va.tiktokcdn-us.com,1,sf16-muse-va.tiktokcdn-us.com
10791,craigslist.org,4,craigslist.org;geo.craigslist.org;norfolk.craigslist.org;www.craigslist.org
10792,entitlement.auth.adobe.com,1,entitlement.auth.adobe.com
10795,time4.google.com,3,ogads-pa.clients6.google.com;play.google.com;www.gstatic.com
10798,k-aus1.contentsquare.net,1,k-aus1.contentsquare.net
10799,c.s-microsoft.com,35,browser.events.data.microsoft.com;c.az.clicktale.net;c.bing.com;c.clarity.ms;c.s-microsoft.com;cdn-dynmedia-1.microsoft.com;cdnssl.clicktale.net;cm.everesttech.net;cm.g.doubleclick.net;dpm.demdex.net;googleads.g.doubleclick.net;ib.adnxs.com;idsync.rlcdn.com;js.monitor.azure.com;login.live.com;login.microsoftonline.com;mem.gfx.ms;mscom.demdex.net;msftenterprise.sc.omtrdc.net;pixel.everesttech.net;px.ads.linkedin.com;rtd-tm.everesttech.net;rtd.tubemogul.com;rum.hlx.page;s.clarity.ms;scripts.clarity.ms;static.hj.contentsquare.net;target.microsoft.com;uhf.microsoft.com;wcpstatic.microsoft.com;www.clarity.ms;www.google.com;www.googletagmanager.com;www.linkedin.com;www.microsoft.com
10800,apnews.com,289,266af4efdc8dfd8d785ab9a2bdbbbdba.safeframe.googlesyndication.com;507b28fb-2ef1-4c34-8bda-ba32030bb199.edge.permutive.app;507b28fb-2ef1-4c34-8bda-ba32030bb199.prmutv.co;a.ad.gt;a.pub.network;a.sportradarserving.com;a.tribalfusion.com;a40.usablenet.com;aa.agkn.com;aax-eu.amazon-adsystem.com;aax.amazon-adsystem.com;ab.dns-finder.com;acdn.adnxs.com;ad-delivery.net;ad.360yield.com;ad.doubleclick.net;ad.turn.com;ads.betweendigital.com;ads.creative-serving.com;ads.pubmatic.com;ads.yieldmo.com;ak.sail-horizon.com;analytics.google.com;aorta.clickagy.com;ap.blueconic.net;ap.lijit.com;apcdp.apnews.com;api.btloader.com;api.id5-sync.com;api.permutive.com;api.riverdrop.com;api.rlcdn.com;api.viafoura.co;api.w.inmobi.com;apnews.com;assets.apnews.com;assets.zephr.com;ats-wrapper.privacymanager.io;b1sync.outbrain.com;b1sync.zemanta.com;bcp.crwdcntrl.net;beachfront-match.dotomi.com;beacon.lynx.cognitivlabs.com;bh.contextweb.com;bidserver.pacvue.com;btloader.com;btlr.sharethrough.com;c.amazon-adsystem.com;c.pub.network;c1.adform.net;c2shb.pubgw.yahoo.com;cdn-ima.33across.com;cdn.cookielaw.org;cdn.hadronid.net;cdn.id5-sync.com;cdn.onesignal.com;cdn.parsely.com;cdn.permutive.com;cdn.undertone.com;cdn.viafoura.net;ce.lijit.com;ced-ns.sascdn.com;check.analytics.rlcdn.com;client.riverdrop.com;cm-mx.advolve.io;cm.adform.net;cm.adgrx.com;cm.g.doubleclick.net;cm.mgid.com;cms.quantserve.com;config.aps.amazon-adsystem.com;connect.facebook.net;contextual.media.net;core.iprom.net;count.schwab.com;cpm.vistarsagency.com;creativecdn.com;cs-tam.minutemedia-prebid.com;cs-tam.yellowblue.io;cs.admanmedia.com;cs.iqzone.com;cs.krushmedia.com;cs.loudecho.ai;cs.media.net;cs.playdigo.com;csync.loopme.me;csync.smartadserver.com;csync.smilewanted.com;d.adroll.com;d.pub.network;d.turn.com;d5p.de17a.com;direct.adsrvr.org;dis.criteo.com;dmp.brand-display.com;dpm.demdex.net;dsp-2.presage.io;dsp-cookie.adfarm1.adition.com;dsp.360yield.com;dsp.adkernel.com;dt.adsafeprotected.com;e1.emxdgt.com;eb2.3lift.com;ep1.adtrafficquality.google;ep2.adtrafficquality.google;eus.rubiconproject.com;evt.undertone.com;ex.ingage.tech;experiments.parsely.com;fastlane.rubiconproject.com;fid.agkn.com;fonts.googleapis.com;fonts.gstatic.com;freestar.solutions.cdn.optable.co;geolocation.onetrust.com;gocm.c.appier.net;grid-bidder.criteo.com;gum.criteo.com;gw-iad-bid.ymmobi.com;hb.trustedstack.com;hb.undertone.com;hb.yellowblue.io;hbopenbid.pubmatic.com;htlb.casalemedia.com;html-load.cc;i.liadm.com;i.viafoura.co;i.w55c.net;ib.adnxs.com;id.hadron.ad.gt;id.rlcdn.com;id5-sync.com;idpix.media6degrees.com;ids.ad.gt;ids4.ad.gt;idx.liadm.com;image2.pubmatic.com;image4.pubmatic.com;image6.pubmatic.com;image8.pubmatic.com;inmobi-match.dotomi.com;ipac.ctnsnet.com;ittpx-us-e.eskimi.com;ittpx.eskimi.com;jadserve.postrelease.com;js-sec.indexww.com;kidpowers.com;launchpad-wrapper.privacymanager.io;launchpad.privacymanager.io;lb.eu-1-id5-sync.com;lbs.eu-1-id5-sync.com;lexicon.33across.com;live.primis.tech;livecomments.viafoura.co;match.adsby.bidtheatre.com;match.adsrvr.org;match.deepintent.com;match.marketiq.com;match.prod.bidr.io;match.sharethrough.com;measureadv.com;metrics.rapidedge.io;ms-cookie-sync.presage.io;na.edge.optable.co;notifications.viafoura.co;ogury-match.dotomi.com;onesignal.com;onetag-sys.com;openx2-match.dotomi.com;optimise.net;oxp.mxptint.net;p.ad.gt;p.rfihub.com;p.typekit.net;p1.parsely.com;pa.openx.net;pagead2.googlesyndication.com;pb-ing.ccgateway.net;pippio.com;pixel-eu.rubiconproject.com;pixel-us-east.rubiconproject.com;pixel.onaudience.com;pixel.rubiconproject.com;pixel.tapad.com;pixels.ad.gt;pmp.mxptint.net;prebid-match.dotomi.com;prebid-server-aws.dianomi.com;prebid-server.rubiconproject.com;prebid.a-mo.net;prebid.media.net;prebid.wurflcloud.com;ps.eyeota.net;pubmatic-match.dotomi.com;pulsepoint-match.dotomi.com;px.ads.linkedin.com;r.bidswitch.net;router.infolinks.com;rp.liadm.com;rtb-csync.smartadserver.com;rtb.adentifi.com;rtb.adstanding.com;rtb.gumgum.com;rtb.mfadsrvr.com;rtb.openx.net;s.ad.smaato.net;s.amazon-adsystem.com;s.c.appier.net;s.company-target.com;s.ntv.io;s.seedtag.com;s0.2mdn.net;s2s.t13.io;sb.scorecardresearch.com;scripts.mf.webcontentassessor.com;secure-assets.rubiconproject.com;secure.cdn.fastclick.net;securepubads.g.doubleclick.net;seg.ad.gt;server.prebid.dianomi.com;sli.apnews.com;sonata-notifications.taptapnetworks.com;ssbsync.smartadserver.com;ssc-cms.33across.com;ssp-sync.criteo.com;ssp.disqus.com;static.cloudflareinsights.com;stats.g.doubleclick.net;stats.prebid.wurflcloud.com;storage.googleapis.com;sync-amz.ads.yieldmo.com;sync-tm.everesttech.net;sync.1rx.io;sync.a-mo.net;sync.adkernel.com;sync.bfmio.com;sync.colossusssp.com;sync.cootlogix.com;sync.driftpixel.live;sync.e-volution.ai;sync.go.sonobi.com;sync.inmobi.com;sync.intentiq.com;sync.ipredictive.com;sync.mathtag.com;sync.p7cloud.net;sync.pinklion.io;sync.pmbmonetize.live;sync.resetdigital.co;sync.richaudience.com;sync.srv.stackadapt.com;sync.taboola.com;syncingbridge.com;t.adx.opera.com;t.oa.opera.com;tag.wknd.ai;tags.crwdcntrl.net;target.digitalaudience.io;thrtle.com;tlx.3lift.com;token.rubiconproject.com;tr.blismedia.com;trace.mediago.io;trace.us.rtbwise.com;tracker-shr.ortb.net;tracookiepixel.xyz;tru.am;tyrion.viafoura.co;u.openx.net;uipglob.semasio.net;um.simpli.fi;um4.eqads.com;ums.acuityplatform.com;ups.analytics.yahoo.com;us.ck-ie.com;use.typekit.net;user-sync.fwmrm.net;usr.undertone.com;uss.xplosion.de;ut.pubmatic.com;visitor-minutemediavideo.omnitagjs.com;wt.rqtrk.eu;www.dianomi.com;www.google.com;www.googletagmanager.com;www.googletagservices.com;www.gstatic.com;www.temu.com;x.bidswitch.net
10802,onedriveclubproddm20052.blob.core.windows.net,1,onedriveclubproddm20052.blob.core.windows.net
10803,aijscdn2-bwfdfxezdubebtb0.z01.azurefd.net,1,aijscdn2-bwfdfxezdubebtb0.z01.azurefd.net
10804,gdms.cloud,2,account.gdms.cloud;gdms.cloud
10806,event-ingestor.judy.pnap.aditude.cloud,1,event-ingestor.judy.pnap.aditude.cloud
10812,aliycdn.flv.wxqcloud.qq.com,1,aliycdn.flv.wxqcloud.qq.com
10813,plyr.io,4,api.github.com;cdn.jsdelivr.net;cdn.plyr.io;plyr.io
10814,cdn.plyr.io,1,cdn.plyr.io
10815,pull-flv-f11-va01.tiktokcdn.com,1,pull-flv-f11-va01.tiktokcdn.com
10818,pbs-cs.openwebmp.com,1,pbs-cs.openwebmp.com
10821,archive.ubuntu.com,1,archive.ubuntu.com
10822,static-basket-09.wbbasket.ru,1,static-basket-09.wbbasket.ru
10824,normandy.tombstone.experimenter.prod.webservices.mozgcp.net,1,normandy.tombstone.experimenter.prod.webservices.mozgcp.net
10826,southcentralus1-2.pushnp.svc.ms,1,southcentralus1-2.pushnp.svc.ms
10827,nova.collect.igodigital.com,1,nova.collect.igodigital.com
10830,onedriveclubprodbn20047.blob.core.windows.net,1,onedriveclubprodbn20047.blob.core.windows.net
10831,b.px-cdn.net,1,b.px-cdn.net
10836,wistia.com,17,app.wistia.com;bat.bing.com;d1wkvjvkgmsn1g.cloudfront.net;d2iok8515ir7ba.cloudfront.net;distillery.wistia.com;embed-cloudfront.wistia.com;embed-ssl.wistia.com;fast.wistia.com;fast.wistia.net;images.ctfassets.net;js-na1.hs-scripts.com;js.hubspot.com;pipedream.wistia.com;tag.clearbitscripts.com;wistia.com;www.google-analytics.com;www.googletagmanager.com
10837,video-edge-47127a.sjc05.hls.live-video.net,1,video-edge-47127a.sjc05.hls.live-video.net
10838,ads.smartadserver.com,1,ads.smartadserver.com
10841,commimg.kwcdn.com,1,commimg.kwcdn.com
10842,s.ads.smartadserver.com,1,s.ads.smartadserver.com
10843,onedriveclubproddm20054.blob.core.windows.net,1,onedriveclubproddm20054.blob.core.windows.net
10844,api.smartthings.com,1,api.smartthings.com
10846,dorpat-stable-us-east1.pumpkin.uverse.iponweb.net,1,dorpat-stable-us-east1.pumpkin.uverse.iponweb.net
10847,ninite.com,1,ninite.com
10850,track4.aniview.com,0,
10853,kraken.prod.kargo.com,1,kraken.prod.kargo.com
10854,csycdn.flv.wxqcloud.qq.com,1,csycdn.flv.wxqcloud.qq.com
10855,pull-flv-f1-tt04.tiktokcdn.com,1,pull-flv-f1-tt04.tiktokcdn.com
10856,shealth-api.samsunghealth.com,1,shealth-api.samsunghealth.com
10859,uts-front.line-apps.com,1,uts-front.line-apps.com
10860,api-0f7bbb82-3d8f-4f04-b7e6-3f51c0e4da04.sendbird.com,1,api-0f7bbb82-3d8f-4f04-b7e6-3f51c0e4da04.sendbird.com
10864,api.anonymised.io,1,api.anonymised.io
10865,cm.pubeasy.io,1,cm.pubeasy.io
10866,seller.shopee.sg,4,accounts.shopee.sg;content.garena.com;deo.shopeemobile.com;seller.shopee.sg
10867,onedriveclubproddm20047.blob.core.windows.net,1,onedriveclubproddm20047.blob.core.windows.net
10868,datagrail.io,42,a.usbrowserspeed.com;ajax.googleapis.com;analytics.google.com;analytics.twitter.com;api-na2.hubapi.com;api.consentjs.datagrail.io;api.vector.co;assets.ubembed.com;b0acf70cfb074f76a2243bd35b524db4.js.ubembed.com;bat.bing.com;cdn.equalweb.com;cdn.jsdelivr.net;cdn.matomo.cloud;cdn.vector.co;connect.facebook.net;datagrail.io;datagrail.matomo.cloud;forms-na2.hsforms.com;forms.hsforms.com;googleads.g.doubleclick.net;js-na2.hs-analytics.net;js-na2.hs-banner.com;js-na2.hsadspixel.net;js-na2.hubspot.com;js.hs-scripts.com;js.hsforms.net;js.zi-scripts.com;perf-na2.hsforms.com;px.ads.linkedin.com;rum-collector-2.pingdom.net;rum-static.pingdom.net;snap.licdn.com;static.ads-twitter.com;stats.g.doubleclick.net;t.co;track-na2.hubspot.com;ws.zoominfo.com;www.datagrail.io;www.google.com;www.googleadservices.com;www.googletagmanager.com;www.linkedin.com
10869,ffs-provisioner-config.amazon-dss.com,1,ffs-provisioner-config.amazon-dss.com
10872,onedriveclubprodbn20048.blob.core.windows.net,1,onedriveclubprodbn20048.blob.core.windows.net
10878,onedriveclubproddm20048.blob.core.windows.net,1,onedriveclubproddm20048.blob.core.windows.net
10882,cdn.inst-fs-iad-prod.inscloudgate.net,1,cdn.inst-fs-iad-prod.inscloudgate.net
10884,yahoo-bidout-d.openx.net,1,yahoo-bidout-d.openx.net
10885,static1.squarespace.com,1,static1.squarespace.com
10886,nws.zoom.us,1,nws.zoom.us
10887,pop-vod-dash.main.amazon.pv-cdn.net,1,pop-vod-dash.main.amazon.pv-cdn.net
10888,fa000000012.resources.office.net,1,fa000000012.resources.office.net
10889,onedriveclubproddm20049.blob.core.windows.net,1,onedriveclubproddm20049.blob.core.windows.net
10890,pre-usermatch.targeting.unrulymedia.com,1,pre-usermatch.targeting.unrulymedia.com
10891,onedriveclubprodbn20045.blob.core.windows.net,1,onedriveclubprodbn20045.blob.core.windows.net
10895,aks-prod-westeurope.access-point.cloudmessaging.edge.microsoft.com,1,aks-prod-westeurope.access-point.cloudmessaging.edge.microsoft.com
10897,onedriveclubproddm20030.blob.core.windows.net,1,onedriveclubproddm20030.blob.core.windows.net
10901,eporner.com,2,eporner.com;static-ca-cdn.eporner.com
10902,anycast.ftl.netflix.com,1,anycast.ftl.netflix.com
10905,cdn.taboola-display.com,1,cdn.taboola-display.com
10906,api.consentjs.datagrail.io,1,api.consentjs.datagrail.io
10908,ftvr-na.amazon.com,1,ftvr-na.amazon.com
10909,pull-c5-tt04.tiktokcdn.com,1,pull-c5-tt04.tiktokcdn.com
10910,authbe.sec.intl.miui.com,1,authbe.sec.intl.miui.com
10911,www.google.com.tr,3,ogads-pa.clients6.google.com;play.google.com;www.gstatic.com
10912,aruba.brightcloud.com,1,aruba.brightcloud.com
10913,appconf-ocs-sgp.heytapdl.com,1,appconf-ocs-sgp.heytapdl.com
10915,telemetry.us-ashburn-1.oci.oraclecloud.com,1,telemetry.us-ashburn-1.oci.oraclecloud.com
10916,sdk.fra-02.braze.eu,1,sdk.fra-02.braze.eu
10917,js.braintreegateway.com,1,js.braintreegateway.com
10920,onedriveclubprodbn20046.blob.core.windows.net,1,onedriveclubprodbn20046.blob.core.windows.net
10921,pull-cmaf-f77-tt04.tiktokcdn.com,1,pull-cmaf-f77-tt04.tiktokcdn.com
10922,mb9eo.publishers.tremorhub.com,1,mb9eo.publishers.tremorhub.com
10924,k8s1-event-tracker-la.lb.indexww.com,1,k8s1-event-tracker-la.lb.indexww.com
10926,onedriveclubprodbn20037.blob.core.windows.net,1,onedriveclubprodbn20037.blob.core.windows.net
10927,va-trk.smadex.com,1,va-trk.smadex.com
10928,feature-api.palmplaystore.com,1,feature-api.palmplaystore.com
10929,gue1-dealer-ssl.spotify.com,1,gue1-dealer-ssl.spotify.com
10930,ms-cookie-sync.prod.cloud.ogury.io,1,ms-cookie-sync.prod.cloud.ogury.io
10935,ct.sendgrid.net,1,ct.sendgrid.net
10936,ratt.juno.ea.com,1,ratt.juno.ea.com
10937,packaged-media.redd.it,1,packaged-media.redd.it
10939,i3.ytimg.com,0,
10940,proxy.telemetry.us-ashburn-1.oci.oraclecloud.com,1,proxy.telemetry.us-ashburn-1.oci.oraclecloud.com
10941,hulu.playback.edge.bamgrid.com,1,hulu.playback.edge.bamgrid.com
10943,pull-cmaf-f16-tt04.tiktokcdn.com,1,pull-cmaf-f16-tt04.tiktokcdn.com
10944,management.azure.com,1,management.azure.com
10946,fandango.com,74,13d0117f157efa9e221842cd4350ed64.safeframe.googlesyndication.com;ad.doubleclick.net;ad.turn.com;ak.sail-horizon.com;app.mps.vsnt.net;assets.adobedtm.com;bcp.crwdcntrl.net;cdn.cookielaw.org;cdn.doubleverify.com;cdn.id5-sync.com;cdn.jsdelivr.net;cdn.jwplayer.com;cm.everesttech.net;cm.g.doubleclick.net;cms.quantserve.com;collector-6425.tvsquared.com;connect.facebook.net;d.agkn.com;dmp.v.fwmrm.net;dpm.demdex.net;dt.adsafeprotected.com;dynamic.criteo.com;ep1.adtrafficquality.google;ep2.adtrafficquality.google;esp.rtbhouse.com;fandango.com;fandango.tt.omtrdc.net;fandangollc.demdex.net;fastlane.rubiconproject.com;fw.adsafeprotected.com;geolocation.onetrust.com;google-bidout-d.openx.net;googleads4.g.doubleclick.net;grid-bidder.criteo.com;gum.criteo.com;hbopenbid.pubmatic.com;id5-sync.com;idsync.rlcdn.com;images.fandango.com;images2.vudu.com;invstatic101.creativecdn.com;krk2.kargo.com;lb.eu-1-id5-sync.com;lbs.eu-1-id5-sync.com;load77.exelator.com;loadm.exelator.com;maps.googleapis.com;match.adsrvr.org;micro.rubiconproject.com;oa.openxcdn.net;oajs.openx.net;os.fandango.com;pagead2.googlesyndication.com;pix.pub;pixel.tapad.com;prebid-a.rubiconproject.com;pt.ispot.tv;pub.doubleverify.com;s0.2mdn.net;sb.scorecardresearch.com;securepubads.g.doubleclick.net;sslwidget.criteo.com;static.adsafeprotected.com;static.criteo.net;storage.googleapis.com;tags.crwdcntrl.net;targeting.unrulymedia.com;tlx.3lift.com;tps.doubleverify.com;ups.analytics.yahoo.com;vtrk.dv.tech;www.fandango.com;www.google.com;www.mczbf.com
10948,pull-m1.wxlivecdn.com,1,pull-m1.wxlivecdn.com
10950,cisco.sharepoint.com,5,aadcdn.msftauth.net;aadcdn.msftauthimages.net;cisco.sharepoint.com;login.live.com;login.microsoftonline.com
10951,btlr-us-east-1.sharethrough.com,1,btlr-us-east-1.sharethrough.com
10952,api.groupme.com,10,api.groupme.com;app.framerstatic.com;browser.events.data.microsoft.com;events.framer.com;fonts.gstatic.com;framer.com;framerusercontent.com;groupme.com;js.monitor.azure.com;wcpstatic.microsoft.com
10954,onedriveclubprodbn20044.blob.core.windows.net,1,onedriveclubprodbn20044.blob.core.windows.net
10955,ws.hotjar.com,41,alb.reddit.com;analytics.google.com;analytics.twitter.com;api.segment.io;aplo-evnt.com;assets.apollo.io;ca.contentsquare.net;cdn.cookielaw.org;cdn.jsdelivr.net;cdn.optimizely.com;cdn.segment.com;cdn.us.heap-api.com;connect.facebook.net;et.eulerian.net;eu.api.fpjs.io;fast.appcues.com;fpjscdn.net;geolocation.onetrust.com;googleads.g.doubleclick.net;grsm.io;images.ctfassets.net;invite.contentsquare.com;invite.hotjar.com;js.partnerstack.com;partnerlinks.io;pixel-config.reddit.com;px.ads.linkedin.com;snap.licdn.com;static.ada.support;static.ads-twitter.com;static.hotjar.com;stats.g.doubleclick.net;t.co;t.contentsquare.net;unpkg.com;ws.hotjar.com;www.google.com;www.googletagmanager.com;www.hotjar.com;www.linkedin.com;www.redditstatic.com
10957,purchasely.io,5,js.userpilot.io;purchasely.io;sr-client-cfg.amplitude.com;stackpath.bootstrapcdn.com;widget.intercom.io
10958,turbo.adsbynimbus.com,1,turbo.adsbynimbus.com
10959,api-events.taboola.com,1,api-events.taboola.com
10960,pull-flv-q1-sg01.tiktokcdn.com,1,pull-flv-q1-sg01.tiktokcdn.com
10961,eu1.clevertap-prod.com,1,eu1.clevertap-prod.com
10963,neu.edu.cn,1,neu.edu.cn
10964,aihelp.net,10,aihelp.net;analytics.google.com;cdn.aihelp.net;connect.facebook.net;platform.twitter.com;stats.g.doubleclick.net;syndication.twitter.com;www.facebook.com;www.google-analytics.com;www.googletagmanager.com
10965,api.honeycomb.io,1,api.honeycomb.io
10968,southcentralus1-3.pushnp.svc.ms,1,southcentralus1-3.pushnp.svc.ms
10971,thumb-nss.xhpingcdn.com,1,thumb-nss.xhpingcdn.com
10976,onedriveclubprodbn20053.blob.core.windows.net,1,onedriveclubprodbn20053.blob.core.windows.net
10977,ecx.images-amazon.com,1,ecx.images-amazon.com
10978,ussea3.icloud-content.com,1,ussea3.icloud-content.com
10980,jwplatform.com,27,7052064.fs1.hubspotusercontent-na1.net;api.hubapi.com;app.hubspot.com;assets-jpcust.jwpsrv.com;boards.greenhouse.io;cdn.cookielaw.org;cdn.jwplayer.com;entitlements.jwplayer.com;forms.hsforms.com;geolocation.onetrust.com;js.hs-analytics.net;js.hs-banner.com;js.hsadspixel.net;js.hscollectedforms.net;js.hubspot.com;jwpconnatix.com;jwplatform.com;jwx.com;perf-na1.hsforms.com;prd.jwpltx.com;px.ads.linkedin.com;snap.licdn.com;ssl.p.jwpcdn.com;www.google-analytics.com;www.googletagmanager.com;www.jwplayer.com;www.linkedin.com
10981,service2.us.incognia.com,1,service2.us.incognia.com
10982,mit.edu,4,mit.edu;use.typekit.net;web.mit.edu;www.googletagmanager.com
10986,assets.striiiipst.com,1,assets.striiiipst.com
10987,pull-flv-w10-sg01.tiktokcdn.com,1,pull-flv-w10-sg01.tiktokcdn.com
10989,ngx.download.nvidia.com,1,ngx.download.nvidia.com
10990,geo.aditude.io,1,geo.aditude.io
10991,hscdn.flv.wxqcloud.qq.com,1,hscdn.flv.wxqcloud.qq.com
10992,secureserver.net,12,accdn.lpsnmedia.net;csp.secureserver.net;g.sst.gpl.secureserver.net;img1.wsimg.com;img6.wsimg.com;lpcdn.lpsnmedia.net;lptag.liveperson.net;secureserver.net;va.v.liveperson.net;www.google-analytics.com;www.googletagmanager.com;www.secureserver.net
10994,blogger.com,4,ajax.googleapis.com;blogger.googleusercontent.com;fonts.googleapis.com;fonts.gstatic.com
10996,content.jwplatform.com,27,7052064.fs1.hubspotusercontent-na1.net;api.hubapi.com;app.hubspot.com;assets-jpcust.jwpsrv.com;boards.greenhouse.io;cdn.cookielaw.org;cdn.jwplayer.com;content.jwplatform.com;entitlements.jwplayer.com;forms.hsforms.com;geolocation.onetrust.com;js.hs-analytics.net;js.hs-banner.com;js.hsadspixel.net;js.hscollectedforms.net;js.hubspot.com;jwpconnatix.com;jwplayer.com;jwx.com;perf-na1.hsforms.com;prd.jwpltx.com;px.ads.linkedin.com;snap.licdn.com;ssl.p.jwpcdn.com;www.google-analytics.com;www.googletagmanager.com;www.linkedin.com
10997,google.com.br,3,ogads-pa.clients6.google.com;play.google.com;www.gstatic.com
10998,config-hub.production-public.tubi.io,1,config-hub.production-public.tubi.io
10999,api-d.dropbox.com,3,api-d.dropbox.com;assets.dropbox.com;cfl.dropboxstatic.com
11000,southcentralus1-1.pushnp.svc.ms,1,southcentralus1-1.pushnp.svc.ms
11001,southcentralus1-4.pushnp.svc.ms,1,southcentralus1-4.pushnp.svc.ms
11003,gateway.zscaler.net,2,gateway.zscaler.net;login.zscaler.net
11004,vscode-cdn.z01.azurefd.net,1,vscode-cdn.z01.azurefd.net
11005,malwarebytes.com,31,44.238.122.172;alb.reddit.com;analytics.google.com;api.weglot.com;b.applovin.com;bat.bing.com;cdn.cookielaw.org;cdn.taboola.com;cdn.weglot.com;cm.g.doubleclick.net;connect.facebook.net;dev.visualwebsiteoptimizer.com;dx.mountain.com;fonts.googleapis.com;fonts.gstatic.com;geolocation.onetrust.com;googleads.g.doubleclick.net;malwarebytes.com;pixel-config.reddit.com;pixel.adte.com;plausible.io;re.applovin.com;res4.applovin.com;s.axon.ai;sso.malwarebytes.com;stats.g.doubleclick.net;stats.wp.com;tvspix.com;www.google.com;www.googletagmanager.com;www.redditstatic.com
11008,app-snaps.ring.com,1,app-snaps.ring.com
11010,agentsn.msua08.manage.microsoft.com,1,agentsn.msua08.manage.microsoft.com
11011,bunny.net,6,bunny-reddit.b-cdn.net;bunny.net;fonts.bunny.net;matomo.bunny.net;posthog2.fluffleinfra.net;widget.trustpilot.com
11013,js.hscollectedforms.net,1,js.hscollectedforms.net
11014,analytics16-normal-useast8.tiktokw.us,1,analytics16-normal-useast8.tiktokw.us
11018,agents.amsua0702.manage.microsoft.com,1,agents.amsua0702.manage.microsoft.com
11019,cdn.permutive.app,1,cdn.permutive.app
11022,tag.yieldoptimizer.com,1,tag.yieldoptimizer.com
11028,sync.lunamedia.live,1,sync.lunamedia.live
11029,ssb-use2.smartadserver.com,1,ssb-use2.smartadserver.com
11030,adn.t-mobile.com,22,adn.t-mobile.com;analytics.google.com;api2.branch.io;app.link;assets.adobedtm.com;cdn.branch.io;cdn.cookielaw.org;cdn.moengage.com;cdn.quantummetric.com;geolocation.onetrust.com;googletagmanager.com;ingest.quantummetric.com;ipinfo.io;match.adsrvr.org;pnapi.invoca.net;rum.hlx.page;smetrics.t-mobile.com;solutions.invocacdn.com;stats.g.doubleclick.net;tmobilees.mpeasylink.com;unpkg.com;www.t-mobile.com
11032,pull-flv-q10-sg01.tiktokcdn.com,1,pull-flv-q10-sg01.tiktokcdn.com
11033,s-img.mgid.com,1,s-img.mgid.com
11035,eastus-global.in.applicationinsights.azure.com,1,eastus-global.in.applicationinsights.azure.com
11036,southcentralus1-0.pushnp.svc.ms,1,southcentralus1-0.pushnp.svc.ms
11039,fe-static.xhscdn.com,1,fe-static.xhscdn.com
11040,mastercard.com,2,mastercard.com;www.mastercard.com
11041,files.slack.com,44,12632256.fls.doubleclick.net;a.slack-edge.com;a11179690159.cdn.optimizely.com;ad.doubleclick.net;adservice.google.com;alb.reddit.com;analytics.google.com;api.company-target.com;c.contentsquare.net;campaign.slackhq.com;cdn.cookielaw.org;cdn.schemaapp.com;cdn3.optimizely.com;csxd.contentsquare.net;d34u8crftukxnk.cloudfront.net;dc.ads.linkedin.com;dsum-sec.casalemedia.com;files.slack.com;fonts.gstatic.com;geolocation.onetrust.com;googleads.g.doubleclick.net;id.rlcdn.com;logx.optimizely.com;partners.tremorhub.com;pi.pardot.com;pixel-config.reddit.com;pixel.rubiconproject.com;px.ads.linkedin.com;s.company-target.com;segments.company-target.com;slack.com;snap.licdn.com;stats.g.doubleclick.net;t.contentsquare.net;tag-logger.demandbase.com;tag.demandbase.com;trk.techtarget.com;www.google.com;www.googletagmanager.com;www.linkedin.com;www.mczbf.com;www.redditstatic.com;www.youtube-nocookie.com;www.youtube.com
11042,perplexity.ai,3,challenges.cloudflare.com;perplexity.ai;static.cloudflareinsights.com
11043,config.svc.cloud.microsoft,1,config.svc.cloud.microsoft
11046,rixengine.com,1,rixengine.com
11048,southcentralus1-6.pushnp.svc.ms,1,southcentralus1-6.pushnp.svc.ms
11053,lunalabs.io,3,luna.is.com;lunalabs.io;unity.com
11054,pull-flv-f58-sg01.tiktokcdn.com,1,pull-flv-f58-sg01.tiktokcdn.com
11055,aks-prod-southeastasia.access-point.cloudmessaging.edge.microsoft.com,1,aks-prod-southeastasia.access-point.cloudmessaging.edge.microsoft.com
11057,sift.com,30,526-pcc-974.mktoresp.com;a.usbrowserspeed.com;analytics.google.com;b.6sc.co;cdn.cookielaw.org;cdn.jsdelivr.net;cdn.propensity.com;cdnjs.cloudflare.com;epsilon.6sense.com;geolocation.onetrust.com;googleads.g.doubleclick.net;ipv6.6sc.co;j.6sc.co;js.qualified.com;js.zi-scripts.com;munchkin.marketo.net;pagead2.googlesyndication.com;pages.sift.com;platform.linkedin.com;px.ads.linkedin.com;sift.com;snap.licdn.com;static.licdn.com;stats.g.doubleclick.net;tracking-api.g2.com;ws.zoominfo.com;www.google-analytics.com;www.google.com;www.googletagmanager.com;www.linkedin.com
11058,prod.y-medialink.com,1,prod.y-medialink.com
11060,omappapi.com,6,a.optinmonster.com;omappapi.com;p.typekit.net;use.typekit.net;www.google-analytics.com;www.googletagmanager.com
11061,rtbwise.com,2,cdnjs.cloudflare.com;rtbwise.com
11062,forms.hscollectedforms.net,1,forms.hscollectedforms.net
11064,mpc-prod-17-s6uit34pua-wl.a.run.app,0,
11065,tag.targeting.unrulymedia.com,1,tag.targeting.unrulymedia.com
11066,mr.fullstory.com,23,002-ldf-436.mktoresp.com;api.ipify.org;api.thatsnoble.com;ariane.abtasty.com;buyers.thatsnoble.com;cmp.osano.com;dcinfos-cache.abtasty.com;edge.staging.fullstory.com;endpoints.test-the-things.com;fonts.gstatic.com;go2.fullstory.com;googleads.g.doubleclick.net;i.ytimg.com;images.ctfassets.net;mr.fullstory.com;munchkin.marketo.net;rs.fullstory.com;rs.staging.fullstory.com;static.doubleclick.net;try.abtasty.com;www.fullstory.com;www.google.com;www.youtube.com
11067,southcentralus1-7.pushnp.svc.ms,1,southcentralus1-7.pushnp.svc.ms
11070,sliide.com,5,s3.sliide.com;sliide.com;static.srcspot.com;www.google-analytics.com;www.googletagmanager.com
11071,tnc16-normal-useastred.tiktokv.eu,1,tnc16-normal-useastred.tiktokv.eu
11076,assets.sliide.com,1,assets.sliide.com
11077,tk.mosspf.net,1,tk.mosspf.net
11078,search19-normal-c-useast1a.tiktokv.com,1,search19-normal-c-useast1a.tiktokv.com
11079,ters-draper1.us-east-1.aiv-delivery.net,1,ters-draper1.us-east-1.aiv-delivery.net
11082,hw.flv.wxqcloud.qq.com,1,hw.flv.wxqcloud.qq.com
11083,app.rocketcyber.com,3,app.rocketcyber.com;fonts.googleapis.com;fonts.gstatic.com
11085,pull-flv-f1-va01.tiktokcdn.com,1,pull-flv-f1-va01.tiktokcdn.com
11086,pull-g5-tt04.tiktokcdn.com,1,pull-g5-tt04.tiktokcdn.com
11087,video.primis.tech,1,video.primis.tech
11090,voipfinderliveplaythird.wxqcloud.qq.com,1,voipfinderliveplaythird.wxqcloud.qq.com
11092,pixel.spotify.com,1,pixel.spotify.com
11095,trace.us.rtbwise.com,1,trace.us.rtbwise.com
11097,client-side-metrics.da.us.criteo.net,1,client-side-metrics.da.us.criteo.net
11100,cdn.pubnative.net,18,cdn.cookielaw.org;cdn.pubnative.net;code.jquery.com;geolocation.onetrust.com;js-na1.hs-scripts.com;js.hs-analytics.net;js.hs-banner.com;js.hubspot.com;js.usemessages.com;perf-na1.hsforms.com;px.ads.linkedin.com;snap.licdn.com;track.hubspot.com;verve-7233653.hs-sites.com;verve.com;www.google-analytics.com;www.googletagmanager.com;www.linkedin.com
11102,s.pemsrv.com,1,s.pemsrv.com
11105,shopee.com,7,analytics.google.com;connect.facebook.net;deo.shopeemobile.com;shopee.com;stats.g.doubleclick.net;www.google.com;www.googletagmanager.com
11109,us-east1-aws-acc.api.snapchat.com,1,us-east1-aws-acc.api.snapchat.com
11110,pushd.com,15,api.bigdatacloud.net;api.pushd.com;auraframes.com;bat.bing.com;consent.cookiebot.com;consentcdn.cookiebot.com;dev.visualwebsiteoptimizer.com;js.klarna.com;pagead2.googlesyndication.com;pushd.com;rum-collector-2.pingdom.net;rum-static.pingdom.net;static.pushd.com;www.google-analytics.com;www.googletagmanager.com
11113,otelrules-bzhndjfje8dvh5fd.z01.azurefd.net,1,otelrules-bzhndjfje8dvh5fd.z01.azurefd.net
11115,trafficstars.com,1,trafficstars.com
11117,events.brightline.tv,1,events.brightline.tv
11118,js.rbxcdn.com,1,js.rbxcdn.com
11119,cdn-fast.kwcdn.com,1,cdn-fast.kwcdn.com
11120,aegis.anonymised.io,4,aegis.anonymised.io;cdnjs.cloudflare.com;fonts.cdnfonts.com;fonts.googleapis.com
11121,msft-ssp.adnxs.com,1,msft-ssp.adnxs.com
11124,prebid.sv.rkdms.com,1,prebid.sv.rkdms.com
11125,static.anonymised.io,2,assets.anonymised.io;static.anonymised.io
11126,www.xboxab.com,1,www.xboxab.com
11127,jd.com,11,corporate.jd.com;jd.com;jdcorporateblog.com;mercury.jd.com;p.typekit.net;sgm-m.jd.com;sgm-static.jd.com;storage.360buyimg.com;stream-outside.jd.com;use.typekit.net;www.jd.com
11128,us-wf.taboola.com,1,us-wf.taboola.com
11129,cdn1.espn.net,1,cdn1.espn.net
11131,cdn01.basis.net,1,cdn01.basis.net
11134,vkuserphoto.ru,2,ps.userapi.com;vkuserphoto.ru
11135,st.rings.solutions,1,st.rings.solutions
11139,asia-comort-stsdk.vivoglobal.com,1,asia-comort-stsdk.vivoglobal.com
11141,pull-flv-f11-tt01.tiktokcdn.com,1,pull-flv-f11-tt01.tiktokcdn.com
11142,use1.smartadserver.com,1,use1.smartadserver.com
11143,vid.connatix.com,1,vid.connatix.com
11144,cadent.app,5,assets.cadent.tv;cadent.app;edge.fullstory.com;rs.fullstory.com;sse.devcycle.com
11145,mainroll.com,1,mainroll.com
11146,sync.clearnview.com,1,sync.clearnview.com
11147,mmg-fallback.whatsapp.net,1,mmg-fallback.whatsapp.net
11152,pull-flv-f10-tt04.tiktokcdn.com,1,pull-flv-f10-tt04.tiktokcdn.com
11153,api.oneme.ru,1,api.oneme.ru
11154,netdna.bootstrapcdn.com,10,api.github.com;cdn.jsdelivr.net;datum.jsdelivr.com;fonts.googleapis.com;fonts.gstatic.com;github.com;github.githubassets.com;netdna.bootstrapcdn.com;platform.twitter.com;syndication.twitter.com
11157,pix-fl.phncdn.com,1,pix-fl.phncdn.com
11160,idm.iot.mi.com,1,idm.iot.mi.com
11163,bluebillywig.com,26,ajax.googleapis.com;analytics.google.com;api.hubapi.com;app.hubspot.com;bluebillywig.com;forms.hsforms.com;googleads.g.doubleclick.net;js.hs-analytics.net;js.hs-banner.com;js.hs-scripts.com;js.hsadspixel.net;js.hscollectedforms.net;js.hubspot.com;js.usemessages.com;kit.fontawesome.com;perf-na1.hsforms.com;px.ads.linkedin.com;snap.licdn.com;static.hotjar.com;static.hsappstatic.net;stats.g.doubleclick.net;www.bluebillywig.com;www.google-analytics.com;www.google.com;www.googletagmanager.com;www.linkedin.com
11164,expressapisv2.net,1,expressapisv2.net
11165,southcentralus1-5.pushnp.svc.ms,1,southcentralus1-5.pushnp.svc.ms
11168,mobile-gw.spot.im,1,mobile-gw.spot.im
11170,cdn.threatdown.com,1,cdn.threatdown.com
11171,simple-redirect-us-east-1-kaas-blue.sre.nielsen.com,1,simple-redirect-us-east-1-kaas-blue.sre.nielsen.com
11174,jsapi.login.yahoo.com,1,jsapi.login.yahoo.com
11175,curseforge.com,2,challenges.cloudflare.com;curseforge.com
11176,datacloud.tealiumiq.com,1,datacloud.tealiumiq.com
11177,www.webex.com,1,www.webex.com
11178,dcs.adobedc.net,1,dcs.adobedc.net
11179,chewy.com,3,bf20861wzf.bf.dynatrace.com;chewy.com;js-cdn.dynatrace.com
11183,sync.bidmatic.io,1,sync.bidmatic.io
11184,digitalguardian.com,3,challenges.cloudflare.com;digitalguardian.com;www.digitalguardian.com
11185,squareup.com,20,a8447815042.cdn-pci.optimizely.com;api.squareup.com;campaign-hub-production-f.squarecdn.com;cash-f.squarecdn.com;cdn.cookielaw.org;cdn.jsdelivr.net;images.ctfassets.net;logx.optimizely.com;martech-production-c.squarecdn.com;munchkin.marketo.net;o160250.ingest.us.sentry.io;pw-assets-production-c.squarecdn.com;pw-renderer-production-c.squarecdn.com;pwt-production-c.squarecdn.com;sales-bridge-production-c.squarecdn.com;squareup.com;www.datadoghq-browser-agent.com;www.google-analytics.com;www.googletagmanager.com;xms-production-f.squarecdn.com
11187,ru.resolver.msg.global.xiaomi.net,1,ru.resolver.msg.global.xiaomi.net
11189,app.powerbi.com,4,app.powerbi.com;content.powerapps.com;js.monitor.azure.com;login.microsoftonline.com
11192,tnc16-normal-no1a.tiktokv.eu,1,tnc16-normal-no1a.tiktokv.eu
11193,cn-neg.cfe.uber.com,1,cn-neg.cfe.uber.com
11197,stats.mainroll.com,1,stats.mainroll.com
11200,a.mts.ru,1,a.mts.ru
11202,beyondwickedmapping.org,1,beyondwickedmapping.org
11203,static.kueezrtb.com,1,static.kueezrtb.com
11205,vi.ml314.com,1,vi.ml314.com
11207,superwall.me,21,analytics.twitter.com;api.ipify.org;api.withmesh.com;cdn.getkoala.com;cdn.jsdelivr.net;fonts.googleapis.com;fonts.gstatic.com;googleads.g.doubleclick.net;static.ads-twitter.com;superwall.com;superwall.me;t.co;tag.unifyintent.com;us-assets.i.posthog.com;us.i.posthog.com;widget.intercom.io;widget.usepylon.com;www.google-analytics.com;www.google.com;www.googletagmanager.com;yqagkqabd5.us-east-2.awsapprunner.com
11208,b-ring.msedge.net,1,b-ring.msedge.net
11210,collector.github.com,1,collector.github.com
11212,arity.com,29,ad.doubleclick.net;analytics.google.com;aorta.clickagy.com;arity.com;bam.nr-data.net;cdn.cookielaw.org;cm.g.doubleclick.net;extend.vimeocdn.com;geolocation.onetrust.com;googleads.g.doubleclick.net;ib.adnxs.com;insight.adsrvr.org;js-agent.newrelic.com;js.adsrvr.org;js.zi-scripts.com;pixel.rubiconproject.com;pm.geniusmonkey.com;px.ads.linkedin.com;schedule.zoominfo.com;snap.licdn.com;stats.g.doubleclick.net;tags.clickagy.com;urldefense.com;us-u.openx.net;ws-assets.zoominfo.com;ws.zoominfo.com;www.google.com;www.googletagmanager.com;www.linkedin.com
11215,widget-mediator.zopim.com,1,widget-mediator.zopim.com
11216,scar-shared.unityads.unity3d.com,1,scar-shared.unityads.unity3d.com
11218,cdp.customer.io,1,cdp.customer.io
11220,adv.sec.intl.miui.com,1,adv.sec.intl.miui.com
11222,pull-flv-f11-tt04.tiktokcdn.com,1,pull-flv-f11-tt04.tiktokcdn.com
11223,dashlane.com,6,dashlane.com;js.qualified.com;ripleyprd.wpenginepowered.com;www.dashlane.com;www.google-analytics.com;www.googletagmanager.com
11224,security.ubuntu.com,5,assets.ubuntu.com;jspm.dev;security.ubuntu.com;w.usabilla.com;www.ubuntu.com
11225,cyberhaven.io,3,cdn.prod.website-files.com;cyberhaven.io;www.cyberhaven.com
11226,cdn.trafficstars.com,1,cdn.trafficstars.com
11228,dm-eu.hybrid.ai,1,dm-eu.hybrid.ai
11229,ss-use.appiersig.com,1,ss-use.appiersig.com
11232,pix-cdn77.phncdn.com,2,error.c.cdn77.org;pix-cdn77.phncdn.com
11234,api.antibanads.com,1,api.antibanads.com
11237,gotoresolve.com,38,417-klk-478.mktoresp.com;alb.reddit.com;analytics.google.com;ariane.abtasty.com;bat.bing.com;c.6sc.co;cdn.cookielaw.org;cm.g.doubleclick.net;connect.facebook.net;dcinfos-cache.abtasty.com;edge.sitecorecloud.io;epsilon.6sense.com;geolocation.onetrust.com;googleads.g.doubleclick.net;gotoresolve.com;ib.adnxs.com;insight.adsrvr.org;ipv6.6sc.co;j.6sc.co;js.adsrvr.org;js.qualified.com;lmiutilcdn.blob.core.windows.net;munchkin.marketo.net;pixel-config.reddit.com;pixel.rubiconproject.com;px.ads.linkedin.com;secure.adnxs.com;siteintercept.qualtrics.com;snap.licdn.com;stats.g.doubleclick.net;try.abtasty.com;utt.impactcdn.com;www.google.com;www.googletagmanager.com;www.goto.com;www.linkedin.com;www.redditstatic.com;zn1nu7ve8yxy0nawq-logmeinvoc.siteintercept.qualtrics.com
11238,moxie.foxnews.com,1,moxie.foxnews.com
11240,media-lhr6-1.cdn.whatsapp.net,1,media-lhr6-1.cdn.whatsapp.net
11241,s-ring.msedge.net,1,s-ring.msedge.net
11242,exchange.buzzoola.com,1,exchange.buzzoola.com
11243,clockskew.alphonso.tv,1,clockskew.alphonso.tv
11244,document-export.canva.com,1,document-export.canva.com
11246,analytics16-normal-useast5.tiktokw.us,1,analytics16-normal-useast5.tiktokw.us
11247,venmo.com,5,browser-intake-us5-datadoghq.com;t.venmo.com;venmo.com;www.paypal.com;www.paypalobjects.com
11251,pull-cmaf-f16-va01.tiktokcdn.com,1,pull-cmaf-f16-va01.tiktokcdn.com
11252,vzw.com,61,685973.fls.doubleclick.net;analytics.twitter.com;assets.adobedtm.com;c.bing.com;c.clarity.ms;cdn.quantummetric.com;cdn.schemaapp.com;cm.g.doubleclick.net;cms.analytics.yahoo.com;collector-40192.us.tvsquared.com;connect.facebook.net;d.adroll.com;d.turn.com;d2v83son8kay5v.cloudfront.net;dpm.demdex.net;eb2.3lift.com;edge.adobedc.net;googleads.g.doubleclick.net;ib.adnxs.com;idsync.rlcdn.com;ingestusipv4.quantummetric.com;login-ds.dotomi.com;login.dotomi.com;match.adsrvr.org;media.evolv.ai;ml314.com;participants.evolv.ai;pixel.rubiconproject.com;pixel.tapad.com;ps.eyeota.net;resources.xg4ken.com;rtr.innovid.com;s-a.innovid.com;s-static.innovid.com;s.adroll.com;s.amazon-adsystem.com;s.clarity.ms;s.pinimg.com;s7.vzw.com;sanalytics.verizon.com;sc-static.net;scache-ws.vzw.com;scache1.vzw.com;scache2.vzw.com;scripts.clarity.ms;secure.verizon.com;simage2.pubmatic.com;ss7.vzw.com;static.ads-twitter.com;t.co;track.sv.rkdms.com;trc.taboola.com;ups.analytics.yahoo.com;us-u.openx.net;vzw.com;www.clarity.ms;www.google.com;www.googleadservices.com;www.googletagmanager.com;www.verizon.com;zn9nssxmv9itcz7nq-verizoncx.siteintercept.qualtrics.com
11253,voipfinderliveplay.wxqcloud.qq.com,1,voipfinderliveplay.wxqcloud.qq.com
11254,ccext.adobecces.com,1,ccext.adobecces.com
11255,pull-flv-o77-sg01.tiktokcdn.com,1,pull-flv-o77-sg01.tiktokcdn.com
11257,api.pushd.com,6,analytics.google.com;api.pushd.com;stats.g.doubleclick.net;www.google-analytics.com;www.google.com;www.googletagmanager.com
11259,gsspat.jp,1,gsspat.jp
11260,t.6sc.co,3,fonts.googleapis.com;fonts.gstatic.com;t.6sc.co
11261,weather.gov,5,dap.digitalgov.gov;weather.gov;www.google-analytics.com;www.googletagmanager.com;www.youtube.com
11265,instacart.com,17,analytics-ipv6.tiktokw.us;analytics.tiktok.com;api2.branch.io;app.link;bat.bing.com;cdn.branch.io;connect.facebook.net;d2guulkeunn7d8.cloudfront.net;instacart.com;js.adsrvr.org;pixel.tapad.com;pt.ispot.tv;sc-static.net;tr.snapchat.com;www.google.com;www.googletagmanager.com;www.instacart.com
11266,cdn77-pic.xvideos-cdn.com,2,cdn77-pic.xvideos-cdn.com;error.c.cdn77.org
11268,pull-cmaf-f77-tt04.tiktokcdn-us.com,1,pull-cmaf-f77-tt04.tiktokcdn-us.com
11270,disk.akamaized.net,1,disk.akamaized.net
11271,metrics.dt.hihonorcloud.com,1,metrics.dt.hihonorcloud.com
11272,fastcast.semfs.engsvc.go.com,1,fastcast.semfs.engsvc.go.com
11275,rt.gsspat.jp,1,rt.gsspat.jp
11277,docomo.ne.jp,1,docomo.ne.jp
11281,ncp-gw-frontpage.media.yahoo.com,1,ncp-gw-frontpage.media.yahoo.com
11284,gx-target-experiments-frontend-api.gx.nvidia.com,1,gx-target-experiments-frontend-api.gx.nvidia.com
11286,static-cdn.spot.im,1,static-cdn.spot.im
11288,prod.adobeccstatic.com,1,prod.adobeccstatic.com
11289,app-gamma.glip.com,1,app-gamma.glip.com
11290,fa000000096.resources.office.net,1,fa000000096.resources.office.net
11292,fa000000111.resources.office.net,1,fa000000111.resources.office.net
11293,pull-q5-va01.tiktokcdn.com,1,pull-q5-va01.tiktokcdn.com
11295,js.zi-scripts.com,1,js.zi-scripts.com
11299,msdk.shopee.sg,1,msdk.shopee.sg
11300,vg-ali-ad-mof-sdk.mtgglobals.com,1,vg-ali-ad-mof-sdk.mtgglobals.com
11301,apmplus.volces.com,1,apmplus.volces.com
11302,arc-emea.msn.com,1,arc-emea.msn.com
11303,unity.com,1,unity.com
11305,onprem-ipv4.cws.conviva.com,1,onprem-ipv4.cws.conviva.com
11306,lg3.media.net,1,lg3.media.net
11307,measure.etrade.com,1,measure.etrade.com
11308,mpc-prod-18-s6uit34pua-uc.a.run.app,0,
11309,collector.lunalabs.io,1,collector.lunalabs.io
11312,bbvms.com,21,api.hubapi.com;bbvms.com;cdn.bluebillywig.com;forms.hsforms.com;googleads.g.doubleclick.net;js.hs-analytics.net;js.hs-banner.com;js.hs-scripts.com;js.hsadspixel.net;js.hscollectedforms.net;js.hubspot.com;js.usemessages.com;maps.googleapis.com;o4504604721020928.ingest.sentry.io;perf-na1.hsforms.com;px.ads.linkedin.com;snap.licdn.com;track.hubspot.com;www.google.com;www.googletagmanager.com;www.linkedin.com
11313,eventer-player.bqstreamer.com,1,eventer-player.bqstreamer.com
11314,mpc-prod-16-s6uit34pua-uk.a.run.app,0,
11315,browser-intake-datadoghq.eu,1,browser-intake-datadoghq.eu
11317,cdn-net.com,1,cdn-net.com
11319,cdn.fastly.steamstatic.com,1,cdn.fastly.steamstatic.com
11320,agentsn.amsua0102.manage.microsoft.com,1,agentsn.amsua0102.manage.microsoft.com
11321,pull-flv-f1-tt01.tiktokcdn.com,1,pull-flv-f1-tt01.tiktokcdn.com
11322,als-svc.nytimes.com,1,als-svc.nytimes.com
11323,privacy-location-edge.ccgateway.net,1,privacy-location-edge.ccgateway.net
11324,rmonitor.qq.com,1,rmonitor.qq.com
11327,ordt.adsafeprotected.com,1,ordt.adsafeprotected.com
11328,p19-pu-sign-no.tiktokcdn-eu.com,1,p19-pu-sign-no.tiktokcdn-eu.com
11329,lookaside.fbsbx.com,2,lookaside.fbsbx.com;static.facebook.com
11330,x.everestop.io,1,x.everestop.io
11331,mpc2-prod-28-is5qnl632q-ue.a.run.app,0,
11333,k-ring.msedge.net,1,k-ring.msedge.net
11334,media-public.canva.com,1,media-public.canva.com
11335,www.bbc.com,49,a1.api.bbc.com;ads.undertone.com;api.permutive.com;browser.covatic.io;buy-eu.piano.io;c2-eu.piano.io;cdn.cxense.com;cdn.doubleverify.com;cdn.optimizely.com;cdn.permutive.com;cdn.privacy-mgmt.com;cdn.tinypass.com;cdn.undertone.com;cdnjs.cloudflare.com;cm.g.doubleclick.net;d2552f88bf68ccc05bd3e52fa70e5d6b.safeframe.googlesyndication.com;e488cdb0-e7cb-4d91-9648-60d437d8e491.prmutv.co;edigitalsurvey.com;emp.bbci.co.uk;ep1.adtrafficquality.google;ep2.adtrafficquality.google;gn-web-assets.api.bbc.com;ib.adnxs.com;ichef.bbci.co.uk;jssdkcdns.mparticle.com;logx.optimizely.com;mobile-cvc-nv-bbc-web.covatic.io;mybbc-analytics.files.bbci.co.uk;p1cluster.cxense.com;pagead2.googlesyndication.com;prebid.the-ozone-project.com;pub.doubleverify.com;rm-script.dotmetrics.net;sb.scorecardresearch.com;scripts.webcontentassessor.com;secure-us.imrworldwide.com;securepubads.g.doubleclick.net;static.bbci.co.uk;static.chartbeat.com;static.files.bbci.co.uk;stats-collector.cxense.com;tpc.googlesyndication.com;tps.doubleverify.com;uk-script.dotmetrics.net;vtrk.dv.tech;web-cdn.api.bbci.co.uk;www.bbc.co.uk;www.bbc.com;www.google.com
11336,measure.chase.com,1,measure.chase.com
11337,ktpx-eu-south-2.amazon.com,1,ktpx-eu-south-2.amazon.com
11343,a-ring.msedge.net,1,a-ring.msedge.net
11344,pull-cmaf-f77-va01.tiktokcdn.com,1,pull-cmaf-f77-va01.tiktokcdn.com
11345,p16-ug-incentive.tiktokcdn-us.com,1,p16-ug-incentive.tiktokcdn-us.com
11346,tracenep.bidnest.cc,1,tracenep.bidnest.cc
11347,c-t-usw2.s3.us-west-2.amazonaws.com,1,c-t-usw2.s3.us-west-2.amazonaws.com
11348,gql.music.amazon.dev,1,gql.music.amazon.dev
11350,idr.cdnwidget.com,1,idr.cdnwidget.com
11351,log.outbrainimg.com,3,fonts.googleapis.com;fonts.gstatic.com;log.outbrainimg.com
11352,pespn.chartbeat.net,17,chartbeat.com;chartbeat.zendesk.com;cmp.osano.com;ekr.zdassets.com;fonts.googleapis.com;p.typekit.net;pespn.chartbeat.net;pong.chartbeat.net;securepubads.g.doubleclick.net;static.zdassets.com;static2.chartbeat.com;use.typekit.com;www.google.com;www.googleadservices.com;www.googleoptimize.com;www.googletagmanager.com;www.googletagservices.com
11353,eus2-azsc-config.officeapps.live.com,1,eus2-azsc-config.officeapps.live.com
11354,fonts.bunny.net,2,bunny.net;fonts.bunny.net
11355,cdn.dynamicyield.com,1,cdn.dynamicyield.com
11356,b.trueanthem.com,1,b.trueanthem.com
11357,pcugw-geo.prod.gws.ring.amazon.dev,1,pcugw-geo.prod.gws.ring.amazon.dev
11358,checkpoint.com,1,checkpoint.com
11359,v16-ad.byteoversea.com,1,v16-ad.byteoversea.com
11360,tumblr.com,6,64.media.tumblr.com;assets.tumblr.com;o248881.ingest.sentry.io;pixel.wp.com;s0.wp.com;tumblr.com
11364,s-cs.rmp.rakuten.com,1,s-cs.rmp.rakuten.com
11366,pcugw.prod.gws.ring.amazon.dev,1,pcugw.prod.gws.ring.amazon.dev
11367,pull-lls-l11.tiktokcdn.com,1,pull-lls-l11.tiktokcdn.com
11368,pull-w5-sg01.ttlivecdn.com,1,pull-w5-sg01.ttlivecdn.com
11372,pull-c5-va01.tiktokcdn.com,1,pull-c5-va01.tiktokcdn.com
11374,console.gotoresolve.com,4,auth.console.gotoresolve.com;authentication.logmeininc.com;console.gotoresolve.com;weblibrary.cdn.getgo.com
11375,lfodown01-gyr-maverick.cloudsink.net,1,lfodown01-gyr-maverick.cloudsink.net
11376,login.salesforce.com,2,c.salesforce.com;login.salesforce.com
11380,tag.crsspxl.com,1,tag.crsspxl.com
11382,pull-o5-va01.tiktokcdn.com,1,pull-o5-va01.tiktokcdn.com
11390,crl.globalsign.net,21,api-cdn.euw2.pure.cloud;apps.euw2.pure.cloud;bam.eu01.nr-data.net;cache.img.gmo.jp;cdn.jsdelivr.net;consent.cookiebot.com;consentcdn.cookiebot.com;crl.globalsign.net;fonts.googleapis.com;fonts.gstatic.com;globalsign.com;globalsign.containers.piwik.pro;globalsign.piwik.pro;js-agent.newrelic.com;s.clarity.ms;scripts.clarity.ms;seal.atlas.globalsign.com;static.cloudflareinsights.com;www.clarity.ms;www.globalsign.com;www.googletagmanager.com
11392,relay-iad.sentry.insops.net,1,relay-iad.sentry.insops.net
11393,play.ovp.peacocktv.com,1,play.ovp.peacocktv.com
11395,api-android.wildberries.ru,1,api-android.wildberries.ru
11397,pixel-us.onaudience.com,1,pixel-us.onaudience.com
11399,pull-c5-tt02.tiktokcdn.com,1,pull-c5-tt02.tiktokcdn.com
11400,optimized-by.rubiconproject.com,2,optimized-by.rubiconproject.com;vast.rubiconproject.com
11401,a2.adform.net,1,a2.adform.net
11402,q.clarity.ms,1,q.clarity.ms
11404,nbcuni.com,10,cdn.cookielaw.org;cdn.printfriendly.com;cdn2.nbcuni.com;geolocation.onetrust.com;nbcuni.com;use.fontawesome.com;www.datadoghq-browser-agent.com;www.google-analytics.com;www.googletagmanager.com;www.nbcuniversal.com
11406,cdn.bluebillywig.com,1,cdn.bluebillywig.com
11408,geotimezones.googleapis.com,1,www.google.com
11409,pull-flv-f77-tt03.tiktokcdn.com,1,pull-flv-f77-tt03.tiktokcdn.com
11410,devicetrust.com,22,analytics.twitter.com;assets.adobedtm.com;c.go-mpulse.net;consent.trustarc.com;devicetrust.com;js.zi-scripts.com;prod.static.citrix.com;px.ads.linkedin.com;radar.cedexis.com;s.go-mpulse.net;snap.licdn.com;static.ads-twitter.com;storage.googleapis.com;t.co;titan.citrix.com;unpkg.com;ws.zoominfo.com;www.citrix.com;www.google-analytics.com;www.googletagmanager.com;www.linkedin.com;www.youtube.com
11412,rt.applvn.com,1,rt.applvn.com
11413,cdn-pci.optimizely.com,1,cdn-pci.optimizely.com
11414,pull-a5-va01.tiktokcdn.com,1,pull-a5-va01.tiktokcdn.com
11415,videos-cloudfront-usp.jwpsrv.com,1,videos-cloudfront-usp.jwpsrv.com
11416,logging.api.intuit.com,1,logging.api.intuit.com
11417,qcloud.com,17,buy.qcloudimg.com;cdn-go.cn;cloud.tencent.com;cloudcache.tencent-cloud.com;cloudcache.tencentcs.com;dscache.tencent-cloud.cn;ewp.cloud.tencent.com;googleads.g.doubleclick.net;helix.cloud.tencent.com;opc.cloud.tencent.com;ping.cloud.tencent.com;qcloud.com;qcloudimg.tencent-cloud.cn;rumt-zh.com;sensors.cloud.tencent.com;www.google.com;www.googletagmanager.com
11418,o-iab-imp-counters.mediation.unity3d.com,1,o-iab-imp-counters.mediation.unity3d.com
11420,abbye994khsg.na.api.amazonvideo.com,1,abbye994khsg.na.api.amazonvideo.com
11421,pbxai.com,1,pbxai.com
11422,support.microsoft.com,9,aadcdn.msftauth.net;browser.events.data.microsoft.com;js.monitor.azure.com;login.live.com;login.microsoftonline.com;mem.gfx.ms;res-1.cdn.office.net;uhf.microsoft.com;www.microsoft.com
11424,preferencenail.com,4,ogads-pa.clients6.google.com;play.google.com;preferencenail.com;www.gstatic.com
11425,pull-flv-l10-sg01.tiktokrow-cdn.com,1,pull-flv-l10-sg01.tiktokrow-cdn.com
11426,alice.yandex.ru,8,14735.beacon.alice.yandex.ru;alice.yandex.ru;avatars.mds.yandex.net;mc.yandex.ru;rpc.alice.yandex.ru;top-fwz1.mail.ru;yandex.ru;yastatic.net
11427,lightning.warnermediacdn.com,1,lightning.warnermediacdn.com
11428,pull-hls-f77-sg01.tiktokcdn.com,1,pull-hls-f77-sg01.tiktokcdn.com
11430,sdk.e.qq.com,1,sdk.e.qq.com
11431,amer06.azure-devices.net,1,amer06.azure-devices.net
11432,cnbl-cdn.bamgrid.com,1,cnbl-cdn.bamgrid.com
11436,smartsheet.com,64,464-onm-149.mktoresp.com;alb.reddit.com;analytics.google.com;analytics.twitter.com;aorta.clickagy.com;bat.bing.com;cdn.amplitude.com;cdn.bizible.com;cdn.bizibly.com;cdn.inspectlet.com;cdn.ketchjs.com;cdn.optimizely.com;cdn3.optimizely.com;cm.g.doubleclick.net;connect.facebook.net;core.thepointyspritesclub.com;d.impactradius-event.com;epsilon.6sense.com;global.ketchcdn.com;googleads.g.doubleclick.net;grsm.io;hat.thepointyspritesclub.com;ib.adnxs.com;insight.adsrvr.org;ipv6.6sc.co;j.6sc.co;js.adsrvr.org;js.driftt.com;js.partnerstack.com;js.zi-scripts.com;logx.optimizely.com;munchkin.marketo.net;partnerlinks.io;pixel-config.reddit.com;pixel.byspotify.com;pixel.rubiconproject.com;pixels.spotify.com;pt.ispot.tv;px.ads.linkedin.com;s.clarity.ms;s.yimg.com;scripts.clarity.ms;smartsheet.com;snap.licdn.com;sp.analytics.yahoo.com;static.ads-twitter.com;stats.g.doubleclick.net;t.co;tags.clickagy.com;tracking-api.g2.com;tracking.g2crowd.com;unpkg.com;us-u.openx.net;ws-assets.zoominfo.com;ws.zoominfo.com;www.clarity.ms;www.google.com;www.googleadservices.com;www.googletagmanager.com;www.gstatic.com;www.linkedin.com;www.redditstatic.com;www.smartsheet.com;www.youtube.com
11437,wordpress.org,6,i0.wp.com;s.w.org;stats.wp.com;wordpress.org;www.google-analytics.com;www.googletagmanager.com
11439,cdn.house,1,cdn.house
11440,img.cdn.house,1,img.cdn.house
11441,log22-normal-useast1a.tiktokv.com,1,log22-normal-useast1a.tiktokv.com
11442,ucm-us.verint-cdn.com,1,ucm-us.verint-cdn.com
11446,substack.com,14,googleads.g.doubleclick.net;image.mux.com;manifest-oci-us-ashburn-1-vop1.fastly.mux.com;o350427.ingest.sentry.io;static.cloudflareinsights.com;stream.mux.com;substack-video.s3.amazonaws.com;substack.com;substackcdn.com;trkn.us;www.datadoghq-browser-agent.com;www.google-analytics.com;www.google.com;www.googletagmanager.com
11447,dexcom.com,15,cdn.cookielaw.org;cdn.jotfor.ms;cdn.media.amplience.net;cdn.static.amplience.net;code.jquery.com;dev.visualwebsiteoptimizer.com;dexcom.a.bigcontent.io;dexcom.com;dexcom.jotform.com;geolocation.onetrust.com;pagead2.googlesyndication.com;widgets.jotform.io;www.dexcom.com;www.google-analytics.com;www.googletagmanager.com
11448,use2.smartadserver.com,1,use2.smartadserver.com
11449,v16-cla.tiktokcdn-eu.com,1,v16-cla.tiktokcdn-eu.com
11450,voipfinderrdsliveplay.wxqcloud.qq.com,1,voipfinderrdsliveplay.wxqcloud.qq.com
11451,payments.braintree-api.com,1,payments.braintree-api.com
11452,pull-flv-f64-va01.tiktokcdn.com,1,pull-flv-f64-va01.tiktokcdn.com
11456,pull-g5-tt03.tiktokcdn.com,1,pull-g5-tt03.tiktokcdn.com
11457,pull-w5-va01.tiktokcdn.com,1,pull-w5-va01.tiktokcdn.com
11459,whiteboard.cloud.microsoft,5,aadcdn.msauth.net;login.live.com;login.microsoftonline.com;login.windows.net;whiteboard.cloud.microsoft
11460,eaassets-a.akamaihd.net,1,eaassets-a.akamaihd.net
11461,pull-flv-f58-tt01.tiktokcdn.com,1,pull-flv-f58-tt01.tiktokcdn.com
11466,cdn.bncloudfl.com,7,analytics.google.com;cdn.bncloudfl.com;connect.facebook.net;googleads.g.doubleclick.net;stats.g.doubleclick.net;www.google.com;www.googletagmanager.com
11467,siteassets.parastorage.com,3,siteassets.parastorage.com;static.parastorage.com;www.wix.com
11468,eventbus.intuit.com,1,eventbus.intuit.com
11470,meituan.com,9,catfront.dianping.com;img.meituan.net;lx.meituan.net;lx1.meituan.net;meituan.com;p0.meituan.net;s3plus.meituan.net;www.dpfile.com;www.meituan.com
11471,nexus-prod-cdn-dwd5cjcgamhxbcah.b02.azurefd.net,1,nexus-prod-cdn-dwd5cjcgamhxbcah.b02.azurefd.net
11472,catalog.update.microsoft.com,1,catalog.update.microsoft.com
11473,www.citrix.com,21,analytics.twitter.com;assets.adobedtm.com;c.go-mpulse.net;consent.trustarc.com;js.zi-scripts.com;prod.static.citrix.com;px.ads.linkedin.com;radar.cedexis.com;s.go-mpulse.net;snap.licdn.com;static.ads-twitter.com;storage.googleapis.com;t.co;titan.citrix.com;unpkg.com;ws.zoominfo.com;www.citrix.com;www.google-analytics.com;www.googletagmanager.com;www.linkedin.com;www.youtube.com
11474,ssm.us-east-1.amazonaws.com,1,ssm.us-east-1.amazonaws.com
11475,wal.co,2,wal.co;www.wal.co
11476,tse3.mm.bing.net,1,tse3.mm.bing.net
11477,pull-cmaf-l16-sg01.tiktokcdn.com,1,pull-cmaf-l16-sg01.tiktokcdn.com
11478,voipfinderspamliveplay.wxqcloud.qq.com,1,voipfinderspamliveplay.wxqcloud.qq.com
11479,voipfinderrdsliveplay2.wxqcloud.qq.com,1,voipfinderrdsliveplay2.wxqcloud.qq.com
11480,server.comet.yahoo.com,1,server.comet.yahoo.com
11481,https-api.bigolive.tv,1,https-api.bigolive.tv
11484,bsync16-normal-alisg.tiktokv.com,1,bsync16-normal-alisg.tiktokv.com
11487,pull-cmaf-f77-tt01.tiktokcdn.com,1,pull-cmaf-f77-tt01.tiktokcdn.com
11488,vortex-dual.hulu.com,1,vortex-dual.hulu.com
11491,rtb-us-east.linkedin.com,2,rtb-us-east.linkedin.com;static.licdn.com
11494,res-zalo.zadn.vn,1,res-zalo.zadn.vn
11495,configv2-prd.unityads.unity3d.com,1,configv2-prd.unityads.unity3d.com
11498,rum-ingest.us1.signalfx.com,1,rum-ingest.us1.signalfx.com
11499,direct-events-collector.spot.im,1,direct-events-collector.spot.im
11500,jstor.org,6,cdn.cookielaw.org;geolocation.onetrust.com;jstor.org;static.ithaka.org;www.google-analytics.com;www.googletagmanager.com
11501,redhat.com,9,adobedc.demdex.net;assets.adobedtm.com;consent-pref.trustarc.com;consent-st.trustarc.com;consent.trustarc.com;redhat.com;sso.redhat.com;static.redhat.com;www.redhat.com
11508,voipfinderliveplaythirdtest.wxqcloud.qq.com,1,voipfinderliveplaythirdtest.wxqcloud.qq.com
11510,api.giphy.com,1,api.giphy.com
11511,bsync31-normal-useast1a.tiktokv.com,1,bsync31-normal-useast1a.tiktokv.com
11512,vpp-license-proxy-intl.aliyuncs.com,1,vpp-license-proxy-intl.aliyuncs.com
11514,sentry-prod-sg.glance.com,1,sentry-prod-sg.glance.com
11515,static.edge.microsoftapp.net,1,static.edge.microsoftapp.net
11516,billing.ring.com,1,billing.ring.com
11517,javadl-esd-secure.oracle.com,1,javadl-esd-secure.oracle.com
11518,powerpointonline.nel.measure.office.net,2,ajax.aspnetcdn.com;powerpointonline.nel.measure.office.net
11519,cdn1.judge.me,15,analytics.google.com;api.judge.me;app.framerstatic.com;c.bing.com;c.clarity.ms;cdn1.judge.me;events.framer.com;framer.com;framerusercontent.com;scripts.clarity.ms;static.hotjar.com;stats.g.doubleclick.net;www.clarity.ms;www.google.com;www.googletagmanager.com
11520,pull-flv-f11-gcp01.tiktokcdn.com,1,pull-flv-f11-gcp01.tiktokcdn.com
11521,smt.docomo.ne.jp,18,alxc.addlv.smt.docomo.ne.jp;alxd.addlv.smt.docomo.ne.jp;cd.ladsp.com;cfg.smt.docomo.ne.jp;ep1.adtrafficquality.google;ep2.adtrafficquality.google;googleads.g.doubleclick.net;pagead2.googlesyndication.com;rumcdn.geoedge.be;service.smt.docomo.ne.jp;sjs.ssdsp.smt.docomo.ne.jp;smt.docomo.ne.jp;ssl-cache.stream.ne.jp;static.prismpartner.smt.docomo.ne.jp;tracking.prismpartner.smt.docomo.ne.jp;www.google-analytics.com;www.google.com;www.googletagmanager.com
11522,pull-f5-tt04.tiktokrow-cdn.com,1,pull-f5-tt04.tiktokrow-cdn.com
11525,pixel.everesttech.net,1,pixel.everesttech.net
11527,whoami.linewize.net,1,whoami.linewize.net
11528,tracking.intl.miui.com,1,tracking.intl.miui.com
11529,creditkarma.com,22,analytics.google.com;analytics.tiktok.com;bam-cell.nr-data.net;bam.nr-data.net;bat.bing.com;cdn.taboola.com;ck-content.imgix.net;connect.facebook.net;creditkarma.com;creditkarmacdn-a.akamaihd.net;googleads.g.doubleclick.net;js-agent.newrelic.com;ob.youstarsbuilding.com;obs.youstarsbuilding.com;s.pinimg.com;sponge.creditkarma.com;stats.g.doubleclick.net;tags.creditkarma.com;www.creditkarma.com;www.google.com;www.googleadservices.com;www.googletagmanager.com
11530,assets.smrtb.com,1,assets.smrtb.com
11535,na159.epm.cyberark.com,1,na159.epm.cyberark.com
11536,fastly-signed-us-east-1-prod.brightcovecdn.com,1,fastly-signed-us-east-1-prod.brightcovecdn.com
11538,www.inmobi.com,42,api.company-target.com;az416426.vo.msecnd.net;d.adroll.com;dsum-sec.casalemedia.com;eb2.3lift.com;ib.adnxs.com;id.rlcdn.com;image2.pubmatic.com;js.hs-analytics.net;js.hs-banner.com;js.hs-scripts.com;js.hsadspixel.net;js.hubspot.com;js.zi-scripts.com;lex.33across.com;match.adsrvr.org;ml314.com;pagead2.googlesyndication.com;partners.tremorhub.com;perf-na1.hsforms.com;pippio.com;pixel.rubiconproject.com;pixel.tapad.com;ps.eyeota.net;px.ads.linkedin.com;s.adroll.com;s.company-target.com;segments.company-target.com;snap.licdn.com;static.hotjar.com;sync.outbrain.com;sync.taboola.com;tag.demandbase.com;tags.srv.stackadapt.com;track.hubspot.com;us-u.openx.net;web.inmobicdn.net;www.google-analytics.com;www.googletagmanager.com;www.inmobi.com;www.linkedin.com;x.bidswitch.net
11541,pull-flv-f10-tt02.tiktokcdn.com,1,pull-flv-f10-tt02.tiktokcdn.com
11542,pull-o5-sg01.tiktokrow-cdn.com,1,pull-o5-sg01.tiktokrow-cdn.com
11543,www.blogger.com,3,ajax.googleapis.com;fonts.googleapis.com;fonts.gstatic.com
11544,ieee.org,2,ieee.org;www.ieee.org
11545,libra32-normal-no1a.tiktokv.eu,1,libra32-normal-no1a.tiktokv.eu
11549,otlp.bugsnag.com,1,otlp.bugsnag.com
11550,pull-o5-va01.tiktokrow-cdn.com,1,pull-o5-va01.tiktokrow-cdn.com
11551,freshchat.com,1,freshchat.com
11552,ic-ut-nss.xhpingcdn.com,1,ic-ut-nss.xhpingcdn.com
11556,api.judge.me,1,api.judge.me
11557,thumb-cdn77.xvideos-cdn.com,2,error.c.cdn77.org;thumb-cdn77.xvideos-cdn.com
11558,t-odx.op-mobile.opera.com,1,t-odx.op-mobile.opera.com
11560,sg-drive.wps.com,7,analytics.google.com;cloud.cache.wpscdn.com;drive.wps.com;sg-drive.wps.com;stats.g.doubleclick.net;www.googletagmanager.com;www.gstatic.com
11561,plausible.io,1,plausible.io
11566,dsp-service.adtarget.biz,1,dsp-service.adtarget.biz
11567,player.stats.live-video.net,1,player.stats.live-video.net
11568,uc.cn,7,g.alicdn.com;image.uc.cn;log.mmstat.com;peco-img.uc.cn;px.effirst.com;uc.cn;www.uc.cn
11569,ws-0f7bbb82-3d8f-4f04-b7e6-3f51c0e4da04.sendbird.com,1,ws-0f7bbb82-3d8f-4f04-b7e6-3f51c0e4da04.sendbird.com
11570,service-aggregation-layer-subs.juno.ea.com,1,service-aggregation-layer-subs.juno.ea.com
11573,deepl.com,8,challenges.cloudflare.com;clearance.deepl.com;deepl.com;feature-flagging.deepl.com;login-wall.deepl.com;o4509354486530048.ingest.de.sentry.io;voice-proxy.www.deepl.com;www.deepl.com
11574,socialcanvas-api.kargo.com,1,socialcanvas-api.kargo.com
11575,pull-cmaf-l77-va01.tiktokcdn.com,2,error.c.cdn77.org;pull-cmaf-l77-va01.tiktokcdn.com
11577,o33249.ingest.sentry.io,1,o33249.ingest.sentry.io
11578,pull-flv-f11-tt02.tiktokcdn.com,1,pull-flv-f11-tt02.tiktokcdn.com
11579,s.shopee.co.id,3,deo.shopeemobile.com;s.shopee.co.id;shope.ee
11580,pull-cmaf-f16-tt02.tiktokcdn.com,1,pull-cmaf-f16-tt02.tiktokcdn.com
11583,launcher.myapps.microsoft.com,4,aadcdn.msauth.net;launcher.myapps.microsoft.com;login.live.com;login.microsoftonline.com
11584,pull-flv-f1-tt02.tiktokcdn.com,1,pull-flv-f1-tt02.tiktokcdn.com
11585,pull-hls-f77-va01.tiktokcdn.com,1,pull-hls-f77-va01.tiktokcdn.com
11588,aic.recommend.lgtvcommon.com,1,aic.recommend.lgtvcommon.com
11590,pull-q5-va01.ttlivecdn.com,1,pull-q5-va01.ttlivecdn.com
11591,verifone.com,11,cdn.intellimize.co;cdn.jsdelivr.net;cdn.prod.website-files.com;consent.cookiebot.com;consentcdn.cookiebot.com;d3e54v103j8qbb.cloudfront.net;download-video-ak.vimeocdn.com;player.vimeo.com;verifone.com;www.googletagmanager.com;www.verifone.com
11593,pull-lls-l10-va01.tiktokcdn.com,1,pull-lls-l10-va01.tiktokcdn.com
11595,co-merchandise.opera-api.com,1,co-merchandise.opera-api.com
11596,pushnami.com,32,analytics.google.com;analytics.twitter.com;api-na2.hubapi.com;api.pushnami.com;bat.bing.com;cdn.pushnami.com;connect.facebook.net;fonts.googleapis.com;fonts.gstatic.com;forms-na2.hsforms.com;googleads.g.doubleclick.net;js-na2.hs-analytics.net;js-na2.hs-banner.com;js-na2.hs-scripts.com;js-na2.hsadspixel.net;js-na2.hscollectedforms.net;lltrck.com;pi.pardot.com;pushnami.com;px.ads.linkedin.com;snap.licdn.com;static.ads-twitter.com;stats.g.doubleclick.net;t.co;track-na2.hubspot.com;tracking.leadlander.com;w.chatlio.com;ws.zoominfo.com;www.google-analytics.com;www.google.com;www.googletagmanager.com;www.linkedin.com
11597,pull-cmaf-f5-sg01.ttlivecdn.com,1,pull-cmaf-f5-sg01.ttlivecdn.com
11598,bx-ring.msedge.net,1,bx-ring.msedge.net
11601,crash.xiaohongshu.com,1,crash.xiaohongshu.com
11602,pull-cmaf-f16-sg01.tiktokcdn.com,1,pull-cmaf-f16-sg01.tiktokcdn.com
11603,c-ring.msedge.net,1,c-ring.msedge.net
11609,tawk.to,16,ajax.googleapis.com;analytics.twitter.com;cdn.heapanalytics.com;connect.facebook.net;fonts.googleapis.com;heapanalytics.com;px.ads.linkedin.com;snap.licdn.com;static.ads-twitter.com;static.cloudflareinsights.com;t.co;tawk.to;www.facebook.com;www.googleadservices.com;www.googletagmanager.com;www.linkedin.com
11610,ev2-ring.msedge.net,1,ev2-ring.msedge.net
11613,api.mosspf.net,1,api.mosspf.net
11614,ingest-dr.vfw.prod.skywave.jetstream.advertising.a2z.com,1,ingest-dr.vfw.prod.skywave.jetstream.advertising.a2z.com
11615,google.com.pr,3,ogads-pa.clients6.google.com;play.google.com;www.gstatic.com
11621,mcr-ring.msedge.net,1,mcr-ring.msedge.net
11627,www.catalog.update.microsoft.com,1,www.catalog.update.microsoft.com
11631,traveloka.com,38,accounts.google.com;alb.reddit.com;analytics-ipv6.tiktokw.us;analytics.google.com;analytics.tiktok.com;appleid.cdn-apple.com;bc.ad.daum.net;cd.ladsp.com;cdn.amplitude.com;cdnjs.cloudflare.com;connect.facebook.net;d.line-scdn.net;d1785e74lyxkqq.cloudfront.net;d9253bf4bdfd.edge.sdk.awswaf.com;dynamic.criteo.com;googleads.g.doubleclick.net;gum.criteo.com;ik.imagekit.io;js.appboycdn.com;karrot-pixel.business.daangn.com;nam.veta.naver.com;pixel-config.reddit.com;s.pinimg.com;s.yimg.jp;ssl.pstatic.net;stats.g.doubleclick.net;t.contentsquare.net;t1.daumcdn.net;tag.flvcdn.net;tags.creativecdn.com;traveloka.com;wcs.naver.net;www.google-analytics.com;www.google.com;www.googletagmanager.com;www.gstatic.com;www.redditstatic.com;www.traveloka.com
11632,pull-flv-l1-gcp01.tiktokcdn.com,1,pull-flv-l1-gcp01.tiktokcdn.com
11634,icosa-service-sg.allawnos.com,1,icosa-service-sg.allawnos.com
11636,trip.com,20,ak-d.tripcdn.com;analytics.twitter.com;aw-s.tripcdn.com;bat.bing.com;dimg04.tripcdn.com;googleads.g.doubleclick.net;images3.c-ctrip.com;nam.veta.naver.com;ssl.pstatic.net;static.ads-twitter.com;t.co;trip.com;wcs.naver.com;wcs.naver.net;webresource.tripcdn.com;widget.trustpilot.com;www.facebook.com;www.google.com;www.googletagmanager.com;www.trip.com
11639,apple-finance.query.yahoo.com,42,ad-delivery.net;ads.pubmatic.com;ads.yieldmo.com;api.rlcdn.com;apple-finance.query.yahoo.com;c2shb-oao.ssp.yahoo.com;cdn.p-n.io;cdn.taboola.com;cm.g.doubleclick.net;consent.cmp.oath.com;d2mqt2joll4fma.cloudfront.net;display.bidder.taboola.com;exchange.kueezrtb.com;fastlane.rubiconproject.com;grid-bidder.criteo.com;guce.yahoo.com;htlb.casalemedia.com;ib.adnxs.com;idx.liadm.com;ncp-gw-frontpage.media.yahoo.com;nexus-gateway-prod.media.yahoo.com;noa.yahoo.com;opus.analytics.yahoo.com;pbs-yahoo-us.ay.delivery;pbs.yahoo.com;prebid-server.rubiconproject.com;prebid.a-mo.net;prebid.media.net;rp.liadm.com;rtb.openx.net;s.seedtag.com;s.yimg.com;sb.scorecardresearch.com;securepubads.g.doubleclick.net;signal-service.pbs.yahoo.com;ssp.disqus.com;tlx.3lift.com;ups.analytics.yahoo.com;us-trc-events.taboola.com;wnsrvbjmeprtfrnfx.ay.delivery;www.googletagmanager.com;www.yahoo.com
11642,pull-cmaf-f77-sg01.tiktokcdn.com,1,pull-cmaf-f77-sg01.tiktokcdn.com
11644,iot.eu-central-1.amazonaws.com,1,iot.eu-central-1.amazonaws.com
11645,unified-gateway.doordash.com,1,unified-gateway.doordash.com
11648,apps.sascdn.com,1,apps.sascdn.com
11649,workspace.google.com,15,2507573.fls.doubleclick.net;ad.doubleclick.net;adservice.google.com;analytics.google.com;fonts.googleapis.com;fonts.gstatic.com;googleads.g.doubleclick.net;lh3.googleusercontent.com;ssl.google-analytics.com;stats.g.doubleclick.net;storage.googleapis.com;www.google.com;www.googleadservices.com;www.googletagmanager.com;www.gstatic.com
11651,event.hgrtb.com,1,event.hgrtb.com
11653,p-ring.msedge.net,1,p-ring.msedge.net
11654,a-ring-fallback.msedge.net,1,a-ring-fallback.msedge.net
11655,aggr32-normal.tiktokv.com,1,aggr32-normal.tiktokv.com
11657,ecwdistribution.eclinicalweb.com,9,api.userway.org;cdn.cookielaw.org;cdn.userway.org;ecwdistribution.eclinicalweb.com;fonts.googleapis.com;googleads.g.doubleclick.net;www.eclinicalworks.com;www.google.com;www.googletagmanager.com
11658,pubmatic.bbvms.com,21,api.hubapi.com;cdn.bluebillywig.com;forms.hsforms.com;googleads.g.doubleclick.net;js.hs-analytics.net;js.hs-banner.com;js.hs-scripts.com;js.hsadspixel.net;js.hscollectedforms.net;js.hubspot.com;js.usemessages.com;maps.googleapis.com;o4504604721020928.ingest.sentry.io;perf-na1.hsforms.com;pubmatic.bbvms.com;px.ads.linkedin.com;snap.licdn.com;track.hubspot.com;www.google.com;www.googletagmanager.com;www.linkedin.com
11659,eur.loki.delve.office.com,1,eur.loki.delve.office.com
11660,pull-a5-sg01.tiktokcdn.com,1,pull-a5-sg01.tiktokcdn.com
11663,mr-prod-t.msedge.net,1,mr-prod-t.msedge.net
11666,mobileappcommunicator.auth.microsoft.com,1,mobileappcommunicator.auth.microsoft.com
11667,adobe.tt.omtrdc.net,1,adobe.tt.omtrdc.net
11669,img.onesignal.com,1,img.onesignal.com
11673,global-api.island.io,1,global-api.island.io
11674,update.indexww.com,1,update.indexww.com
11675,s.update.indexww.com,1,s.update.indexww.com
11676,ad.ipredictive.com,1,ad.ipredictive.com
11677,frazergraces.rest,1,frazergraces.rest
11678,www.google.com.pr,3,ogads-pa.clients6.google.com;play.google.com;www.gstatic.com
11679,arm-ring.msedge.net,1,arm-ring.msedge.net
11680,pull-lls-l10-sg01.tiktokcdn.com,1,pull-lls-l10-sg01.tiktokcdn.com
11682,pull-flv-f10-va01.tiktokcdn.com,1,pull-flv-f10-va01.tiktokcdn.com
11683,ssl.kaptcha.com,1,ssl.kaptcha.com
11684,developers.google.com,8,apis.google.com;feedback-pa.clients6.google.com;fonts.googleapis.com;fonts.gstatic.com;gstatic.com;www.google-analytics.com;www.googletagmanager.com;www.gstatic.com
11685,drfdisvc.walmart.com,1,drfdisvc.walmart.com
11686,pull-o5-sg01.tiktokcdn.com,1,pull-o5-sg01.tiktokcdn.com
11689,instana.io,1,instana.io
11690,pull-flv-o77-va01.tiktokcdn.com,1,pull-flv-o77-va01.tiktokcdn.com
11691,telegraph.prd.api.discomax.com,1,telegraph.prd.api.discomax.com
11694,pull-flv-f58-tt03.tiktokcdn.com,1,pull-flv-f58-tt03.tiktokcdn.com
11695,cr-p1.ladsp.com,1,cr-p1.ladsp.com
11696,config.samsungads.com,1,config.samsungads.com
11698,ln-ring.msedge.net,1,ln-ring.msedge.net
11699,t-ring.msedge.net,1,t-ring.msedge.net
11704,ax-ring.msedge.net,1,ax-ring.msedge.net
11705,arc-ring.msedge.net,1,arc-ring.msedge.net
11706,pull-cmaf-f77-tt02.tiktokcdn.com,1,pull-cmaf-f77-tt02.tiktokcdn.com
11707,b.wal.co,1,b.wal.co
11708,emu.hulu.com,1,emu.hulu.com
11710,pull-q5-sg01.ttlivecdn.com,1,pull-q5-sg01.ttlivecdn.com
11711,img-1.kwcdn.com,1,img-1.kwcdn.com
11712,stripecdn.com,42,ad.doubleclick.net;alb.reddit.com;analytics.google.com;analytics.twitter.com;api.company-target.com;attr-td.ml-api.io;b.stripecdn.com;b91.yahoo.co.jp;bat.bing.com;dsum-sec.casalemedia.com;ext.stripe.com;googleads.g.doubleclick.net;id.rlcdn.com;images.stripeassets.com;match.adsrvr.org;munchkin.marketo.net;partners.tremorhub.com;pixel-config.reddit.com;pixel.byspotify.com;pixel.rubiconproject.com;pixels.spotify.com;px.ads.linkedin.com;q.quora.com;q.stripe.com;r.stripe.com;s.company-target.com;s.yimg.jp;segments.company-target.com;snap.licdn.com;static.ads-twitter.com;stripe.com;stripecdn.com;t.co;tag-logger.demandbase.com;tag.demandbase.com;tag.flvcdn.net;www.facebook.com;www.google-analytics.com;www.google.com;www.googletagmanager.com;www.linkedin.com;www.redditstatic.com
11713,pull-cmaf-f16-tt03.tiktokcdn.com,1,pull-cmaf-f16-tt03.tiktokcdn.com
11714,mpc-prod-15-s6uit34pua-uw.a.run.app,0,
11715,spider-tracker.xiaohongshu.com,1,spider-tracker.xiaohongshu.com
11716,pull-flv-l10-va01.tiktokrow-cdn.com,1,pull-flv-l10-va01.tiktokrow-cdn.com
11717,api-safari-ausw2b.smoot.apple.com,1,api-safari-ausw2b.smoot.apple.com
11720,tracookiepixel.xyz,1,tracookiepixel.xyz
11722,a1.api.bbc.co.uk,1,a1.api.bbc.co.uk
11724,mq.dataservices.hp.com,1,mq.dataservices.hp.com
11726,sns-na-i6.xhscdn.com,1,sns-na-i6.xhscdn.com
11727,vizio.com,20,al-smetrics.vizio.com;apps.bazaarvoice.com;assets.adobedtm.com;cdn.cookielaw.org;cdn.evgnet.com;cdn.jsdelivr.net;cdn.pricespider.com;connect.facebook.net;geolocation.onetrust.com;network-a.bazaarvoice.com;static.cloudflareinsights.com;vizio.com;vizio.tt.omtrdc.net;vizio11116.pcapredict.com;wtbevents.pricespider.com;www.google-analytics.com;www.google.com;www.googletagmanager.com;www.gstatic.com;www.vizio.com
11728,gateway.ea.com,1,gateway.ea.com
11729,connectcdk.com,6,bam.nr-data.net;connectcdk.com;connectcdk.okta.com;js-agent.newrelic.com;login.connectcdk.com;www.connectcdk.com
11732,pull-w5-va01.ttlivecdn.com,1,pull-w5-va01.ttlivecdn.com
11733,evercloud16-normal-us-ttp.capcutapi.us,1,evercloud16-normal-us-ttp.capcutapi.us
11734,amp.shazam.com,1,amp.shazam.com
11741,data.adxcel-ec2.com,1,data.adxcel-ec2.com
11742,global.safebrowsing.service.amazonsilk.com,1,global.safebrowsing.service.amazonsilk.com
11744,sportscenter.fan.api.espn.com,1,sportscenter.fan.api.espn.com
11745,voipfindereventsliveplay.wxqcloud.qq.com,1,voipfindereventsliveplay.wxqcloud.qq.com
11747,ecosia.org,2,challenges.cloudflare.com;ecosia.org
11748,fa000000145.resources.office.net,1,fa000000145.resources.office.net
11749,feednews.com,3,feednews.com;news-af.op-mobile.opera.com;static.feednews.com
11752,www.perplexity.ai,2,challenges.cloudflare.com;static.cloudflareinsights.com
11753,cmp1-ord1.steamserver.net,1,cmp1-ord1.steamserver.net
11756,rtlog22-normal-useast1a.tiktokv.com,1,rtlog22-normal-useast1a.tiktokv.com
11757,publisher-assets.spot.im,1,publisher-assets.spot.im
11758,l-ring.msedge.net,1,l-ring.msedge.net
11759,t-ring-s.msedge.net,1,t-ring-s.msedge.net
11761,tpsc-video-as.doubleverify.com,1,tpsc-video-as.doubleverify.com
11762,site.web.api.espn.com,1,site.web.api.espn.com
11763,v19-cla.tiktokcdn-eu.com,1,v19-cla.tiktokcdn-eu.com
11764,citi.com,39,1.a79ab95c1589a13f8a4cab612bc71f9f7.com;1.b406929acabac9b095f124c81bdfcf57f.com;1.c81358859121583b7adf2ace89cb39f44.com;6260004.fls.doubleclick.net;89oebq5kmbvkkvfcekkm6if5uapnjsnca6pa75e54da229a7c765e93bsac.d.aa.online-metrix.net;ad.doubleclick.net;adservice.google.com;aemapi.citi.com;api.rlcdn.com;c.tvpixel.com;c1.rfihub.net;cdn.gbqofs.com;citi.com;citi.demdex.net;citicorpcreditservic.tt.omtrdc.net;cm.everesttech.net;content22.online.citi.com;contents1.00110.citi.com;contents2.00110.citi.com;data.privacy.ensighten.com;dpm.demdex.net;h.online-metrix.net;h64.online-metrix.net;idsync.rlcdn.com;nexus.ensighten.com;online.citi.com;p.rfihub.com;p.tvpixel.com;p11.techlab-cdn.com;prod.report.nacustomerexperience.citi.com;recs-prod.rfihub.com;s.amazon-adsystem.com;sb.scorecardresearch.com;siteintercept.qualtrics.com;tagmanager1.citi.com;www.citi.com;www.google.com;www.googletagmanager.com;zn3vi8kkuds0jjrfc-citifeedback.siteintercept.qualtrics.com
11765,pull-cmaf-l16-va01.tiktokcdn.com,1,pull-cmaf-l16-va01.tiktokcdn.com
11766,l.instagram.com,4,l.instagram.com;static.cdninstagram.com;www.facebook.com;www.instagram.com
11767,pull-w5-sg01.tiktokrow-cdn.com,1,pull-w5-sg01.tiktokrow-cdn.com
11768,pull-f5-tt03.tiktokrow-cdn.com,1,pull-f5-tt03.tiktokrow-cdn.com
11771,dns.sse.cisco.com,1,dns.sse.cisco.com
11772,pull-c5-tt01.tiktokcdn.com,1,pull-c5-tt01.tiktokcdn.com
11773,gsght.com,1,gsght.com
11775,orsdls.di.runestone.samsung.com,1,orsdls.di.runestone.samsung.com
11777,outcomes.net,5,assets.squarespace.com;definitions.sqspcdn.com;outcomes.net;static1.squarespace.com;www.outcomes.net
11778,wsmcdn.audioeye.com,1,wsmcdn.audioeye.com
11779,pull-cmaf-f16-sg01.ttlivecdn.com,1,pull-cmaf-f16-sg01.ttlivecdn.com
11780,a1.nyt.com,1,a1.nyt.com
11782,vidal-monitoring.centrastage.net,1,vidal-monitoring.centrastage.net
11783,d7ae3d206ce5366b0f0105dc74e8b013274baf9c15fd9588c12a576fa3ac95c.us-east-1.prod.service.minerva.devices.a2z.com,1,d7ae3d206ce5366b0f0105dc74e8b013274baf9c15fd9588c12a576fa3ac95c.us-east-1.prod.service.minerva.devices.a2z.com
11787,uservoice.com,8,app.termly.io;cdn.jsdelivr.net;cdn.prod.website-files.com;d3e54v103j8qbb.cloudfront.net;hubspotv2.use1-marketplace-1p-apps-prod-red.if.webflow.services;js.hs-scripts.com;use.typekit.net;uservoice.com
11788,pull-flv-f10-tt01.tiktokcdn.com,1,pull-flv-f10-tt01.tiktokcdn.com
11790,pull-flv-q10-va01.tiktokcdn.com,1,pull-flv-q10-va01.tiktokcdn.com
11791,quick-actions.express.adobe.com,8,adobeid-na1.services.adobe.com;assets.adobedtm.com;bam.nr-data.net;dcs.adobedc.net;geo2.adobe.com;quick-actions.express.adobe.com;sstats.adobe.com;use.typekit.net
11792,ssbsync-usw1.smartadserver.com,1,ssbsync-usw1.smartadserver.com
11793,dstillery.com,17,api.userway.org;cdn.cookielaw.org;cdn.lgrckt-in.com;cdn.userway.org;cdnjs.cloudflare.com;dstillery.chilipiper.com;dstillery.com;fonts.googleapis.com;fonts.gstatic.com;geolocation.onetrust.com;googleads.g.doubleclick.net;i.ytimg.com;static.doubleclick.net;www.bugherd.com;www.google.com;www.googletagmanager.com;www.youtube.com
11794,ivanti.com,33,acq-3pas.admatrix.jp;analytics.google.com;b.6sc.co;bat.bing.com;c.6sc.co;c.clarity.ms;cdn.jsdelivr.net;cdnjs.cloudflare.com;epsilon.6sense.com;googleads.g.doubleclick.net;i.vimeocdn.com;ipv6.6sc.co;ivanti.com;j.6sc.co;js.monitor.azure.com;player.vimeo.com;px.ads.linkedin.com;s.clarity.ms;scripts.clarity.ms;secure.adnxs.com;snap.licdn.com;static.cloudflareinsights.com;static.ivanti.com;stats.g.doubleclick.net;tags.srv.stackadapt.com;transcend-cdn.com;v2.listenloop.com;ws.zoominfo.com;www.clarity.ms;www.google.com;www.googletagmanager.com;www.linkedin.com;www.youtube.com
11795,lsagentrelay.lansweeper.com,2,lsagentrelay.lansweeper.com;static.cloudflareinsights.com
11797,pull-flv-f58-tt02.tiktokcdn.com,1,pull-flv-f58-tt02.tiktokcdn.com
11799,pull-f5-sg01.ttlivecdn.com,1,pull-f5-sg01.ttlivecdn.com
11800,verizonwireless.com,29,analytics.twitter.com;assets.adobedtm.com;c.bing.com;cdn.quantummetric.com;cdn.schemaapp.com;cm.g.doubleclick.net;cms.analytics.yahoo.com;connect.facebook.net;d.turn.com;dpm.demdex.net;edge.adobedc.net;googleads.g.doubleclick.net;idsync.rlcdn.com;match.adsrvr.org;s.amazon-adsystem.com;s7.vzw.com;sanalytics.verizon.com;scache-ws.vzw.com;scache1.vzw.com;scache2.vzw.com;secure.verizon.com;ss7.vzw.com;trc.taboola.com;ups.analytics.yahoo.com;verizonwireless.com;www.google.com;www.googleadservices.com;www.googletagmanager.com;www.verizon.com
11801,gs-loc-cn.apple.com,1,gs-loc-cn.apple.com
11804,action.dstillery.com,2,action.dstillery.com;action.media6degrees.com
11807,telemetry.elastic.co,1,telemetry.elastic.co
11809,static.vidazoo.com,1,static.vidazoo.com
11810,anp.mxptint.net,1,anp.mxptint.net
11811,mon-va.byteoversea.com,1,mon-va.byteoversea.com
11812,pull-q5-va01.tiktokrow-cdn.com,1,pull-q5-va01.tiktokrow-cdn.com
11813,pull-flv-l11-gcp01.tiktokcdn.com,1,pull-flv-l11-gcp01.tiktokcdn.com
11814,iphone.life360.com,2,iphone.life360.com;static.cloudflareinsights.com
11816,html5.adsrvr.org,1,html5.adsrvr.org
11817,collector.superwall.me,1,collector.superwall.me
11819,cnbc.com,47,10486893.fls.doubleclick.net;8cmfzco0.micpn.com;app.mps.vsnt.net;apps.rokt.com;assets.adobedtm.com;assets.zephr.com;bat.bing.com;c.amazon-adsystem.com;cdn-gl.imrworldwide.com;cdn.cookielaw.org;cdn.cxense.com;cdn.id5-sync.com;cdn.jsdelivr.net;cdn.parsely.com;cdn.tinypass.com;cm.g.doubleclick.net;cnbc.com;config.aps.amazon-adsystem.com;dev.visualwebsiteoptimizer.com;dpm.demdex.net;entitlement.auth.adobe.com;experience.piano.io;gdsapi.cnbc.com;geo.cnbc.com;geolocation.onetrust.com;googleads.g.doubleclick.net;image.cnbcfm.com;js.adsrvr.org;micro.rubiconproject.com;oa.openxcdn.net;os.fandango.com;pub.doubleverify.com;sb.scorecardresearch.com;securepubads.g.doubleclick.net;sp.auth.adobe.com;static-redesign.cnbcfm.com;static.criteo.net;tag.bounceexchange.com;tags.crwdcntrl.net;tru.am;unpkg.com;www.cnbc.com;www.google.com;www.googleadservices.com;www.googletagmanager.com;www.gstatic.com;zephr-templates.cnbc.com
11821,cmp2-ord1.steamserver.net,1,cmp2-ord1.steamserver.net
11824,pull-w5-va01.tiktokrow-cdn.com,1,pull-w5-va01.tiktokrow-cdn.com
11825,ssb-usw1.smartadserver.com,1,ssb-usw1.smartadserver.com
11829,sf16-music-sign.tiktokcdn.com,1,sf16-music-sign.tiktokcdn.com
11830,wbd.ms,7,aadcdn.msauth.net;app.whiteboard.microsoft.com;login.live.com;login.microsoftonline.com;login.windows.net;wbd.ms;whiteboard.cloud.microsoft
11831,pull-flv-f58-va01.tiktokcdn.com,1,pull-flv-f58-va01.tiktokcdn.com
11832,mcdp-chidc2.outbrain.com,1,mcdp-chidc2.outbrain.com
11834,pull-cmaf-l10-sg01.tiktokcdn.com,1,pull-cmaf-l10-sg01.tiktokcdn.com
11837,mmsbackup.pa.googleapis.com,1,www.google.com
11839,king.com,5,cdn-ukwest.onetrust.com;king.com;www.google-analytics.com;www.googletagmanager.com;www.king.com
11840,idbroker-b-us.webex.com,1,idbroker-b-us.webex.com
11841,tr-tmc-afdmira.office.com,1,tr-tmc-afdmira.office.com
11842,android16.prod.ftl.netflix.com,1,android16.prod.ftl.netflix.com
11843,pull-cmaf-f16-tt01.tiktokcdn.com,1,pull-cmaf-f16-tt01.tiktokcdn.com
11848,training.knowbe4.com,5,cdn.pendo.io;data.pendo.io;fonts.googleapis.com;fonts.gstatic.com;training.knowbe4.com
11851,watch.graph.api.espn.com,1,watch.graph.api.espn.com
11853,pull-f5-sg01.tiktokrow-cdn.com,1,pull-f5-sg01.tiktokrow-cdn.com
11854,api.competition.intl.miui.com,1,api.competition.intl.miui.com
11857,auth.life360.com,2,auth.life360.com;static.cloudflareinsights.com
11859,cloudflarestorage.com,1,cloudflarestorage.com
11861,pull-flv-o11-sg01.tiktokcdn.com,1,pull-flv-o11-sg01.tiktokcdn.com
11863,launcher.spot.im,1,launcher.spot.im
11864,t-ring-s2.msedge.net,1,t-ring-s2.msedge.net
11865,gcp-us-east4-cs.yellowblue.io,1,gcp-us-east4-cs.yellowblue.io
11867,www.chewy.com,3,bf20861wzf.bf.dynatrace.com;js-cdn.dynatrace.com;www.chewy.com
11868,pp.cadc.absolute.com,1,pp.cadc.absolute.com
11870,cm.a.mts.ru,1,cm.a.mts.ru
11872,sns-na-i1.xhscdn.com,1,sns-na-i1.xhscdn.com
11876,download.visualstudio.microsoft.com,1,download.visualstudio.microsoft.com
11878,r2.cloudflarestorage.com,5,developers.cloudflare.com;geolocation.onetrust.com;ot.www.cloudflare.com;r2.cloudflarestorage.com;static.cloudflareinsights.com
11879,encryption-a.wbx2.com,1,encryption-a.wbx2.com
11882,p3-sign.douyinpic.com,1,p3-sign.douyinpic.com
11883,indianaiot-services.pm.beyondtrustcloud.com,3,esp.aptrinsic.com;indianaiot-services.pm.beyondtrustcloud.com;web-sdk.aptrinsic.com
11884,oca-api.us-east-1.origin.prodaa.netflix.com,1,oca-api.us-east-1.origin.prodaa.netflix.com
11891,disneyadvertising.com,14,cdn.cookielaw.org;cdn.espn.com;cdnjs.cloudflare.com;dcf.espn.com;disney.demdex.net;disneyadvertising.com;googleads.g.doubleclick.net;pagead2.googlesyndication.com;sw88.go.com;use.fontawesome.com;www.disneyadvertising.com;www.google.com;www.googleadservices.com;www.googletagmanager.com
11892,on-hweudc-o.api.leiniao.com,1,on-hweudc-o.api.leiniao.com
11893,www.bbc.co.uk,19,a1.api.bbc.com;cdn.cxense.com;cdn.optimizely.com;cdn.privacy-mgmt.com;cdn.tinypass.com;gn-web-assets.api.bbc.com;ichef.bbci.co.uk;idcta.api.bbc.co.uk;mybbc-analytics.files.bbci.co.uk;pagead2.googlesyndication.com;prebid.the-ozone-project.com;rm-script.dotmetrics.net;sb.scorecardresearch.com;scripts.webcontentassessor.com;securepubads.g.doubleclick.net;static.files.bbci.co.uk;uk-script.dotmetrics.net;web-cdn.api.bbci.co.uk;www.bbc.co.uk
11894,snu.webrootcloudav.com,1,snu.webrootcloudav.com
11896,pull-hls-l77-va01.tiktokcdn.com,2,error.c.cdn77.org;pull-hls-l77-va01.tiktokcdn.com
11898,api.polargrizzly.com,1,api.polargrizzly.com
11899,www.google.com.hk,3,ogads-pa.clients6.google.com;play.google.com;www.gstatic.com
11901,ehome.21cn.com,1,ehome.21cn.com
11902,updates.overwolf.com,1,updates.overwolf.com
11903,esm.ubuntu.com,1,esm.ubuntu.com
11904,vcs-va.tiktokv.com,1,vcs-va.tiktokv.com
11905,www.speedtest.net,173,a.ad.gt;a.sportradarserving.com;aa.agkn.com;aax.amazon-adsystem.com;accounts.google.com;ad-cdn.technoratimedia.com;ad.360yield.com;ad.turn.com;ads.pubmatic.com;ads.servenobid.com;ads.yieldmo.com;analytics.google.com;ap.lijit.com;api.id5-sync.com;appleid.cdn-apple.com;b.cdnst.net;b1sync.outbrain.com;b1sync.zemanta.com;b52489eb7dc9e4b6772d1583e603b82d.safeframe.googlesyndication.com;bcp.crwdcntrl.net;beacon.lynx.cognitivlabs.com;bh.contextweb.com;btlr.sharethrough.com;c.amazon-adsystem.com;c.bing.com;c1.adform.net;c2shb.pubgw.yahoo.com;cdn-gl.imrworldwide.com;cdn-ima.33across.com;cdn.cookielaw.org;cdn.hadronid.net;cdn.id5-sync.com;cdn.static.zdbb.net;cdn.ziffstatic.com;ce.lijit.com;client.aps.amazon-adsystem.com;cm.adform.net;cm.anyrtb.com;cm.g.doubleclick.net;cms.quantserve.com;config.aps.amazon-adsystem.com;contextual.media.net;creativecdn.com;cs-rtb.minutemedia-prebid.com;cs-tam.yellowblue.io;cs.admanmedia.com;cs.iqzone.com;cs.krushmedia.com;cs.media.net;csync.loopme.me;csync.smartadserver.com;d.turn.com;de.tynt.com;diffuser-cdn.app-us1.com;direct.adsrvr.org;dpm.demdex.net;dsp-service.pixad.com.tr;eb2.3lift.com;ep1.adtrafficquality.google;ep2.adtrafficquality.google;et-c-ash.33across.com;eu-rtbstack-cm.admixer.net;eus.rubiconproject.com;fastlane.rubiconproject.com;geolocation.onetrust.com;grid-bidder.criteo.com;gum.criteo.com;gurgle.speedtest.net;gurgle.zdbb.net;hb.trustedstack.com;hb.yellowblue.io;hbopenbid.pubmatic.com;hde.tynt.com;htlb.casalemedia.com;i.liadm.com;ib.adnxs.com;id.rlcdn.com;id5-sync.com;ids.ad.gt;ids4.ad.gt;idx.liadm.com;image2.pubmatic.com;image4.pubmatic.com;image6.pubmatic.com;image8.pubmatic.com;ittpx-us-e.eskimi.com;ittpx.eskimi.com;jadserve.postrelease.com;jogger.zdbb.net;lb.eu-1-id5-sync.com;lbs.eu-1-id5-sync.com;lexicon.33across.com;match.adsrvr.org;match.deepintent.com;match.prod.bidr.io;match.sharethrough.com;measureadv.com;ms-cookie-sync.presage.io;ogury-match.dotomi.com;onetag-sys.com;openads-cdn.adsrvr.org;openads.adsrvr.org;p.ad.gt;pagead2.googlesyndication.com;pbs.optidigital.com;pg.ziffstatic.com;pixel-sync.sitescout.com;pixel-us-east.rubiconproject.com;pixel.33across.com;pixel.rubiconproject.com;pixel.tapad.com;prebid-match.dotomi.com;prebid-server.rubiconproject.com;prebid.a-mo.net;prebid.media.net;prism.app-us1.com;ps.eyeota.net;px.ads.linkedin.com;r.bidswitch.net;rp.liadm.com;rtb-csync.smartadserver.com;rtb.adstanding.com;rtb.gamoshi.io;rtb.gumgum.com;rtb.mfadsrvr.com;rtb.openx.net;s.ad.smaato.net;s.amazon-adsystem.com;s.seedtag.com;sb.scorecardresearch.com;secure-assets.rubiconproject.com;secure-us.imrworldwide.com;secure.adnxs.com;securepubads.g.doubleclick.net;ssbsync-global.smartadserver.com;ssbsync.smartadserver.com;ssc-cms.33across.com;ssp-sync.criteo.com;ssp.api.tappx.com;ssp.disqus.com;synacor-match.dotomi.com;sync-tm.everesttech.net;sync.a-mo.net;sync.adtelligent.com;sync.bfmio.com;sync.go.sonobi.com;sync.ipredictive.com;sync.pmbmonetize.live;sync.sparteo.com;sync.srv.stackadapt.com;sync.taboola.com;sync.technoratimedia.com;syncingbridge.com;t.adx.opera.com;tags.crwdcntrl.net;token.rubiconproject.com;tpc.googlesyndication.com;tr.blismedia.com;trace.us.rtbwise.com;trackcmp.net;u.openx.net;uat-net.technoratimedia.com;ups.analytics.yahoo.com;us4.shb-sync.com;user-sync.fwmrm.net;ut.pubmatic.com;visitor.omnitagjs.com;www.google.com;www.googletagmanager.com;www.speedtest.net;www.temu.com;x.bidswitch.net;zdbb.net
11906,radio-services.itunes.apple.com,1,radio-services.itunes.apple.com
11907,www.expedia.com,4,c.travel-assets.com;geo.captcha-delivery.com;static.captcha-delivery.com;www.expedia.com
11908,web.ws.prod.cloud.netflix.com,1,web.ws.prod.cloud.netflix.com
11910,jibe.google.com,5,fonts.googleapis.com;fonts.gstatic.com;www.google-analytics.com;www.googletagmanager.com;www.gstatic.com
11912,omni-dex.io,17,ajax.googleapis.com;cdn.prod.website-files.com;d3e54v103j8qbb.cloudfront.net;fonts.googleapis.com;fonts.gstatic.com;forms-eu1.hsforms.com;js-eu1.hs-analytics.net;js-eu1.hs-banner.com;js-eu1.hs-scripts.com;js-eu1.hscollectedforms.net;omni-dex.io;track-eu1.hubspot.com;www.google-analytics.com;www.google.com;www.googletagmanager.com;www.gstatic.com;www.omni-dex.io
11913,tr-tmc-mira.office.com,1,tr-tmc-mira.office.com
11914,artwork.api.espn.com,1,artwork.api.espn.com
11916,pull-f5-va01.tiktokrow-cdn.com,1,pull-f5-va01.tiktokrow-cdn.com
11917,v4.aga.web.ap-northeast-1.prod.diagnostic.networking.aws.dev,1,v4.aga.web.ap-northeast-1.prod.diagnostic.networking.aws.dev
11918,api-sr.amplitude.com,1,api-sr.amplitude.com
11919,programmaticx.ai,7,browser.sentry-cdn.com;frog.wix.com;panorama.wixapps.net;programmaticx.ai;static.parastorage.com;static.wixstatic.com;www.programmaticx.ai
11921,am-i-online-prd.sn.tesla.services,1,am-i-online-prd.sn.tesla.services
11926,pull-flv-f1-gcp01.tiktokcdn.com,1,pull-flv-f1-gcp01.tiktokcdn.com
11927,sanity.io,13,api.sanity.io;cdn.sanity.io;chunk-oci-us-ashburn-1-vop1.fastly.mux.com;cmp.osano.com;image.mux.com;manifest-oci-us-ashburn-1-vop1.edgemv.mux.com;measure.sanity.io;pagead2.googlesyndication.com;qzkkn6cg4njg.statuspage.io;sanity.io;stream.mux.com;www.googletagmanager.com;www.sanity.io
11929,jssdks.mparticle.com,1,jssdks.mparticle.com
11933,anthropic.com,14,117895469.intellimizeio.com;a-api.anthropic.com;a-cdn.anthropic.com;anthropic.com;api.intellimize.co;cdn.intellimize.co;cdn.prod.website-files.com;connect.facebook.net;d3e54v103j8qbb.cloudfront.net;hubspotonwebflow.com;log.intellimize.co;www.anthropic.com;www.google-analytics.com;www.googletagmanager.com
11934,pscp.tv,6,api.amplitude.com;assets.pscp.tv;proxsee.pscp.tv;pscp.tv;www.google-analytics.com;www.pscp.tv
11935,t.sharethis.com,1,t.sharethis.com
11937,whiteboard.ms,7,aadcdn.msauth.net;app.whiteboard.microsoft.com;login.live.com;login.microsoftonline.com;login.windows.net;whiteboard.cloud.microsoft;whiteboard.ms
11938,logs.browser-intake-datadoghq.com,1,logs.browser-intake-datadoghq.com
11939,paramount.tech,8,cdn.ketchjs.com;cdn.privacy.paramount.com;fonts.googleapis.com;global.ketchcdn.com;paramount.tech;www.google-analytics.com;www.googletagmanager.com;www.paramount.com
11941,anticheatexpert.com,4,anticheatexpert.com;down.anticheatexpert.com;rumt-zh.com;tam.cdn-go.cn
11943,www.att.com,40,20877709p.rfihub.com;6100125.fls.doubleclick.net;68794910.akstat.io;a.rfihub.com;ad.doubleclick.net;adobedc.demdex.net;adservice.google.com;aep.att.com;assets.adobedtm.com;azinsight.adsrvr.org;bat.bing.com;bf03987fss.bf.dynatrace.com;c.go-mpulse.net;cdn.flashtalking.com;cdn.quantummetric.com;cm.g.doubleclick.net;connect.facebook.net;d.agkn.com;d.oracleinfinity.io;dc.oracleinfinity.io;dpm.demdex.net;fid.agkn.com;fls.doubleclick.net;googleads.g.doubleclick.net;ib.adnxs.com;ingestusipv4.quantummetric.com;insight.adsrvr.org;live.rezync.com;s.amazon-adsystem.com;s2.go-mpulse.net;servedby.flashtalking.com;signin.att.com;smetrics.att.com;solutions.invocacdn.com;storage.googleapis.com;ucm-us.verint-cdn.com;www.att.com;www.google.com;www.googleadservices.com;www.googletagmanager.com
11944,api-safari-ausw2c.smoot.apple.com,1,api-safari-ausw2c.smoot.apple.com
11945,ic-vrm-nss.xhpingcdn.com,1,ic-vrm-nss.xhpingcdn.com
11947,rdelivery.qq.com,1,rdelivery.qq.com
11948,api-sdk.datadome.co,1,api-sdk.datadome.co
11949,zg-api.com,1,zg-api.com
11950,pull-flv-l77-sg01.tiktokcdn.com,1,pull-flv-l77-sg01.tiktokcdn.com
11951,notify.xboxlive.com,1,notify.xboxlive.com
11952,pull-cmaf-f77-tt03.tiktokcdn.com,1,pull-cmaf-f77-tt03.tiktokcdn.com
11955,pull-q5-sg01.tiktokrow-cdn.com,1,pull-q5-sg01.tiktokrow-cdn.com
11957,geocomply.com,25,ajax.googleapis.com;analytics.google.com;analytics.twitter.com;b.6sc.co;cdnjs.cloudflare.com;consent.trustarc.com;epsilon.6sense.com;fonts.googleapis.com;fonts.gstatic.com;geocomply.com;go.geocomply.com;googleads.g.doubleclick.net;ipv6.6sc.co;j.6sc.co;px.ads.linkedin.com;snap.licdn.com;static.ads-twitter.com;stats.g.doubleclick.net;t.co;tracking-api.g2.com;tracking.g2crowd.com;www.geocomply.com;www.google.com;www.googletagmanager.com;www.linkedin.com
11958,pull-flv-l77-va01.tiktokcdn.com,1,pull-flv-l77-va01.tiktokcdn.com
11959,api.rakuten.com,1,api.rakuten.com
11965,toblog.tobsnssdk.com,1,toblog.tobsnssdk.com
11967,cdn.ansmp.net,1,cdn.ansmp.net
11971,ieonline.microsoft.com,3,ieonline.microsoft.com;r.bing.com;www.bing.com
11972,analytics.chase.com,1,analytics.chase.com
11973,api.ozon.ru,1,api.ozon.ru
11974,data.iana.org,5,clients1.google.com;cse.google.com;data.iana.org;www.google.com;www.iana.org
11975,tmdb.org,12,0692f8bdd7b5.b6c9f1fc.us-east-1.captcha.awswaf.com;0692f8bdd7b5.edge.captcha-sdk.awswaf.com;0692f8bdd7b5.edge.sdk.awswaf.com;analytics.google.com;cdn.cookielaw.org;geolocation.onetrust.com;media.themoviedb.org;secure.gravatar.com;stats.g.doubleclick.net;tmdb.org;www.googletagmanager.com;www.themoviedb.org
11976,u8u34b-launches.appsflyersdk.com,1,u8u34b-launches.appsflyersdk.com
11977,nordvpn.com,1,challenges.cloudflare.com
11980,robinhood.com,26,15324952.fls.doubleclick.net;ad.doubleclick.net;adservice.google.com;alb.reddit.com;app.usercentrics.eu;bat.bing.com;bonfire.robinhood.com;cdn.robinhood.com;collector-47804.us.tvsquared.com;connect.facebook.net;experience.ninetailed.co;googleads.g.doubleclick.net;images.ctfassets.net;o62437.ingest.sentry.io;pixel-config.reddit.com;px.ads.linkedin.com;robinhood.com;sentry.io;snap.licdn.com;stats.g.doubleclick.net;videos.ctfassets.net;web-sdk-cdn.singular.net;www.google-analytics.com;www.google.com;www.googletagmanager.com;www.redditstatic.com
11985,px.oa.opera.com,1,px.oa.opera.com
11986,pull-flv-w10-va01.tiktokcdn.com,1,pull-flv-w10-va01.tiktokcdn.com
11991,cnam4c-launches.appsflyersdk.com,1,cnam4c-launches.appsflyersdk.com
11992,api.unity.com,1,api.unity.com
11993,asset.chase.com,1,asset.chase.com
11994,t1.sophosupd.com,1,t1.sophosupd.com
11995,mon-va.tiktokv.com,1,mon-va.tiktokv.com
11996,myaccount.nytimes.com,5,ct.captcha-delivery.com;g1.nyt.com;geo.captcha-delivery.com;myaccount.nytimes.com;static.captcha-delivery.com
11998,o.alicdn.com,1,o.alicdn.com
11999,pull-flv-w11-va01.tiktokcdn.com,1,pull-flv-w11-va01.tiktokcdn.com
12001,video-nss.xhpingcdn.com,2,error.c.cdn77.org;video-nss.xhpingcdn.com
12005,rvikjd.com,1,rvikjd.com
12006,grow.me,12,a.delivery.consentmanager.net;api.grow.me;cdn.consentmanager.net;eu-us.consentmanager.net;faves.grow.me;fonts.googleapis.com;fonts.gstatic.com;grow.me;some.growplow.events;www.google-analytics.com;www.googletagmanager.com;www.grow.me
12007,s.rvikjd.com,1,s.rvikjd.com
12009,staging-pi.ispot.tv,1,staging-pi.ispot.tv
12011,pull-flv-f9-va01.tiktokcdn.com,1,pull-flv-f9-va01.tiktokcdn.com
12012,ticketmaster.com,47,a.ad.gt;ad.360yield.com;alb.reddit.com;analytics-ipv6.tiktokw.us;analytics.google.com;analytics.tiktok.com;analytics.twitter.com;bat.bing.com;c.lytics.io;cdn.cookielaw.org;cdn.hadronid.net;cm.g.doubleclick.net;connect.facebook.net;d.t-x.io;d.turn.com;geolocation.onetrust.com;ids.ad.gt;ids4.ad.gt;image2.pubmatic.com;match.adsrvr.org;p.ad.gt;pixel-config.reddit.com;pixel.tapad.com;prismic-images.tmol.io;promoted.ticketmaster.com;resources.xg4ken.com;s1.ticketm.net;s3.us-east-1.amazonaws.com;sc-static.net;secure.adnxs.com;secure.quantserve.com;securepubads.g.doubleclick.net;static.ads-twitter.com;stats.g.doubleclick.net;sync.go.sonobi.com;t.co;t.contentsquare.net;ticketmaster.com;token.rubiconproject.com;tr.snapchat.com;u.openx.net;uk.tmconst.com;www.google.com;www.googletagmanager.com;www.gstatic.com;www.redditstatic.com;www.ticketmaster.com
12013,fcm.googleapis.com,1,www.google.com
12015,content.ivanti.com,1,content.ivanti.com
12023,getui.com,9,cdn-getuigw.getui.com;getui.com;gt-static.getui.com;hm.baidu.com;qiyukf.com;sp0.baidu.com;tracking.getui.com;zxid-api.mobileservice.cn;zz.bdstatic.com
12024,sq-device.apple.com,1,sq-device.apple.com
12026,bw-trk.smadex.com,1,bw-trk.smadex.com
12029,bricks-co.com,14,bricks-co.com;bricksfounders.com;cdn.jsdelivr.net;cdn.prod.website-files.com;corporate.sparteo.com;d3e54v103j8qbb.cloudfront.net;matomo.platform-k8s.bricks-co.com;pbsj.bricks-co.com;sparteo.com;static.fastcmp.com;sync.sparteo.com;t.fastcmp.com;www.google.com;www.gstatic.com
12032,tenant.api.powerplatform.com,1,tenant.api.powerplatform.com
12033,v4.aga.web.us-east-1.prod.diagnostic.networking.aws.dev,1,v4.aga.web.us-east-1.prod.diagnostic.networking.aws.dev
12034,tr-tmc-geo.office.com,4,aadcdn.msftauth.net;login.microsoftonline.com;res.public.onecdn.static.microsoft;tr-tmc-geo.office.com
12036,monetixads.com,8,browser.sentry-cdn.com;frog.wix.com;monetixads.com;panorama.wixapps.net;siteassets.parastorage.com;static.parastorage.com;static.wixstatic.com;www.monetixads.com
12039,utut-service.adobe.com,1,utut-service.adobe.com
12041,voipfinderrdsliveplay1.wxqcloud.qq.com,1,voipfinderrdsliveplay1.wxqcloud.qq.com
12042,encore.scdn.co,1,encore.scdn.co
12044,adguard.com,4,adguard.com;cdn.adguardcdn.com;st.adguardcdn.com;st2.adguardcdn.com
12047,cmp2-dfw2.steamserver.net,1,cmp2-dfw2.steamserver.net
12048,jelly.mdhv.io,0,
12049,voipfinderrdsliveplay3.wxqcloud.qq.com,1,voipfinderrdsliveplay3.wxqcloud.qq.com
12050,pb.com,16,app.securiti.ai;assets.adobedtm.com;cdn-prod.securiti.ai;cm.everesttech.net;dpm.demdex.net;pagead2.googlesyndication.com;pb.com;pitneybowes.demdex.net;pitneybowes.sc.omtrdc.net;pitneybowesinc.tt.omtrdc.net;px.ads.linkedin.com;snap.licdn.com;www.googletagmanager.com;www.linkedin.com;www.pb.com;www.pitneybowes.com
12051,pbsj.bricks-co.com,1,pbsj.bricks-co.com
12052,pull-flv-l77-tt04.tiktokcdn-us.com,1,pull-flv-l77-tt04.tiktokcdn-us.com
12053,rtb-bidder.adgrx.com,1,rtb-bidder.adgrx.com
12054,image.tmdb.org,2,image.tmdb.org;www.themoviedb.org
12055,claude.ai,1,challenges.cloudflare.com
12056,synckueez.cootlogix.com,1,synckueez.cootlogix.com
12058,tags.w55c.net,1,tags.w55c.net
12059,action.media6degrees.com,1,action.media6degrees.com
12061,update-vidal.centrastage.net,1,update-vidal.centrastage.net
12063,weatherfx.com,1,weatherfx.com
12064,pix.spot.im,1,pix.spot.im
12065,stats-proto.pandora.com,1,stats-proto.pandora.com
12066,prod.weatherfx.com,3,fonts.googleapis.com;fonts.gstatic.com;prod.weatherfx.com
12067,imganalytics.com,1,imganalytics.com
12068,gamedot-config.afafb.com,1,gamedot-config.afafb.com
12069,sync.fout.jp,1,sync.fout.jp
12070,www.craigslist.org,3,geo.craigslist.org;norfolk.craigslist.org;www.craigslist.org
12071,s.imganalytics.com,1,s.imganalytics.com
12072,img-2.kwcdn.com,1,img-2.kwcdn.com
12074,mssdk16-normal-us-ttp.capcutapi.us,1,mssdk16-normal-us-ttp.capcutapi.us
12077,wetest.net,12,app.usercentrics.eu;assets.wetest.net;captcha.gtimg.com;cdn.wetest.net;rumt-us.com;t.captcha.qq.com;uct.service.usercentrics.eu;wetest.net;www.google.com;www.googletagmanager.com;www.gstatic.com;www.wetest.net
12079,freeform-river.data.ea.com,1,freeform-river.data.ea.com
12080,pull-lls-l11-sg01.tiktokcdn.com,1,pull-lls-l11-sg01.tiktokcdn.com
12084,sync.programmaticx.ai,1,sync.programmaticx.ai
12085,passwordreset.microsoftonline.com,3,ajax.aspnetcdn.com;client.ppe.repmap.microsoft.com;passwordreset.microsoftonline.com
12087,b.stripecdn.com,1,b.stripecdn.com
12088,loobygamesonline.com,12,euob.iseaskies.com;l.cdn-fileserver.com;loobygamesonline.com;msadsscale.microsoft.com;obseu.iseaskies.com;resultnetsearch.com;resultsfastfind.com;s.cdn-fileserver.com;s.yimg.com;scripts.clarity.ms;static.cloudflareinsights.com;www.loobygamesonline.com
12089,gbslo5.icloud-content.com,1,gbslo5.icloud-content.com
12090,sfepodownload.mediatek.com,1,sfepodownload.mediatek.com
12091,va-edge.sc.omtrdc.net,1,va-edge.sc.omtrdc.net
12093,gs.mountain.com,1,gs.mountain.com
12094,staticw2.yotpo.com,1,staticw2.yotpo.com
12096,simplifi.partners.tremorhub.com,1,simplifi.partners.tremorhub.com
12099,sieve.services.riotcdn.net,1,sieve.services.riotcdn.net
12104,www.hbomax.com,10,beam-images.warnermediacdn.com;braze-images.com;browser.sentry-cdn.com;c.go-mpulse.net;default.any-any.prd.api.hbomax.com;default.beam-amer.prd.api.hbomax.com;lightning.warnermediacdn.com;s.go-mpulse.net;www.googletagmanager.com;www.hbomax.com
12105,img.connatix.com,1,img.connatix.com
12106,pull-flv-f10-tt03.tiktokcdn.com,1,pull-flv-f10-tt03.tiktokcdn.com
12109,trafficjunky.com,12,accounts.google.com;alb.reddit.com;fonts.googleapis.com;pagead2.googlesyndication.com;pixel-config.reddit.com;static.trafficjunky.com;trafficjunky.com;unpkg.com;webassets.trafficjunky.com;www.google-analytics.com;www.googletagmanager.com;www.redditstatic.com
12111,www.expressapisv2.net,1,www.expressapisv2.net
12112,crashlogs.whatsapp.net,1,crashlogs.whatsapp.net
12113,api.youngle.site,1,api.youngle.site
12115,app.whiteboard.microsoft.com,6,aadcdn.msauth.net;app.whiteboard.microsoft.com;login.live.com;login.microsoftonline.com;login.windows.net;whiteboard.cloud.microsoft
12116,dv9cjr-launches.appsflyersdk.com,1,dv9cjr-launches.appsflyersdk.com
12117,cmp1-dfw2.steamserver.net,1,cmp1-dfw2.steamserver.net
12120,ads-platform.zalo.me,1,ads-platform.zalo.me
12123,tagr-gcp-odr-use1.mookie1.com,1,tagr-gcp-odr-use1.mookie1.com
12124,unagi-fe.amazon.com,1,unagi-fe.amazon.com
12125,yql.yahoo.com,98,3e990078d858005195b0fbea8d17e94f.safeframe.googlesyndication.com;aa.agkn.com;ad-delivery.net;ad.360yield.com;ads.betweendigital.com;ads.pubmatic.com;ads.yieldmo.com;ap.lijit.com;api.rlcdn.com;b1sync.outbrain.com;bb.lijit.com;bh.contextweb.com;c1.adform.net;c2shb-oao.ssp.yahoo.com;cdn.p-n.io;cdn.taboola.com;cm.g.doubleclick.net;cms.analytics.yahoo.com;consent.cmp.oath.com;creativecdn.com;cs.admanmedia.com;cs.emxdgt.com;cs.media.net;csync.loopme.me;csync.smilewanted.com;d2mqt2joll4fma.cloudfront.net;dis.criteo.com;display.bidder.taboola.com;dpm.demdex.net;eb2.3lift.com;ep1.adtrafficquality.google;eus.rubiconproject.com;exchange.kueezrtb.com;fastlane.rubiconproject.com;grid-bidder.criteo.com;guce.yahoo.com;hbopenbid.pubmatic.com;hbx.media.net;htlb.casalemedia.com;ib.adnxs.com;idx.liadm.com;image2.pubmatic.com;image4.pubmatic.com;image8.pubmatic.com;jadserve.postrelease.com;match.adsrvr.org;match.deepintent.com;match.sharethrough.com;measureadv.com;ms-cookie-sync.presage.io;ncp-gw-frontpage.media.yahoo.com;nexus-gateway-prod.media.yahoo.com;noa.yahoo.com;onetag-sys.com;opus.analytics.yahoo.com;pbs-cs.yellowblue.io;pbs-yahoo-us.ay.delivery;pbs.yahoo.com;pixel.rubiconproject.com;pm-widget.taboola.com;prebid-match.dotomi.com;prebid-server.rubiconproject.com;prebid.a-mo.net;prebid.media.net;rp.liadm.com;rtb.gumgum.com;rtb.mfadsrvr.com;rtb.openx.net;s.ad.smaato.net;s.seedtag.com;s.yimg.com;sb.scorecardresearch.com;secure-assets.rubiconproject.com;securepubads.g.doubleclick.net;signal-service.pbs.yahoo.com;ssbsync-global.smartadserver.com;ssbsync.smartadserver.com;ssc-cms.33across.com;ssp-sync.criteo.com;ssp.disqus.com;sync.go.sonobi.com;sync.ipredictive.com;sync.kueezrtb.com;sync.pmbmonetize.live;sync.srv.stackadapt.com;tlx.3lift.com;tsdtocl.com;uipglob.semasio.net;ups.analytics.yahoo.com;us-trc-events.taboola.com;us-u.openx.net;user-sync.fwmrm.net;usersync.gumgum.com;wnsrvbjmeprtfrnfx.ay.delivery;www.googletagmanager.com;www.yahoo.com;x.bidswitch.net;yql.yahoo.com
12127,conv-r.wbx2.com,1,conv-r.wbx2.com
12129,is.snssdk.com,1,is.snssdk.com
12132,www.disneyplus.com,22,8397396.fls.doubleclick.net;ad.doubleclick.net;adservice.google.com;analytics-ipv6.tiktokw.us;analytics.tiktok.com;assets.adobedtm.com;bat.bing.com;cdn.cookielaw.org;client-sdk-configs.bamgrid.com;cnbl-cdn.bamgrid.com;disney.demdex.net;disney.images.edge.bamgrid.com;googleads.g.doubleclick.net;prod-static.disney-plus.net;s.yimg.com;sanalytics.disneyplus.com;sc-static.net;static-assets.bamgrid.com;www.disneyplus.com;www.facebook.com;www.google.com;www.googletagmanager.com
12133,adfstat.yandex.ru,1,adfstat.yandex.ru
12134,events.goskope.com,1,events.goskope.com
12135,openx-ums.acuityplatform.com,1,openx-ums.acuityplatform.com
12136,origin.amazon-ads-attestation.com,1,origin.amazon-ads-attestation.com
12137,log32-normal-alisg.tiktokv.com,1,log32-normal-alisg.tiktokv.com
12138,kakao.com,9,connect.facebook.net;developers.kakao.com;kakao.com;stat.tiara.kakaocorp.com;t1.daumcdn.net;t1.kakaocdn.net;webid.ad.daum.net;www.googletagmanager.com;www.kakaocorp.com
12139,fa000000059.resources.office.net,1,fa000000059.resources.office.net
12141,serve.aritypmp.com,1,serve.aritypmp.com
12142,windowsazure.com,59,a.tribalfusion.com;accdn-vip.lpsnmedia.net;alb.reddit.com;analytics.tiktok.com;analytics.twitter.com;api.company-target.com;assets.adobedtm.com;azure.microsoft.com;bat.bing.com;browser.events.data.microsoft.com;c.go-mpulse.net;c.s-microsoft.com;cdn-dynmedia-1.microsoft.com;cm.everesttech.net;cm.g.doubleclick.net;cms.analytics.yahoo.com;cms.quantserve.com;dc.ads.linkedin.com;dpm.demdex.net;dsum-sec.casalemedia.com;edge.adobedc.net;googleads.g.doubleclick.net;ib.adnxs.com;id.rlcdn.com;idpix.media6degrees.com;jadserve.postrelease.com;js.monitor.azure.com;lptag.liveperson.net;match.adsrvr.org;msftenterprise.sc.omtrdc.net;partners.tremorhub.com;pixel.rubiconproject.com;play.vidyard.com;publisher.liveperson.net;px.owneriq.net;rtd-tm.everesttech.net;rtd.tubemogul.com;rum.hlx.page;s.clarity.ms;s.company-target.com;s.go-mpulse.net;scripts.clarity.ms;segments.company-target.com;servedby.flashtalking.com;signup.azure.com;static-assets.fs.liveperson.com;tag-logger.demandbase.com;tag.demandbase.com;target.microsoft.com;uhf.microsoft.com;ups.analytics.yahoo.com;va-vip.v.liveperson.net;wcpstatic.microsoft.com;windowsazure.com;www.clarity.ms;www.facebook.com;www.google.com;www.linkedin.com;www.microsoft.com
12143,api.ok.ru,1,api.ok.ru
12144,hiveplayer-static.bamgrid.com,1,hiveplayer-static.bamgrid.com
12145,gcdsdk.appsflyersdk.com,1,gcdsdk.appsflyersdk.com
12146,get.sogou.com,1,get.sogou.com
12149,utoken.umeng.com,23,92zfol.tdum.alibaba.com;assets.alicdn.com;at.alicdn.com;cf.aliyun.com;cm.mediav.com;err.taobao.com;error.taobao.com;fourier.taobao.com;fragment.tmall.com;g.alicdn.com;gm.mmstat.com;gtms04.alicdn.com;gw.alicdn.com;h5api.m.taobao.com;img.alicdn.com;log.mmstat.com;o.alicdn.com;pc-growht-rta.taobao.com;pcookie.taobao.com;s-gm.mmstat.com;umdcv4.taobao.com;utoken.umeng.com;ynuf.aliapp.org
12150,bvc-hac-lp1.cdn.nintendo.net,1,bvc-hac-lp1.cdn.nintendo.net
12151,css.rbxcdn.com,1,css.rbxcdn.com
12152,r.turn.com,5,assets.amobee.com;login.amobee.com;platform.amobee.com;r.turn.com;www.datadoghq-browser-agent.com
12157,asqzwp4gpyut7.us-east-1.prod.service.minerva.devices.a2z.com,1,asqzwp4gpyut7.us-east-1.prod.service.minerva.devices.a2z.com
12158,sns-na-i2.xhscdn.com,1,sns-na-i2.xhscdn.com
12161,print.microsoft.com,17,assets.adobedtm.com;browser.events.data.microsoft.com;c.s-microsoft.com;cdn-dynmedia-1.microsoft.com;edge.adobedc.net;golf.rendering.prod.mscas.io;js.monitor.azure.com;login.live.com;login.microsoftonline.com;mem.gfx.ms;play.vidyard.com;print.microsoft.com;rum.hlx.page;target.microsoft.com;uhf.microsoft.com;wcpstatic.microsoft.com;www.microsoft.com
12162,cloud.tencent.com,17,act-api.cloud.tencent.com;buy.qcloudimg.com;cdn-go.cn;cloud.tencent.com;cloudcache.tencent-cloud.com;cloudcache.tencentcs.com;dscache.tencent-cloud.cn;ewp.cloud.tencent.com;googleads.g.doubleclick.net;helix.cloud.tencent.com;opc.cloud.tencent.com;ping.cloud.tencent.com;qcloudimg.tencent-cloud.cn;rumt-zh.com;sensors.cloud.tencent.com;www.google.com;www.googletagmanager.com
12163,hb-analytics.nextmillmedia.com,1,hb-analytics.nextmillmedia.com
12164,mid4.linkedin.com,1,mid4.linkedin.com
12165,go.affec.tv,1,go.affec.tv
12168,trace.popin.cc,1,trace.popin.cc
12169,api-us.bidmachine.io,1,api-us.bidmachine.io
12172,eu.checkin.dm.microsoft.com,1,eu.checkin.dm.microsoft.com
12173,sc0aws.rbxcdn.com,1,sc0aws.rbxcdn.com
12175,v.whatsapp.net,1,v.whatsapp.net
12177,usher.ttvnw.net,1,usher.ttvnw.net
12178,assets.activity.windows.com,1,assets.activity.windows.com
12179,exponea.com,17,analytics.google.com;api.exponea.com;c.navattic.com;cdn-cookieyes.com;directory.cookieyes.com;exponea.com;fonts.googleapis.com;fonts.gstatic.com;forms-na1.hsforms.com;forms.hsforms.com;js.hsforms.net;log.cookieyes.com;stats.g.doubleclick.net;tour.bloomreach.com;www.bloomreach.com;www.google.com;www.googletagmanager.com
12181,apps.overwolf.com,1,apps.overwolf.com
12183,glance.net,46,22036085.fs1.hubspotusercontent-na1.net;22036085.hs-sites.com;alb.reddit.com;api.ipify.org;aplo-evnt.com;app.hubspot.com;assets.anytrack.io;assets.apollo.io;bat.bing.com;browser.sentry-cdn.com;c.clarity.ms;cdn.metadata.io;cdnjs.cloudflare.com;distillery.wistia.com;embed-ssl.wistia.com;fast.wistia.com;fast.wistia.net;glance.net;googleads.g.doubleclick.net;js.hs-analytics.net;js.hs-banner.com;js.hscollectedforms.net;js.hubspot.com;js.zi-scripts.com;perf-na1.hsforms.com;pipedream.wistia.com;pixel-config.reddit.com;px.ads.linkedin.com;s.clarity.ms;scout-cdn.salesloft.com;scout.salesloft.com;scripts.clarity.ms;snap.licdn.com;static.hsappstatic.net;tag.clearbitscripts.com;unpkg.com;ws.zoominfo.com;www.clarity.ms;www.glance.cx;www.glancecdn.net;www.google-analytics.com;www.google.com;www.googleadservices.com;www.googletagmanager.com;www.linkedin.com;www.redditstatic.com
12184,espn.hb-api.omtrdc.net,1,espn.hb-api.omtrdc.net
12186,api.hubspot.com,22,53.fs1.hubspotusercontent-na1.net;analytics.google.com;api.hubspot.com;cdn2.hubspot.net;cta-service-cms2.hubspot.com;developers.hubspot.com;fonts.googleapis.com;hubspot.statuspage.io;js.hs-analytics.net;js.hs-banner.com;js.hsadspixel.net;js.hsforms.net;js.hubspotfeedback.com;js.usemessages.com;perf-na1.hsforms.com;static.hsappstatic.net;stats.g.doubleclick.net;wtcfns.hubspot.com;www.google-analytics.com;www.googletagmanager.com;www.hubspot.com;www.wthubspot.com
12187,socialcanvas-cdn.kargo.com,1,socialcanvas-cdn.kargo.com
12190,ss.phncdn.com,1,ss.phncdn.com
12192,imptracking.com,1,imptracking.com
12193,iad-2-sync.go.sonobi.com,1,iad-2-sync.go.sonobi.com
12200,a0.muscache.com,22,a0.muscache.com;ad.doubleclick.net;adservice.google.com;analytics.google.com;cm.g.doubleclick.net;ct.pinterest.com;d0a7e.airbnb.com;d34r8q7sht0t9k.cloudfront.net;googleads.g.doubleclick.net;ib.adnxs.com;insight.adsrvr.org;ipv4.pdscrb.com;js.adsrvr.org;pixel.rubiconproject.com;stats.g.doubleclick.net;tr.snapchat.com;verifi.pdscrb.com;www.airbnb.com;www.facebook.com;www.google.com;www.googleadservices.com;www.googletagmanager.com
12203,redsky.target.com,1,redsky.target.com
12204,napps-1.com,1,napps-1.com
12206,sns-na-i4.xhscdn.com,1,sns-na-i4.xhscdn.com
12209,trak.rbxcdn.com,1,trak.rbxcdn.com
12210,events.insiad.com,1,events.insiad.com
12213,reputation-us-06.fortiedr.com,1,reputation-us-06.fortiedr.com
12215,trancare.transsion-os.com,1,trancare.transsion-os.com
12216,v4.aga.web.eu-west-1.prod.diagnostic.networking.aws.dev,1,v4.aga.web.eu-west-1.prod.diagnostic.networking.aws.dev
12217,www.cust-service.com,1,www.cust-service.com
12219,asia-vcode-api.vivoglobal.com,1,asia-vcode-api.vivoglobal.com
12221,tag-logger.demandbase.com,1,tag-logger.demandbase.com
12224,mothership.dtc.datto.com,1,mothership.dtc.datto.com
12225,mobile-dssf-prod.cmtelematics.com,1,mobile-dssf-prod.cmtelematics.com
12226,reputation-us-05.fortiedr.com,1,reputation-us-05.fortiedr.com
12227,static.trafficjunky.com,1,static.trafficjunky.com
12228,mpc-prod-25-s6uit34pua-wl.a.run.app,0,
12229,gecko31-normal-useast1a.tiktokv.com,1,gecko31-normal-useast1a.tiktokv.com
12230,ic-tt-nss.xhpingcdn.com,1,ic-tt-nss.xhpingcdn.com
12231,adster.tech,11,adster.tech;analytics.google.com;assets.calendly.com;fonts.googleapis.com;fonts.gstatic.com;googleads.g.doubleclick.net;static.cloudflareinsights.com;stats.g.doubleclick.net;storage.googleapis.com;www.google.com;www.googletagmanager.com
12234,reputation-us-04.fortiedr.com,1,reputation-us-04.fortiedr.com
12235,reputation-us-02.fortiedr.com,1,reputation-us-02.fortiedr.com
12236,reputation-us-03.fortiedr.com,1,reputation-us-03.fortiedr.com
12237,cat.da.us.criteo.com,1,cat.da.us.criteo.com
12238,s.richaudience.com,1,s.richaudience.com
12239,reputation-us-07.fortiedr.com,1,reputation-us-07.fortiedr.com
12240,agentsn.msua04.manage.microsoft.com,1,agentsn.msua04.manage.microsoft.com
12242,reputation-eu-04.fortiedr.com,1,reputation-eu-04.fortiedr.com
12244,psn-rsc.prod.dl.playstation.net,1,psn-rsc.prod.dl.playstation.net
12245,push.yandex.ru,1,push.yandex.ru
12246,reputation-us-01.fortiedr.com,1,reputation-us-01.fortiedr.com
12247,account-public-service-prod.ol.epicgames.com,1,account-public-service-prod.ol.epicgames.com
12248,connect.rom.miui.com,1,connect.rom.miui.com
12250,data-na.amazon.com,2,data-na.amazon.com;g-ecx.images-amazon.com
12251,browser-notifications.opera.com,1,browser-notifications.opera.com
12252,assets-tracking.crazyegg.com,1,assets-tracking.crazyegg.com
12254,adreq.adster.tech,1,adreq.adster.tech
12255,pandora-ios.client-config.siriusxm.com,1,pandora-ios.client-config.siriusxm.com
12256,js.usemessages.com,1,js.usemessages.com
12257,syncf.tubemogul.com,2,syncf-tm.everesttech.net;syncf.tubemogul.com
12258,www.bilibili.com,8,api.bilibili.com;api.live.bilibili.com;data.bilibili.com;i0.hdslb.com;i1.hdslb.com;i2.hdslb.com;s1.hdslb.com;www.bilibili.com
12259,api.dashlane.com,1,api.dashlane.com
12266,v53.tiktokcdn.com,1,v53.tiktokcdn.com
12268,eventstreamappgw.prod.v2.gws.ring.amazon.dev,1,eventstreamappgw.prod.v2.gws.ring.amazon.dev
12270,flirtify.com,7,accounts.google.com;flirtify.com;fonts.googleapis.com;fonts.gstatic.com;static.flirtify.com;video.flirtify.com;www.googletagmanager.com
12271,osb-apps.samsungqbe.com,1,osb-apps.samsungqbe.com
12272,appconfigs.disney-plus.net,1,appconfigs.disney-plus.net
12274,sc0ak.rbxcdn.com,1,sc0ak.rbxcdn.com
12275,stnvideo.com,20,analytics.google.com;buttons-config.sharethis.com;connect.facebook.net;embed.sendtonews.com;eventer-player.bqstreamer.com;fonts.googleapis.com;fonts.gstatic.com;googleads.g.doubleclick.net;l.sharethis.com;mp.mmvideocdn.com;pi.pardot.com;platform-api.sharethis.com;px.ads.linkedin.com;snap.licdn.com;stnvideo.com;w.chatlio.com;www.google-analytics.com;www.google.com;www.googletagmanager.com;www.linkedin.com
12276,news-todayconfig-edge.apple.com,1,news-todayconfig-edge.apple.com
12279,app.smartsheet.com,2,app.smartsheet.com;portal-ui.authn.smartsheet.com
12281,us-api.archive-digger.com,1,us-api.archive-digger.com
12282,arl.assets.apl-alexa.com,1,arl.assets.apl-alexa.com
12284,fxgateway.svc.cloud.microsoft,1,fxgateway.svc.cloud.microsoft
12286,etahub.com,1,etahub.com
12287,us-west-tlx.3lift.com,4,divp3w86nodu0.cloudfront.net;fonts.googleapis.com;fonts.gstatic.com;us-west-tlx.3lift.com
12289,wdl1.pcfg.cache.wpscdn.com,1,wdl1.pcfg.cache.wpscdn.com
12290,h.costco.com,1,h.costco.com
12291,ops-gx.nvidia.com,1,ops-gx.nvidia.com
12293,sc-sa.dramaboxdb.com,1,sc-sa.dramaboxdb.com
12294,sb.teams.static.microsoft,1,sb.teams.static.microsoft
12296,eventstreamappgw.us-east-1.prod.v2.gws.ring.amazon.dev,1,eventstreamappgw.us-east-1.prod.v2.gws.ring.amazon.dev
12297,flow.logitech.io,1,flow.logitech.io
12298,identity.doordash.com,2,challenges.cloudflare.com;static.cloudflareinsights.com
12299,preprod.amazoncrl.com,1,preprod.amazoncrl.com
12300,client-update.akamai.steamstatic.com,1,client-update.akamai.steamstatic.com
12302,smp-paymentservices.apple.com,1,smp-paymentservices.apple.com
12304,movies.youversionapi.com,1,movies.youversionapi.com
12305,abrkr43ghe3s.na.api.amazonvideo.com,1,abrkr43ghe3s.na.api.amazonvideo.com
12306,ca.slack-edge.com,3,a.slack-edge.com;ca.slack-edge.com;slack-infra-latency.slack.com
12307,doppler.hulu.com,1,doppler.hulu.com
12308,remote-config-prd.uca.cloud.unity3d.com,1,remote-config-prd.uca.cloud.unity3d.com
12311,www.target.com,30,arw46ksdmetpv27uigwkdyperbyx4tlnaaaad656ejy.mcl.io;assets.adobedtm.com;assets.targetimg1.com;cdn.dv.tech;cdn.speedcurve.com;client.px-cloud.net;cm.everesttech.net;collector-pxgwpp4wus.px-cloud.net;dc2b1de2a72a3800aa4bffe5b87b1b37.safeframe.googlesyndication.com;dpm.demdex.net;edge.fullstory.com;ep1.adtrafficquality.google;ep2.adtrafficquality.google;js.mcl.io;lux.speedcurve.com;mcl.spur.us;pagead2.googlesyndication.com;ponos.zeronaught.com;pub.doubleverify.com;pub.dv.tech;resources.digital-cloud.medallia.com;rs.fullstory.com;securepubads.g.doubleclick.net;target.scene7.com;tpc.googlesyndication.com;tps.doubleverify.com;tzm.px-cloud.net;vtrk.dv.tech;www.google.com;www.target.com
12312,agnss.goog,1,agnss.goog
12316,b.scorecardresearch.com,1,b.scorecardresearch.com
12318,api.aurogon.intl.miui.com,1,api.aurogon.intl.miui.com
12320,pull-lls-l1-va01.tiktokcdn.com,1,pull-lls-l1-va01.tiktokcdn.com
12322,pix-ht.trafficjunky.net,1,pix-ht.trafficjunky.net
12323,vidal.rmm.datto.com,5,auth.datto.com;ka-p.fontawesome.com;kit.fontawesome.com;vidal.rmm.datto.com;walkme.portal.datto.com
12324,dsp.adfarm1.adition.com,1,dsp.adfarm1.adition.com
12325,pull-w5-sg01.fcdn.eu.tiktokcdn.com,1,pull-w5-sg01.fcdn.eu.tiktokcdn.com
12326,static.nvidiagrid.net,1,static.nvidiagrid.net
12327,vkvideo.ru,42,ad.mail.ru;akashi.vk-portal.net;api.vkvideo.ru;connectivitycheck.gstatic.com;gstatic.com;login.vk.com;mc.yandex.ru;r.mradx.net;st.vkvideo.ru;stats.vk-portal.net;sun9-11.userapi.com;sun9-15.userapi.com;sun9-17.userapi.com;sun9-2.userapi.com;sun9-23.userapi.com;sun9-24.userapi.com;sun9-27.userapi.com;sun9-30.userapi.com;sun9-31.userapi.com;sun9-33.userapi.com;sun9-35.userapi.com;sun9-40.userapi.com;sun9-41.userapi.com;sun9-48.userapi.com;sun9-52.userapi.com;sun9-56.userapi.com;sun9-57.userapi.com;sun9-59.userapi.com;sun9-6.userapi.com;sun9-62.userapi.com;sun9-63.userapi.com;sun9-64.userapi.com;sun9-67.userapi.com;sun9-70.userapi.com;sun9-71.userapi.com;sun9-8.userapi.com;sun9-81.userapi.com;sun9-82.userapi.com;sun9-83.userapi.com;sun9-88.userapi.com;sun9-9.userapi.com;vkvideo.ru
12331,synco.teads.tv,3,fonts.googleapis.com;fonts.gstatic.com;synco.teads.tv
12332,adfinitys.com,5,adfinitys.com;ajax.googleapis.com;fonts.googleapis.com;fonts.gstatic.com;unpkg.com
12333,cont-5.p-cdn.us,1,cont-5.p-cdn.us
12335,discovery.dm.microsoft.com,1,discovery.dm.microsoft.com
12338,tr-tmc-afd.office.com,1,tr-tmc-afd.office.com
12340,api.familyzone.com,1,api.familyzone.com
12342,rebuyengine.com,16,21490690.fs1.hubspotusercontent-na1.net;21490690.hs-sites.com;cta-service-cms2.hubspot.com;fonts.googleapis.com;fonts.gstatic.com;forms-na1.hsforms.com;js.hs-analytics.net;js.hs-banner.com;js.hsadspixel.net;js.hscollectedforms.net;js.hubspot.com;p.typekit.net;perf-na1.hsforms.com;rebuyengine.com;use.typekit.net;www.rebuyengine.com
12344,api-cdn.yotpo.com,1,api-cdn.yotpo.com
12347,trace.adfinitys.com,1,trace.adfinitys.com
12349,perchsecurity.com,30,6046319.global.siteimproveanalytics.io;alb.reddit.com;cdn.cookielaw.org;cdn.jsdelivr.net;cdn.optimizely.com;cdn3.optimizely.com;cdnjs.cloudflare.com;challenges.cloudflare.com;connect.facebook.net;fast.wistia.com;geolocation.onetrust.com;googleads.g.doubleclick.net;images.unsplash.com;js.qualified.com;lp.connectwise.com;ob.fishrobotflower.com;obs.fishrobotflower.com;p.typekit.net;page.connectwise.com;perchsecurity.com;pixel-config.reddit.com;s.usea01.idio.episerver.net;siteimproveanalytics.com;use.typekit.net;widget.trustpilot.com;www.connectwise.com;www.google.com;www.googleadservices.com;www.perchsecurity.com;www.redditstatic.com
12350,banner.appsflyer.com,1,banner.appsflyer.com
12353,pull-flv-l1-va01.tiktokrow-cdn.com,1,pull-flv-l1-va01.tiktokrow-cdn.com
12354,pull-flv-l11-sg01.tiktokrow-cdn.com,1,pull-flv-l11-sg01.tiktokrow-cdn.com
12355,api-us.cloud.com,1,api-us.cloud.com
12358,sso.dzen.ru,1,sso.dzen.ru
12359,cont-4.p-cdn.us,1,cont-4.p-cdn.us
12360,cont-3.p-cdn.us,1,cont-3.p-cdn.us
12361,atom.peacocktv.com,1,atom.peacocktv.com
12362,fast.wistia.com,41,44.228.85.26;alb.reddit.com;analytics-ipv6.tiktokw.us;analytics.tiktok.com;analytics.twitter.com;api.cr-relay.com;app-assets.wistia.com;bat.bing.com;browser.sentry-cdn.com;cdn.cr-relay.com;connect.facebook.net;d1wkvjvkgmsn1g.cloudfront.net;d2iok8515ir7ba.cloudfront.net;distillery.wistia.com;dx.mountain.com;embed-cloudfront.wistia.com;events.fivetran.com;fast.wistia.com;googleads.g.doubleclick.net;grsm.io;js-na1.hs-scripts.com;js.hs-banner.com;js.hubspot.com;js.partnerstack.com;partnerlinks.io;perf-na1.hsforms.com;pipedream.wistia.com;pixel-config.reddit.com;px.ads.linkedin.com;snap.licdn.com;static.ads-twitter.com;t.co;tag.clearbitscripts.com;try.wistia.com;wistia.com;www.facebook.com;www.google-analytics.com;www.google.com;www.googletagmanager.com;www.linkedin.com;www.redditstatic.com
12364,updates.logitech.com,15,cdn.jsdelivr.net;cdn.yellowmessenger.com;cdnjs.cloudflare.com;code.jquery.com;logitechlogitechglobal.112.2o7.net;r4-ym-uploads.s3-us-west-2.amazonaws.com;r4.app.yellow.ai;stackpath.bootstrapcdn.com;static.zdassets.com;support.logi.com;tags.tiqcdn.com;updates.logitech.com;use.fontawesome.com;www.google-analytics.com;www.googletagmanager.com
12365,shopee.vn,8,analytics.google.com;connect.facebook.net;content.garena.com;deo.shopeemobile.com;shopee.vn;stats.g.doubleclick.net;www.google.com;www.googletagmanager.com
12369,svcs.vc.logitech.com,1,svcs.vc.logitech.com
12372,pull-cmaf-f77-sg01.tiktokcdn-us.com,1,pull-cmaf-f77-sg01.tiktokcdn-us.com
12373,na136.epm.cyberark.com,1,na136.epm.cyberark.com
12374,sdwan.measure.office.com,1,sdwan.measure.office.com
12375,sdkeventfnt-us.dsp-api.moloco.com,1,sdkeventfnt-us.dsp-api.moloco.com
12378,honor.zuimeitianqi.com,1,honor.zuimeitianqi.com
12379,cambridge.org,2,cambridge.org;challenges.cloudflare.com
12380,hotapi16-normal-alisg.tiktokv.com,1,hotapi16-normal-alisg.tiktokv.com
12381,o17585.ingest.sentry.io,1,o17585.ingest.sentry.io
12382,cont.p-cdn.us,1,cont.p-cdn.us
12384,mp.mmvideocdn.com,1,mp.mmvideocdn.com
12385,dns.adguard.com,5,adguard-dns.io;cdn.adguardcdn.com;dns.adguard.com;st.adguardcdn.com;st2.adguardcdn.com
12386,insurance-individuals.wildberries.ru,1,insurance-individuals.wildberries.ru
12388,pbs.nextmillmedia.com,1,pbs.nextmillmedia.com
12389,pull-flv-f1-tt03.tiktokcdn.com,1,pull-flv-f1-tt03.tiktokcdn.com
12390,pull-lls-l1-sg01.tiktokcdn.com,1,pull-lls-l1-sg01.tiktokcdn.com
12391,ultipro.com,3,performance.radar.cloudflare.com;static.cloudflareinsights.com;ultipro.com
12395,webxtsvc.microsoft.com,1,webxtsvc.microsoft.com
12396,gllto.glpals.com,1,gllto.glpals.com
12397,resources.ninjarmm.com,1,resources.ninjarmm.com
12398,usea1-pax8-03.sentinelone.net,3,cdn.pendo.io;content.pendo.sentinelone.net;usea1-pax8-03.sentinelone.net
12399,k-us1.az.contentsquare.net,1,k-us1.az.contentsquare.net
12402,dp.signifyd.com,1,dp.signifyd.com
12404,mpc-prod-14-s6uit34pua-ue.a.run.app,0,
12407,ux.21cn.com,1,ux.21cn.com
12409,fitbit-pa.googleapis.com,0,
12411,st.dynamicyield.com,1,st.dynamicyield.com
12413,video.flirtify.com,2,error.c.cdn77.org;video.flirtify.com
12417,azad.adsrvr.org,1,azad.adsrvr.org
12418,dns.weixin.qq.com,1,dns.weixin.qq.com
12419,p16-tako-img-gen-useast5.tiktokcdn-us.com,1,p16-tako-img-gen-useast5.tiktokcdn-us.com
12421,c6.paypal.com,1,c6.paypal.com
12423,ct.canva.com,0,
12426,cryptauthvault.googleapis.com,1,www.google.com
12427,prod-images.merino.prod.webservices.mozgcp.net,1,prod-images.merino.prod.webservices.mozgcp.net
12430,some.growplow.events,1,some.growplow.events
12432,openstreetmap.org,3,matomo.openstreetmap.org;openstreetmap.org;tile.openstreetmap.org
12433,video-api.yql.yahoo.com,1,video-api.yql.yahoo.com
12435,google.co.in,3,ogads-pa.clients6.google.com;play.google.com;www.gstatic.com
12438,rcp.c.appier.net,1,rcp.c.appier.net
12439,nexus-gateway-prod.media.yahoo.com,1,nexus-gateway-prod.media.yahoo.com
12441,cont-2.p-cdn.us,1,cont-2.p-cdn.us
12442,api-emea.flightproxy.teams.microsoft.com,1,api-emea.flightproxy.teams.microsoft.com
12443,nbcnews.com,114,1a8b2fd19fd87c9f0d08b8abb1f21512.safeframe.googlesyndication.com;8168974.fls.doubleclick.net;9f6bc946ffc84f39ba7761ec18f6d85f.mediatailor.us-east-1.amazonaws.com;aamt.nbcnews.com;aax-eu.amazon-adsystem.com;aax.amazon-adsystem.com;ad.doubleclick.net;ad.turn.com;ads.trustx.org;adservice.google.com;ak.sail-horizon.com;api.lightboxcdn.com;assets.adobedtm.com;ats.rlcdn.com;buy.tinypass.com;c.amazon-adsystem.com;c.tvpixel.com;c2.piano.io;capi.connatix.com;cdn.cookielaw.org;cdn.cxense.com;cdn.doubleverify.com;cdn.parsely.com;cdn.taboola.com;ce.lijit.com;client.aps.amazon-adsystem.com;cm-mx.advolve.io;cm.g.doubleclick.net;cms.analytics.yahoo.com;cms.quantserve.com;config.aps.amazon-adsystem.com;cookiesync.mparticle.com;cs.media.net;csync.loopme.me;dpm.demdex.net;ds.reson8.com;entitlements.jwplayer.com;ep1.adtrafficquality.google;ep2.adtrafficquality.google;eus.rubiconproject.com;experience.tinypass.com;experiments.parsely.com;fastlane.rubiconproject.com;fonts.gstatic.com;geo.privacymanager.io;geolocation.onetrust.com;grid-bidder.criteo.com;gum.criteo.com;hbopenbid.pubmatic.com;i.liadm.com;ib.adnxs.com;id.rlcdn.com;image2.pubmatic.com;image4.pubmatic.com;image8.pubmatic.com;jssdkcdns.mparticle.com;jssdks.mparticle.com;krk2.kargo.com;live-oneapp-prd-news.akamaized.net;live.primis.tech;match.adsrvr.org;match.prod.bidr.io;media-cldnry.s-nbcnews.com;micro.rubiconproject.com;mid.rkdms.com;mps.nbcuni.com;mssl.fwmrm.net;nbcnews.com;nbcu.demdex.net;nbcu.track.securedvisit.com;nodeassets.nbcnews.com;p.skimresources.com;p.tvpixel.com;p1.parsely.com;p1cluster.cxense.com;pagead2.googlesyndication.com;pixel-us-east.rubiconproject.com;pixel.rubiconproject.com;platform.iteratehq.com;polarcdn-engine.com;polarcdn-terrax.com;prebid-a.rubiconproject.com;prodamdnewsencoding.akamaized.net;pub.doubleverify.com;px.ads.linkedin.com;r.skimresources.com;reachms.bfmio.com;rtb.openx.net;s.amazon-adsystem.com;s.go-mpulse.net;s.skimresources.com;sb.scorecardresearch.com;securepubads.g.doubleclick.net;ssl.p.jwpcdn.com;ssum.casalemedia.com;static.polarcdn.com;sync.bfmio.com;sync.intentiq.com;t.skimresources.com;tag.researchnow.com;targeting.unrulymedia.com;tlx.3lift.com;token.rubiconproject.com;tpc.googlesyndication.com;tru.am;ups.analytics.yahoo.com;us-trc-events.taboola.com;usasync01.admantx.com;video-ads-module.ad-tech.nbcuni.com;vtrk.dv.tech;www.google.com;www.googletagmanager.com;www.lightboxcdn.com;www.nbcnews.com
12444,google.com.sg,3,ogads-pa.clients6.google.com;play.google.com;www.gstatic.com
12447,enterprise-safebrowsing.googleapis.com,1,www.google.com
12452,security-app.eufylife.com,1,security-app.eufylife.com
12454,agent.us.rocketcyber.com,1,agent.us.rocketcyber.com
12455,api.viber.com,1,api.viber.com
12456,slsrole-intl.alicdn.com,1,slsrole-intl.alicdn.com
12457,inspquality.ehome.21cn.com,1,inspquality.ehome.21cn.com
12458,pull-flv-q1-va01.tiktokcdn.com,1,pull-flv-q1-va01.tiktokcdn.com
12460,cte.ux.21cn.com,1,cte.ux.21cn.com
12461,a.gdfsnt.com,1,a.gdfsnt.com
12464,smartdeploy.com,50,4epx8ghenz.kameleoon.io;794-hyu-673.mktoresp.com;alb.reddit.com;analytics.google.com;analytics.twitter.com;bat.bing.com;c.clarity.ms;cdn.c360a.salesforce.com;cdn.cookielaw.org;cdn.mouseflow.com;cdn.optimizely.com;connect.facebook.net;dpm.demdex.net;geolocation.onetrust.com;googleads.g.doubleclick.net;h0ygkn30mnrgk9d0g1yw8zlcgm.c360a.salesforce.com;idsync.rlcdn.com;images.ctfassets.net;js.hs-analytics.net;js.hs-banner.com;js.hs-scripts.com;js.usemessages.com;loadm.exelator.com;logx.optimizely.com;munchkin.marketo.net;na-data.kameleoon.io;pixel-a.basis.net;pixel-config.reddit.com;pixel-sync.sitescout.com;pixel.sitescout.com;pixel.tapad.com;px.ads.linkedin.com;s.clarity.ms;scripts.clarity.ms;smartdeploy.com;snap.licdn.com;static.ads-twitter.com;stats.g.doubleclick.net;sync.crwdcntrl.net;t.co;track.hubspot.com;tracking-api.g2.com;up.pixel.ad;www.clarity.ms;www.google-analytics.com;www.google.com;www.googletagmanager.com;www.linkedin.com;www.redditstatic.com;www.smartdeploy.com
12465,tydevice.com,1,tydevice.com
12466,frontier-sg.capcut.com,1,frontier-sg.capcut.com
12467,metrics-dra.dt.hihonorcloud.com,1,metrics-dra.dt.hihonorcloud.com
12469,pull-flv-o1-sg01.tiktokcdn.com,1,pull-flv-o1-sg01.tiktokcdn.com
12471,proofpoint.com,27,309-rhv-619.mktoresp.com;arclight.vimeo.com;bam.nr-data.net;cdn.cookielaw.org;dev.visualwebsiteoptimizer.com;epsilon.6sense.com;f.vimeocdn.com;fonts.googleapis.com;fonts.gstatic.com;geoip-js.com;geolocation.onetrust.com;googleads.g.doubleclick.net;ipv6.6sc.co;j.6sc.co;js-agent.newrelic.com;js.qualified.com;layer.proofpoint.com;munchkin.marketo.net;player.vimeo.com;proofpoint.com;secure.adnxs.com;vimeo.com;www.google.com;www.googleadservices.com;www.googletagmanager.com;www.proofpoint.com;www.vimeo.com
12474,ec.pcms.apple.com,1,ec.pcms.apple.com
12480,desktop.centegix.com,1,desktop.centegix.com
12482,cr-p11.ladsp.com,1,cr-p11.ladsp.com
12483,lgincdnmsftuswe2.azureedge.net,1,lgincdnmsftuswe2.azureedge.net
12484,cdn.media.amplience.net,1,cdn.media.amplience.net
12486,powerreviews.com,11,analytics.ahrefs.com;cdn-cookieyes.com;directory.cookieyes.com;js.zi-scripts.com;kit.fontawesome.com;log.cookieyes.com;powerreviews.com;pro.fontawesome.com;ws-assets.zoominfo.com;ws.zoominfo.com;www.powerreviews.com
12487,oxp.mxptint.net,1,oxp.mxptint.net
12489,edge-mobile-static.azureedge.net,1,edge-mobile-static.azureedge.net
12491,gw-is.iads.unity3d.com,1,gw-is.iads.unity3d.com
12493,p16-tako-img-gen-useast8.tiktokcdn-us.com,1,p16-tako-img-gen-useast8.tiktokcdn-us.com
12496,saservices.dell.com,1,saservices.dell.com
12498,adminwebservice.microsoftonline.com,1,adminwebservice.microsoftonline.com
12499,telemetry.visualstudio.microsoft.com,1,telemetry.visualstudio.microsoft.com
12500,api.pushnami.com,1,api.pushnami.com
12502,dianping.com,8,cps.dianping.com;dianping.com;lx1.meituan.net;m.dianping.com;s0.meituan.net;s3.meituan.net;www.dianping.com;www.dpfile.com
12503,targetednotifications-tm.trafficmanager.net,1,targetednotifications-tm.trafficmanager.net
12506,pdmp.dcapi.dmp.3lift.com,1,pdmp.dcapi.dmp.3lift.com
12507,content.rocketcyber.com,1,content.rocketcyber.com
12508,vod-hulu-akc-na.media.dssott.com,1,vod-hulu-akc-na.media.dssott.com
12511,prg-apac.smartadserver.com,1,prg-apac.smartadserver.com
12514,fb788ee3e13c37e386c4fc5c50068dbd4f2d37ac192335d0d1dfd07cb52635b.us-east-1.prod.service.minerva.devices.a2z.com,1,fb788ee3e13c37e386c4fc5c50068dbd4f2d37ac192335d0d1dfd07cb52635b.us-east-1.prod.service.minerva.devices.a2z.com
12515,us-east.ads.audio.thisisdax.com,1,us-east.ads.audio.thisisdax.com
12516,ariane.abtasty.com,1,ariane.abtasty.com
12517,events-dca.bidder.kayzen.io,1,events-dca.bidder.kayzen.io
12520,calendar-pa.clients6.google.com,1,www.google.com
12522,beacon.walmart.com,1,beacon.walmart.com
12523,slc.stats.paypal.com,1,slc.stats.paypal.com
12525,sapphire-api.target.com,1,sapphire-api.target.com
12527,ingest.perchsecurity.com,1,ingest.perchsecurity.com
12528,androidtvgtvmfe-pa.googleapis.com,1,www.google.com
12531,updates.vc.logitech.com,1,updates.vc.logitech.com
12535,retail.rpay.roku.com,1,retail.rpay.roku.com
12537,update.intl.miui.com,1,update.intl.miui.com
12538,api16-log-sg2.pangle.io,1,api16-log-sg2.pangle.io
12543,p16-common-sign-useastred.tiktokcdn-eu.com,1,p16-common-sign-useastred.tiktokcdn-eu.com
12545,va.v.liveperson.net,1,va.v.liveperson.net
12546,instructure-uploads.s3.amazonaws.com,1,instructure-uploads.s3.amazonaws.com
12548,httpkafka.unityads.unity3d.com,1,httpkafka.unityads.unity3d.com
12550,android16.prod.cloud.netflix.com,1,android16.prod.cloud.netflix.com
12552,cdn1.adoberesources.net,1,cdn1.adoberesources.net
12553,pull-lls-l11-va01.tiktokcdn.com,1,pull-lls-l11-va01.tiktokcdn.com
12555,livepixel4-production.bln.liveintent.com,1,livepixel4-production.bln.liveintent.com
12556,google.com.co,3,ogads-pa.clients6.google.com;play.google.com;www.gstatic.com
12557,af.opera.com,1,af.opera.com
12559,api.traversedlp.com,1,api.traversedlp.com
12561,web.prod.cloud.netflix.com,1,web.prod.cloud.netflix.com
12566,acs.whatsapp.com,1,acs.whatsapp.com
12568,v9.tiktokcdn.com,1,v9.tiktokcdn.com
12571,csync-apac.smilewanted.com,142,a.sportradarserving.com;aa.agkn.com;aax-eu.amazon-adsystem.com;ad.360yield.com;ad.turn.com;ads.betweendigital.com;ads.pubmatic.com;ads.yieldmo.com;aorta.clickagy.com;ap.lijit.com;b1sync.outbrain.com;b1sync.zemanta.com;beachfront-match.dotomi.com;bh.contextweb.com;bidder.smartytouch.co;bttrack.com;c1.adform.net;ce.lijit.com;ced-ns.sascdn.com;cm.adform.net;cm.anyrtb.com;cm.g.doubleclick.net;cms.quantserve.com;creativecdn.com;cs.admanmedia.com;cs.iqzone.com;cs.krushmedia.com;cs.media.net;cs.pgammedia.com;cs.playdigo.com;csync-apac.smilewanted.com;csync.loopme.me;csync.smartadserver.com;de.tynt.com;dis.criteo.com;dpm.demdex.net;dsp-service.admatic.de;dsp-service.pixad.com.tr;dsum-sec.casalemedia.com;eb2.3lift.com;equativ-match.dotomi.com;et-c-ash.33across.com;eus.rubiconproject.com;gw-iad-bid.ymmobi.com;hb.trustedstack.com;hbx.media.net;hde.tynt.com;ib.adnxs.com;ice.360yield.com;id.rlcdn.com;id5-sync.com;image2.pubmatic.com;image4.pubmatic.com;image6.pubmatic.com;image8.pubmatic.com;inmobi-match.dotomi.com;ittpx-us-e.eskimi.com;ittpx.eskimi.com;jadserve.postrelease.com;match.adsrvr.org;match.deepintent.com;match.prod.bidr.io;measureadv.com;ms-cookie-sync.presage.io;onetag-sys.com;pbs-cs.yellowblue.io;pippio.com;pixel-eu.rubiconproject.com;pixel-sync.sitescout.com;pixel-us-east.rubiconproject.com;pixel.onaudience.com;pixel.rubiconproject.com;pixel.tapad.com;pool.liftdsp.com;prebid-match.dotomi.com;prebid.a-mo.net;prebid.admatic.com.tr;prebid.admatic.de;prebid.pixad.com.tr;ps.eyeota.net;px.ads.linkedin.com;r.bidswitch.net;rtb.adstanding.com;rtb.gamoshi.io;rtb.gumgum.com;rtb.mfadsrvr.com;rtb.openx.net;s.ad.smaato.net;s.amazon-adsystem.com;s.company-target.com;s.seedtag.com;secure-assets.rubiconproject.com;server.smartytech.io;simage2.pubmatic.com;ssbsync.smartadserver.com;ssc-cms.33across.com;ssp-sync.criteo.com;ssp.disqus.com;static.cdn.admatic.com.tr;static.cdn.admatic.de;static.cdn.pixad.com.tr;sync-tm.everesttech.net;sync.a-mo.net;sync.adtelligent.com;sync.aniview.com;sync.bfmio.com;sync.crwdcntrl.net;sync.e-volution.ai;sync.go.sonobi.com;sync.inmobi.com;sync.ipredictive.com;sync.mathtag.com;sync.pinklion.io;sync.pmbmonetize.live;sync.richaudience.com;sync.smartadserver.com;sync.springserve.com;sync.srv.stackadapt.com;syncingbridge.com;t.adx.opera.com;t.oa.opera.com;tg.socdm.com;token.rubiconproject.com;tr.blismedia.com;trace.us.rtbwise.com;tracker-shr.ortb.net;u-ams.4dex.io;u.openx.net;um.simpli.fi;ums.acuityplatform.com;ups.analytics.yahoo.com;us-u.openx.net;us.ck-ie.com;us4.shb-sync.com;user-sync.fwmrm.net;usersync.gumgum.com;uss.xplosion.de;ut.pubmatic.com;visitor.omnitagjs.com;www.temu.com;x.bidswitch.net;yandex.ru
12573,site.api.espn.com,1,site.api.espn.com
12575,api.smartdeploy.com,1,api.smartdeploy.com
12576,pix-cdn77.trafficjunky.net,1,pix-cdn77.trafficjunky.net
12579,pull-flv-l11-va01.tiktokrow-cdn.com,1,pull-flv-l11-va01.tiktokrow-cdn.com
12580,files-asr.acrobat.com,19,acrobat.adobe.com;acroipm2.adobe.com;adobeid-na1.services.adobe.com;assets.adobedtm.com;auth-light.identity.adobe.com;auth.services.adobe.com;client.messaging.adobe.com;cloud.acrobat.com;dcs.adobedc.net;documentcloud.adobe.com;files-asr.acrobat.com;ims-na1.adobelogin.com;o4505393339695104.ingest.us.sentry.io;p.typekit.net;prod.adobeccstatic.com;shared-components.adobe.com;sstats.adobe.com;use.typekit.net;widget.uservoice.com
12581,o2r2hew432.execute-api.us-east-1.amazonaws.com,1,o2r2hew432.execute-api.us-east-1.amazonaws.com
12582,tr-tmc-fs.office.com,4,aadcdn.msftauth.net;login.microsoftonline.com;res.public.onecdn.static.microsoft;tr-tmc-fs.office.com
12583,deliveryprice.wildberries.ru,1,deliveryprice.wildberries.ru
12584,prebid.ad.smaato.net,1,prebid.ad.smaato.net
12585,weborama.fr,9,ajax.googleapis.com;api.consentpro.com;cdn.prod.website-files.com;d3e54v103j8qbb.cloudfront.net;fonts.googleapis.com;fonts.gstatic.com;weborama.fr;www.googletagmanager.com;www.weborama.com
12586,www.ecosia.org,1,challenges.cloudflare.com
12587,media-mia3-1.cdn.whatsapp.net,1,media-mia3-1.cdn.whatsapp.net
12588,pipe.skype.com,1,pipe.skype.com
12591,afd-bxxea57natk6k-b3arhwd4gve9dac0.b02.azurefd.net,1,afd-bxxea57natk6k-b3arhwd4gve9dac0.b02.azurefd.net
12592,suggest.sso.dzen.ru,1,suggest.sso.dzen.ru
12594,mpc-prod-23-s6uit34pua-ue.a.run.app,0,
12596,raptive.solutions.cdn.optable.co,1,raptive.solutions.cdn.optable.co
12597,ff0235f4aec83b63c532fee8e7c0dd8151314b9026089ffefe40e3f39916561.us-east-1.prod.service.minerva.devices.a2z.com,1,ff0235f4aec83b63c532fee8e7c0dd8151314b9026089ffefe40e3f39916561.us-east-1.prod.service.minerva.devices.a2z.com
12598,priceengine-public-service-ecomprod01.ol.epicgames.com,1,priceengine-public-service-ecomprod01.ol.epicgames.com
12604,attentionxyz.com,1,attentionxyz.com
12605,api.rudderlabs.com,1,api.rudderlabs.com
12606,spoc.norton.com,1,spoc.norton.com
12608,a.omappapi.com,25,a.omappapi.com;a.optinmonster.com;a.trstplse.com;analytics.google.com;api.getdrip.com;api.optinmonster.com;bat.bing.com;c.clarity.ms;cdn-4.convertexperiments.com;cdn.optinmonster.com;cdnjs.cloudflare.com;challenges.cloudflare.com;connect.facebook.net;fonts.gstatic.com;googleads.g.doubleclick.net;lantern.roeye.com;lantern.roeyecdn.com;optinmonster.com;s.clarity.ms;scripts.clarity.ms;stats.g.doubleclick.net;tag.getdrip.com;www.clarity.ms;www.google.com;www.googletagmanager.com
12609,tte-prod.telemetry.vaultdcr.com,1,tte-prod.telemetry.vaultdcr.com
12612,instantmessaging-pa-jms-ap.googleapis.com,1,www.google.com
12614,usea1-att-managed-security.sentinelone.net,3,cdn.pendo.io;content.pendo.sentinelone.net;usea1-att-managed-security.sentinelone.net
12618,tracking.miui.com,1,tracking.miui.com
12619,swda01-mscdn.manage.microsoft.com,1,swda01-mscdn.manage.microsoft.com
12622,cache.dciwx.com,1,cache.dciwx.com
12628,pull-flv-l1-sg01.tiktokrow-cdn.com,1,pull-flv-l1-sg01.tiktokrow-cdn.com
12629,fa000000163.resources.office.net,1,fa000000163.resources.office.net
12630,htlbid.com,1,htlbid.com
12631,pull-flv-o11-va01.tiktokcdn.com,1,pull-flv-o11-va01.tiktokcdn.com
12632,drcedirect.com,7,api-gateway-cloud.drcedirect.com;bf63792rhe.bf.dynatrace.com;drcedirect.com;fonts.googleapis.com;fonts.gstatic.com;js-cdn.dynatrace.com;www.drcedirect.com
12633,pull-flv-o1-va01.tiktokcdn.com,1,pull-flv-o1-va01.tiktokcdn.com
12635,dl.mvp.ringcentral.com,1,dl.mvp.ringcentral.com
12636,reco.chase.com,1,reco.chase.com
12637,lf19-effectcdn-us.tiktokcdn-us.com,1,lf19-effectcdn-us.tiktokcdn-us.com
12642,use1-api.tplinkra.com,3,cdnjs.cloudflare.com;maxcdn.bootstrapcdn.com;use1-api.tplinkra.com
12643,qoria-mza-auto-update.linewize.net,1,qoria-mza-auto-update.linewize.net
12644,px.adhigh.net,1,px.adhigh.net
12646,ape-androids.isappcloud.com,1,ape-androids.isappcloud.com
12647,prebid-server.newsbreak.com,1,prebid-server.newsbreak.com
12648,pull-flv-l11.douyincdn.com,1,pull-flv-l11.douyincdn.com
12649,backend-gcp-us.activtrak.net,1,backend-gcp-us.activtrak.net
12650,pingdom.net,2,pingdom.net;www.pingdom.com
12651,cti.w55c.net,1,cti.w55c.net
12652,mes.newsbreak.com,1,mes.newsbreak.com
12654,api.webxtsvc.microsoft.com,1,api.webxtsvc.microsoft.com
12655,remote1.ninite.com,2,ninite.com;remote1.ninite.com
12656,compsvc.delivery.autodesk.com,1,compsvc.delivery.autodesk.com
12658,abxc3apcastp.na.api.amazonvideo.com,1,abxc3apcastp.na.api.amazonvideo.com
12659,analysis.gboxlab.com,1,analysis.gboxlab.com
12660,app.box.com,3,app.box.com;assets.adobedtm.com;cdn01.boxcdn.net
12664,configuration.island.io,1,configuration.island.io
12665,otel-collector.island.io,1,otel-collector.island.io
12668,atera-agent-heartbeat-cus.servicebus.windows.net,1,atera-agent-heartbeat-cus.servicebus.windows.net
12671,vidal-agent-comms.centrastage.net,1,vidal-agent-comms.centrastage.net
12673,www.ieee.org,1,www.ieee.org
12674,features.vidal.rmm.datto.com,1,features.vidal.rmm.datto.com
12678,api.fillr.com,1,api.fillr.com
12683,fa000000064.resources.office.net,1,fa000000064.resources.office.net
12684,otomatis.vip,6,lastfm.freetls.fastly.net;otomatis.vip;s4.anilist.co;static.cloudflareinsights.com;user-images.githubusercontent.com;ws.audioscrobbler.com
12686,hermes.twitch.tv,1,hermes.twitch.tv
12691,telemetry.sgp.pvp.net,1,telemetry.sgp.pvp.net
12693,push-rtmp-l1-sg01.tiktokrow-cdn.com,1,push-rtmp-l1-sg01.tiktokrow-cdn.com
12694,suggest.dzen.ru,1,suggest.dzen.ru
12696,seart.marphezis.com,1,seart.marphezis.com
12697,www.google.com.sg,3,ogads-pa.clients6.google.com;play.google.com;www.gstatic.com
12698,ss.c.appier.net,1,ss.c.appier.net
12699,samsclub.com,12,client.px-cloud.net;collector-pxslc3j22k.px-client.net;collector-pxslc3j22k.px-cloud.net;crcldu.com;fonts.googleapis.com;fst-ec.perimeterx.net;i5.walmartimages.com;js.px-cloud.net;samsclub.com;tzm.px-cloud.net;use.typekit.net;www.samsclub.com
12702,api-glb-aeuw1b.smoot.apple.com,1,api-glb-aeuw1b.smoot.apple.com
12704,prod.us-east-1.mystique.digital-books.amazon.dev,1,prod.us-east-1.mystique.digital-books.amazon.dev
12706,cf-images.us-east-1.prod.boltdns.net,1,cf-images.us-east-1.prod.boltdns.net
12708,download.mozilla.org,5,download.mozilla.org;transcend-cdn.com;www.google-analytics.com;www.googletagmanager.com;www.mozilla.org
12709,res-odx.op-mobile.opera.com,1,res-odx.op-mobile.opera.com
12712,adobesearch.adobe.io,1,adobesearch.adobe.io
12713,impact-ad.jp,1,impact-ad.jp
12714,api.iad3rs0zonea.pubnative.net,1,api.iad3rs0zonea.pubnative.net
12717,telemetry.api.swiftkey.com,1,telemetry.api.swiftkey.com
