rank,site,unique_domains_resolved,domains_resolved
1,google.com,3,ogads-pa.clients6.google.com;play.google.com;www.gstatic.com
2,microsoft.com,39,browser.events.data.microsoft.com;c.az.clicktale.net;c.bing.com;c.clarity.ms;c.s-microsoft.com;cdn-dynmedia-1.microsoft.com;cdnssl.clicktale.net;cm.everesttech.net;cm.g.doubleclick.net;dpm.demdex.net;googleads.g.doubleclick.net;ib.adnxs.com;idpix.media6degrees.com;idsync.rlcdn.com;js.monitor.azure.com;login.live.com;login.microsoftonline.com;mem.gfx.ms;microsoft.com;mscom.demdex.net;msftenterprise.sc.omtrdc.net;pixel.everesttech.net;px.ads.linkedin.com;rtd-tm.everesttech.net;rtd.tubemogul.com;rum.hlx.page;s.clarity.ms;s7d2.scene7.com;scripts.clarity.ms;static.hj.contentsquare.net;target.microsoft.com;uhf.microsoft.com;wcpstatic.microsoft.com;www.clarity.ms;www.facebook.com;www.google.com;www.googletagmanager.com;www.linkedin.com;www.microsoft.com
7,www.google.com,3,ogads-pa.clients6.google.com;play.google.com;www.gstatic.com
8,office.com,15,admin.microsoft.com;browser.events.data.microsoft.com;c.s-microsoft.com;config.edge.skype.com;js.monitor.azure.com;login.live.com;login.microsoftonline.com;mem.gfx.ms;office.com;res.cdn.office.net;s.clarity.ms;scripts.clarity.ms;uhf.microsoft.com;www.clarity.ms;www.microsoft.com
12,live.com,10,browser.events.data.microsoft.com;eu-office.events.data.microsoft.com;live.com;login.live.com;login.microsoftonline.com;outlook.live.com;res.public.onecdn.static.microsoft;rum.hlx.page;uhf.microsoft.com;www.microsoft.com
13,digicert.com,4,digicert.com;fonts.googleapis.com;fonts.gstatic.com;www.digicert.com
15,login.microsoftonline.com,4,aadcdn.msftauth.net;login.live.com;login.microsoftonline.com;www.office.com
16,apple.com,4,apple.com;securemetrics.apple.com;securemvt.apple.com;www.apple.com
19,amazonaws.com,20,a.b.cdn.console.awsstatic.com;a0.awsstatic.com;amazonaws.com;amazonwebservices.d2.sc.omtrdc.net;aws.amazon.com;aws.demdex.net;cm.everesttech.net;cx0.m.awsstatic.com;d0.m.awsstatic.com;d1.awsstatic.com;d2c.aws.amazon.com;dpm.demdex.net;edge.adobedc.net;infra-api.us-east-1.prod.mrc-sunrise.marketing.aws.dev;loader.us-east-1.prod.mrc-sunrise.marketing.aws.dev;prod.log.shortbread.aws.dev;prod.pa.cdn.uis.awsstatic.com;t0.m.awsstatic.com;vs.aws.amazon.com;www.youtube.com
27,skype.com,9,login.live.com;login.microsoftonline.com;s.clarity.ms;skype.com;statics.teams.cdn.live.net;teams.live.com;wcpstatic.microsoft.com;www.clarity.ms;www.skype.com
29,icloud.com,5,appleid.cdn-apple.com;icloud.com;setup.icloud.com;www.apple.com;www.icloud.com
34,officeapps.live.com,16,admin.microsoft.com;browser.events.data.microsoft.com;c.s-microsoft.com;config.edge.skype.com;js.monitor.azure.com;login.live.com;login.microsoftonline.com;mem.gfx.ms;officeapps.live.com;res.cdn.office.net;s.clarity.ms;scripts.clarity.ms;uhf.microsoft.com;www.clarity.ms;www.microsoft.com;www.office.com
38,amazon.com,47,1c5c1ecf7303.c0b160fb.us-east-1.token.awswaf.com;aa.agkn.com;amazon.com;atv-ps.amazon.com;capi.connatix.com;cloudfront.xp-assets.aiv-cdn.net;cm.g.doubleclick.net;cookie-matching.mediarithmics.com;crb.kargo.com;csync.loopme.me;dpm.demdex.net;dsum-sec.casalemedia.com;eb2.3lift.com;fls-na.amazon.com;geo.ads.audio.thisisdax.com;ib.adnxs.com;image2.pubmatic.com;image4.pubmatic.com;images-na.ssl-images-amazon.com;jadserve.postrelease.com;lciapi.ninthdecimal.com;loadus.exelator.com;m.media-amazon.com;match.360yield.com;match.sharethrough.com;ms-cookie-sync.presage.io;odr.mookie1.com;pbs.yahoo.com;pi.ispot.tv;pixel.rubiconproject.com;public-prod-dspcookiematching.dmxleo.com;rtb-csync.smartadserver.com;s.amazon-adsystem.com;sb.scorecardresearch.com;spl.zeotap.com;sync-amazon.ads.yieldmo.com;sync.rfp.fout.jp;sync.taboola.com;uipglob.semasio.net;unagi.amazon.com;us-u.openx.net;user-sync.fwmrm.net;usersync.gumgum.com;usersync.samplicio.us;www.amazon.com;www.imdb.com;x.bidswitch.net
41,login.live.com,3,fpt.live.com;login.live.com;logincdn.msauth.net
42,facebook.com,4,facebook.com;static.xx.fbcdn.net;www.facebook.com;www.instagram.com
43,bing.com,15,assets.msn.com;bing.com;browser.events.data.msn.com;c.msn.com;ib.adnxs.com;img-s-msn-com.akamaized.net;login.live.com;login.microsoftonline.com;m.adnxs.com;px.ads.linkedin.com;r.bing.com;th.bing.com;trc.taboola.com;www.bing.com;www.msn.com
49,doubleclick.net,9,ajax.googleapis.com;fonts.googleapis.com;fonts.gstatic.com;googleads.g.doubleclick.net;lh3.googleusercontent.com;www.google-analytics.com;www.google.com;www.googletagmanager.com;www.gstatic.com
51,windows.com,55,2e6ce2ab2870e62cb4620de77fa717.1b.environment.api.powerplatform.com;a.tribalfusion.com;ag.innovid.com;analytics.twitter.com;api.company-target.com;assets.adobedtm.com;bat.bing.com;browser.events.data.microsoft.com;bttrack.com;c.clarity.ms;c.s-microsoft.com;c1.microsoft.com;cdn-dynmedia-1.microsoft.com;cdn.botframework.com;cm.everesttech.net;cm.g.doubleclick.net;cms.analytics.yahoo.com;cms.quantserve.com;connect.facebook.net;dmpsync.3lift.com;dpm.demdex.net;ds.reson8.com;go.microsoft.com;ib.adnxs.com;idpix.media6degrees.com;idsync.rlcdn.com;jadserve.postrelease.com;js.monitor.azure.com;login.live.com;match.adsrvr.org;mem.gfx.ms;mscom.demdex.net;msftenterprise.sc.omtrdc.net;offertoolproduction-fd-cwh9d4ahhtbkh8gq.b01.azurefd.net;px.ads.linkedin.com;px.owneriq.net;rtb.adentifi.com;rtd-tm.everesttech.net;rtd.tubemogul.com;s.clarity.ms;scripts.clarity.ms;servedby.flashtalking.com;snap.licdn.com;static.ads-twitter.com;sync.crwdcntrl.net;t.co;target.microsoft.com;uhf.microsoft.com;ups.analytics.yahoo.com;wcpstatic.microsoft.com;windows.com;windows.microsoft.com;www.clarity.ms;www.linkedin.com;www.microsoft.com
52,msn.com,28,aadcdn.msftauth.net;ab.dns-finder.com;ad-delivery.net;ad.doubleclick.net;adsdk.microsoft.com;api.btloader.com;api.msn.com;arc.msn.com;assets.msn.com;browser.events.data.msn.com;btloader.com;c.bing.com;c.msn.com;ecn.dev.virtualearth.net;ib.msn.com;img-s-msn-com.akamaized.net;js.monitor.azure.com;login.live.com;login.microsoftonline.com;m.adnxs.com;mem.gfx.ms;msn.com;px.ads.linkedin.com;sb.scorecardresearch.com;scripts.mf.webcontentassessor.com;srtb.msn.com;trc.taboola.com;www.msn.com
53,itunes.apple.com,3,itunes.apple.com;securemetrics.apple.com;www.apple.com
58,cloudflare.com,36,713-xsc-918.mktoresp.com;ad.doubleclick.net;adservice.google.com;alb.reddit.com;analytics.twitter.com;api.company-target.com;bat.bing.com;bat.bing.net;cdn.bizible.com;cdn.bizibly.com;cf-assets.www.cloudflare.com;challenges.cloudflare.com;cloudflare.com;dsum-sec.casalemedia.com;id.rlcdn.com;insight.adsrvr.org;js.adsrvr.org;js.qualified.com;munchkin.marketo.net;ot.www.cloudflare.com;partners.tremorhub.com;pixel.rubiconproject.com;px.ads.linkedin.com;s.company-target.com;segments.company-target.com;snap.licdn.com;static.ads-twitter.com;static.cloudflareinsights.com;stats.g.doubleclick.net;t.co;tag-logger.demandbase.com;tag.demandbase.com;www.cloudflare.com;www.google.com;www.googletagmanager.com;www.linkedin.com
60,youtube.com,9,fonts.googleapis.com;fonts.gstatic.com;googleads.g.doubleclick.net;i.ytimg.com;rr1---sn-5hne6n6l.googlevideo.com;static.doubleclick.net;www.google.com;www.gstatic.com;youtube.com
61,manage.microsoft.com,6,aadcdn.msauth.net;intune.microsoft.com;login.live.com;login.microsoftonline.com;manage.microsoft.com;portal.azure.com
64,pki.goog,6,fonts.googleapis.com;fonts.gstatic.com;www.google-analytics.com;www.google.com;www.googletagmanager.com;www.gstatic.com
65,wyzecam.com,15,api.copilot.livex.ai;backend.alia-prod.com;chatbox.copilot.livex.ai;cmp.osano.com;fonts.googleapis.com;monorail-edge.shopifysvc.com;otlp-http-production.shopifysvc.com;shop.app;ssl.kaptcha.com;static.cloudflareinsights.com;static.klaviyo.com;static.rechargecdn.com;store-app.figpii.com;www.wyze.com;wyzecam.com
71,www.bing.com,14,assets.msn.com;browser.events.data.msn.com;c.bing.com;c.msn.com;img-s-msn-com.akamaized.net;login.live.com;login.microsoftonline.com;m.adnxs.com;px.ads.linkedin.com;r.bing.com;trc.taboola.com;www.bing.com;www.msn.com;www2.bing.com
74,googleads.g.doubleclick.net,8,ajax.googleapis.com;fonts.googleapis.com;fonts.gstatic.com;lh3.googleusercontent.com;www.google-analytics.com;www.google.com;www.googletagmanager.com;www.gstatic.com
78,office365.com,44,analytics.twitter.com;api.company-target.com;assets.adobedtm.com;browser.events.data.microsoft.com;c.bing.com;c.s-microsoft.com;cdn-dynmedia-1.microsoft.com;cm.everesttech.net;cm.g.doubleclick.net;cms.analytics.yahoo.com;cms.quantserve.com;dpm.demdex.net;dsum-sec.casalemedia.com;edge.adobedc.net;ib.adnxs.com;id.rlcdn.com;idpix.media6degrees.com;js.monitor.azure.com;login.live.com;login.microsoftonline.com;match.adsrvr.org;mem.gfx.ms;mscom.demdex.net;msftenterprise.sc.omtrdc.net;office365.com;partners.tremorhub.com;pixel.rubiconproject.com;play.vidyard.com;res.cdn.office.net;rtd-tm.everesttech.net;rtd.tubemogul.com;rum.hlx.page;s.clarity.ms;s.company-target.com;scripts.clarity.ms;segments.company-target.com;servedby.flashtalking.com;tag-logger.demandbase.com;tag.demandbase.com;target.microsoft.com;uhf.microsoft.com;wcpstatic.microsoft.com;www.clarity.ms;www.microsoft.com
80,api.amazon.com,2,api.amazon.com;g-ecx.images-amazon.com
83,www.youtube.com,9,fonts.googleapis.com;fonts.gstatic.com;googleads.g.doubleclick.net;i.ytimg.com;rr4---sn-q4fl6n6d.googlevideo.com;static.doubleclick.net;www.google.com;www.gstatic.com;youtube.com
85,outlook.office365.com,5,aadcdn.msftauth.net;login.live.com;login.microsoftonline.com;outlook.office365.com;res.public.onecdn.static.microsoft
87,graph.microsoft.com,9,browser.events.data.microsoft.com;c.s-microsoft.com;developer.microsoft.com;graph.microsoft.com;js.monitor.azure.com;res.public.onecdn.static.microsoft;teams.microsoft.com;wcpstatic.microsoft.com;www.microsoft.com
90,play.google.com,8,fonts.gstatic.com;play-lh.googleusercontent.com;play.google.com;ssl.gstatic.com;www.google-analytics.com;www.google.com;www.googletagmanager.com;www.gstatic.com
92,azure.com,58,a.tribalfusion.com;accdn-vip.lpsnmedia.net;alb.reddit.com;analytics.tiktok.com;analytics.twitter.com;api.company-target.com;assets.adobedtm.com;azure.com;azure.microsoft.com;bat.bing.com;browser.events.data.microsoft.com;c.go-mpulse.net;c.s-microsoft.com;cdn-dynmedia-1.microsoft.com;cm.everesttech.net;cm.g.doubleclick.net;cms.analytics.yahoo.com;cms.quantserve.com;dc.ads.linkedin.com;dpm.demdex.net;dsum-sec.casalemedia.com;edge.adobedc.net;googleads.g.doubleclick.net;ib.adnxs.com;id.rlcdn.com;idpix.media6degrees.com;js.monitor.azure.com;lptag.liveperson.net;match.adsrvr.org;mscom.demdex.net;msftenterprise.sc.omtrdc.net;partners.tremorhub.com;pixel.rubiconproject.com;play.vidyard.com;publisher.liveperson.net;px.owneriq.net;rtd-tm.everesttech.net;rtd.tubemogul.com;rum.hlx.page;s.clarity.ms;s.company-target.com;s.go-mpulse.net;scripts.clarity.ms;segments.company-target.com;servedby.flashtalking.com;static-assets.fs.liveperson.com;tag-logger.demandbase.com;tag.demandbase.com;target.microsoft.com;uhf.microsoft.com;ups.analytics.yahoo.com;va-vip.v.liveperson.net;wcpstatic.microsoft.com;www.clarity.ms;www.facebook.com;www.google.com;www.linkedin.com;www.microsoft.com
93,sharepoint.com,4,aka.office.com;office.com;products.office.com;sharepoint.com
95,outlook.office.com,5,aadcdn.msauth.net;login.live.com;login.microsoftonline.com;outlook.office.com;res.public.onecdn.static.microsoft
101,lencr.org,4,fonts.googleapis.com;lencr.org;outreach.abetterinternet.org;pi.pardot.com
105,ntp.org,18,c.bing.com;c.clarity.ms;clients1.google.com;cse.google.com;ep1.adtrafficquality.google;ep2.adtrafficquality.google;fonts.googleapis.com;fonts.gstatic.com;ntp.org;pagead2.googlesyndication.com;s.clarity.ms;scripts.clarity.ms;www.clarity.ms;www.google-analytics.com;www.google.com;www.googletagmanager.com;www.ntp.org;www.nwtime.org
110,fastly.net,11,025-xko-469.mktoresp.com;117419923.intellimizeio.com;api.intellimize.co;cdn.cookielaw.org;cdn.intellimize.co;cdn.speedcurve.com;fastly.net;geolocation.onetrust.com;log.intellimize.co;munchkin.marketo.net;www.fastly.com
118,opendns.com,35,analytics.google.com;analytics.twitter.com;bat.bing.com;c.clarity.ms;cdn.bizible.com;cdn.bizibly.com;cdn.cookielaw.org;customer.cludo.com;d3j20uveo70stj.cloudfront.net;dnn506yrbagrg.cloudfront.net;fonts.googleapis.com;geolocation.onetrust.com;googleads.g.doubleclick.net;img.en25.com;js.qualified.com;login.opendns.com;opendns.com;px.ads.linkedin.com;s2991720.t.eloqua.com;s4673582.t.eloqua.com;scripts.clarity.ms;sfc.leadspace.com;snap.licdn.com;static.ads-twitter.com;stats.g.doubleclick.net;t.co;tags.tiqcdn.com;tracking.umbrella.com;www.cisco.com;www.clarity.ms;www.google-analytics.com;www.google.com;www.googletagmanager.com;www.linkedin.com;www.opendns.com
121,nist.gov,8,bam.nr-data.net;customer-ltx6ylk10sje63q6.cloudflarestream.com;js-agent.newrelic.com;nist.gov;static.cloudflareinsights.com;time.gov;www.google-analytics.com;www.googletagmanager.com
122,fbcdn.net,4,fbcdn.net;static.xx.fbcdn.net;www.facebook.com;www.instagram.com
125,substrate.office.com,4,aadcdn.msftauth.net;login.microsoftonline.com;res.public.onecdn.static.microsoft;substrate.office.com
128,google-analytics.com,8,ajax.googleapis.com;fonts.googleapis.com;fonts.gstatic.com;googleads.g.doubleclick.net;lh3.googleusercontent.com;www.google-analytics.com;www.googletagmanager.com;www.gstatic.com
129,yahoo.com,40,ad-delivery.net;ads.pubmatic.com;ads.yieldmo.com;api.rlcdn.com;c2shb-oao.ssp.yahoo.com;cdn.p-n.io;cdn.taboola.com;cm.g.doubleclick.net;consent.cmp.oath.com;d2mqt2joll4fma.cloudfront.net;display.bidder.taboola.com;exchange.kueezrtb.com;fastlane.rubiconproject.com;grid-bidder.criteo.com;guce.yahoo.com;ib.adnxs.com;idx.liadm.com;jadserve.postrelease.com;ncp-gw-frontpage.media.yahoo.com;nexus-gateway-prod.media.yahoo.com;noa.yahoo.com;opus.analytics.yahoo.com;pbs-yahoo-us.ay.delivery;pbs.yahoo.com;prebid-server.rubiconproject.com;prebid.media.net;rp.liadm.com;rtb.openx.net;s.seedtag.com;s.yimg.com;sb.scorecardresearch.com;securepubads.g.doubleclick.net;signal-service.pbs.yahoo.com;tlx.3lift.com;ups.analytics.yahoo.com;us-trc-events.taboola.com;wnsrvbjmeprtfrnfx.ay.delivery;www.googletagmanager.com;www.yahoo.com;yahoo.com
136,clients.config.office.net,6,browser.pipe.aria.microsoft.com;clients.config.office.net;res-1.cdn.office.net;res-h3.public.cdn.office.net;res.cdn.office.net;static2.sharepointonline.com
138,nexusrules.officeapps.live.com,17,admin.microsoft.com;browser.events.data.microsoft.com;c.s-microsoft.com;config.edge.skype.com;js.monitor.azure.com;login.live.com;login.microsoftonline.com;logincdn.msauth.net;mem.gfx.ms;nexusrules.officeapps.live.com;res.cdn.office.net;s.clarity.ms;scripts.clarity.ms;uhf.microsoft.com;www.clarity.ms;www.microsoft.com;www.office.com
139,www.google-analytics.com,7,ajax.googleapis.com;fonts.googleapis.com;fonts.gstatic.com;googleads.g.doubleclick.net;lh3.googleusercontent.com;www.googletagmanager.com;www.gstatic.com
142,googlesyndication.com,3,ogads-pa.clients6.google.com;play.google.com;www.gstatic.com
144,www.facebook.com,3,static.xx.fbcdn.net;www.facebook.com;www.instagram.com
151,sentry.io,4,plausible.io;reload.getsentry.net;sentry.io;unpkg.com
165,cloud.microsoft,17,admin.microsoft.com;browser.events.data.microsoft.com;c.s-microsoft.com;cloud.microsoft;config.edge.skype.com;js.monitor.azure.com;login.live.com;login.microsoftonline.com;logincdn.msauth.net;m365.cloud.microsoft;mem.gfx.ms;res.cdn.office.net;s.clarity.ms;scripts.clarity.ms;uhf.microsoft.com;www.clarity.ms;www.microsoft.com
173,he.net,5,googleads.g.doubleclick.net;he.net;ssl.google-analytics.com;www.google.com;www.googletagmanager.com
178,cornell.edu,13,6120104.global.siteimproveanalytics.io;ajax.googleapis.com;cdn.universityrelations.cornell.edu;cdnjs.cloudflare.com;cdnsecakmi.kaltura.com;cornell.edu;media.univcomm.cornell.edu;siteimproveanalytics.com;ssl.google-analytics.com;use.typekit.net;www.cornell.edu;www.google-analytics.com;www.googletagmanager.com
185,instagram.com,4,instagram.com;static.cdninstagram.com;www.facebook.com;www.instagram.com
196,www.msn.com,28,aadcdn.msauth.net;ab.dns-finder.com;ad-delivery.net;ad.doubleclick.net;adsdk.microsoft.com;api.btloader.com;api.msn.com;arc.msn.com;assets.msn.com;browser.events.data.msn.com;btloader.com;c.bing.com;c.msn.com;ecn.dev.virtualearth.net;ib.adnxs.com;ib.msn.com;img-s-msn-com.akamaized.net;js.monitor.azure.com;login.live.com;login.microsoftonline.com;m.adnxs.com;mem.gfx.ms;px.ads.linkedin.com;sb.scorecardresearch.com;scripts.mf.webcontentassessor.com;srtb.msn.com;trc.taboola.com;www.msn.com
199,oneclient.sfx.ms,55,a.tribalfusion.com;accdn-vip.lpsnmedia.net;analytics.twitter.com;api.company-target.com;assets.adobedtm.com;browser.events.data.microsoft.com;bttrack.com;c.bing.com;c.s-microsoft.com;cdn-dynmedia-1.microsoft.com;cm.everesttech.net;cm.g.doubleclick.net;cms.analytics.yahoo.com;cms.quantserve.com;dpm.demdex.net;ds.reson8.com;dsum-sec.casalemedia.com;edge.adobedc.net;ib.adnxs.com;id.rlcdn.com;idpix.media6degrees.com;jadserve.postrelease.com;js.monitor.azure.com;login.live.com;login.microsoftonline.com;lptag.liveperson.net;match.adsrvr.org;mem.gfx.ms;mscom.demdex.net;msftenterprise.sc.omtrdc.net;oneclient.sfx.ms;onedrive.live.com;partners.tremorhub.com;pixel.rubiconproject.com;play.vidyard.com;publisher.liveperson.net;px.owneriq.net;rtd-tm.everesttech.net;rtd.tubemogul.com;rum.hlx.page;s.clarity.ms;s.company-target.com;scripts.clarity.ms;segments.company-target.com;servedby.flashtalking.com;static-assets.fs.liveperson.com;tag-logger.demandbase.com;tag.demandbase.com;target.microsoft.com;uhf.microsoft.com;ups.analytics.yahoo.com;va-vip.v.liveperson.net;wcpstatic.microsoft.com;www.clarity.ms;www.microsoft.com
202,whatsapp.net,2,static.whatsapp.net;whatsapp.net
215,g.live.com,27,aadcdn.msftauth.net;ab.dns-finder.com;ad-delivery.net;ad.doubleclick.net;adsdk.microsoft.com;api.btloader.com;api.msn.com;arc.msn.com;browser.events.data.msn.com;btloader.com;c.bing.com;c.msn.com;ecn.dev.virtualearth.net;g.live.com;ib.msn.com;img-s-msn-com.akamaized.net;js.monitor.azure.com;login.live.com;login.microsoftonline.com;m.adnxs.com;mem.gfx.ms;px.ads.linkedin.com;sb.scorecardresearch.com;scripts.mf.webcontentassessor.com;srtb.msn.com;trc.taboola.com;www.msn.com
221,www.apple.com,3,securemetrics.apple.com;securemvt.apple.com;www.apple.com
230,odc.officeapps.live.com,16,admin.microsoft.com;browser.events.data.microsoft.com;c.s-microsoft.com;config.edge.skype.com;js.monitor.azure.com;login.live.com;login.microsoftonline.com;mem.gfx.ms;odc.officeapps.live.com;res.cdn.office.net;s.clarity.ms;scripts.clarity.ms;uhf.microsoft.com;www.clarity.ms;www.microsoft.com;www.office.com
233,ad.doubleclick.net,9,ajax.googleapis.com;fonts.googleapis.com;fonts.gstatic.com;googleads.g.doubleclick.net;lh3.googleusercontent.com;www.google-analytics.com;www.google.com;www.googletagmanager.com;www.gstatic.com
247,gateway.facebook.com,2,gateway.facebook.com;static.facebook.com
250,apis.google.com,8,developers.google.com;feedback-pa.clients6.google.com;fonts.googleapis.com;fonts.gstatic.com;gstatic.com;www.google-analytics.com;www.googletagmanager.com;www.gstatic.com
252,outlook.com,13,browser.events.data.microsoft.com;c.s-microsoft.com;cdn-dynmedia-1.microsoft.com;login.live.com;login.microsoftonline.com;outlook.com;outlook.live.com;play.vidyard.com;res.public.onecdn.static.microsoft;rum.hlx.page;uhf.microsoft.com;wcpstatic.microsoft.com;www.microsoft.com
261,mrodevicemgr.officeapps.live.com,16,admin.microsoft.com;browser.events.data.microsoft.com;c.s-microsoft.com;config.edge.skype.com;js.monitor.azure.com;login.live.com;login.microsoftonline.com;mem.gfx.ms;mrodevicemgr.officeapps.live.com;res.cdn.office.net;s.clarity.ms;scripts.clarity.ms;uhf.microsoft.com;www.clarity.ms;www.microsoft.com;www.office.com
266,umbrella.com,62,3569326.fls.doubleclick.net;ad.doubleclick.net;adservice.google.com;analytics.google.com;analytics.twitter.com;bat.bing.com;browser.sentry-cdn.com;c.contentsquare.net;cdn.bizible.com;cdn.bizibly.com;cdn.cookielaw.org;cdn.metadata.io;cdn.umbrella.marketops.umbrella.com;cdn1.adoberesources.net;cisco-tags.cisco.com;cisco.demdex.net;cm.g.doubleclick.net;cms.analytics.yahoo.com;conv-pix.adstk.io;csxd.contentsquare.net;customer.cludo.com;datacollect.cisco.com;distillery.wistia.com;dpm.demdex.net;embed-cloudfront.wistia.com;fast.wistia.com;geolocation.onetrust.com;googleads.g.doubleclick.net;id.cisco.com;img.en25.com;insight.adsrvr.org;ipv6.6sc.co;j.6sc.co;js.adsrvr.org;js.qualified.com;js.zi-scripts.com;k-aus1.contentsquare.net;pixel.rubiconproject.com;px.ads.linkedin.com;rtb.adgrx.com;secure.adnxs.com;sfc.leadspace.com;smetrics.cisco.com;snap.licdn.com;srm.bf.contentsquare.net;static.ads-twitter.com;stats.g.doubleclick.net;t.co;t.contentsquare.net;tags.tiqcdn.com;tracking.umbrella.com;uconnect.tealiumiq.com;umbrella.cisco.com;umbrella.com;ups.analytics.yahoo.com;ws.zoominfo.com;www.cisco.com;www.clarity.ms;www.google-analytics.com;www.google.com;www.googletagmanager.com;www.linkedin.com
269,web.facebook.com,4,static.xx.fbcdn.net;web.facebook.com;www.facebook.com;www.instagram.com
272,analytics.google.com,2,csp.withgoogle.com;ssl.gstatic.com
277,mzstatic.com,4,mzstatic.com;securemetrics.apple.com;securemvt.apple.com;www.apple.com
281,scorecardresearch.com,4,code.jquery.com;scorecardresearch.com;www.google-analytics.com;www.googletagmanager.com
282,test-gateway.instagram.com,2,static.facebook.com;test-gateway.instagram.com
285,snapchat.com,7,accounts.google.com;growth-web-dev-tool.mesh.sc-corp.net;snapchat.com;static.snapchat.com;story.snapchat.com;www.google-analytics.com;www.googletagmanager.com
292,connect.facebook.net,4,connect.facebook.net;static.xx.fbcdn.net;www.facebook.com;www.instagram.com
293,apps.apple.com,6,apps.apple.com;apptrailers.itunes.apple.com;is1-ssl.mzstatic.com;js-cdn.music.apple.com;www.apple.com;xp.apple.com
301,meraki.com,9,128-239-2-78_s-23-215-0-5_ts-1776304122-clienttons-s.akamaihd.net;173bf110.akstat.io;c.go-mpulse.net;meraki.cisco.com;meraki.com;qdxqetqx3lna42pah75a-pfqp59-96556d426-clientnsv4-s.akamaihd.net;s.go-mpulse.net;trial-eum-clientnsv4-s.akamaihd.net;trial-eum-clienttons-s.akamaihd.net
303,stats.g.doubleclick.net,8,ajax.googleapis.com;fonts.googleapis.com;fonts.gstatic.com;googleads.g.doubleclick.net;lh3.googleusercontent.com;www.google-analytics.com;www.googletagmanager.com;www.gstatic.com
307,safebrowsing.google.com,6,ajax.googleapis.com;fonts.googleapis.com;fonts.gstatic.com;www.google-analytics.com;www.google.com;www.gstatic.com
319,crashlytics.com,7,analytics.google.com;fonts.googleapis.com;fonts.gstatic.com;stats.g.doubleclick.net;www.google-analytics.com;www.googletagmanager.com;www.gstatic.com
333,cisco.com,26,128-239-2-78_s-2-18-67-67_ts-1776305914-clienttons-s.akamaihd.net;analytics.twitter.com;c.go-mpulse.net;cdcvps.cloudapps.cisco.com;cdn.appdynamics.com;cdn.cookielaw.org;cisco.com;cisco.demdex.net;cm.g.doubleclick.net;cms.analytics.yahoo.com;dpm.demdex.net;dsc.cisco.com;fonts.googleapis.com;fonts.gstatic.com;geolocation.onetrust.com;qdxqetqx3xr2m2pai35a-panaxn-f7e7eaa96-clientnsv4-s.akamaihd.net;rum.hlx.page;s.go-mpulse.net;smetrics.cisco.com;tags.tiqcdn.com;target.cisco.com;trial-eum-clientnsv4-s.akamaihd.net;trial-eum-clienttons-s.akamaihd.net;ups.analytics.yahoo.com;virtualconcierge.cisco.com;www.cisco.com
351,icloud-content.com,5,developer.apple.com;icloud-content.com;securemetrics.apple.com;sfss.cdn-apple.com;www.apple.com
356,static.doubleclick.net,9,ajax.googleapis.com;fonts.googleapis.com;fonts.gstatic.com;googleads.g.doubleclick.net;lh3.googleusercontent.com;www.google-analytics.com;www.google.com;www.googletagmanager.com;www.gstatic.com
357,adsrvr.org,5,adsrvr.org;bam.nr-data.net;code.jquery.com;js-agent.newrelic.com;www.thetradedesk.com
363,apple-relay.cloudflare.com,3,apple-relay.cloudflare.com;fonts.googleapis.com;fonts.gstatic.com
366,cm.g.doubleclick.net,9,ajax.googleapis.com;fonts.googleapis.com;fonts.gstatic.com;googleads.g.doubleclick.net;lh3.googleusercontent.com;www.google-analytics.com;www.google.com;www.googletagmanager.com;www.gstatic.com
368,ampproject.org,5,amp.dev;cdn.ampproject.org;www.ampproject.org;www.google-analytics.com;www.googletagmanager.com
377,adobe.io,6,adobe.io;adobeid-na1.services.adobe.com;auth.services.adobe.com;raw.githubusercontent.com;use.typekit.net;www.adobe.io
379,cloudflareinsights.com,2,cloudflareinsights.com;www.cloudflare.com
381,linkedin.com,13,accounts.google.com;c.bing.com;cm.g.doubleclick.net;collector-pxdojv695v.protechts.net;dpm.demdex.net;fonts.gstatic.com;li.protechts.net;linkedin.com;lnkd.demdex.net;platform.linkedin.com;static.licdn.com;tzm.protechts.net;www.linkedin.com
387,adtrafficquality.google,6,ajax.googleapis.com;fonts.googleapis.com;fonts.gstatic.com;www.google-analytics.com;www.googletagmanager.com;www.gstatic.com
397,z-m-gateway.facebook.com,2,static.facebook.com;z-m-gateway.facebook.com
399,rubiconproject.com,2,challenges.cloudflare.com;rubiconproject.com
400,pubmatic.com,21,analytics.google.com;analytics.twitter.com;arclight.vimeo.com;cdn.ketchjs.com;cdnjs.cloudflare.com;f.vimeocdn.com;global.ketchcdn.com;go.pubmatic.com;googleads.g.doubleclick.net;pi.pardot.com;player.vimeo.com;pubmatic.com;px.ads.linkedin.com;snap.licdn.com;static.ads-twitter.com;stats.g.doubleclick.net;t.co;vimeo.com;www.google.com;www.googletagmanager.com;www.linkedin.com
407,cdn.jsdelivr.net,4,cdn.jsdelivr.net;data.jsdelivr.com;datum.jsdelivr.com;www.jsdelivr.com
413,criteo.com,44,alb.reddit.com;analytics.tiktok.com;analytics.twitter.com;app.usercentrics.eu;bam.nr-data.net;bat.bing.com;browser.sentry-cdn.com;c.clarity.ms;cdn.dreamdata.cloud;cdn.eu.amplitude.com;cdn.jsdelivr.net;cdnjs.cloudflare.com;connect.facebook.net;criteo.com;distillery.wistia.com;embed-cloudfront.wistia.com;fast.wistia.com;fast.wistia.net;googleads.g.doubleclick.net;gum.criteo.com;js-agent.newrelic.com;pipedream.wistia.com;pixel-config.reddit.com;px.ads.linkedin.com;snap.licdn.com;static.ads-twitter.com;static.criteo.net;t.co;tracking-api.g2.com;tracking.g2crowd.com;tree-nation.com;uct.service.usercentrics.eu;unpkg.com;v1.api.service.cmp.usercentrics.eu;web.cmp.usercentrics.eu;widget.intercom.io;ws.zoominfo.com;www.clarity.ms;www.google-analytics.com;www.google.com;www.googletagmanager.com;www.linkedin.com;www.redditstatic.com;www2.criteo.com
417,dns.google,3,fonts.googleapis.com;fonts.gstatic.com;www.google.com
419,www.microsoft.com,36,browser.events.data.microsoft.com;c.az.clicktale.net;c.bing.com;c.clarity.ms;c.s-microsoft.com;cdn-dynmedia-1.microsoft.com;cdnssl.clicktale.net;cm.everesttech.net;cm.g.doubleclick.net;dpm.demdex.net;googleads.g.doubleclick.net;ib.adnxs.com;idsync.rlcdn.com;js.monitor.azure.com;login.live.com;login.microsoftonline.com;mem.gfx.ms;mscom.demdex.net;msftenterprise.sc.omtrdc.net;pixel.everesttech.net;px.ads.linkedin.com;rtd-tm.everesttech.net;rtd.tubemogul.com;rum.hlx.page;s.clarity.ms;scripts.clarity.ms;static.hj.contentsquare.net;target.microsoft.com;uhf.microsoft.com;wcpstatic.microsoft.com;www.clarity.ms;www.facebook.com;www.google.com;www.googletagmanager.com;www.linkedin.com;www.microsoft.com
421,launchdarkly.com,52,850-kkh-319.mktoresp.com;a.quora.com;alb.reddit.com;analytics.twitter.com;api.ipify.org;api.mutinyhq.io;app.clearbit.com;bat.bing.com;c.clarity.ms;cdn.bizible.com;cdn.bizibly.com;cdn.claydar.com;cdn.jsdelivr.net;cdn.metadata.io;cdn.segment.io;client-registry.mutinycdn.com;clientstream.launchdarkly.com;consent.cookiebot.com;consentcdn.cookiebot.com;go.launchdarkly.com;googleads.g.doubleclick.net;images.prismic.io;ipv6.6sc.co;j.6sc.co;js.qualified.com;launchdarkly-com.netlify.app;launchdarkly-marketingsite.cdn.prismic.io;launchdarkly.com;marketo.clearbit.com;munchkin.marketo.net;pagead2.googlesyndication.com;pixel-config.reddit.com;px.ads.linkedin.com;reveal.clearbit.com;s.clarity.ms;scripts.clarity.ms;snap.licdn.com;static.ads-twitter.com;static.claydar.com;t.co;tag.clearbitscripts.com;tracking-api.g2.com;tracking.g2crowd.com;trkn.us;www.clarity.ms;www.google-analytics.com;www.google.com;www.googleadservices.com;www.googletagmanager.com;www.linkedin.com;www.redditstatic.com;x.clearbitjs.com
432,exo.nel.measure.office.net,2,ajax.aspnetcdn.com;exo.nel.measure.office.net
437,rapid7.com,15,analytics.google.com;bat.bing.com;bat.bing.net;cdn.cookielaw.org;dev.visualwebsiteoptimizer.com;geolocation.onetrust.com;googleads.g.doubleclick.net;information.rapid7.com;p.typekit.net;play.vidyard.com;rapid7.com;stats.g.doubleclick.net;use.typekit.net;www.google.com;www.googletagmanager.com
459,doubleverify.com,24,46126064.fs1.hubspotusercontent-na1.net;888-uxn-063.mktoresp.com;acsbapp.com;analytics.google.com;api.userback.io;cdn.acsbapp.com;consent.trustarc.com;cta-service-cms2.hubspot.com;doubleverify.com;forms-na1.hsforms.com;googleads.g.doubleclick.net;js.hs-analytics.net;js.hs-banner.com;js.hsforms.net;js.hubspot.com;munchkin.marketo.net;perf-na1.hsforms.com;px.ads.linkedin.com;snap.licdn.com;static.userback.io;stats.g.doubleclick.net;www.google.com;www.googletagmanager.com;www.linkedin.com
463,casalemedia.com,16,casalemedia.com;cdn.cookielaw.org;extend.vimeocdn.com;geolocation.onetrust.com;indexexchange.com;ka-f.fontawesome.com;kit.fontawesome.com;player.vimeo.com;px.ads.linkedin.com;s46182.pcdn.co;snap.licdn.com;static.hotjar.com;www.google-analytics.com;www.googletagmanager.com;www.indexexchange.com;www.linkedin.com
465,pubads.g.doubleclick.net,9,ajax.googleapis.com;fonts.googleapis.com;fonts.gstatic.com;googleads.g.doubleclick.net;lh3.googleusercontent.com;www.google-analytics.com;www.google.com;www.googletagmanager.com;www.gstatic.com
467,m365.cloud.microsoft,16,admin.microsoft.com;browser.events.data.microsoft.com;c.s-microsoft.com;config.edge.skype.com;js.monitor.azure.com;login.live.com;login.microsoftonline.com;logincdn.msauth.net;m365.cloud.microsoft;mem.gfx.ms;res.cdn.office.net;s.clarity.ms;scripts.clarity.ms;uhf.microsoft.com;www.clarity.ms;www.microsoft.com
479,onedrive.live.com,53,a.tribalfusion.com;accdn-vip.lpsnmedia.net;analytics.twitter.com;api.company-target.com;assets.adobedtm.com;browser.events.data.microsoft.com;c.bing.com;c.s-microsoft.com;cdn-dynmedia-1.microsoft.com;cm.everesttech.net;cm.g.doubleclick.net;cms.analytics.yahoo.com;cms.quantserve.com;dpm.demdex.net;ds.reson8.com;dsum-sec.casalemedia.com;edge.adobedc.net;ib.adnxs.com;id.rlcdn.com;idpix.media6degrees.com;jadserve.postrelease.com;js.monitor.azure.com;login.live.com;login.microsoftonline.com;lptag.liveperson.net;match.adsrvr.org;mem.gfx.ms;mscom.demdex.net;msftenterprise.sc.omtrdc.net;onedrive.live.com;partners.tremorhub.com;pixel.rubiconproject.com;play.vidyard.com;publisher.liveperson.net;px.owneriq.net;rtd-tm.everesttech.net;rtd.tubemogul.com;rum.hlx.page;s.clarity.ms;s.company-target.com;scripts.clarity.ms;segments.company-target.com;servedby.flashtalking.com;static-assets.fs.liveperson.com;tag-logger.demandbase.com;tag.demandbase.com;target.microsoft.com;uhf.microsoft.com;ups.analytics.yahoo.com;va-vip.v.liveperson.net;wcpstatic.microsoft.com;www.clarity.ms;www.microsoft.com
481,weatherkit.apple.com,5,developer.apple.com;securemetrics.apple.com;sfss.cdn-apple.com;weatherkit.apple.com;www.apple.com
486,msh.amazon.com,2,g-ecx.images-amazon.com;msh.amazon.com
489,tiktok.com,11,lf16-cdn-tos.tiktokcdn-us.com;lf16-tiktok-common.ibytedtos.com;lf16-tiktok-web.tiktokcdn-us.com;mcs.tiktokw.us;mon16-normal-useast5.tiktokv.us;sf16-website-login.neutral.ttwstatic.com;starling.tiktokv.us;storage.googleapis.com;tiktok.com;webcast.us.tiktok.com;www.tiktok.com
498,go.microsoft.com,38,browser.events.data.microsoft.com;c.az.clicktale.net;c.bing.com;c.clarity.ms;c.s-microsoft.com;cdn-dynmedia-1.microsoft.com;cdnssl.clicktale.net;cm.everesttech.net;cm.g.doubleclick.net;dpm.demdex.net;go.microsoft.com;googleads.g.doubleclick.net;ib.adnxs.com;idpix.media6degrees.com;idsync.rlcdn.com;js.monitor.azure.com;login.live.com;login.microsoftonline.com;mem.gfx.ms;mscom.demdex.net;msftenterprise.sc.omtrdc.net;pixel.everesttech.net;px.ads.linkedin.com;rtd-tm.everesttech.net;rtd.tubemogul.com;rum.hlx.page;s.clarity.ms;scripts.clarity.ms;static.hj.contentsquare.net;target.microsoft.com;uhf.microsoft.com;wcpstatic.microsoft.com;www.clarity.ms;www.facebook.com;www.google.com;www.googletagmanager.com;www.linkedin.com;www.microsoft.com
502,taboola.com,45,analytics-ipv6.tiktokw.us;analytics.google.com;analytics.tiktok.com;api-eu1.hubapi.com;bat.bing.com;c.clarity.ms;c.delivery.consentmanager.net;cdn.claydar.com;cdn.consentmanager.net;connect.facebook.net;cta-eu1.hubspot.com;d34r8q7sht0t9k.cloudfront.net;delivery.consentmanager.net;dev.visualwebsiteoptimizer.com;dsum-sec.casalemedia.com;googleads.g.doubleclick.net;insight.adsrvr.org;ipv4.pdscrb.com;js-eu1.hs-analytics.net;js-eu1.hs-banner.com;js-eu1.hs-scripts.com;js-eu1.hsadspixel.net;js-eu1.hubspot.com;js.adsrvr.org;js.nagich.co.il;px.ads.linkedin.com;s.clarity.ms;scripts.clarity.ms;simage2.pubmatic.com;snap.licdn.com;static.claydar.com;static.hotjar.com;stats.g.doubleclick.net;swissknife.taboola.com;taboola.com;track-eu1.hubspot.com;tvspix.com;verifi.pdscrb.com;www.clarity.ms;www.google.com;www.googleadservices.com;www.googletagmanager.com;www.linkedin.com;www.taboola.com;x.bidswitch.net
511,analytics.yahoo.com,40,ad-delivery.net;ads.pubmatic.com;ads.yieldmo.com;analytics.yahoo.com;api.rlcdn.com;c2shb-oao.ssp.yahoo.com;cdn.p-n.io;cdn.taboola.com;cm.g.doubleclick.net;consent.cmp.oath.com;d2mqt2joll4fma.cloudfront.net;display.bidder.taboola.com;exchange.kueezrtb.com;fastlane.rubiconproject.com;grid-bidder.criteo.com;guce.yahoo.com;htlb.casalemedia.com;ib.adnxs.com;idx.liadm.com;ncp-gw-frontpage.media.yahoo.com;nexus-gateway-prod.media.yahoo.com;noa.yahoo.com;opus.analytics.yahoo.com;pbs-yahoo-us.ay.delivery;pbs.yahoo.com;prebid-server.rubiconproject.com;prebid.media.net;rp.liadm.com;rtb.openx.net;s.seedtag.com;s.yimg.com;sb.scorecardresearch.com;securepubads.g.doubleclick.net;signal-service.pbs.yahoo.com;tlx.3lift.com;ups.analytics.yahoo.com;us-trc-events.taboola.com;wnsrvbjmeprtfrnfx.ay.delivery;www.googletagmanager.com;www.yahoo.com
519,roaming.officeapps.live.com,16,admin.microsoft.com;browser.events.data.microsoft.com;c.s-microsoft.com;config.edge.skype.com;js.monitor.azure.com;login.live.com;login.microsoftonline.com;mem.gfx.ms;res.cdn.office.net;roaming.officeapps.live.com;s.clarity.ms;scripts.clarity.ms;uhf.microsoft.com;www.clarity.ms;www.microsoft.com;www.office.com
524,appcenter.ms,3,appcenter.ms;az416426.vo.msecnd.net;c.s-microsoft.com
527,m.google.com,7,apis.google.com;feedback-pa.clients6.google.com;fonts.googleapis.com;fonts.gstatic.com;www.google-analytics.com;www.googletagmanager.com;www.gstatic.com
540,3lift.com,17,3lift.com;app.usercentrics.eu;cdn.jsdelivr.net;cm.g.doubleclick.net;forms-na1.hsforms.com;forms.hsforms.com;ib.adnxs.com;insight.adsrvr.org;js.adsrvr.org;js.hs-analytics.net;js.hs-banner.com;js.hs-scripts.com;js.hsforms.net;pixel.rubiconproject.com;track.hubspot.com;triplelift.com;www.googletagmanager.com
541,tenable.com,72,10359888.fls.doubleclick.net;934-xqb-568.mktoresp.com;a.quora.com;a.usbrowserspeed.com;ad.doubleclick.net;adservice.google.com;alb.reddit.com;analytics.google.com;analytics.o11.tech;api.company-target.com;api.tenable.com;app.clearbit.com;app.upsellit.com;assets.trendemon.com;assets.vidyard.com;bat.bing.com;c.clarity.ms;cdn.vidyard.com;cloud.tenable.com;cm.g.doubleclick.net;cm.teads.tv;connect.facebook.net;d34r8q7sht0t9k.cloudfront.net;dpm.demdex.net;dsum-sec.casalemedia.com;googleads.g.doubleclick.net;grsm.io;ib.adnxs.com;id.rlcdn.com;info.tenable.com;ipv4.pdscrb.com;js.adsrvr.org;js.partnerstack.com;js.qualified.com;match.adsrvr.org;ml314.com;munchkin.marketo.net;p.teads.tv;partnerlinks.io;partners.tremorhub.com;pixel-config.reddit.com;pixel.rubiconproject.com;play.vidyard.com;ps.eyeota.net;px.ads.linkedin.com;s.clarity.ms;s.company-target.com;scripts.clarity.ms;scripts.demandbase.com;segments.company-target.com;simage2.pubmatic.com;snap.licdn.com;static.cloudflareinsights.com;static.hotjar.com;stats.g.doubleclick.net;t.teads.tv;tag-logger.demandbase.com;tag.clearbitscripts.com;tenable.com;tr.capterra.com;trackingapi.trendemon.com;verifi.pdscrb.com;www.clarity.ms;www.google.com;www.googletagmanager.com;www.linkedin.com;www.redditstatic.com;www.tenable.com;www.upsellit.com;www.youtube.com;x.bidswitch.net;x.clearbitjs.com
549,bat.bing.com,28,aadcdn.msftauth.net;ab.dns-finder.com;ad-delivery.net;ad.doubleclick.net;adsdk.microsoft.com;api.btloader.com;api.msn.com;arc.msn.com;assets.msn.com;bat.bing.com;browser.events.data.msn.com;btloader.com;c.msn.com;ecn.dev.virtualearth.net;ib.msn.com;img-s-msn-com.akamaized.net;js.monitor.azure.com;login.live.com;login.microsoftonline.com;m.adnxs.com;mem.gfx.ms;px.ads.linkedin.com;sb.scorecardresearch.com;scripts.mf.webcontentassessor.com;srtb.msn.com;trc.taboola.com;www.bing.com;www.msn.com
550,cloud.tenable.com,2,cdn.amplitude.com;cloud.tenable.com
557,edgedl.me.gvt1.com,11,2542116.fls.doubleclick.net;ad.doubleclick.net;adservice.google.com;edgedl.me.gvt1.com;fonts.googleapis.com;fonts.gstatic.com;tools.google.com;www.google-analytics.com;www.googletagmanager.com;www.gstatic.com;www.youtube.com
570,inmobi.com,43,api.company-target.com;az416426.vo.msecnd.net;cm.g.doubleclick.net;d.adroll.com;dsum-sec.casalemedia.com;eb2.3lift.com;ib.adnxs.com;id.rlcdn.com;image2.pubmatic.com;inmobi.com;js.hs-analytics.net;js.hs-banner.com;js.hs-scripts.com;js.hsadspixel.net;js.hubspot.com;js.zi-scripts.com;lex.33across.com;match.adsrvr.org;ml314.com;pagead2.googlesyndication.com;partners.tremorhub.com;perf-na1.hsforms.com;pippio.com;pixel.rubiconproject.com;pixel.tapad.com;ps.eyeota.net;px.ads.linkedin.com;s.adroll.com;s.company-target.com;segments.company-target.com;snap.licdn.com;static.hotjar.com;sync.outbrain.com;sync.taboola.com;tag.demandbase.com;tags.srv.stackadapt.com;track.hubspot.com;us-u.openx.net;web.inmobicdn.net;www.google-analytics.com;www.googletagmanager.com;www.linkedin.com;x.bidswitch.net
572,security.microsoft.com,4,aadcdn.msauth.net;login.live.com;login.microsoftonline.com;security.microsoft.com
580,sensor.cloud.tenable.com,3,cdn.amplitude.com;sensor.cloud.tenable.com;static.cloudflareinsights.com
582,outlook.cloud.microsoft,5,aadcdn.msftauth.net;login.live.com;login.microsoftonline.com;outlook.cloud.microsoft;res.public.onecdn.static.microsoft
583,static.xx.fbcdn.net,3,static.xx.fbcdn.net;www.facebook.com;www.instagram.com
584,amazonalexa.com,49,aa.agkn.com;amazonalexa.com;capi.connatix.com;cm.g.doubleclick.net;cookie-matching.mediarithmics.com;crb.kargo.com;csync.loopme.me;d12ja8zr03cjqo.cloudfront.net;dpm.demdex.net;dsum-sec.casalemedia.com;eb2.3lift.com;fls-na.amazon.com;geo.ads.audio.thisisdax.com;ib.adnxs.com;ih.adscale.de;image2.pubmatic.com;image4.pubmatic.com;images-na.ssl-images-amazon.com;jadserve.postrelease.com;lciapi.ninthdecimal.com;loadus.exelator.com;m.media-amazon.com;match.360yield.com;match.sharethrough.com;moneraappdevicesubs-us-east-1.prod-na-2.app.monera.adg.a2z.com;ms-cookie-sync.presage.io;odr.mookie1.com;pbs.yahoo.com;pi.ispot.tv;pixel.rubiconproject.com;public-prod-dspcookiematching.dmxleo.com;rtb-csync.smartadserver.com;s.amazon-adsystem.com;sb.scorecardresearch.com;spl.zeotap.com;sts.us-east-1.amazonaws.com;sync-amazon.ads.yieldmo.com;sync.rfp.fout.jp;sync.taboola.com;uipglob.semasio.net;unagi.amazon.com;us-east-sync.richaudience.com;us-u.openx.net;user-sync.fwmrm.net;usersync.gumgum.com;usersync.samplicio.us;www.amazon.com;www.imdb.com;x.bidswitch.net
586,zoom.us,62,52.71.121.170;9513928.fls.doubleclick.net;ad.doubleclick.net;adservice.google.com;alb.reddit.com;analytics.twitter.com;api.company-target.com;bat.bing.com;c.contentsquare.net;cdn.amplitude.com;cdn.bc0a.com;cdn.cookielaw.org;cdn.jsdelivr.net;cdn.metadata.io;cm.g.doubleclick.net;collector-29673.us.tvsquared.com;connect.facebook.net;csxd.contentsquare.net;dsum-sec.casalemedia.com;dx.mountain.com;geolocation.onetrust.com;googleads.g.doubleclick.net;id.rlcdn.com;ixfd2-api.bc0a.com;js.zi-scripts.com;partners.tremorhub.com;pixel-config.reddit.com;pixel.byspotify.com;pixel.rubiconproject.com;pixels.spotify.com;px.adentifi.com;px.ads.linkedin.com;s.company-target.com;s.usea01.idio.episerver.net;s.yimg.jp;scout-cdn.salesloft.com;scout.salesloft.com;segments.company-target.com;snap.licdn.com;sr-client-cfg.amplitude.com;st1.zoom.us;static.ads-twitter.com;static.cloudflareinsights.com;t.co;t.contentsquare.net;tag-logger.demandbase.com;tag.demandbase.com;tracking-api.g2.com;tracking.g2crowd.com;trkn.us;us.telemetry.zoom.us;us01campaign.zoom.us;utt.impactcdn.com;ws-assets.zoominfo.com;ws.zoominfo.com;www.google.com;www.googletagmanager.com;www.linkedin.com;www.redditstatic.com;www.zoom.com;zoom.sjv.io;zoom.us
588,applovin.com,4,applovin.com;cdn.cookielaw.org;geolocation.onetrust.com;www.googletagmanager.com
594,twitter.com,7,abs-0.twimg.com;abs.twimg.com;accounts.google.com;appleid.cdn-apple.com;fonts.gstatic.com;twitter.com;x.com
597,cookielaw.org,28,113-zyd-389.mktoresp.com;alb.reddit.com;assets.adobedtm.com;bat.bing.com;c.clarity.ms;cdn.bizible.com;cdn.bizibly.com;cdn.cookielaw.org;challenges.cloudflare.com;cookielaw.org;geolocation.onetrust.com;googleads.g.doubleclick.net;js.qualified.com;munchkin.marketo.net;pixel-config.reddit.com;px.ads.linkedin.com;s.clarity.ms;scripts.clarity.ms;snap.licdn.com;vault.pactsafe.io;www.clarity.ms;www.cookielaw.org;www.everestjs.net;www.google.com;www.googletagmanager.com;www.linkedin.com;www.onetrust.com;www.redditstatic.com
599,branch.io,8,branch.io;cdn.cookielaw.org;click.prod.mplat-ppcprotect.com;client.prod.mplat-ppcprotect.com;geolocation.onetrust.com;www.branch.io;www.google.com;www.googletagmanager.com
607,android.com,7,analytics.google.com;fonts.googleapis.com;fonts.gstatic.com;stats.g.doubleclick.net;www.google.com;www.googletagmanager.com;www.gstatic.com
610,smartadserver.com,21,assets.equativ.com;cdn.jsdelivr.net;cdn.matomo.cloud;cdn.prod.website-files.com;d3e54v103j8qbb.cloudfront.net;equativ.com;equativ.matomo.cloud;go.smartadserver.com;googleads.g.doubleclick.net;ipapi.co;p.typekit.net;pi.pardot.com;px.ads.linkedin.com;sdk.privacy-center.org;smartadserver.com;snap.licdn.com;use.typekit.net;www.equativ.com;www.google.com;www.googletagmanager.com;www.linkedin.com
612,whatsapp.com,3,static.whatsapp.net;whatsapp.com;www.whatsapp.com
618,newrelic.com,27,a.quora.com;alb.reddit.com;analytics.google.com;browser.sentry-cdn.com;cdn.jsdelivr.net;cdn.segment.com;cmp.osano.com;dev.visualwebsiteoptimizer.com;distillery.wistia.com;fast.wistia.com;fonts.googleapis.com;fpjscdn.net;googleads.g.doubleclick.net;j.6sc.co;launcher.1mind.com;munchkin.marketo.net;newrelic.com;ob.itstarsbuilding.com;pixel-config.reddit.com;px.ads.linkedin.com;snap.licdn.com;static.claydar.com;stats.g.doubleclick.net;www.google.com;www.googletagmanager.com;www.linkedin.com;www.redditstatic.com
623,visualstudio.com,17,app.vssps.visualstudio.com;bam.nr-data.net;browser.events.data.microsoft.com;c.s-microsoft.com;js-agent.newrelic.com;js.monitor.azure.com;login.live.com;mem.gfx.ms;s.clarity.ms;scripts.clarity.ms;uhf.microsoft.com;visualstudio.com;visualstudio.microsoft.com;wcpstatic.microsoft.com;www.clarity.ms;www.microsoft.com;www.visualstudio.com
629,braze.com,81,10732055.fls.doubleclick.net;11477521.fls.doubleclick.net;14616612.fls.doubleclick.net;367-guy-242.mktoresp.com;aa.agkn.com;action.dstillery.com;action.media6degrees.com;ad.doubleclick.net;ads.betweendigital.com;adservice.google.com;alb.reddit.com;analytics.google.com;b.6sc.co;bcp.crwdcntrl.net;braze.com;cdn.cookielaw.org;cdn.microad.jp;cdn.pdst.fm;cdn.sanity.io;ce.lijit.com;cm.g.doubleclick.net;connect.facebook.net;cs.media.net;d.agkn.com;dev.visualwebsiteoptimizer.com;dpm.demdex.net;dsum-sec.casalemedia.com;eb2.3lift.com;edge.fullstory.com;epsilon.6sense.com;fei.pro-market.net;geolocation.onetrust.com;googleads.g.doubleclick.net;ib.adnxs.com;idsync.rlcdn.com;image2.pubmatic.com;insight.adsrvr.org;ipv6.6sc.co;j.6sc.co;js.adsrvr.org;js.qualified.com;loadm.exelator.com;ml314.com;munchkin.marketo.net;pippio.com;pixel-config.reddit.com;pixel.rubiconproject.com;pixel.tapad.com;ps.eyeota.net;px.ads.linkedin.com;r1.visualwebsiteoptimizer.com;rs.fullstory.com;rules.quantcount.com;s.ad.smaato.net;s.yimg.com;secure-gl.imrworldwide.com;secure.adnxs.com;secure.quantserve.com;simplifi.partners.tremorhub.com;snap.licdn.com;sp.analytics.yahoo.com;stats.g.doubleclick.net;sync.bfmio.com;sync.intentiq.com;sync.smartadserver.com;synchroscript.deliveryengine.adswizz.com;tag.simpli.fi;tags.srv.stackadapt.com;tracking-api.g2.com;tracking.g2crowd.com;um.simpli.fi;universe.send.microad.jp;us-u.openx.net;user-sync.fwmrm.net;wt.rqtrk.eu;www.google.com;www.googleadservices.com;www.googletagmanager.com;www.linkedin.com;www.redditstatic.com;x.bidswitch.net
632,media.net,26,ajax.googleapis.com;analytics.google.com;analytics.twitter.com;bat.bing.com;c.clarity.ms;cdn.consentmanager.net;cdn.prod.website-files.com;connect.facebook.net;d.delivery.consentmanager.net;d3e54v103j8qbb.cloudfront.net;delivery.consentmanager.net;fonts.googleapis.com;fonts.gstatic.com;googleads.g.doubleclick.net;media.net;s.clarity.ms;s31073.pcdn.co;scripts.clarity.ms;static.ads-twitter.com;stats.g.doubleclick.net;t.co;www.clarity.ms;www.google-analytics.com;www.google.com;www.googletagmanager.com;www.media.net
634,apple.news,4,apple.com;apple.news;securemetrics.apple.com;www.apple.com
637,tapad.com,21,assets.adobedtm.com;bcp.crwdcntrl.net;buttons-config.sharethis.com;cdn.jsdelivr.net;cdnjs.cloudflare.com;cloud.typography.com;cm.g.doubleclick.net;code.jquery.com;i.liadm.com;ib.adnxs.com;insight.adsrvr.org;l.sharethis.com;platform-api.sharethis.com;segments.company-target.com;sync.sharethis.com;t.sharethis.com;tapad.com;unpkg.com;us-u.openx.net;use.fontawesome.com;use.typekit.net
642,roaming.svc.cloud.microsoft,15,admin.microsoft.com;browser.events.data.microsoft.com;c.s-microsoft.com;config.edge.skype.com;js.monitor.azure.com;mem.gfx.ms;res.cdn.office.net;roaming.svc.cloud.microsoft;s.clarity.ms;scripts.clarity.ms;uhf.microsoft.com;wcpstatic.microsoft.com;www.clarity.ms;www.microsoft.com;www.office.com
643,weather.com,43,aax.amazon-adsystem.com;accounts.google.com;ads.rubiconproject.com;api.rlcdn.com;api.weather.com;bam.nr-data.net;c.amazon-adsystem.com;cdn.adsafeprotected.com;cdn.id5-sync.com;cdn.p-n.io;cdn.taboola.com;cm.g.doubleclick.net;config.aps.amazon-adsystem.com;dsx.weather.com;fid.agkn.com;gum.criteo.com;hq2zc2zefnwmg3wcm.ay.delivery;id.crwdcntrl.net;id5-sync.com;idx.liadm.com;invstatic101.creativecdn.com;js-agent.newrelic.com;launchpad-wrapper.privacymanager.io;launchpad.privacymanager.io;lb.eu-1-id5-sync.com;metrics.rapidedge.io;micro.rubiconproject.com;mparticle.weather.com;na.edge.optable.co;oa.openxcdn.net;pixel.adsafeprotected.com;pub.doubleverify.com;rp.liadm.com;s.w-x.co;scripts.webcontentassessor.com;secure.cdn.fastclick.net;securepubads.g.doubleclick.net;sli.em.weather.com;static.criteo.net;tags.crwdcntrl.net;weather-channel.solutions.cdn.optable.co;weather.com;writingcalls.com
646,r.manage.microsoft.com,6,aadcdn.msauth.net;intune.microsoft.com;login.live.com;login.microsoftonline.com;portal.azure.com;r.manage.microsoft.com
649,www.instagram.com,3,static.cdninstagram.com;www.facebook.com;www.instagram.com
655,webex.com,2,webex.com;www.webex.com
662,www.amazon.com,19,1c5c1ecf7303.c0b160fb.us-east-1.token.awswaf.com;aa.agkn.com;atv-ps.amazon.com;capi.connatix.com;cloudfront.xp-assets.aiv-cdn.net;dsum-sec.casalemedia.com;fls-na.amazon.com;geo.ads.audio.thisisdax.com;ib.adnxs.com;jadserve.postrelease.com;m.media-amazon.com;match.360yield.com;pbs.yahoo.com;public-prod-dspcookiematching.dmxleo.com;rtb-csync.smartadserver.com;s.amazon-adsystem.com;unagi.amazon.com;www.amazon.com;x.bidswitch.net
663,delve.office.com,5,aadcdn.msftauth.net;delve.office.com;login.live.com;login.microsoftonline.com;www.microsoft365.com
671,amplitude.com,77,138-cdn-550.mktoresp.com;691063a4bae96f8858ec7427.services.infinigrow.com;a.usbrowserspeed.com;alb.reddit.com;amplitude.com;analytics.google.com;analytics.twitter.com;aorta.clickagy.com;api-v2.mutinyhq.io;apikeys.civiccomputing.com;app.guideflow.com;assets.adoberesources.net;bat.bing.com;browser.sentry-cdn.com;cc.cdn.civiccomputing.com;cdn-app.pathfactory.com;cdn.amplitude.com;cdn.bizible.com;cdn.sanity.io;client-registry.mutinycdn.com;cm.g.doubleclick.net;connect.facebook.net;ddzuuyx7zj81k.cloudfront.net;distillery.wistia.com;dsum-sec.casalemedia.com;embed-cloudfront.wistia.com;embed-ssl.wistia.com;epsilon.6sense.com;fast.wistia.com;fast.wistia.net;fonts.cdnfonts.com;fonts.googleapis.com;fonts.gstatic.com;googleads.g.doubleclick.net;insight.adsrvr.org;ipv6.6sc.co;j.6sc.co;js.adsrvr.org;js.zi-scripts.com;jukebox.pathfactory.com;munchkin.marketo.net;nam.veta.naver.com;o13027.ingest.sentry.io;ob.roundprincemusic.com;obs.roundprincemusic.com;pagead2.googlesyndication.com;pipedream.wistia.com;pixel-config.reddit.com;pixel.rubiconproject.com;pubads.g.doubleclick.net;px.ads.linkedin.com;schedule.zoominfo.com;secure.adnxs.com;simage2.pubmatic.com;snap.licdn.com;snippet.infinigrow.com;sr-client-cfg.amplitude.com;ssl.pstatic.net;static.ads-twitter.com;stats.g.doubleclick.net;t.co;t.influ2.com;tags.clickagy.com;us-u.openx.net;wcs.naver.com;wcs.naver.net;ws-assets.zoominfo.com;ws.zoominfo.com;wt.inflection.io;www.clickcease.com;www.google-analytics.com;www.google.com;www.googletagmanager.com;www.influ2.com;www.linkedin.com;www.redditstatic.com;x.bidswitch.net
674,app-site-association.cdn-apple.com,4,app-site-association.cdn-apple.com;securemetrics.apple.com;securemvt.apple.com;www.apple.com
677,ads.linkedin.com,12,ads.linkedin.com;business.linkedin.com;c.bing.com;cm.g.doubleclick.net;content.linkedin.com;delivery-p143253-e1476319.adobeaemcloud.com;dpm.demdex.net;lnkd.demdex.net;lnkd.tt.omtrdc.net;platform.linkedin.com;static.licdn.com;www.linkedin.com
680,amazonvideo.com,8,amazonvideo.com;fls-na.amazon.com;images-na.ssl-images-amazon.com;m.media-amazon.com;unagi-na.amazon.com;unagi.amazon.com;www.amazon.com;www.primevideo.com
708,temu.com,9,accounts.google.com;adtk-us.temu.com;aimg.kwcdn.com;img.kwcdn.com;pftka-us.temu.com;static.kwcdn.com;temu.com;thtka-us.temu.com;www.temu.com
718,outbrain.com,12,browser.sentry-cdn.com;cdn.cookielaw.org;distillery.wistia.com;embed-cloudfront.wistia.com;fast.wistia.com;fonts.googleapis.com;fonts.gstatic.com;geolocation.onetrust.com;outbrain.com;pipedream.wistia.com;www.googletagmanager.com;www.outbrain.com
722,vungle.com,30,browser.sentry-cdn.com;cdn.bizible.com;cdn.bizibly.com;cdn.metadata.io;cdn.transifex.com;connect.facebook.net;fast.wistia.com;fonts.googleapis.com;fonts.gstatic.com;forms-na2.hsforms.com;forms.hsforms.com;js-na2.hs-analytics.net;js-na2.hs-banner.com;js-na2.hs-scripts.com;js-na2.hsadspixel.net;js-na2.hscollectedforms.net;js.hsforms.net;liftoff.ai;liftoff.io;live-detector.svc.transifex.net;maxcdn.bootstrapcdn.com;rum-collector-2.pingdom.net;rum-static.pingdom.net;stats.g.doubleclick.net;telemetry.svc.transifex.net;track-na2.hubspot.com;vungle.com;www.google-analytics.com;www.google.com;www.googletagmanager.com
734,appsflyer.com,53,108-avt-732.mktoresp.com;52.22.50.55;a.omappapi.com;a.quora.com;a.usbrowserspeed.com;alb.reddit.com;api.company-target.com;api.omappapi.com;appsflyer.com;bat.bing.com;browser.sentry-cdn.com;cdn.cookielaw.org;cdn.jsdelivr.net;cdn.mxpnl.com;cdnjs.cloudflare.com;connect.facebook.net;dsum-sec.casalemedia.com;dx.mountain.com;fast.wistia.com;fonts.gstatic.com;geolocation.onetrust.com;go.appsflyer.com;googleads.g.doubleclick.net;id.rlcdn.com;js.navattic.com;munchkin.marketo.net;partners.tremorhub.com;pixel-config.reddit.com;pixel.rubiconproject.com;px.ads.linkedin.com;rum-collector-2.pingdom.net;rum-static.pingdom.net;s.company-target.com;sdk.getlimy.ai;segments.company-target.com;snap.licdn.com;t.influ2.com;tag-logger.demandbase.com;tag.demandbase.com;tracking-api.g2.com;tracking.g2crowd.com;unpkg.com;wa.appsflyersdk.com;wa.onelink.me;websdk.appsflyer.com;www.appsflyer.com;www.google-analytics.com;www.google.com;www.googletagmanager.com;www.influ2.com;www.linkedin.com;www.redditstatic.com;www.youtube.com
742,samsungcloud.com,4,samsungcloud.com;www.google-analytics.com;www.googletagmanager.com;www.samsungcloud.com
751,autodiscover-s.outlook.com,6,aadcdn.msauth.net;autodiscover-s.outlook.com;login.live.com;login.microsoftonline.com;outlook.office365.com;res.public.onecdn.static.microsoft
756,graph-next.fp.measure.office.com,9,browser.events.data.microsoft.com;c.s-microsoft.com;developer.microsoft.com;graph-next.fp.measure.office.com;js.monitor.azure.com;res.public.onecdn.static.microsoft;teams.microsoft.com;wcpstatic.microsoft.com;www.microsoft.com
758,api.amazonalexa.com,2,api.amazonalexa.com;g-ecx.images-amazon.com
759,amd-infra.itunes.apple.com,3,amd-infra.itunes.apple.com;idmsac.apple.com;www.apple.com
765,bugsnag.com,13,browser.sentry-cdn.com;bugsnag.com;cdn-4.convertexperiments.com;distillery.wistia.com;embed-ssl.wistia.com;fast.wistia.com;fast.wistia.net;fonts.googleapis.com;fonts.gstatic.com;imagedelivery.net;pipedream.wistia.com;static.cloudflareinsights.com;www.bugsnag.com
771,store.microsoft.com,39,ad.doubleclick.net;bat.bing.com;browser.events.data.microsoft.com;c.az.clicktale.net;c.clarity.ms;c.s-microsoft.com;cdn-dynmedia-1.microsoft.com;cdnssl.clicktale.net;cm.everesttech.net;cm.g.doubleclick.net;dpm.demdex.net;googleads.g.doubleclick.net;ib.adnxs.com;idsync.rlcdn.com;js.monitor.azure.com;login.live.com;login.microsoftonline.com;mem.gfx.ms;mscom.demdex.net;msftenterprise.sc.omtrdc.net;pixel.everesttech.net;px.ads.linkedin.com;rtd-tm.everesttech.net;rtd.tubemogul.com;rum.hlx.page;s.clarity.ms;scripts.clarity.ms;static.hj.contentsquare.net;store.microsoft.com;target.microsoft.com;uhf.microsoft.com;wcpstatic.microsoft.com;www.clarity.ms;www.facebook.com;www.google.com;www.googletagmanager.com;www.linkedin.com;www.microsoft.com;www.microsoftstore.com
785,time.google.com,3,ogads-pa.clients6.google.com;play.google.com;www.gstatic.com
790,opera.com,12,analytics.google.com;bat.bing.com;c.clarity.ms;cdn-production-opera-website.operacdn.com;googleads.g.doubleclick.net;opera.com;scripts.clarity.ms;stats.g.doubleclick.net;www.clarity.ms;www.google.com;www.googletagmanager.com;www.opera.com
792,mozilla.com,6,mozilla.com;transcend-cdn.com;www.firefox.com;www.google-analytics.com;www.googletagmanager.com;www.mozilla.org
794,dell.com,2,dell.com;www.dell.com
795,copilot.cloud.microsoft,12,browser.events.data.microsoft.com;c.s-microsoft.com;copilot.cloud.microsoft;js.monitor.azure.com;mem.gfx.ms;res.cdn.office.net;s.clarity.ms;scripts.clarity.ms;uhf.microsoft.com;wcpstatic.microsoft.com;www.clarity.ms;www.microsoft.com
801,substrate.svc.cloud.microsoft,4,aadcdn.msftauth.net;login.microsoftonline.com;res.public.onecdn.static.microsoft;substrate.svc.cloud.microsoft
806,roku.com,17,analytics.google.com;bam.nr-data.net;cdn.sprig.com;cigars.roku.com;cm.g.doubleclick.net;image.roku.com;images.sr.roku.com;js-agent.newrelic.com;pixel.web.roku.com;roku.com;static.cloudflareinsights.com;stats.g.doubleclick.net;tags.w55c.net;www.google.com;www.googletagmanager.com;www.mczbf.com;www.roku.com
817,tr-ssc-mira.office.com,4,aadcdn.msauth.net;login.microsoftonline.com;res.public.onecdn.static.microsoft;tr-ssc-mira.office.com
823,ipv4probe.office.com,4,aadcdn.msftauth.net;ipv4probe.office.com;login.microsoftonline.com;res.public.onecdn.static.microsoft
827,clients1.google.com,3,ogads-pa.clients6.google.com;play.google.com;www.gstatic.com
830,csp.withgoogle.com,3,fonts.googleapis.com;fonts.gstatic.com;www.google.com
832,hola.org,14,analytics.google.com;brightdata.com;c.bing.com;c.clarity.ms;cdn4.hola.org;googleads.g.doubleclick.net;hola.org;perr.hola.org;s.clarity.ms;scripts.clarity.ms;stats.g.doubleclick.net;www.clarity.ms;www.google.com;www.googletagmanager.com
835,acdc-direct.office.com,4,aadcdn.msftauth.net;acdc-direct.office.com;login.microsoftonline.com;res.public.onecdn.static.microsoft
841,ajax.googleapis.com,5,fonts.googleapis.com;fonts.gstatic.com;www.google-analytics.com;www.googletagmanager.com;www.gstatic.com
845,gateway.instagram.com,2,gateway.instagram.com;static.facebook.com
847,onetrust.com,27,113-zyd-389.mktoresp.com;alb.reddit.com;assets.adobedtm.com;bat.bing.com;c.clarity.ms;cdn.bizible.com;cdn.bizibly.com;cdn.cookielaw.org;challenges.cloudflare.com;geolocation.onetrust.com;googleads.g.doubleclick.net;js.qualified.com;munchkin.marketo.net;onetrust.com;pixel-config.reddit.com;px.ads.linkedin.com;s.clarity.ms;scripts.clarity.ms;snap.licdn.com;vault.pactsafe.io;www.clarity.ms;www.everestjs.net;www.google.com;www.googletagmanager.com;www.linkedin.com;www.onetrust.com;www.redditstatic.com
856,life360.com,3,life360.com;static.cloudflareinsights.com;www.life360.com
859,c.msn.com,2,c.bing.com;c.msn.com
875,suggestqueries.google.com,3,ogads-pa.clients6.google.com;play.google.com;www.gstatic.com
879,adjust.com,38,a.storyblok.com;adjust.com;analytics.google.com;api.adjust.com;api.company-target.com;api.db-ip.com;bat.bing.com;browser.sentry-cdn.com;cdn.fonts.net;connect.facebook.net;consent.cookiebot.com;consentcdn.cookiebot.com;distillery.wistia.com;dsum-sec.casalemedia.com;embed-ssl.wistia.com;fast.wistia.com;go.adjust.com;googleads.g.doubleclick.net;id.rlcdn.com;pagead2.googlesyndication.com;partners.tremorhub.com;pi.pardot.com;pipedream.wistia.com;pixel.rubiconproject.com;px.ads.linkedin.com;s.company-target.com;segments.company-target.com;snap.licdn.com;stats.g.doubleclick.net;tag-logger.demandbase.com;tag.demandbase.com;tracking-api.g2.com;tracking.g2crowd.com;www.adjust.com;www.google-analytics.com;www.google.com;www.googletagmanager.com;www.linkedin.com
881,maps.googleapis.com,15,analytics.google.com;apis.google.com;developers-dot-devsite-v2-prod.appspot.com;feedback-pa.clients6.google.com;fonts.googleapis.com;fonts.gstatic.com;googleads.g.doubleclick.net;i.ytimg.com;static.doubleclick.net;stats.g.doubleclick.net;www.google-analytics.com;www.google.com;www.googletagmanager.com;www.gstatic.com;www.youtube.com
899,mixpanel.com,42,alb.reddit.com;analytics.google.com;api-js.mixpanel.com;api.framer.com;app.framerstatic.com;bat.bing.com;c.6sc.co;c.clarity.ms;cdn.mxpnl.com;cdn.optimizely.com;cdn.smartnews-ads.com;cdn3.optimizely.com;connect.facebook.net;consent.trustarc.com;events.framer.com;framer.com;framerusercontent.com;googleads.g.doubleclick.net;i.smartnews-ads.com;i6.smartnews-ads.com;ipv6.6sc.co;j.6sc.co;js.qualified.com;js.sentry-cdn.com;logx.optimizely.com;mixpanel.com;o81318.ingest.us.sentry.io;pixel-config.reddit.com;px.ads.linkedin.com;s.clarity.ms;s.pinimg.com;s.yimg.jp;scripts.clarity.ms;snap.licdn.com;stats.g.doubleclick.net;tracking-api.g2.com;tracking.g2crowd.com;www.clarity.ms;www.google.com;www.googletagmanager.com;www.linkedin.com;www.redditstatic.com
901,atm-fp-direct.office.com,4,aadcdn.msauth.net;atm-fp-direct.office.com;login.microsoftonline.com;res.public.onecdn.static.microsoft
926,yandex.ru,21,ad.mail.ru;adv.mail.ru;api.vk.com;avatars.dzeninfra.ru;avatars.mds.yandex.net;csp.yandex.net;dzen.ru;favicon.yandex.net;login.vk.com;privacy-cs.mail.ru;sso.dzen.ru;sso.passport.yandex.ru;stacks.vk-portal.net;static-mon.yandex.net;static.dzeninfra.ru;static.vk.com;suggest.sso.dzen.ru;top-fwz1.mail.ru;vk.ru;yandex.ru;yastatic.net
929,quantserve.com,2,quantserve.com;static.quantcast.com
931,qualys.com,8,cdn2.qualys.com;consent.cookiebot.com;consentcdn.cookiebot.com;ik.imagekit.io;qualys.com;static.cloudflareinsights.com;www.googletagmanager.com;www.qualys.com
938,qq.com,28,apd-f8282f3d8d49ba181c3a58c98c2f6a25.v.smtcdns.com;appcfg.v.qq.com;dp3.qq.com;h.trace.qq.com;h5.ssp.qq.com;i.news.qq.com;inews.gtimg.com;l.qq.com;mat1.gtimg.com;news.qq.com;news.ssp.qq.com;op.ssp.qq.com;p.l.qq.com;p.qpic.cn;puui.qpic.cn;qq.com;sports3.gtimg.com;sqt.gtimg.cn;staticfile.qq.com;tnfe.gtimg.com;v.qq.com;vd6.l.qq.com;vfiles.gtimg.cn;video.qq.com;vm.gtimg.cn;wa.gtimg.com;wfiles.gtimg.cn;www.qq.com
941,moloco.com,52,48752163.fs1.hubspotusercontent-na1.net;6381084.hs-sites.com;7052064.fs1.hubspotusercontent-na1.net;ajax.googleapis.com;analytics.google.com;api.company-target.com;api.hubapi.com;cdn.cookielaw.org;cdn.prod.website-files.com;connect.facebook.net;d3e54v103j8qbb.cloudfront.net;dsum-sec.casalemedia.com;fonts.googleapis.com;fonts.gstatic.com;forms-na1.hsforms.com;forms.hsforms.com;geolocation.onetrust.com;googleads.g.doubleclick.net;hubspotv2.use1-marketplace-1p-apps-prod-red.if.webflow.services;id.rlcdn.com;js.hs-analytics.net;js.hs-banner.com;js.hs-scripts.com;js.hsadspixel.net;js.hscollectedforms.net;js.hsforms.net;js.hubspot.com;moloco.com;nam.veta.naver.com;partners.tremorhub.com;perf-na1.hsforms.com;pixel.rubiconproject.com;px.ads.linkedin.com;rum.browser-intake-datadoghq.com;s.company-target.com;segments.company-target.com;snap.licdn.com;ssl.pstatic.net;static.hsappstatic.net;stats.g.doubleclick.net;tag-logger.demandbase.com;tag.demandbase.com;tracking-api.g2.com;tracking.g2crowd.com;wcs.naver.com;wcs.naver.net;www.datadoghq-browser-agent.com;www.google.com;www.googleadservices.com;www.googletagmanager.com;www.linkedin.com;www.moloco.com
946,mozilla.org,5,mozilla.org;transcend-cdn.com;www.google-analytics.com;www.googletagmanager.com;www.mozilla.org
954,me.com,5,appleid.cdn-apple.com;me.com;setup.icloud.com;www.apple.com;www.icloud.com
960,www.linkedin.com,12,accounts.google.com;c.bing.com;cm.g.doubleclick.net;collector-pxdojv695v.protechts.net;dpm.demdex.net;fonts.gstatic.com;li.protechts.net;lnkd.demdex.net;merchantpool1.linkedin.com;platform.linkedin.com;static.licdn.com;www.linkedin.com
976,www.temu.com,9,accounts.google.com;adtk-us.temu.com;aimg.kwcdn.com;commimg.kwcdn.com;img.kwcdn.com;pftka-us.temu.com;static.kwcdn.com;thtka-us.temu.com;www.temu.com
981,teads.tv,2,cdn.teads.tv;teads.tv
986,yandex.net,9,adfstat.yandex.ru;captcha-backgrounds.s3.yandex.net;cdnrhkgfkkpupuotntfj.svc.cdn.yandex.net;mc.yandex.ru;sso.passport.yandex.ru;ya.ru;yandex.net;yandex.ru;yastatic.net
990,health.apple.com,3,health.apple.com;securemetrics.apple.com;www.apple.com
1001,location.life360.com,2,location.life360.com;static.cloudflareinsights.com
1003,m.facebook.com,3,m.facebook.com;static.xx.fbcdn.net;www.instagram.com
1015,s.yimg.com,3,bcn.fp.yahoo.com;geo.yahoo.com;s.yimg.com
1023,flashtalking.com,18,331-xpm-231.mktoresp.com;ajax.googleapis.com;analytics.ahrefs.com;apikeys.civiccomputing.com;cc.cdn.civiccomputing.com;cdn.jsdelivr.net;cdn.prod.website-files.com;cdnjs.cloudflare.com;d3e54v103j8qbb.cloudfront.net;flashtalking.com;fonts.googleapis.com;fonts.gstatic.com;info.mediaocean.com;munchkin.marketo.net;p.typekit.net;use.typekit.net;www.googletagmanager.com;www.innovid.com
1042,waconatm.officeapps.live.com,16,admin.microsoft.com;browser.events.data.microsoft.com;c.s-microsoft.com;config.edge.skype.com;js.monitor.azure.com;login.live.com;login.microsoftonline.com;mem.gfx.ms;res.cdn.office.net;s.clarity.ms;scripts.clarity.ms;uhf.microsoft.com;waconatm.officeapps.live.com;www.clarity.ms;www.microsoft.com;www.office.com
1043,geolocation.onetrust.com,26,113-zyd-389.mktoresp.com;alb.reddit.com;assets.adobedtm.com;bat.bing.com;c.clarity.ms;cdn.bizible.com;cdn.bizibly.com;cdn.cookielaw.org;challenges.cloudflare.com;geolocation.onetrust.com;googleads.g.doubleclick.net;js.qualified.com;munchkin.marketo.net;pixel-config.reddit.com;px.ads.linkedin.com;s.clarity.ms;scripts.clarity.ms;snap.licdn.com;vault.pactsafe.io;www.clarity.ms;www.everestjs.net;www.google.com;www.googletagmanager.com;www.linkedin.com;www.onetrust.com;www.redditstatic.com
1054,yieldmo.com,16,api.userway.org;cdn.cookielaw.org;cdn.userway.org;edge.fullstory.com;fonts.googleapis.com;fonts.gstatic.com;geolocation.onetrust.com;js.hs-analytics.net;js.hs-banner.com;js.hs-scripts.com;js.hscollectedforms.net;rs.fullstory.com;thenai.org;track.hubspot.com;www.google-analytics.com;yieldmo.com
1063,use.typekit.net,14,adobeid-na1.services.adobe.com;afwebcdn.fonts.adobe.com;assets.fonts.adobe.com;auth-light.identity.adobe.com;auth.services.adobe.com;bam.nr-data.net;fonts.adobe.com;ims-na1.adobelogin.com;js-agent.newrelic.com;p.typekit.net;prod.adobeccstatic.com;use.typekit.net;www.google-analytics.com;www.googletagmanager.com
1070,onetag-sys.com,2,onetag-cdn.com;onetag-sys.com
1072,pendo.io,29,alb.reddit.com;analytics.google.com;b.6sc.co;bat.bing.com;browser.sentry-cdn.com;cdn.builder.io;cdn.cookielaw.org;cdn.jsdelivr.net;cdn.metadata.io;dx.mountain.com;embed-cloudfront.wistia.com;fast.wistia.com;fast.wistia.net;fonts.googleapis.com;fonts.gstatic.com;geolocation.onetrust.com;j.6sc.co;munchkin.marketo.net;pendo.io;pixel.byspotify.com;snap.licdn.com;spider.australiarevival.com;static.ads-twitter.com;stats.g.doubleclick.net;tags.srv.stackadapt.com;www.google.com;www.googletagmanager.com;www.pendo.io;www.redditstatic.com
1094,grammarly.com,57,11910764.fls.doubleclick.net;a.quora.com;accounts.google.com;ad.doubleclick.net;adresults-19-adswizz.attribution.adswizz.com;adservice.google.com;analytics-ipv6.tiktokw.us;analytics.google.com;analytics.tiktok.com;b.6sc.co;bat.bing.com;c.6sc.co;c.clarity.ms;cdn.pdst.fm;cdn.taboola.com;cm.g.doubleclick.net;collector-21641.us.tvsquared.com;connect.facebook.net;d34r8q7sht0t9k.cloudfront.net;data.adxcel-ec2.com;dsum-sec.casalemedia.com;gateway.grammarly.com;gnar.grammarly.com;googleads.g.doubleclick.net;grammarly.com;grammarly.pxf.io;ib.adnxs.com;insight.adsrvr.org;ipv4.podscribe.com;ipv6.6sc.co;j.6sc.co;js.adsrvr.org;js.zi-scripts.com;pixel.rubiconproject.com;pixel.tapad.com;px.ads.linkedin.com;px.gumgum.com;s.clarity.ms;scripts.clarity.ms;secure.adnxs.com;simage2.pubmatic.com;snap.licdn.com;static-web.grammarly.com;stats.g.doubleclick.net;tags.w55c.net;transcend-cdn.com;utt.impactcdn.com;verifi.podscribe.com;ws.zoominfo.com;www.clarity.ms;www.facebook.com;www.google-analytics.com;www.google.com;www.googletagmanager.com;www.grammarly.com;www.linkedin.com;x.bidswitch.net
1103,fwmrm.net,24,ad.ipredictive.com;cdn.cookielaw.org;cdn.jsdelivr.net;cdnjs.cloudflare.com;cnv.event.prod.bidr.io;connect.facebook.net;extend.vimeocdn.com;freewheel.com;fwmrm.net;geolocation.onetrust.com;googleads.g.doubleclick.net;js.hs-banner.com;js.hs-scripts.com;js.hubspot.com;js.ipredictive.com;perf-na1.hsforms.com;player.vimeo.com;px.ads.linkedin.com;snap.licdn.com;static.hotjar.com;www.google-analytics.com;www.google.com;www.googletagmanager.com;www.linkedin.com
1105,sectigo.com,44,analytics.google.com;aorta.clickagy.com;cm.g.doubleclick.net;consent.cookiebot.com;consentcdn.cookiebot.com;edge.fullstory.com;file-paa.zoom.us;find.userpilot.io;fonts.gstatic.com;googleads.g.doubleclick.net;i.ytimg.com;ib.adnxs.com;insight.adsrvr.org;js.adsrvr.org;js.hsforms.net;js.stripe.com;js.userpilot.io;js.zi-scripts.com;log-gateway.zoom.us;m.stripe.com;m.stripe.network;p.typekit.net;pixel.rubiconproject.com;rs.fullstory.com;sectigo.com;secure.trust-provider.com;st1.zoom.us;static.doubleclick.net;stats.g.doubleclick.net;tags.clickagy.com;us-u.openx.net;us.telemetry.zoom.us;us01-zcb.zoom.us;us01campaign.zoom.us;us01cciapi.zoom.us;us01ccistatic.zoom.us;use.typekit.net;ws-assets.zoominfo.com;ws.zoominfo.com;www.google.com;www.googletagmanager.com;www.sectigo.com;www.youtube.com;zoom.us
1108,a-mo.net,2,1x1.a-mo.net;a-mo.net
1112,typekit.com,14,adobeid-na1.services.adobe.com;afwebcdn.fonts.adobe.com;assets.fonts.adobe.com;auth-light.identity.adobe.com;auth.services.adobe.com;bam.nr-data.net;fonts.adobe.com;ims-na1.adobelogin.com;js-agent.newrelic.com;prod.adobeccstatic.com;typekit.com;use.typekit.net;www.google-analytics.com;www.googletagmanager.com
1125,zemanta.com,10,cdn.cookielaw.org;geolocation.onetrust.com;js-tag.zemanta.com;p1.outbrain.com;use.typekit.net;www.google-analytics.com;www.google.com;www.googletagmanager.com;www.gstatic.com;zemanta.com
1143,mail.yahoo.com,5,consent.cmp.oath.com;guce.yahoo.com;mail.yahoo.com;s.yimg.com;udc.yahoo.com
1145,snapkit.com,8,analytics.google.com;csp-central.appspot.com;fonts.googleapis.com;fonts.gstatic.com;stats.g.doubleclick.net;web-platform.snap.com;www.googletagmanager.com;www.snapchat.com
1147,tlx.3lift.com,4,divp3w86nodu0.cloudfront.net;fonts.googleapis.com;fonts.gstatic.com;tlx.3lift.com
1156,thousandeyes.com,2,thousandeyes.com;www.thousandeyes.com
1163,acrobat.adobe.com,16,acrobat.adobe.com;acroipm2.adobe.com;adobeid-na1.services.adobe.com;assets.adobedtm.com;auth-light.identity.adobe.com;auth.services.adobe.com;client.messaging.adobe.com;dc-api.adobe.io;dcs.adobedc.net;ims-na1.adobelogin.com;o4505393339695104.ingest.us.sentry.io;prod.adobeccstatic.com;shared-components.adobe.com;sstats.adobe.com;use.typekit.net;widget.uservoice.com
1172,my.microsoftpersonalcontent.com,5,df.cfp.microsoft.com;fpt.live.com;login.live.com;logincdn.msauth.net;my.microsoftpersonalcontent.com
1173,intel.com,21,882-ojj-890.mktoresp.com;c.bing.com;c.clarity.ms;cane.intel.com;cdn.cookielaw.org;cm.g.doubleclick.net;consumer.intel.com;dogo.intel.com;dpm.demdex.net;geolocation.onetrust.com;intel.com;intelcorp.scene7.com;munchkin.marketo.net;pagead2.googlesyndication.com;s.clarity.ms;scripts.clarity.ms;www.clarity.ms;www.google.com;www.googletagmanager.com;www.intel.com;zn3vonk1wgpmvfrmg-inteldotcomvoc.siteintercept.qualtrics.com
1177,unpkg.com,3,unpkg.com;www.google-analytics.com;www.googletagmanager.com
1185,trustarc.com,24,846-llz-652.mktoresp.com;analytics.google.com;arclight.vimeo.com;collect.datas3ntinel.com;config.datas3ntinel.com;consent.trustarc.com;f.vimeocdn.com;googleads.g.doubleclick.net;info.trustarc.com;munchkin.marketo.net;opps-api.getwarmly.com;opps-widget.getwarmly.com;p.typekit.net;player.vimeo.com;px.ads.linkedin.com;snap.licdn.com;stats.g.doubleclick.net;trustarc.com;use.typekit.net;vimeo.com;www.google-analytics.com;www.google.com;www.googletagmanager.com;www.linkedin.com
1191,history.google.com,4,fonts.gstatic.com;ogads-pa.clients6.google.com;play.google.com;www.gstatic.com
1195,admanmedia.com,5,admanmedia.com;api.cmp.inmobi.com;cmp.inmobi.com;www.google-analytics.com;www.googletagmanager.com
1207,sitescout.com,67,6399057.fls.doubleclick.net;ad.doubleclick.net;adservice.google.com;analytics.google.com;api.intentiq.com;app.factori.ai;app.lifesight.io;arclight.vimeo.com;assets.trendemon.com;basis.com;basis.net;bh.contextweb.com;c.bing.com;c.clarity.ms;cdn-4.convertexperiments.com;cdn.cookielaw.org;cdn01.basis.net;ce.lijit.com;cm.g.doubleclick.net;connect.facebook.net;d.agkn.com;download-video-ak.vimeocdn.com;dpm.demdex.net;dsum-sec.casalemedia.com;eb2.3lift.com;epsilon.6sense.com;f.vimeocdn.com;fei.pro-market.net;fonts.googleapis.com;fonts.gstatic.com;geolocation.onetrust.com;googleads.g.doubleclick.net;gtm.basis.com;hello.basis.com;i.vimeocdn.com;ib.adnxs.com;idsync.rlcdn.com;image2.pubmatic.com;ipv6.6sc.co;j.6sc.co;loadm.exelator.com;pi.pardot.com;pixel-sync.sitescout.com;pixel.sitescout.com;pixel.tapad.com;player.vimeo.com;px.ads.linkedin.com;rtb-csync.smartadserver.com;s.clarity.ms;scripts.clarity.ms;sitescout.com;static.hotjar.com;sync.crwdcntrl.net;tracking-api.g2.com;tracking.g2crowd.com;trackingapi.trendemon.com;unpkg.com;up.pixel.ad;us-u.openx.net;use.fontawesome.com;vimeo.com;www.basis.com;www.clarity.ms;www.google.com;www.googleadservices.com;www.googletagmanager.com;www.linkedin.com
1217,oauth.officeapps.live.com,16,admin.microsoft.com;browser.events.data.microsoft.com;c.s-microsoft.com;config.edge.skype.com;js.monitor.azure.com;login.live.com;login.microsoftonline.com;logincdn.msauth.net;mem.gfx.ms;oauth.officeapps.live.com;res.cdn.office.net;s.clarity.ms;scripts.clarity.ms;www.clarity.ms;www.microsoft.com;www.office.com
1218,jquery.com,2,code.jquery.com;jquery.com
1224,intercom.io,9,api-visitor-analytics.intercom.com;cdn.cookielaw.org;geolocation.onetrust.com;intercom.io;unpkg.com;vercel.intercom.com;widget.intercom.io;www.googletagmanager.com;www.intercom.com
1235,azure.net,61,a.tribalfusion.com;accdn-vip.lpsnmedia.net;alb.reddit.com;analytics.tiktok.com;analytics.twitter.com;api.company-target.com;assets.adobedtm.com;azure.microsoft.com;azure.net;bat.bing.com;browser.events.data.microsoft.com;c.go-mpulse.net;c.s-microsoft.com;casoneroutegold-prod-bggfgca0dkaag8a8.b01.azurefd.net;cdn-dynmedia-1.microsoft.com;cm.everesttech.net;cm.g.doubleclick.net;cms.analytics.yahoo.com;cms.quantserve.com;dc.ads.linkedin.com;dpm.demdex.net;ds.reson8.com;dsum-sec.casalemedia.com;edge.adobedc.net;googleads.g.doubleclick.net;ib.adnxs.com;id.rlcdn.com;idpix.media6degrees.com;jadserve.postrelease.com;js.monitor.azure.com;lptag.liveperson.net;match.adsrvr.org;msftenterprise.sc.omtrdc.net;partners.tremorhub.com;pixel.rubiconproject.com;play.vidyard.com;publisher.liveperson.net;px.ads.linkedin.com;px.owneriq.net;rtd-tm.everesttech.net;rtd.tubemogul.com;rum.hlx.page;s.clarity.ms;s.company-target.com;s.go-mpulse.net;scripts.clarity.ms;segments.company-target.com;servedby.flashtalking.com;static-assets.fs.liveperson.com;tag-logger.demandbase.com;tag.demandbase.com;target.microsoft.com;uhf.microsoft.com;ups.analytics.yahoo.com;va-vip.v.liveperson.net;wcpstatic.microsoft.com;www.clarity.ms;www.facebook.com;www.google.com;www.linkedin.com;www.microsoft.com
1258,googleads4.g.doubleclick.net,9,ajax.googleapis.com;fonts.googleapis.com;fonts.gstatic.com;googleads.g.doubleclick.net;lh3.googleusercontent.com;www.google-analytics.com;www.google.com;www.googletagmanager.com;www.gstatic.com
1271,common.online.office.com,18,admin.microsoft.com;browser.events.data.microsoft.com;c.s-microsoft.com;common.online.office.com;config.edge.skype.com;js.monitor.azure.com;login.live.com;login.microsoftonline.com;logincdn.msauth.net;mem.gfx.ms;res-1.cdn.office.net;res.cdn.office.net;s.clarity.ms;scripts.clarity.ms;uhf.microsoft.com;www.clarity.ms;www.microsoft.com;www.office.com
1274,gpi3.life360.com,2,gpi3.life360.com;static.cloudflareinsights.com
1278,discord.com,11,ajax.googleapis.com;cdn.discordapp.com;cdn.localizeapi.com;cdn.prod.website-files.com;d3e54v103j8qbb.cloudfront.net;discord.com;geolocation.onetrust.com;hubspotonwebflow.com;www.google-analytics.com;www.googletagmanager.com;www.youtube.com
1287,ipify.org,26,analytics.google.com;api.hubapi.com;api64.ipify.org;app.hubspot.com;cdnjs.cloudflare.com;fonts.googleapis.com;fonts.gstatic.com;googleads.g.doubleclick.net;ipify.org;js.hs-analytics.net;js.hs-banner.com;js.hs-scripts.com;js.hsadspixel.net;js.hscollectedforms.net;js.hubspot.com;js.hubspotfeedback.com;js.usemessages.com;perf-na1.hsforms.com;static.hsappstatic.net;stats.g.doubleclick.net;track.hubspot.com;www.google-analytics.com;www.google.com;www.googletagmanager.com;www.ipify.org;www.linkedin.com
1290,ninjarmm.com,53,52.71.121.170;alb.reddit.com;analytics.google.com;analytics.twitter.com;api.ipstack.com;ara.paa-reporting-advertising.amazon;bat.bing.com;c.amazon-adsystem.com;c.clarity.ms;c.ninjaone.com;cdn-app.pathfactory.com;cdn.cookielaw.org;cdn.jsdelivr.net;cdn.optimizely.com;cdn.ravm.tv;connect.facebook.net;d2o9p5vky89u4e.cloudfront.net;dx.mountain.com;epsilon.6sense.com;fast.ssqt.io;geolocation.onetrust.com;go.ninjaone.com;googleads.g.doubleclick.net;ipv6.6sc.co;j.6sc.co;js.qualified.com;jukebox.pathfactory.com;logx.optimizely.com;mlfk3cv5yvnx.i.optimole.com;ninjarmm.com;pi.pardot.com;pixel-config.reddit.com;pixel.byspotify.com;pixels.spotify.com;px.ads.linkedin.com;s.amazon-adsystem.com;s.clarity.ms;scripts.clarity.ms;secure.adnxs.com;snap.licdn.com;ssl.google-analytics.com;static.ads-twitter.com;stats.g.doubleclick.net;t.co;tags.srv.stackadapt.com;tags.w55c.net;utt.impactcdn.com;www.clarity.ms;www.google.com;www.googletagmanager.com;www.linkedin.com;www.ninjaone.com;www.redditstatic.com
1316,giphy.com,21,api.giphy.com;cm.g.doubleclick.net;connect.facebook.net;cookies.giphy.com;dsum-sec.casalemedia.com;e-11727.adzerk.net;giphy.com;idsync.rlcdn.com;image2.pubmatic.com;media1.giphy.com;pagead2.googlesyndication.com;pippio.com;pixel.rubiconproject.com;px.ads.linkedin.com;rules.quantcount.com;sb.scorecardresearch.com;sdk.privacy-center.org;secure.quantserve.com;usage.trackjs.com;www.google-analytics.com;www.googletagmanager.com
1319,onedrive.com,54,a.tribalfusion.com;accdn-vip.lpsnmedia.net;analytics.twitter.com;api.company-target.com;assets.adobedtm.com;browser.events.data.microsoft.com;c.bing.com;c.s-microsoft.com;cdn-dynmedia-1.microsoft.com;cm.everesttech.net;cm.g.doubleclick.net;cms.analytics.yahoo.com;cms.quantserve.com;dpm.demdex.net;ds.reson8.com;dsum-sec.casalemedia.com;edge.adobedc.net;ib.adnxs.com;id.rlcdn.com;idpix.media6degrees.com;jadserve.postrelease.com;js.monitor.azure.com;login.live.com;login.microsoftonline.com;lptag.liveperson.net;match.adsrvr.org;mem.gfx.ms;mscom.demdex.net;msftenterprise.sc.omtrdc.net;onedrive.com;onedrive.live.com;partners.tremorhub.com;pixel.rubiconproject.com;play.vidyard.com;publisher.liveperson.net;px.owneriq.net;rtd-tm.everesttech.net;rtd.tubemogul.com;rum.hlx.page;s.clarity.ms;s.company-target.com;scripts.clarity.ms;segments.company-target.com;servedby.flashtalking.com;static-assets.fs.liveperson.com;tag-logger.demandbase.com;tag.demandbase.com;target.microsoft.com;uhf.microsoft.com;ups.analytics.yahoo.com;va-vip.v.liveperson.net;wcpstatic.microsoft.com;www.clarity.ms;www.microsoft.com
1340,baidu.com,11,baidu.com;gips2.baidu.com;hector.baidu.com;hectorstatic.baidu.com;mbd.baidu.com;passport.baidu.com;pss.bdstatic.com;psstatic.cdn.bcebos.com;sp1.baidu.com;sp2.baidu.com;www.baidu.com
1349,qualtrics.com,44,542-fmf-412.mktoresp.com;ad.doubleclick.net;analytics.google.com;api-v2.mutinyhq.io;b.6sc.co;bat.bing.com;c.6sc.co;cdn.cookielaw.org;cdn.microad.jp;client-registry.mutinycdn.com;cm.g.doubleclick.net;connect.facebook.net;epsilon.6sense.com;fonts.googleapis.com;fonts.gstatic.com;geolocation.onetrust.com;googleads.g.doubleclick.net;insight.adsrvr.org;ipv6.6sc.co;j.6sc.co;js.adsrvr.org;js.qualified.com;munchkin.marketo.net;p.typekit.net;pixel.rubiconproject.com;px.ads.linkedin.com;qualtrics.com;s.yimg.jp;secure.adnxs.com;sgtm.qualtrics.com;siteintercept.qualtrics.com;snap.licdn.com;stats.g.doubleclick.net;universe.send.microad.jp;use.typekit.net;www-api.qualtrics.com;www.analytics.sales-marker.jp;www.google-analytics.com;www.google.com;www.googleadservices.com;www.googletagmanager.com;www.linkedin.com;www.qualtrics.com;zn725dkxtvxq847sl-qxm.siteintercept.qualtrics.com
1351,check-auth.hapseemate.cn,2,birds-server-file.obs.cn-south-1.myhuaweicloud.com;check-auth.hapseemate.cn
1354,lookaside.facebook.com,2,lookaside.facebook.com;static.facebook.com
1359,adblockplus.org,3,adblockplus.org;www.google-analytics.com;www.googletagmanager.com
1364,truste.com,25,846-llz-652.mktoresp.com;analytics.google.com;arclight.vimeo.com;collect.datas3ntinel.com;config.datas3ntinel.com;consent.trustarc.com;f.vimeocdn.com;googleads.g.doubleclick.net;info.trustarc.com;munchkin.marketo.net;opps-api.getwarmly.com;opps-widget.getwarmly.com;p.typekit.net;player.vimeo.com;px.ads.linkedin.com;snap.licdn.com;stats.g.doubleclick.net;trustarc.com;truste.com;use.typekit.net;vimeo.com;www.google-analytics.com;www.google.com;www.googletagmanager.com;www.linkedin.com
1365,unrulymedia.com,23,c.amazon-adsystem.com;cdn.cookielaw.org;cdn.jsdelivr.net;fonts.googleapis.com;fonts.gstatic.com;geolocation.onetrust.com;js.hs-analytics.net;js.hs-banner.com;js.hs-scripts.com;js.hsadspixel.net;js.hscollectedforms.net;js.hubspot.com;nexxen.com;pagead2.googlesyndication.com;px.ads.linkedin.com;snap.licdn.com;track.hubspot.com;unrulymedia.com;video.unrulymedia.com;www.google-analytics.com;www.google.com;www.googletagmanager.com;www.linkedin.com
1368,p.typekit.net,15,adobeid-na1.services.adobe.com;afwebcdn.fonts.adobe.com;assets.fonts.adobe.com;auth-light.identity.adobe.com;auth.services.adobe.com;bam.nr-data.net;fonts.adobe.com;ims-na1.adobelogin.com;js-agent.newrelic.com;p.typekit.net;prod.adobeccstatic.com;typekit.com;use.typekit.net;www.google-analytics.com;www.googletagmanager.com
1369,slack.com,43,12632256.fls.doubleclick.net;a.slack-edge.com;a11179690159.cdn.optimizely.com;ad.doubleclick.net;adservice.google.com;alb.reddit.com;analytics.google.com;api.company-target.com;c.contentsquare.net;campaign.slackhq.com;cdn.cookielaw.org;cdn.schemaapp.com;cdn3.optimizely.com;csxd.contentsquare.net;d34u8crftukxnk.cloudfront.net;dc.ads.linkedin.com;dsum-sec.casalemedia.com;fonts.gstatic.com;geolocation.onetrust.com;googleads.g.doubleclick.net;id.rlcdn.com;logx.optimizely.com;partners.tremorhub.com;pi.pardot.com;pixel-config.reddit.com;pixel.rubiconproject.com;px.ads.linkedin.com;s.company-target.com;segments.company-target.com;slack.com;snap.licdn.com;stats.g.doubleclick.net;t.contentsquare.net;tag-logger.demandbase.com;tag.demandbase.com;trk.techtarget.com;www.google.com;www.googletagmanager.com;www.linkedin.com;www.mczbf.com;www.redditstatic.com;www.youtube-nocookie.com;www.youtube.com
1371,dropbox.com,8,accounts.google.com;aem.dropbox.com;cfl.dropboxstatic.com;dropbox.com;fjord.dropboxstatic.com;fp.dropbox.com;marketing.dropbox.com;www.dropbox.com
1379,tanium.com,50,14110935.fls.doubleclick.net;790-qfj-925.mktoresp.com;ad.doubleclick.net;adservice.google.com;amplify.outbrain.com;b.6sc.co;bat.bing.com;c.clarity.ms;cdn-app.pathfactory.com;cdn.bizible.com;cdn.bizibly.com;cdn.cookielaw.org;cdn.taboola.com;cdnjs.cloudflare.com;cm.g.doubleclick.net;d2i34c80a0ftze.cloudfront.net;dev.visualwebsiteoptimizer.com;epsilon.6sense.com;geolocation.onetrust.com;googleads.g.doubleclick.net;ib.adnxs.com;insight.adsrvr.org;ipv6.6sc.co;j.6sc.co;js.adsrvr.org;js.qualified.com;js.zi-scripts.com;jukebox.pathfactory.com;munchkin.marketo.net;pixel.rubiconproject.com;px.ads.linkedin.com;s.clarity.ms;scout-cdn.salesloft.com;scout.salesloft.com;scripts.clarity.ms;secure.adnxs.com;snap.licdn.com;tanium.com;tr.outbrain.com;tracking-api.g2.com;trk.techtarget.com;twin-iq.kickfire.com;wave.outbrain.com;ws.zoominfo.com;www.clarity.ms;www.gartner.com;www.google-analytics.com;www.google.com;www.googletagmanager.com;www.linkedin.com
1398,web.whatsapp.com,2,static.whatsapp.net;web.whatsapp.com
1399,mfadsrvr.com,5,ajax.googleapis.com;fonts.googleapis.com;fonts.gstatic.com;hellogenie.com;mfadsrvr.com
1400,telemetry.mozilla.org,3,cdn.jsdelivr.net;telemetry.mozilla.org;use.fontawesome.com
1402,api.onedrive.com,10,api.onedrive.com;browser.events.data.microsoft.com;c.s-microsoft.com;dev.onedrive.com;developers.microsoft.com;js.monitor.azure.com;res.public.onecdn.static.microsoft;teams.microsoft.com;wcpstatic.microsoft.com;www.microsoft.com
1404,segment.io,50,11875831.fls.doubleclick.net;294-tkb-300.mktoresp.com;ad.doubleclick.net;adservice.google.com;alb.reddit.com;analytics.google.com;analytics.silktide.com;api.segment.io;apm.yahoo.co.jp;assets.adobedtm.com;bat.bing.com;bat.bing.net;browser-intake-datadoghq.com;cdn.jsdelivr.net;cdn.segment.com;cm.everesttech.net;connect.facebook.net;consent.trustarc.com;dev.visualwebsiteoptimizer.com;dm.slim02.jp;dpm.demdex.net;epsilon.6sense.com;euob.powerrobotflower.com;googleads.g.doubleclick.net;ipv6.6sc.co;j.6sc.co;js.qualified.com;jscloud.net;munchkin.marketo.net;obseu.powerrobotflower.com;pixel-config.reddit.com;px.ads.linkedin.com;rum.hlx.page;s.yimg.jp;scout-cdn.salesloft.com;scout.salesloft.com;secure.adnxs.com;segment.io;snap.licdn.com;stats.g.doubleclick.net;tags.srv.stackadapt.com;twilio.demdex.net;twilio.tt.omtrdc.net;www.datadoghq-browser-agent.com;www.google.com;www.googleadservices.com;www.googletagmanager.com;www.linkedin.com;www.redditstatic.com;www.twilio.com
1418,ring.com,8,chatbot.rc3.qa.ring.com;chatbot.rc3.ring.com;d2a12jsx2jznj5.cloudfront.net;d39xvdj9d5ntm1.cloudfront.net;images.ctfassets.net;ring.com;static.ring.com;www.youtube.com
1422,deepintent.com,25,50086402.hs-sites.com;7052064.fs1.hubspotusercontent-na1.net;analytics.google.com;api.hubapi.com;cdn.cookielaw.org;cdn.jsdelivr.net;cdn.prod.website-files.com;d3e54v103j8qbb.cloudfront.net;deepintent.com;fonts.googleapis.com;fonts.gstatic.com;googleads.g.doubleclick.net;js.hs-analytics.net;js.hs-banner.com;js.hs-scripts.com;js.hsadspixel.net;js.hubspot.com;perf-na1.hsforms.com;px.ads.linkedin.com;px.deepintent.com;snap.licdn.com;stats.g.doubleclick.net;www.google.com;www.googletagmanager.com;www.linkedin.com
1443,ad.turn.com,5,ad.turn.com;assets.amobee.com;login.amobee.com;platform.amobee.com;www.datadoghq-browser-agent.com
1447,conviva.com,15,138-xja-134.mktoresp.com;boards.greenhouse.io;cdn.cookielaw.org;cdn.jsdelivr.net;challenges.cloudflare.com;conviva.com;geolocation.onetrust.com;munchkin.marketo.net;player.vimeo.com;rc.conviva.com;unpkg.com;www.conviva.ai;www.conviva.com;www.google-analytics.com;www.googletagmanager.com
1450,globalsign.com,20,api-cdn.euw2.pure.cloud;apps.euw2.pure.cloud;bam.eu01.nr-data.net;cache.img.gmo.jp;cdn.jsdelivr.net;consent.cookiebot.com;consentcdn.cookiebot.com;fonts.googleapis.com;fonts.gstatic.com;globalsign.com;globalsign.containers.piwik.pro;globalsign.piwik.pro;js-agent.newrelic.com;s.clarity.ms;scripts.clarity.ms;seal.atlas.globalsign.com;static.cloudflareinsights.com;www.clarity.ms;www.globalsign.com;www.googletagmanager.com
1458,m365cdn.nel.measure.office.net,2,ajax.aspnetcdn.com;m365cdn.nel.measure.office.net
1460,discordapp.com,11,ajax.googleapis.com;cdn.localizeapi.com;cdn.prod.website-files.com;d3e54v103j8qbb.cloudfront.net;discord.com;discordapp.com;geolocation.onetrust.com;hubspotonwebflow.com;www.google-analytics.com;www.googletagmanager.com;www.youtube.com
1473,onesignal.com,21,alb.reddit.com;analytics.google.com;api.ipdata.co;cdn.bizible.com;cdn.bizibly.com;cdn.jsdelivr.net;cdn.onesignal.com;cdnjs.cloudflare.com;dev.visualwebsiteoptimizer.com;fonts.googleapis.com;fonts.gstatic.com;googleads.g.doubleclick.net;media-cms.onesignal.com;onesignal.com;pixel-config.reddit.com;px.ads.linkedin.com;snap.licdn.com;unpkg.com;www.google.com;www.googletagmanager.com;www.redditstatic.com
1494,vast.doubleverify.com,26,46126064.fs1.hubspotusercontent-na1.net;888-uxn-063.mktoresp.com;acsbapp.com;analytics.google.com;api.userback.io;cdn.acsbapp.com;consent.trustarc.com;cta-service-cms2.hubspot.com;doubleverify.com;forms-na1.hsforms.com;googleads.g.doubleclick.net;js.hs-analytics.net;js.hs-banner.com;js.hsforms.net;js.hubspot.com;munchkin.marketo.net;perf-na1.hsforms.com;px.ads.linkedin.com;snap.licdn.com;static.userback.io;stats.g.doubleclick.net;vast.doubleverify.com;www.doubleverify.com;www.google.com;www.googletagmanager.com;www.linkedin.com
1499,tools.google.com,10,2542116.fls.doubleclick.net;ad.doubleclick.net;adservice.google.com;fonts.googleapis.com;fonts.gstatic.com;tools.google.com;www.google-analytics.com;www.googletagmanager.com;www.gstatic.com;www.youtube.com
1500,hp.com,11,cdn.cookielaw.org;cdn.dynamicyield.com;geolocation.onetrust.com;global-navbar-backend.id.hp.com;hp.com;rum.hlx.page;st.dynamicyield.com;www-redirect.ext.hp.com;www.googletagmanager.com;www.hp.com;www8.hp.com
1518,github.com,5,api.github.com;collector.github.com;github.com;github.githubassets.com;images.ctfassets.net
1537,kargo.com,17,5762657.fs1.hubspotusercontent-na1.net;ajax.googleapis.com;assets.squarespace.com;cdn-cookieyes.com;connect.facebook.net;definitions.sqspcdn.com;fonts.googleapis.com;fonts.gstatic.com;images.squarespace-cdn.com;kargo.com;log.cookieyes.com;p.typekit.net;static1.squarespace.com;use.typekit.net;www.google-analytics.com;www.googletagmanager.com;www.kargo.com
1544,c.clarity.ms,2,c.bing.com;c.clarity.ms
1547,bootstrapcdn.com,11,api.github.com;bootstrapcdn.com;cdn.jsdelivr.net;datum.jsdelivr.com;fonts.googleapis.com;fonts.gstatic.com;github.com;github.githubassets.com;platform.twitter.com;syndication.twitter.com;www.bootstrapcdn.com
1550,xiaomi.com,2,www.mi.com;xiaomi.com
1551,www.cisco.com,22,68794910.akstat.io;analytics.twitter.com;c.go-mpulse.net;cdcvps.cloudapps.cisco.com;cdn.appdynamics.com;cdn.cookielaw.org;cisco.demdex.net;cm.g.doubleclick.net;cms.analytics.yahoo.com;dpm.demdex.net;dsc.cisco.com;fonts.googleapis.com;fonts.gstatic.com;geolocation.onetrust.com;rum.hlx.page;s.go-mpulse.net;smetrics.cisco.com;tags.tiqcdn.com;target.cisco.com;ups.analytics.yahoo.com;virtualconcierge.cisco.com;www.cisco.com
1554,cdn.discordapp.com,2,cdn.discordapp.com;client-metrics.discordapp.net
1561,connatix.com,26,7052064.fs1.hubspotusercontent-na1.net;api.hubapi.com;app.hubspot.com;assets-jpcust.jwpsrv.com;boards.greenhouse.io;cdn.cookielaw.org;cdn.jwplayer.com;connatix.com;entitlements.jwplayer.com;forms.hsforms.com;geolocation.onetrust.com;js.hs-analytics.net;js.hs-banner.com;js.hsadspixel.net;js.hscollectedforms.net;js.hubspot.com;jwpconnatix.com;jwx.com;perf-na1.hsforms.com;prd.jwpltx.com;px.ads.linkedin.com;snap.licdn.com;ssl.p.jwpcdn.com;www.google-analytics.com;www.googletagmanager.com;www.linkedin.com
1578,cyberark.com,67,316-czp-275.mktoresp.com;a.dpmsrv.com;alb.reddit.com;analytics.google.com;api.company-target.com;assets.adobedtm.com;cdn.jsdelivr.net;cm.everesttech.net;cm.g.doubleclick.net;cnv.event.prod.bidr.io;connect.facebook.net;consent.trustarc.com;cyberark.com;cyberark.demdex.net;cyberark.sc.omtrdc.net;cyberark.tt.omtrdc.net;d1eoo1tco6rr5e.cloudfront.net;distillery.wistia.com;dpm.demdex.net;dsum-sec.casalemedia.com;embed-ssl.wistia.com;fast.wistia.com;fonts.googleapis.com;fonts.gstatic.com;googleads.g.doubleclick.net;hello.myfonts.net;ib.adnxs.com;id.rlcdn.com;idpix.media6degrees.com;insight.adsrvr.org;js.adsrvr.org;munchkin.marketo.net;nexus.ensighten.com;ob.segreencolumn.com;obs.segreencolumn.com;p.typekit.net;partners.tremorhub.com;pipedream.wistia.com;pixel-config.reddit.com;pixel.rubiconproject.com;pixel.tapad.com;pubads.g.doubleclick.net;px.ads.linkedin.com;rtp-static.marketo.com;s.company-target.com;s.dpmsrv.com;segments.company-target.com;simage2.pubmatic.com;sjrtp6-cdn.marketo.com;sjrtp6.marketo.com;snap.licdn.com;static.cloudflareinsights.com;stats.g.doubleclick.net;tag-logger.demandbase.com;tag.demandbase.com;tag.simpli.fi;tags.srv.stackadapt.com;unpkg.com;us-u.openx.net;use.typekit.net;www.cyberark.com;www.google-analytics.com;www.google.com;www.googleadservices.com;www.googletagmanager.com;www.linkedin.com;www.redditstatic.com
1582,stripe.com,45,ad.doubleclick.net;alb.reddit.com;analytics.google.com;analytics.twitter.com;api.company-target.com;apm.yahoo.co.jp;attr-td.ml-api.io;b.stripecdn.com;b91.yahoo.co.jp;bat.bing.com;dsum-sec.casalemedia.com;ext.stripe.com;googleads.g.doubleclick.net;id.rlcdn.com;images.stripeassets.com;js.zi-scripts.com;match.adsrvr.org;munchkin.marketo.net;partners.tremorhub.com;pixel-config.reddit.com;pixel.byspotify.com;pixel.rubiconproject.com;pixels.spotify.com;px.ads.linkedin.com;q.quora.com;q.stripe.com;r.stripe.com;s.company-target.com;s.yimg.jp;segments.company-target.com;snap.licdn.com;static.ads-twitter.com;stats.g.doubleclick.net;stripe.com;t.co;tag-logger.demandbase.com;tag.demandbase.com;tag.flvcdn.net;ws.zoominfo.com;www.facebook.com;www.google-analytics.com;www.google.com;www.googletagmanager.com;www.linkedin.com;www.redditstatic.com
1589,singular.net,37,0b1fa2aa448941e6bc3a3e9f9cc57c20.js.ubembed.com;ajax.googleapis.com;api.hubapi.com;aplo-evnt.com;assets.apollo.io;assets.ubembed.com;bat.bing.com;c.clarity.ms;connect.facebook.net;consent.cookiebot.com;consentcdn.cookiebot.com;forms.hsforms.com;js.hs-analytics.net;js.hs-banner.com;js.hs-scripts.com;js.hsadspixel.net;js.hscollectedforms.net;js.hubspot.com;pagead2.googlesyndication.com;perf-na1.hsforms.com;pi.pardot.com;s.clarity.ms;scripts.clarity.ms;singular.net;snglr.s3.amazonaws.com;static.hotjar.com;track.hubspot.com;tracking-api.g2.com;tracking.g2crowd.com;web-sdk-cdn.singular.net;www.clarity.ms;www.clickcease.com;www.google-analytics.com;www.google.com;www.googletagmanager.com;www.singular-cn.net;www.singular.net
1606,avast.com,32,4711400.fls.doubleclick.net;ad.doubleclick.net;adservice.google.com;analytics.ff.avast.com;analytics.google.com;assets.adobedtm.com;avast.com;bat.bing.com;c.go-mpulse.net;cdn.quantummetric.com;cm.everesttech.net;connect.facebook.net;data.privacy.ensighten.com;doh.cq0.co;dpm.demdex.net;getrockerbox.com;googleads.g.doubleclick.net;ingest.quantummetric.com;mstatic.avast.com;nexus.ensighten.com;oms.avast.com;ryfw5nvu.avast.com;s.go-mpulse.net;symantec.tt.omtrdc.net;t.nc0.co;www.avast.com;www.google-analytics.com;www.google.com;www.googleadservices.com;www.googletagmanager.com;www.nortonlifelock.com;www.upsellit.com
1609,godaddy.com,2,godaddy.com;www.godaddy.com
1618,sonobi.com,16,cmp.inmobi.com;fonts.googleapis.com;fonts.gstatic.com;googleads.g.doubleclick.net;js.hs-analytics.net;js.hs-banner.com;js.hs-scripts.com;js.hscollectedforms.net;px.ads.linkedin.com;snap.licdn.com;sonobi.com;track.hubspot.com;www.google-analytics.com;www.google.com;www.googletagmanager.com;www.linkedin.com
1637,roblox.com,4,apis.rbxcdn.com;css.rbxcdn.com;js.rbxcdn.com;roblox.com
1638,shopify.com,7,cdn.shopify.com;connect.facebook.net;shopify.com;snap.licdn.com;www.google.com;www.googletagmanager.com;www.shopify.com
1644,segment.com,52,11875831.fls.doubleclick.net;294-tkb-300.mktoresp.com;ad.doubleclick.net;adservice.google.com;alb.reddit.com;analytics.google.com;analytics.silktide.com;api.segment.io;apm.yahoo.co.jp;assets.adobedtm.com;b.6sc.co;bat.bing.com;bat.bing.net;browser-intake-datadoghq.com;c.6sc.co;cdn.jsdelivr.net;cdn.segment.com;cm.everesttech.net;connect.facebook.net;consent.trustarc.com;dev.visualwebsiteoptimizer.com;dm.slim02.jp;dpm.demdex.net;epsilon.6sense.com;euob.powerrobotflower.com;googleads.g.doubleclick.net;ipv6.6sc.co;j.6sc.co;js.qualified.com;jscloud.net;munchkin.marketo.net;obseu.powerrobotflower.com;pixel-config.reddit.com;px.ads.linkedin.com;rum.hlx.page;s.yimg.jp;scout-cdn.salesloft.com;scout.salesloft.com;secure.adnxs.com;segment.com;snap.licdn.com;stats.g.doubleclick.net;tags.srv.stackadapt.com;twilio.demdex.net;twilio.tt.omtrdc.net;www.datadoghq-browser-agent.com;www.google.com;www.googleadservices.com;www.googletagmanager.com;www.linkedin.com;www.redditstatic.com;www.twilio.com
1651,hotjar.com,41,alb.reddit.com;analytics.google.com;analytics.twitter.com;api.segment.io;aplo-evnt.com;assets.apollo.io;ca.contentsquare.net;cdn.cookielaw.org;cdn.jsdelivr.net;cdn.optimizely.com;cdn.segment.com;cdn.us.heap-api.com;connect.facebook.net;et.eulerian.net;eu.api.fpjs.io;fast.appcues.com;fpjscdn.net;geolocation.onetrust.com;googleads.g.doubleclick.net;grsm.io;hotjar.com;images.ctfassets.net;invite.contentsquare.com;invite.hotjar.com;js.partnerstack.com;partnerlinks.io;pixel-config.reddit.com;px.ads.linkedin.com;snap.licdn.com;static.ada.support;static.ads-twitter.com;static.hotjar.com;stats.g.doubleclick.net;t.co;t.contentsquare.net;unpkg.com;www.google.com;www.googletagmanager.com;www.hotjar.com;www.linkedin.com;www.redditstatic.com
1654,amazontrust.com,2,amazontrust.com;www.amazontrust.com
1662,okta.com,70,855-qah-699.mktoresp.com;adobemetrics.okta.com;alb.reddit.com;analytics.google.com;analytics.twitter.com;assets.adobedtm.com;assets.vidyard.com;auth0.com;bat.bing.com;c.contentsquare.net;cdn.bizible.com;cdn.bizibly.com;cdn.cookielaw.org;cdn.heapanalytics.com;cdn.vidyard.com;cm.g.doubleclick.net;collector-53699.us.tvsquared.com;connect.facebook.net;d.adroll.com;dsum-sec.casalemedia.com;eb2.3lift.com;epsilon.6sense.com;fonts.googleapis.com;geolocation.onetrust.com;googleads.g.doubleclick.net;heapanalytics.com;ib.adnxs.com;idsync.rlcdn.com;image2.pubmatic.com;ipv6.6sc.co;j.6sc.co;jadserve.postrelease.com;js.qualified.com;k-aus1.contentsquare.net;lex.33across.com;lift-ai-js.marketlinc.com;match.adsrvr.org;ml314.com;munchkin.marketo.net;okta.com;okta.marketlinc.com;pippio.com;pixel-config.reddit.com;pixel.rubiconproject.com;pixel.tapad.com;play.vidyard.com;ps.eyeota.net;px.ads.linkedin.com;rum.hlx.page;s.adroll.com;snap.licdn.com;static.ads-twitter.com;static.cloudflareinsights.com;stats.g.doubleclick.net;sync.outbrain.com;sync.taboola.com;t.co;t.contentsquare.net;tags.srv.stackadapt.com;tracking-api.g2.com;trk.techtarget.com;us-u.openx.net;use.typekit.net;www.google-analytics.com;www.google.com;www.googletagmanager.com;www.linkedin.com;www.okta.com;www.redditstatic.com;x.bidswitch.net
1674,analytics.twitter.com,5,abs-0.twimg.com;abs.twimg.com;accounts.google.com;analytics.twitter.com;x.com
1687,admin.microsoft.com,4,aadcdn.msauth.net;admin.microsoft.com;login.live.com;login.microsoftonline.com
1688,seedtag.com,24,ajax.googleapis.com;api.hubapi.com;cdn.jsdelivr.net;cdn.prod.website-files.com;d3e54v103j8qbb.cloudfront.net;fonts.googleapis.com;fonts.gstatic.com;hubspotonwebflow.com;hubspotv2.use1-marketplace-1p-apps-prod-red.if.webflow.services;js.hs-analytics.net;js.hs-banner.com;js.hs-scripts.com;js.hsadspixel.net;js.hscollectedforms.net;js.hubspot.com;perf-na1.hsforms.com;px.ads.linkedin.com;seedtag.com;snap.licdn.com;track.hubspot.com;www.google-analytics.com;www.googletagmanager.com;www.linkedin.com;www.seedtag.com
1694,citrix.com,22,analytics.twitter.com;assets.adobedtm.com;c.go-mpulse.net;citrix.com;consent.trustarc.com;js.zi-scripts.com;prod.static.citrix.com;px.ads.linkedin.com;radar.cedexis.com;s.go-mpulse.net;snap.licdn.com;static.ads-twitter.com;storage.googleapis.com;t.co;titan.citrix.com;unpkg.com;ws.zoominfo.com;www.citrix.com;www.google-analytics.com;www.googletagmanager.com;www.linkedin.com;www.youtube.com
1727,dl.google.com,10,2542116.fls.doubleclick.net;ad.doubleclick.net;adservice.google.com;fonts.googleapis.com;fonts.gstatic.com;tools.google.com;www.google-analytics.com;www.googletagmanager.com;www.gstatic.com;www.youtube.com
1731,miui.com,7,cdn.cnbj1.fds.api.mi-img.com;font.sec.miui.com;hm.baidu.com;home.miui.com;miui.com;ssl-cdn.static.browser.mi-img.com;tracking.miui.com
1732,mail.ru,53,531311.ms.dzen.ru;a-69205292-51-150-0nm12d-000.pms.mail.ru;a-69205297-51-1-0nm12d-000.pms.mail.ru;a-69616793-53-586-0nm12d-000.pms.mail.ru;a-69616797-53-586-0nm12d-000.pms.mail.ru;a-69616800-53-586-0nm12d-000.pms.mail.ru;a-70551511-7-575-0nm12d-000.pms.mail.ru;a-70554777-6-138-0nm12d-000.pms.mail.ru;a-70554874-6-1-0nm12d-000.pms.mail.ru;a-70555039-8-77-0nm12d-000.pms.mail.ru;a-70555324-6-1-0nm12d-000.pms.mail.ru;a-70555355-6-150-0nm12d-000.pms.mail.ru;a-70555431-6-1-0nm12d-000.pms.mail.ru;a-70555586-6-77-0nm12d-000.pms.mail.ru;a.delivery.consentmanager.net;account.mail.ru;ad.mail.ru;avatars.dzeninfra.ru;b.delivery.consentmanager.net;bs.yandex.ru;cdn.consentmanager.net;counter.yadro.ru;dzen.ru;home.imgsmail.ru;img.imgsmail.ru;imgs2.imgsmail.ru;limg.imgsmail.ru;log.strm.yandex.ru;login.vk.ru;mail.ru;mc.yandex.ru;media-trend.mail.ru;ok6-11.vkuser.net;ok6-12.vkuser.net;ok6-4.vkuser.net;pogoda.imgsmail.ru;portal.mail.ru;privacy-cs.mail.ru;r.mradx.net;r3.mail.ru;rs.mail.ru;stat.radar.imgsmail.ru;static.dzeninfra.ru;sun9-17.userapi.com;top-fwz1.mail.ru;trk.mail.ru;vk.com;vkvideo.ru;www.google-analytics.com;www.googletagmanager.com;xray.mail.ru;yandex.ru;yastatic.net
1743,s.seedtag.com,24,ajax.googleapis.com;api.hubapi.com;cdn.jsdelivr.net;cdn.prod.website-files.com;d3e54v103j8qbb.cloudfront.net;fonts.googleapis.com;fonts.gstatic.com;hubspotonwebflow.com;hubspotv2.use1-marketplace-1p-apps-prod-red.if.webflow.services;js.hs-analytics.net;js.hs-banner.com;js.hs-scripts.com;js.hsadspixel.net;js.hscollectedforms.net;js.hubspot.com;perf-na1.hsforms.com;px.ads.linkedin.com;s.seedtag.com;snap.licdn.com;track.hubspot.com;www.google-analytics.com;www.googletagmanager.com;www.linkedin.com;www.seedtag.com
1748,meethue.com,18,adobedc.demdex.net;assets.adobedtm.com;c.go-mpulse.net;cm.everesttech.net;cm.g.doubleclick.net;consent-pref.trustarc.com;consent-st.trustarc.com;consent.trustarc.com;consent.truste.com;dpm.demdex.net;meethue.com;philipslighting.demdex.net;rum.hlx.page;s.go-mpulse.net;smetrics.marketing.philips-hue.com;static.pxlecdn.com;www.assets.signify.com;www.philips-hue.com
1754,urbanairship.com,12,airship.com;assets.adoberesources.net;aswpapius.com;aswpsdkus.com;bam.nr-data.net;cdn.cookielaw.org;geolocation.onetrust.com;js-agent.newrelic.com;md-2026-urban-airship.pantheonsite.io;urbanairship.com;www.airship.com;www.googletagmanager.com
1758,cloudflare-dns.com,6,cloudflare-dns.com;cloudflarestream.com;embed.cloudflarestream.com;fonts.googleapis.com;fonts.gstatic.com;one.one.one.one
1771,ssl.google-analytics.com,8,ajax.googleapis.com;fonts.googleapis.com;fonts.gstatic.com;googleads.g.doubleclick.net;lh3.googleusercontent.com;www.google-analytics.com;www.googletagmanager.com;www.gstatic.com
1772,excel-telemetry.officeapps.live.com,17,admin.microsoft.com;browser.events.data.microsoft.com;c.s-microsoft.com;config.edge.skype.com;excel-telemetry.officeapps.live.com;js.monitor.azure.com;login.live.com;login.microsoftonline.com;logincdn.msauth.net;mem.gfx.ms;res.cdn.office.net;s.clarity.ms;scripts.clarity.ms;uhf.microsoft.com;www.clarity.ms;www.microsoft.com;www.office.com
1779,secure-assets.rubiconproject.com,3,challenges.cloudflare.com;magnite.com;secure-assets.rubiconproject.com
1792,cloud.unity3d.com,16,api.unity.com;auth.cloud.unity.com;cdn.amplitude.com;cdn.cloud.unity.com;cdn.cookielaw.org;cdn.login.unity.com;cloud.unity3d.com;fonts.googleapis.com;geolocation.onetrust.com;login.unity.com;o488710.ingest.sentry.io;plausible.it.unity3d.com;scripts.clarity.ms;sr-client-cfg.amplitude.com;www.clarity.ms;www.googletagmanager.com
1793,b-cdn.net,7,b-cdn.net;bunny-reddit.b-cdn.net;bunny.net;fonts.bunny.net;matomo.bunny.net;posthog2.fluffleinfra.net;widget.trustpilot.com
1798,quantummetric.com,44,a.usbrowserspeed.com;analytics.google.com;api.hubapi.com;bttrack.com;cdn-cookieyes.com;cdn.bttrack.com;cdn.claydar.com;cdn.jsdelivr.net;cdn.quantummetric.com;cdn.sanity.io;challenges.cloudflare.com;clients.abmatic.ai;connect.facebook.net;directory.cookieyes.com;ingest.quantummetric.com;js.hs-analytics.net;js.hs-banner.com;js.hs-scripts.com;js.hsadspixel.net;js.hscollectedforms.net;js.hsforms.net;js.hubspot.com;js.qualified.com;js.zi-scripts.com;log.cookieyes.com;na-data.kameleoon.io;player.vimeo.com;px.ads.linkedin.com;quantummetric.com;snap.licdn.com;static.claydar.com;stats.g.doubleclick.net;tags.srv.stackadapt.com;tracking-api.g2.com;tracking.g2crowd.com;vimeo.com;waga1ps5is.kameleoon.io;ws-assets.zoominfo.com;ws.zoominfo.com;www.google.com;www.googletagmanager.com;www.linkedin.com;www.quantummetric.com;y6rt62dj.api.sanity.io
1816,static.hotjar.com,40,alb.reddit.com;analytics.google.com;analytics.twitter.com;api.segment.io;aplo-evnt.com;assets.apollo.io;ca.contentsquare.net;cdn.cookielaw.org;cdn.jsdelivr.net;cdn.optimizely.com;cdn.segment.com;cdn.us.heap-api.com;connect.facebook.net;et.eulerian.net;eu.api.fpjs.io;fast.appcues.com;fpjscdn.net;geolocation.onetrust.com;googleads.g.doubleclick.net;grsm.io;images.ctfassets.net;invite.contentsquare.com;invite.hotjar.com;js.partnerstack.com;partnerlinks.io;pixel-config.reddit.com;px.ads.linkedin.com;snap.licdn.com;static.ada.support;static.ads-twitter.com;static.hotjar.com;stats.g.doubleclick.net;t.co;t.contentsquare.net;unpkg.com;www.google.com;www.googletagmanager.com;www.hotjar.com;www.linkedin.com;www.redditstatic.com
1821,ep7.facebook.com,3,ep7.facebook.com;static.xx.fbcdn.net;www.instagram.com
1834,sync.outbrain.com,3,fonts.googleapis.com;fonts.gstatic.com;sync.outbrain.com
1835,splashtop.com,14,api.hubapi.com;cdn.optimizely.com;cmp.osano.com;images.ctfassets.net;js.hs-banner.com;js.hs-scripts.com;js.hsadspixel.net;js.hubspot.com;perf-na1.hsforms.com;splashtop.com;st-lookup.api.splashtop.com;www.google.com;www.googletagmanager.com;www.splashtop.com
1849,m.youtube.com,9,fonts.googleapis.com;fonts.gstatic.com;googleads.g.doubleclick.net;i.ytimg.com;rr1---sn-5hne6n6l.googlevideo.com;static.doubleclick.net;www.google.com;www.gstatic.com;youtube.com
1851,privacymanager.io,36,117645514.intellimizeio.com;accounts.finsweet.com;api.intellimize.co;api.rlcdn.com;browser.sentry-cdn.com;cdn.bizible.com;cdn.bizibly.com;cdn.drda.io;cdn.dreamdata.cloud;cdn.intellimize.co;cdn.jsdelivr.net;cdn.ketchjs.com;cdn.prod.website-files.com;d3e54v103j8qbb.cloudfront.net;di.rlcdn.com;distillery.wistia.com;fast.wistia.com;geo.privacymanager.io;global.ketchcdn.com;liveramp.com;log.intellimize.co;lp.liveramp.com;middleware.rampedup.us;pagead2.googlesyndication.com;pipedream.wistia.com;privacymanager.io;rc.rlcdn.com;rtp-static.marketo.com;s3.amazonaws.com;scout-cdn.salesloft.com;scout.salesloft.com;sjrtp6-cdn.marketo.com;sjrtp6.marketo.com;tag.clearbitscripts.com;www.google-analytics.com;www.googletagmanager.com
1855,dynatrace.com,42,352-nvo-562.mktoresp.com;9976700.fls.doubleclick.net;a.usbrowserspeed.com;ad.doubleclick.net;adservice.google.com;alb.reddit.com;b.6sc.co;bat.bing.com;bf25977vwq.bf.dynatrace.com;c.6sc.co;cdn.calibermind.com;cdn.cookielaw.org;cdn.dm.dynatrace.com;cdn.hub.central.dynatrace.com;dt-cdn.net;dynatrace.com;e.calibermind.com;epsilon.6sense.com;geolocation.onetrust.com;googleads.g.doubleclick.net;ipv6.6sc.co;ixfd-api.bc0a.com;j.6sc.co;js-cdn.dynatrace.com;munchkin.marketo.net;paapi9296.d41.co;pixel-config.reddit.com;px.ads.linkedin.com;secure.adnxs.com;snap.licdn.com;static.hotjar.com;t.influ2.com;tags.srv.stackadapt.com;v2.d41.co;ws.zoominfo.com;www.dynatrace.com;www.google-analytics.com;www.google.com;www.googletagmanager.com;www.influ2.com;www.linkedin.com;www.redditstatic.com
1856,duosecurity.com,61,12979078.fls.doubleclick.net;ad.doubleclick.net;adservice.google.com;alb.reddit.com;analytics.tiktok.com;analytics.twitter.com;api.ipify.org;bat.bing.com;browser.sentry-cdn.com;c.contentsquare.net;cdn.bizible.com;cdn.bizibly.com;cdn.cookielaw.org;cdn.metadata.io;cdn.optimizely.com;cdn1.adoberesources.net;cisco-tags.cisco.com;cisco.demdex.net;cm.g.doubleclick.net;cms.analytics.yahoo.com;connect.facebook.net;csxd.contentsquare.net;datacollect.cisco.com;distillery.wistia.com;dpm.demdex.net;dsum-sec.casalemedia.com;duo.com;duosecurity.com;embed-cloudfront.wistia.com;fast.wistia.com;fast.wistia.net;geolocation.onetrust.com;ib.adnxs.com;id.cisco.com;img.en25.com;insight.adsrvr.org;ipv6.6sc.co;j.6sc.co;js.adsrvr.org;js.qualified.com;js.zi-scripts.com;k-aus1.contentsquare.net;pipedream.wistia.com;pixel-config.reddit.com;pixel.byspotify.com;pixel.rubiconproject.com;pixels.spotify.com;px.ads.linkedin.com;s2991720.t.eloqua.com;s4673582.t.eloqua.com;s860818199.t.eloqua.com;smetrics.cisco.com;snap.licdn.com;t.contentsquare.net;tags.tiqcdn.com;ups.analytics.yahoo.com;www.cisco.com;www.google-analytics.com;www.google.com;www.googletagmanager.com;www.redditstatic.com
1858,config.office.com,4,config.office.com;res-1.cdn.office.net;res-h3.public.cdn.office.net;static2.sharepointonline.com
1865,tenor.com,6,media.tenor.com;stats.g.doubleclick.net;tenor.com;tenor.googleapis.com;www.google-analytics.com;www.googletagmanager.com
1875,cootlogix.com,3,cootlogix.com;static.parastorage.com;www.wix.com
1880,discord.gg,12,ajax.googleapis.com;cdn.discordapp.com;cdn.localizeapi.com;cdn.prod.website-files.com;d3e54v103j8qbb.cloudfront.net;discord.com;discord.gg;geolocation.onetrust.com;hubspotonwebflow.com;www.google-analytics.com;www.googletagmanager.com;www.youtube.com
1895,eas.outlook.com,6,aadcdn.msftauth.net;eas.outlook.com;login.live.com;login.microsoftonline.com;outlook.office365.com;res.public.onecdn.static.microsoft
1906,api2.branch.io,9,api2.branch.io;branch.io;cdn.cookielaw.org;click.prod.mplat-ppcprotect.com;client.prod.mplat-ppcprotect.com;geolocation.onetrust.com;www.branch.io;www.google.com;www.googletagmanager.com
1920,paloaltonetworks.com,52,16612556.fls.doubleclick.net;531-ocs-018.mktoresp.com;a.quora.com;ad.doubleclick.net;adservice.google.com;analytics.google.com;analytics.twitter.com;api.company-target.com;assets.adobedtm.com;august.takingbackjuly.com;bat.bing.com;c.clarity.ms;c.go-mpulse.net;cdn.cookielaw.org;connect.facebook.net;dpm.demdex.net;dsum-sec.casalemedia.com;fastly-signed-us-east-1-prod.brightcovecdn.com;geolocation.onetrust.com;googleads.g.doubleclick.net;ib.adnxs.com;idsync.rlcdn.com;june.takingbackjuly.com;match.adsrvr.org;metrics.brightcove.com;ml314.com;munchkin.marketo.net;paloaltonetworks.com;paloaltonetworks.tt.omtrdc.net;partners.tremorhub.com;pixel.rubiconproject.com;ps.eyeota.net;px.ads.linkedin.com;s.clarity.ms;s.company-target.com;s.go-mpulse.net;scripts.clarity.ms;scripts.demandbase.com;snap.licdn.com;ssl.google-analytics.com;sstats.paloaltonetworks.com;static.ads-twitter.com;stats.g.doubleclick.net;t.co;tag-logger.demandbase.com;trk.techtarget.com;www.clarity.ms;www.google.com;www.googleadservices.com;www.googletagmanager.com;www.linkedin.com;www.paloaltonetworks.com
1921,mediago.io,6,api.mediago.io;d1tuj1hf33seee.cloudfront.net;mediago.io;www.google-analytics.com;www.googletagmanager.com;www.mediago.com
1924,adsmoloco.com,52,6381084.hs-sites.com;7052064.fs1.hubspotusercontent-na1.net;adsmoloco.com;ajax.googleapis.com;analytics.google.com;api.company-target.com;api.hubapi.com;cdn.cookielaw.org;cdn.jsdelivr.net;cdn.prod.website-files.com;connect.facebook.net;d3e54v103j8qbb.cloudfront.net;dsum-sec.casalemedia.com;fonts.googleapis.com;fonts.gstatic.com;forms-na1.hsforms.com;forms.hsforms.com;geolocation.onetrust.com;googleads.g.doubleclick.net;hubspotv2.use1-marketplace-1p-apps-prod-red.if.webflow.services;id.rlcdn.com;js.hs-analytics.net;js.hs-banner.com;js.hs-scripts.com;js.hsadspixel.net;js.hscollectedforms.net;js.hsforms.net;js.hubspot.com;nam.veta.naver.com;partners.tremorhub.com;perf-na1.hsforms.com;pixel.rubiconproject.com;px.ads.linkedin.com;rum.browser-intake-datadoghq.com;s.company-target.com;segments.company-target.com;snap.licdn.com;ssl.pstatic.net;stats.g.doubleclick.net;tag-logger.demandbase.com;tag.demandbase.com;tracking-api.g2.com;tracking.g2crowd.com;wcs.naver.com;wcs.naver.net;www.datadoghq-browser-agent.com;www.google.com;www.googleadservices.com;www.googletagmanager.com;www.linkedin.com;www.moloco.com;www.molocoads.com
1925,springserve.com,2,challenges.cloudflare.com;springserve.com
1930,disqus.com,7,c.disquscdn.com;cmp.osano.com;disqus.com;fonts.gstatic.com;js.hs-scripts.com;js.hsadspixel.net;referrer.disqus.com
1943,ispot.tv,20,analytics.google.com;api.huckabuy.com;d3ds6z1w6yhmzj.cloudfront.net;hub-cdn.ispot.tv;images-cdn.ispot.tv;ispot.tv;js.zi-scripts.com;pi.pardot.com;pt.ispot.tv;px.ads.linkedin.com;snap.licdn.com;stats.g.doubleclick.net;track.gaconnector.com;videos-cdn.ispot.tv;ws.zoominfo.com;www.google-analytics.com;www.googletagmanager.com;www.ispot.tv;www.linkedin.com;www2.ispot.tv
1944,liftoff.io,29,browser.sentry-cdn.com;cdn.bizible.com;cdn.bizibly.com;cdn.metadata.io;cdn.transifex.com;connect.facebook.net;fast.wistia.com;fonts.googleapis.com;fonts.gstatic.com;forms-na2.hsforms.com;forms.hsforms.com;js-na2.hs-analytics.net;js-na2.hs-banner.com;js-na2.hs-scripts.com;js-na2.hsadspixel.net;js-na2.hscollectedforms.net;js.hsforms.net;liftoff.ai;liftoff.io;live-detector.svc.transifex.net;maxcdn.bootstrapcdn.com;rum-collector-2.pingdom.net;rum-static.pingdom.net;stats.g.doubleclick.net;telemetry.svc.transifex.net;track-na2.hubspot.com;www.google-analytics.com;www.google.com;www.googletagmanager.com
1947,innovid.com,18,331-xpm-231.mktoresp.com;ajax.googleapis.com;analytics.ahrefs.com;apikeys.civiccomputing.com;cc.cdn.civiccomputing.com;cdn.jsdelivr.net;cdn.prod.website-files.com;cdnjs.cloudflare.com;d3e54v103j8qbb.cloudfront.net;fonts.googleapis.com;fonts.gstatic.com;info.mediaocean.com;innovid.com;munchkin.marketo.net;p.typekit.net;use.typekit.net;www.googletagmanager.com;www.innovid.com
1964,translate.google.com,6,fonts.googleapis.com;fonts.gstatic.com;ogads-pa.clients6.google.com;play.google.com;ssl.gstatic.com;www.gstatic.com
1977,comodoca.com,44,analytics.google.com;aorta.clickagy.com;cm.g.doubleclick.net;comodoca.com;consent.cookiebot.com;consentcdn.cookiebot.com;edge.fullstory.com;file-paa.zoom.us;find.userpilot.io;fonts.gstatic.com;googleads.g.doubleclick.net;i.ytimg.com;ib.adnxs.com;insight.adsrvr.org;js.adsrvr.org;js.hsforms.net;js.stripe.com;js.userpilot.io;js.zi-scripts.com;log-gateway.zoom.us;m.stripe.com;m.stripe.network;pixel.rubiconproject.com;rs.fullstory.com;secure.trust-provider.com;st1.zoom.us;static.doubleclick.net;stats.g.doubleclick.net;tags.clickagy.com;us-u.openx.net;us.telemetry.zoom.us;us01-zcb.zoom.us;us01campaign.zoom.us;us01cciapi.zoom.us;us01ccistatic.zoom.us;use.typekit.net;ws-assets.zoominfo.com;ws.zoominfo.com;www.comodoca.com;www.google.com;www.googletagmanager.com;www.sectigo.com;www.youtube.com;zoom.us
1984,x.com,6,abs-0.twimg.com;abs.twimg.com;accounts.google.com;appleid.cdn-apple.com;fonts.gstatic.com;x.com
1990,mediatek.com,23,728015.fs1.hubspotusercontent-na1.net;analytics.google.com;api.hubapi.com;app.hubspot.com;cdnjs.cloudflare.com;code.jquery.com;forms-na1.hsforms.com;googleads.g.doubleclick.net;js.hs-analytics.net;js.hs-banner.com;js.hsadspixel.net;js.hsforms.net;js.hubspot.com;mediatek.com;perf-na1.hsforms.com;px.ads.linkedin.com;snap.licdn.com;static.hsappstatic.net;stats.g.doubleclick.net;www.google.com;www.googletagmanager.com;www.linkedin.com;www.mediatek.com
1992,contextual.media.net,25,ajax.googleapis.com;analytics.google.com;analytics.twitter.com;bat.bing.com;c.clarity.ms;cdn.consentmanager.net;cdn.prod.website-files.com;connect.facebook.net;contextual.media.net;d.delivery.consentmanager.net;d3e54v103j8qbb.cloudfront.net;delivery.consentmanager.net;fonts.googleapis.com;fonts.gstatic.com;googleads.g.doubleclick.net;s.clarity.ms;s31073.pcdn.co;scripts.clarity.ms;static.ads-twitter.com;stats.g.doubleclick.net;t.co;www.clarity.ms;www.google-analytics.com;www.google.com;www.googletagmanager.com
1994,app.launchdarkly.com,10,accounts.google.com;api.segment.io;app.launchdarkly.com;browser-intake-datadoghq.com;cdn.segment.com;fonts.gstatic.com;googleads.g.doubleclick.net;static.launchdarkly.com;www.google-analytics.com;www.googletagmanager.com
1999,weather-data.apple.com,5,developer.apple.com;securemetrics.apple.com;sfss.cdn-apple.com;weather-data.apple.com;www.apple.com
2006,api3.branch.io,9,api3.branch.io;branch.io;cdn.cookielaw.org;click.prod.mplat-ppcprotect.com;client.prod.mplat-ppcprotect.com;geolocation.onetrust.com;www.branch.io;www.google.com;www.googletagmanager.com
2009,forter.com,9,a.usbrowserspeed.com;cdn.cookielaw.org;forter.com;geolocation.onetrust.com;js.hsforms.net;tracking.intentsify.io;www.forter.com;www.google.com;www.googletagmanager.com
2015,mobile-data.onetrust.io,4,cdn.onetrust.com;fonts.googleapis.com;fonts.gstatic.com;mobile-data.onetrust.io
2021,appier.net,12,app-na2.hubspot.com;appier.com;appier.net;fonts.gstatic.com;js-na2.hs-analytics.net;js-na2.hs-banner.com;js-na2.hsadspixel.net;js-na2.hubspot.com;perf-na2.hsforms.com;unpkg.com;www.appier.com;www.youtube.com
2029,js.adsrvr.org,2,ad.adsrvr.org;js.adsrvr.org
2041,teams.nel.measure.office.net,2,ajax.aspnetcdn.com;teams.nel.measure.office.net
2060,redd.it,2,redd.it;www.reddit.com
2067,cloud.com,2,cloud.com;www.cloud.com
2072,taobao.com,28,acjs.aliyun.com;adtetk.tdum.alibaba.com;alidt.alicdn.com;at.alicdn.com;cf.aliyun.com;cm.mediav.com;dhdnka.tdum.alibaba.com;enf323.tdum.alibaba.com;fourier.alibaba.com;fourier.taobao.com;g.alicdn.com;g.aplus.taobao.com;gm.mmstat.com;gw.alicdn.com;h5api.m.taobao.com;img.alicdn.com;log.mmstat.com;login.taobao.com;main.m.tmall.com;o.alicdn.com;pc-growht-rta.taobao.com;push-v1.taobao.com;s-gm.mmstat.com;taobao.com;umdc.taobao.com;www.taobao.com;x.alicdn.com;ynuf.aliapp.org
2074,revenuecat.com,10,cdn-4.convertexperiments.com;cdn.iubenda.com;embeds.iubenda.com;idb.iubenda.com;pagead2.googlesyndication.com;revenuecat.com;revenuecat.wpenginepowered.com;www.google-analytics.com;www.googletagmanager.com;www.revenuecat.com
2075,maxcdn.bootstrapcdn.com,10,api.github.com;cdn.jsdelivr.net;datum.jsdelivr.com;fonts.googleapis.com;fonts.gstatic.com;github.com;github.githubassets.com;maxcdn.bootstrapcdn.com;platform.twitter.com;syndication.twitter.com
2078,api.revenuecat.com,10,api.revenuecat.com;cdn-4.convertexperiments.com;cdn.iubenda.com;embeds.iubenda.com;idb.iubenda.com;pagead2.googlesyndication.com;revenuecat.wpenginepowered.com;www.google-analytics.com;www.googletagmanager.com;www.revenuecat.com
2079,bidmachine.io,35,a.usbrowserspeed.com;analytics.google.com;api.company-target.com;api.hubapi.com;bidmachine.io;cdn.prod.website-files.com;cdn1.hubspot.net;connect.facebook.net;consortiumtradeagency.com;d3e54v103j8qbb.cloudfront.net;forms-na1.hsforms.com;forms.hsforms.com;googleads.g.doubleclick.net;hubspotv2.use1-marketplace-1p-apps-prod-red.if.webflow.services;idx.liadm.com;js.bidmachine.io;js.hs-analytics.net;js.hs-banner.com;js.hs-scripts.com;js.hsadspixel.net;js.hsforms.net;js.hubspot.com;perf-na1.hsforms.com;policy.app.cookieinformation.com;px.ads.linkedin.com;snap.licdn.com;static.hotjar.com;static.hsappstatic.net;stats.g.doubleclick.net;tag.demandbase.com;track.hubspot.com;tracking-api.g2.com;www.google.com;www.googletagmanager.com;www.linkedin.com
2093,firefox.com,5,firefox.com;transcend-cdn.com;www.firefox.com;www.google-analytics.com;www.googletagmanager.com
2099,split.io,33,053-jny-225.mktoresp.com;ajax.googleapis.com;analytics.google.com;analytics.twitter.com;app.clearbit.com;bat.bing.com;c.clarity.ms;cdn.prod.website-files.com;consent.app.relyance.ai;d3e54v103j8qbb.cloudfront.net;fonts.googleapis.com;fonts.gstatic.com;googleads.g.doubleclick.net;js.zi-scripts.com;munchkin.marketo.net;px.ads.linkedin.com;s.clarity.ms;scripts.clarity.ms;snap.licdn.com;split.io;static.ads-twitter.com;stats.g.doubleclick.net;t.co;tag.clearbitscripts.com;ws.zoominfo.com;www.clarity.ms;www.google.com;www.googleadservices.com;www.googletagmanager.com;www.gstatic.com;www.linkedin.com;www.split.io;x.clearbitjs.com
2104,fullstory.com,22,002-ldf-436.mktoresp.com;api.ipify.org;api.thatsnoble.com;ariane.abtasty.com;buyers.thatsnoble.com;cmp.osano.com;dcinfos-cache.abtasty.com;edge.staging.fullstory.com;endpoints.test-the-things.com;fonts.gstatic.com;fullstory.com;go2.fullstory.com;googleads.g.doubleclick.net;i.ytimg.com;images.ctfassets.net;munchkin.marketo.net;rs.fullstory.com;rs.staging.fullstory.com;static.doubleclick.net;try.abtasty.com;www.google.com;www.youtube.com
2107,m.stripe.com,43,ad.doubleclick.net;alb.reddit.com;analytics.google.com;analytics.twitter.com;api.company-target.com;apm.yahoo.co.jp;attr-td.ml-api.io;b.stripecdn.com;b91.yahoo.co.jp;bat.bing.com;dsum-sec.casalemedia.com;googleads.g.doubleclick.net;id.rlcdn.com;js.zi-scripts.com;m.stripe.com;match.adsrvr.org;munchkin.marketo.net;partners.tremorhub.com;pixel-config.reddit.com;pixel.byspotify.com;pixel.rubiconproject.com;px.ads.linkedin.com;q.quora.com;q.stripe.com;r.stripe.com;s.company-target.com;s.yimg.jp;segments.company-target.com;snap.licdn.com;static.ads-twitter.com;stats.g.doubleclick.net;stripe.com;t.co;tag-logger.demandbase.com;tag.demandbase.com;tag.flvcdn.net;ws.zoominfo.com;www.facebook.com;www.google-analytics.com;www.google.com;www.googletagmanager.com;www.linkedin.com;www.redditstatic.com
2111,verisign.com,11,assets.adobedtm.com;cdn.cookielaw.org;cf-images.us-east-1.prod.boltdns.net;dpm.demdex.net;fastly-signed-us-east-1-prod.brightcovecdn.com;geolocation.onetrust.com;metrics.brightcove.com;players.brightcove.net;smetrics.verisign.com;verisign.com;www.verisign.com
2130,edge-chat.facebook.com,2,edge-chat.facebook.com;static.facebook.com
2131,nvidia.com,6,assets.adobedtm.com;cdn.cookielaw.org;geolocation.onetrust.com;images.nvidia.com;nvidia.com;www.nvidia.com
2149,mparticle.com,37,analytics.twitter.com;api.company-target.com;bat.bing.com;cdn.cookielaw.org;client-registry.mutinycdn.com;connect.facebook.net;dsum-sec.casalemedia.com;geolocation.onetrust.com;googleads.g.doubleclick.net;id.rlcdn.com;images.prismic.io;ipv6.6sc.co;j.6sc.co;jssdkcdns.mparticle.com;jssdks.mparticle.com;mparticle-next.cdn.prismic.io;mparticle-next.prismic.io;mparticle.com;partners.tremorhub.com;pixel.rubiconproject.com;px.ads.linkedin.com;s.company-target.com;secure.adnxs.com;segments.company-target.com;snap.licdn.com;static.ads-twitter.com;static.cdn.prismic.io;t.co;tag.clearbitscripts.com;tag.demandbase.com;tracking-api.g2.com;tracking.g2crowd.com;www.google-analytics.com;www.google.com;www.googletagmanager.com;www.linkedin.com;www.mparticle.com
2157,mapbox.com,15,ajax.googleapis.com;cdn.cookielaw.org;cdn.jsdelivr.net;cdn.prod.website-files.com;cdn.weglot.com;cdnjs.cloudflare.com;d3e54v103j8qbb.cloudfront.net;fonts.googleapis.com;fonts.gstatic.com;geolocation.onetrust.com;grow.clearbitjs.com;mapbox.com;static-assets.mapbox.com;www.googletagmanager.com;www.mapbox.com
2164,huawei.com,6,huawei.com;tags.tiqcdn.com;www-file.huawei.com;www.google-analytics.com;www.googletagmanager.com;www.huawei.com
2178,d.turn.com,5,assets.amobee.com;d.turn.com;login.amobee.com;platform.amobee.com;www.datadoghq-browser-agent.com
2180,n-able.com,41,10653498.fls.doubleclick.net;356-uvh-403.mktoresp.com;ad.doubleclick.net;adservice.google.com;alb.reddit.com;analytics.google.com;api.ipify.org;bat.bing.com;bat.bing.net;c.clarity.ms;cdn.jsdelivr.net;cdn.metadata.io;connect.facebook.net;cookie-cdn.cookiepro.com;dev.visualwebsiteoptimizer.com;generate-uuid-cookie.solarwinds-msp.workers.dev;geolocation.onetrust.com;googleads.g.doubleclick.net;js.qualified.com;js.zi-scripts.com;ka-p.fontawesome.com;kit.fontawesome.com;munchkin.marketo.net;n-able.com;pixel-config.reddit.com;px.ads.linkedin.com;s.clarity.ms;scripts.clarity.ms;secure.leadforensics.com;snap.licdn.com;stats.g.doubleclick.net;tr.capterra.com;ws-assets.zoominfo.com;ws.zoominfo.com;www.clarity.ms;www.google-analytics.com;www.google.com;www.googletagmanager.com;www.linkedin.com;www.n-able.com;www.redditstatic.com
2181,cognito-identity.us-east-1.amazonaws.com,27,a.b.cdn.console.awsstatic.com;a0.awsstatic.com;amazonwebservices.d2.sc.omtrdc.net;amazonwebservicesinc.tt.omtrdc.net;aws.amazon.com;aws.demdex.net;cm.everesttech.net;cognito-identity.us-east-1.amazonaws.com;cx0.m.awsstatic.com;d0.m.awsstatic.com;d1.awsstatic.com;d2c.aws.amazon.com;dpm.demdex.net;edge.adobedc.net;fonts.gstatic.com;i.ytimg.com;infra-api.us-east-1.prod.mrc-sunrise.marketing.aws.dev;loader.us-east-1.prod.mrc-sunrise.marketing.aws.dev;prod.log.shortbread.aws.dev;prod.pa.cdn.uis.awsstatic.com;t0.m.awsstatic.com;vs.aws.amazon.com;www.google.com;www.gstatic.com;www.youtube-nocookie.com;www.youtube.com;yt3.ggpht.com
2182,bip.com,7,assets.efilli.com;bip.com;bundles.efilli.com;fonts.googleapis.com;fonts.gstatic.com;media.bip.com;www.googletagmanager.com
2183,music.apple.com,4,is1-ssl.mzstatic.com;music.apple.com;www.apple.com;xp.apple.com
2185,meet.google.com,13,2507573.fls.doubleclick.net;ad.doubleclick.net;adservice.google.com;analytics.google.com;fonts.googleapis.com;fonts.gstatic.com;lh3.googleusercontent.com;ssl.google-analytics.com;stats.g.doubleclick.net;storage.googleapis.com;www.google.com;www.googletagmanager.com;www.gstatic.com
2186,www.tiktok.com,13,lf16-cdn-tos.tiktokcdn-us.com;lf16-tiktok-common.ibytedtos.com;lf16-tiktok-common.tiktokcdn-us.com;lf16-tiktok-web.tiktokcdn-us.com;mcs.tiktokw.us;mon16-normal-useast5.tiktokv.us;mssdk.tiktokw.us;p16-common-sign.tiktokcdn-us.com;sf16-website-login.neutral.ttwstatic.com;storage.googleapis.com;v16m-webapp.tiktokcdn-us.com;webcast.us.tiktok.com;www.tiktok.com
2191,google.co.id,3,ogads-pa.clients6.google.com;play.google.com;www.gstatic.com
2198,dl-debug.dropbox.com,3,assets.dropbox.com;cfl.dropboxstatic.com;dl-debug.dropbox.com
2202,mobile.facebook.com,4,mobile.facebook.com;static.xx.fbcdn.net;www.facebook.com;www.instagram.com
2204,sync.mathtag.com,9,ajax.googleapis.com;cdn.cookielaw.org;cdn.jsdelivr.net;geolocation.onetrust.com;hello.infillion.com;infillion.com;sync.mathtag.com;www.googletagmanager.com;www.mediamath.com
2214,espn.com,65,6faf0ccdd035f30a545e7d25c9a67c28.safeframe.googlesyndication.com;a.espncdn.com;a1.espncdn.com;a2.espncdn.com;a3.espncdn.com;a4.espncdn.com;acdn.adnxs.com;ad.doubleclick.net;ad.turn.com;ads.pubmatic.com;ads.rubiconproject.com;ads.trustx.org;bcp.crwdcntrl.net;c2shb.pubgw.yahoo.com;cdn.cookielaw.org;cdn.espn.com;cdn.id5-sync.com;cdn.jsdelivr.net;cdn.mgaru.dev;chui-assets-cdn.espn.com;cm.g.doubleclick.net;connectid.analytics.yahoo.com;dcf.espn.com;dmp.im-apps.net;entitlement.auth.adobe.com;ep1.adtrafficquality.google;ep2.adtrafficquality.google;esp.rtbhouse.com;espn.com;fastlane.rubiconproject.com;fundingchoicesmessages.google.com;google-bidout-d.openx.net;googleads.g.doubleclick.net;gum.criteo.com;htlb.casalemedia.com;ib.adnxs.com;id5-sync.com;ident.mygaru.com;invstatic101.creativecdn.com;js-sec.indexww.com;krk2.kargo.com;match.adsrvr.org;micro.rubiconproject.com;oa.openxcdn.net;oajs.openx.net;pagead2.googlesyndication.com;pinpoint.espn.com;prebid-a.rubiconproject.com;s0.2mdn.net;scripts.webcontentassessor.com;secure.espn.com;securepubads.g.doubleclick.net;site.api.espn.com;sp.auth.adobe.com;static.cdn.trustx.org;static.criteo.net;sync.trustx.org;sync6.im-apps.net;tags.crwdcntrl.net;tracking.mygaru.com;ups.analytics.yahoo.com;www.espn.com;www.google.com;www.googletagmanager.com;www.googletagservices.com
2226,www.google.co.id,3,ogads-pa.clients6.google.com;play.google.com;www.gstatic.com
2229,walkme.com,45,ad.doubleclick.net;alb.reddit.com;analytics.google.com;analytics.twitter.com;api.parsely.com;api.userway.org;assets.trendemon.com;bat.bing.com;bat.bing.net;c.6sc.co;cdn.cookielaw.org;cdn.parsely.com;cdn.userway.org;connect.facebook.net;epsilon.6sense.com;geoip-js.com;geolocation.onetrust.com;go.walkme.com;googleads.g.doubleclick.net;ipv6.6sc.co;j.6sc.co;js.chilipiper.com;js.maxmind.com;js.qualified.com;p1.parsely.com;pi.pardot.com;pixel-config.reddit.com;px.ads.linkedin.com;secure.adnxs.com;snap.licdn.com;static.ads-twitter.com;stats.g.doubleclick.net;stats.wp.com;t.co;t.influ2.com;tracking-api.g2.com;tracking.g2crowd.com;trackingapi.trendemon.com;walkme.com;www.google.com;www.googleadservices.com;www.googletagmanager.com;www.influ2.com;www.linkedin.com;www.redditstatic.com
2242,scuprodprv.m365.cloud.microsoft,9,browser.events.data.microsoft.com;c.s-microsoft.com;js.monitor.azure.com;mem.gfx.ms;res-sdf.cdn.office.net;scuprodprv.m365.cloud.microsoft;uhf.microsoft.com;wcpstatic.microsoft.com;www.microsoft.com
2246,steampowered.com,5,cdn.fastly.steamstatic.com;shared.fastly.steamstatic.com;steampowered.com;store.fastly.steamstatic.com;store.steampowered.com
2254,medallia.com,48,141-hjw-872.mktoresp.com;adobedc.demdex.net;api.company-target.com;api.weglot.com;assets.adobedtm.com;cdn.bizible.com;cdn.bizibly.com;cdn.decibelinsight.net;cdn.jsdelivr.net;cdn.vidyard.com;cdn.weglot.com;cm.g.doubleclick.net;connect.facebook.net;consent.trustarc.com;dsum-sec.casalemedia.com;fonts.googleapis.com;fonts.gstatic.com;go2.medallia.com;googleads.g.doubleclick.net;ib.adnxs.com;id.rlcdn.com;insight.adsrvr.org;js.adsrvr.org;js.qualified.com;js.zi-scripts.com;medallia.com;medalliaresources.s3.us-west-1.amazonaws.com;munchkin.marketo.net;na5.cdn.thunderhead.com;na5.thunderhead.com;nebula-cdn.kampyle.com;partners.tremorhub.com;pixel.rubiconproject.com;play.vidyard.com;px.ads.linkedin.com;resources.digital-cloud.medallia.com;s.company-target.com;segments.company-target.com;smetrics.medallia.com;snap.licdn.com;tag-logger.demandbase.com;tag.demandbase.com;ws.zoominfo.com;www.google-analytics.com;www.google.com;www.googletagmanager.com;www.linkedin.com;www.medallia.com
2259,yandex.com,5,mc.yandex.com;mc.yandex.ru;static-mon.yandex.net;yandex.com;yastatic.net
2260,csync.smilewanted.com,135,aa.agkn.com;aax-eu.amazon-adsystem.com;ad.360yield.com;ad.turn.com;ads.betweendigital.com;ads.creative-serving.com;ads.pubmatic.com;ads.servenobid.com;ads.yieldmo.com;aorta.clickagy.com;ap.lijit.com;b1sync.outbrain.com;b1sync.zemanta.com;bh.contextweb.com;bidder.smartytouch.co;c1.adform.net;capi.connatix.com;ce.lijit.com;cm.anyrtb.com;cm.g.doubleclick.net;cms.quantserve.com;cpm.vistarsagency.com;creativecdn.com;cs.admanmedia.com;cs.iqzone.com;cs.krushmedia.com;cs.media.net;cs.playdigo.com;csync.loopme.me;csync.smilewanted.com;de.tynt.com;dis.criteo.com;dsp-cookie.adfarm1.adition.com;dsp-service.admatic.de;dsp-service.pixad.com.tr;dsum-sec.casalemedia.com;eb2.3lift.com;eus.rubiconproject.com;gw-iad-bid.ymmobi.com;hb.trustedstack.com;hbx.media.net;hde.tynt.com;i.liadm.com;ib.adnxs.com;ice.360yield.com;id.rlcdn.com;id5-sync.com;image2.pubmatic.com;image6.pubmatic.com;image8.pubmatic.com;inmobi-match.dotomi.com;ittpx-us-e.eskimi.com;ittpx.eskimi.com;jadserve.postrelease.com;live.primis.tech;match.adsrvr.org;match.deepintent.com;match.prod.bidr.io;match.sharethrough.com;measureadv.com;ms-cookie-sync.presage.io;ogury-match.dotomi.com;onetag-sys.com;p.rfihub.com;pbs-cs.yellowblue.io;pippio.com;pixel-sync.sitescout.com;pixel-us-east.rubiconproject.com;pixel.rubiconproject.com;pixel.tapad.com;pool.liftdsp.com;prebid-match.dotomi.com;prebid.a-mo.net;prebid.admatic.com.tr;prebid.admatic.de;prebid.pixad.com.tr;ps.eyeota.net;px.ads.linkedin.com;r.bidswitch.net;router.infolinks.com;rtb.adstanding.com;rtb.gamoshi.io;rtb.gumgum.com;rtb.mfadsrvr.com;rtb.openx.net;s.ad.smaato.net;s.amazon-adsystem.com;s.console.adtarget.com.tr;s.seedtag.com;s0.2mdn.net;secure-assets.rubiconproject.com;server.smartytech.io;ssbsync-global.smartadserver.com;ssbsync.smartadserver.com;ssc-cms.33across.com;ssp-sync.criteo.com;ssp.disqus.com;static.cdn.admatic.com.tr;static.cdn.admatic.de;sync-tm.everesttech.net;sync.a-mo.net;sync.adkernel.com;sync.adtelligent.com;sync.e-volution.ai;sync.go.sonobi.com;sync.inmobi.com;sync.intentiq.com;sync.ipredictive.com;sync.pinklion.io;sync.pmbmonetize.live;sync.richaudience.com;sync.smartadserver.com;sync.srv.stackadapt.com;syncingbridge.com;t.adx.opera.com;t.oa.opera.com;tg.socdm.com;token.rubiconproject.com;tr.blismedia.com;trace.us.rtbwise.com;tracker-shr.ortb.net;u-ams.4dex.io;u.openx.net;um.simpli.fi;ups.analytics.yahoo.com;us-u.openx.net;us.ck-ie.com;us.shb-sync.com;us4.shb-sync.com;user-sync.fwmrm.net;ut.pubmatic.com;wt.rqtrk.eu;www.temu.com;x.bidswitch.net;yandex.ru
2264,eskimi.com,40,a.omappapi.com;ajax.googleapis.com;analytics.google.com;api-eu1.hubapi.com;api.omappapi.com;bat.bing.com;c.clarity.ms;cdn.dreamdata.cloud;cdn.jetboost.io;cdn.jsdelivr.net;cdn.prod.website-files.com;cdn.weglot.com;connect.facebook.net;consent.cookiebot.com;consentcdn.cookiebot.com;d3e54v103j8qbb.cloudfront.net;dsp-ap.eskimi.com;dsp-media.eskimi.com;dsp-trk.eskimi.com;eskimi.com;fonts.googleapis.com;fonts.gstatic.com;googleads.g.doubleclick.net;js-eu1.hs-analytics.net;js-eu1.hs-banner.com;js-eu1.hs-scripts.com;js-eu1.hsadspixel.net;pagead2.googlesyndication.com;px.ads.linkedin.com;s.clarity.ms;scripts.clarity.ms;snap.licdn.com;stats.g.doubleclick.net;track-eu1.hubspot.com;widget.trustpilot.com;www.clarity.ms;www.eskimi.com;www.google.com;www.googletagmanager.com;www.linkedin.com
2277,merino.services.mozilla.com,2,cdn.jsdelivr.net;merino.services.mozilla.com
2299,mgid.com,38,a.quora.com;alb.reddit.com;analytics.google.com;api.hubapi.com;app.hubspot.com;bat.bing.com;c.clarity.ms;cdn.cookie-script.com;connect.facebook.net;fonts.gstatic.com;googleads.g.doubleclick.net;js.hs-analytics.net;js.hs-banner.com;js.hs-scripts.com;js.hsadspixel.net;js.hubspot.com;js.hubspotfeedback.com;js.usemessages.com;mgid-site.s3.us-east-1.amazonaws.com;mgid.com;perf-na1.hsforms.com;pixel-config.reddit.com;px.ads.linkedin.com;q.quora.com;s.clarity.ms;sc.lfeeder.com;scripts.clarity.ms;snap.licdn.com;static.hsappstatic.net;stats.g.doubleclick.net;tr.lfeeder.com;track.hubspot.com;www.clarity.ms;www.google.com;www.googletagmanager.com;www.linkedin.com;www.mgid.com;www.redditstatic.com
2301,cdn.quantummetric.com,44,a.usbrowserspeed.com;analytics.google.com;api.hubapi.com;bttrack.com;cdn-cookieyes.com;cdn.bttrack.com;cdn.claydar.com;cdn.jsdelivr.net;cdn.quantummetric.com;cdn.sanity.io;challenges.cloudflare.com;clients.abmatic.ai;connect.facebook.net;directory.cookieyes.com;googleads.g.doubleclick.net;ingest.quantummetric.com;js.hs-analytics.net;js.hs-banner.com;js.hs-scripts.com;js.hsadspixel.net;js.hscollectedforms.net;js.hsforms.net;js.hubspot.com;js.qualified.com;js.zi-scripts.com;log.cookieyes.com;na-data.kameleoon.io;player.vimeo.com;px.ads.linkedin.com;snap.licdn.com;static.claydar.com;stats.g.doubleclick.net;tags.srv.stackadapt.com;tracking-api.g2.com;tracking.g2crowd.com;vimeo.com;waga1ps5is.kameleoon.io;ws-assets.zoominfo.com;ws.zoominfo.com;www.google.com;www.googletagmanager.com;www.linkedin.com;www.quantummetric.com;y6rt62dj.api.sanity.io
2307,app.slack.com,37,12632256.fls.doubleclick.net;a.slack-edge.com;a11179690159.cdn.optimizely.com;ad.doubleclick.net;adservice.google.com;alb.reddit.com;analytics.google.com;api.company-target.com;app.slack.com;c.contentsquare.net;cdn.cookielaw.org;cdn.schemaapp.com;cdn3.optimizely.com;csxd.contentsquare.net;d34u8crftukxnk.cloudfront.net;dc.ads.linkedin.com;dsum-sec.casalemedia.com;fonts.gstatic.com;geolocation.onetrust.com;googleads.g.doubleclick.net;id.rlcdn.com;logx.optimizely.com;partners.tremorhub.com;pixel-config.reddit.com;pixel.rubiconproject.com;s.company-target.com;segments.company-target.com;stats.g.doubleclick.net;t.contentsquare.net;tag-logger.demandbase.com;tag.demandbase.com;www.google.com;www.googletagmanager.com;www.linkedin.com;www.mczbf.com;www.redditstatic.com;www.youtube.com
2314,kueezrtb.com,18,ajax.googleapis.com;analytics.google.com;cdn.jsdelivr.net;cdn.prod.website-files.com;d3e54v103j8qbb.cloudfront.net;fonts.googleapis.com;fonts.gstatic.com;googleads.g.doubleclick.net;kueezrtb.com;px.ads.linkedin.com;snap.licdn.com;stats.g.doubleclick.net;v1.api.service.cmp.usercentrics.eu;weare.kueez.com;web.cmp.usercentrics.eu;www.google.com;www.googletagmanager.com;www.linkedin.com
2326,preview.redd.it,2,preview.redd.it;www.reddit.com
2328,attachments.office.net,6,aadcdn.msauth.net;attachments.office.net;login.live.com;login.microsoftonline.com;outlook.office365.com;res.public.onecdn.static.microsoft
2341,amxrtb.com,7,amxrtb.com;fonts.googleapis.com;fonts.gstatic.com;p.typekit.net;stats.wp.com;use.typekit.net;www.adaptmx.com
2343,www.baidu.com,10,gips2.baidu.com;hector.baidu.com;hectorstatic.baidu.com;mbd.baidu.com;passport.baidu.com;pss.bdstatic.com;psstatic.cdn.bcebos.com;sp1.baidu.com;sp2.baidu.com;www.baidu.com
2347,i.w55c.net,2,i.w55c.net;www.w55c.net
2348,tubitv.com,10,abproxy.production-public.tubi.io;analytics-ingestion-production.tubitv.com;canvas-lb.tubitv.com;mcdn.tubitv.com;md0.tubitv.com;o30277.ingest.sentry.io;tensor-cdn.production-public.tubi.io;tubitv.com;www.googletagmanager.com;www.gstatic.com
2352,gemini.google.com,10,analytics.google.com;fonts.gstatic.com;lh3.googleusercontent.com;ogads-pa.clients6.google.com;play.google.com;signaler-pa.clients6.google.com;www.google-analytics.com;www.google.com;www.googletagmanager.com;www.gstatic.com
2354,capitaloneshopping.com,19,accounts.google.com;analytics.ahrefs.com;analytics.google.com;anir.capitaloneshopping.com;capitaloneshopping.com;cdn.ivaws.com;connect.facebook.net;csi.gstatic.com;ep1.adtrafficquality.google;ep2.adtrafficquality.google;fonts.gstatic.com;googleads.g.doubleclick.net;i.capitaloneshopping.com;maps.googleapis.com;pagead2.googlesyndication.com;stats.g.doubleclick.net;www.google.com;www.googletagmanager.com;www.gstatic.com
2356,gpi2.life360.com,2,gpi2.life360.com;static.cloudflareinsights.com
2362,stripe.network,46,ad.doubleclick.net;alb.reddit.com;analytics.google.com;analytics.twitter.com;api.company-target.com;apm.yahoo.co.jp;attr-td.ml-api.io;b.stripecdn.com;b91.yahoo.co.jp;bat.bing.com;dsum-sec.casalemedia.com;ext.stripe.com;googleads.g.doubleclick.net;id.rlcdn.com;images.stripeassets.com;js.zi-scripts.com;match.adsrvr.org;munchkin.marketo.net;partners.tremorhub.com;pixel-config.reddit.com;pixel.byspotify.com;pixel.rubiconproject.com;pixels.spotify.com;px.ads.linkedin.com;q.quora.com;q.stripe.com;r.stripe.com;s.company-target.com;s.yimg.jp;segments.company-target.com;snap.licdn.com;static.ads-twitter.com;stats.g.doubleclick.net;stripe.com;stripe.network;t.co;tag-logger.demandbase.com;tag.demandbase.com;tag.flvcdn.net;ws.zoominfo.com;www.facebook.com;www.google-analytics.com;www.google.com;www.googletagmanager.com;www.linkedin.com;www.redditstatic.com
2377,att.net,40,aa.agkn.com;ads.pubmatic.com;ads.yieldmo.com;api.login.yahoo.com;att.demdex.net;att.net;c2shb-oao.ssp.yahoo.com;cdn.taboola.com;cm.g.doubleclick.net;consent.cmp.oath.com;currently.att.yahoo.com;display.bidder.taboola.com;dpm.demdex.net;exchange.kueezrtb.com;fastlane.rubiconproject.com;grid-bidder.criteo.com;guce.yahoo.com;htlb.casalemedia.com;ib.adnxs.com;idx.liadm.com;ncp-gw-frontpage.media.yahoo.com;nexus-gateway-prod.media.yahoo.com;noa.yahoo.com;opus.analytics.yahoo.com;pbs.yahoo.com;prebid.media.net;rp.liadm.com;rtb.openx.net;s.seedtag.com;s.yimg.com;sb.scorecardresearch.com;securepubads.g.doubleclick.net;signal-service.pbs.yahoo.com;smetrics.att.com;start.att.net;tlx.3lift.com;ups.analytics.yahoo.com;wnsrvbjmeprtfrnfx.ay.delivery;www.att.net;www.googletagmanager.com
2382,ping.chartbeat.net,16,chartbeat.com;chartbeat.zendesk.com;cmp.osano.com;ekr.zdassets.com;fonts.googleapis.com;ping.chartbeat.net;pong.chartbeat.net;securepubads.g.doubleclick.net;static.zdassets.com;static2.chartbeat.com;use.typekit.com;www.google.com;www.googleadservices.com;www.googleoptimize.com;www.googletagmanager.com;www.googletagservices.com
2384,geo.yahoo.com,2,geo.yahoo.com;sec.yimg.com
2386,secure.insightexpressai.com,14,cdn.bc0a.com;consent.cookiebot.com;consentcdn.cookiebot.com;extend.vimeocdn.com;ixfd2-api.bc0a.com;pagead2.googlesyndication.com;px.ads.linkedin.com;secure.insightexpressai.com;snap.licdn.com;tags.srv.stackadapt.com;unpkg.com;www.googletagmanager.com;www.kantar.com;www.linkedin.com
2391,datto.com,8,cdn.cookielaw.org;cdnjs.cloudflare.com;code.jquery.com;datto.com;geolocation.onetrust.com;global.localizecdn.com;www.datto.com;www.googletagmanager.com
2404,ebay.com,27,13341218.fls.doubleclick.net;ad.doubleclick.net;adservice.google.com;alb.reddit.com;backstory.ebay.com;connect.facebook.net;devicebind.ebay.com;dynamic.criteo.com;ebay.com;googleads.g.doubleclick.net;gum.criteo.com;ir.ebaystatic.com;mkttag.ebay.com;pixel-config.reddit.com;rover.ebay.com;s.pinimg.com;sc-static.net;sherlock-events-sampler.ebay.com;sp.analytics.yahoo.com;sslwidget.criteo.com;tags.tiqcdn.com;tr.snapchat.com;www.ebay.com;www.ebayadservices.com;www.google.com;www.googletagmanager.com;www.redditstatic.com
2406,ui.com,13,alb.reddit.com;cdn.cookielaw.org;dev.visualwebsiteoptimizer.com;geolocation.onetrust.com;images.svc.ui.com;pixel-config.reddit.com;sso.ui.com;static.hotjar.com;store.ui.com;ui.com;www.google-analytics.com;www.googletagmanager.com;www.redditstatic.com
2456,ad.mail.ru,15,ad.mail.ru;analytics.google.com;googleads.g.doubleclick.net;privacy-cs.mail.ru;px.ads.linkedin.com;snap.licdn.com;stats.g.doubleclick.net;target.my.com;target.vk.ru;top-fwz1.mail.ru;vk.com;www.google-analytics.com;www.google.com;www.googletagmanager.com;www.linkedin.com
2476,epicgames.com,2,challenges.cloudflare.com;epicgames.com
2532,bitdefender.net,54,18.210.229.244;ad.doubleclick.net;adobedc.demdex.net;adservice.google.com;alb.reddit.com;analytics-ipv6.tiktokw.us;analytics.google.com;analytics.tiktok.com;analytics.twitter.com;api.company-target.com;bat.bing.com;bat.bing.net;bitdefender.com;bitdefender.f9tmep.net;bitdefender.net;c.az.contentsquare.net;c.clarity.ms;cdn.bizible.com;cdn.bizibly.com;connect.facebook.net;dsum-sec.casalemedia.com;dx.mountain.com;fast.ssqt.io;get.bitdefender.com;grsm.io;js.hsforms.net;js.partnerstack.com;lasteventf-tm.everesttech.net;partnerlinks.io;partners.tremorhub.com;pixel-config.reddit.com;pixel.rubiconproject.com;px.ads.linkedin.com;s.company-target.com;scripts.clarity.ms;snap.licdn.com;sstats.bitdefender.com;static.ads-twitter.com;static.hotjar.com;stats.g.doubleclick.net;t.co;t.contentsquare.net;tag-logger.demandbase.com;tag.demandbase.com;utt.impactcdn.com;v1.api.service.cmp.usercentrics.eu;web.cmp.usercentrics.eu;www.bitdefender.com;www.clarity.ms;www.everestjs.net;www.google.com;www.googletagmanager.com;www.linkedin.com;www.redditstatic.com
2584,tynt.com,3,p.typekit.net;tynt.com;use.typekit.net
2585,www.dropbox.com,7,accounts.google.com;aem.dropbox.com;cfl.dropboxstatic.com;fjord.dropboxstatic.com;fp.dropbox.com;marketing.dropbox.com;www.dropbox.com
2588,bid.g.doubleclick.net,9,ajax.googleapis.com;fonts.googleapis.com;fonts.gstatic.com;googleads.g.doubleclick.net;lh3.googleusercontent.com;www.google-analytics.com;www.google.com;www.googletagmanager.com;www.gstatic.com
2594,vk.com,13,ads.vk.com;akashi.vk-portal.net;api.vk.com;login.vk.com;privacy-cs.mail.ru;r0.mradx.net;st.vk.com;stacks.vk-portal.net;stats.vk-portal.net;tns-counter.ru;top-fwz1.mail.ru;vk.com;www.tns-counter.ru
2595,spo.nel.measure.office.net,2,ajax.aspnetcdn.com;spo.nel.measure.office.net
2598,huntress.io,11,api.canny.io;canny.io;cmp.osano.com;fonts.googleapis.com;fonts.gstatic.com;huntress.io;huntresscdn.com;js.stripe.com;m.stripe.com;m.stripe.network;www.googletagmanager.com
2631,moengage.com,5,cdn-cookieyes.com;cdn.jsdelivr.net;log.cookieyes.com;moengage.com;www.moengage.com
2651,undertone.com,17,consent.cookiebot.com;consentcdn.cookiebot.com;evt.undertone.com;forms-na1.hsforms.com;forms.hsforms.com;js.hsforms.net;match.adsrvr.org;perion.com;pixel.tapad.com;px.ads.linkedin.com;snap.licdn.com;undertone.com;unpkg.com;vee-crm.com;www.google-analytics.com;www.googletagmanager.com;www.linkedin.com
2653,g.bing.com,26,aadcdn.msftauth.net;ab.dns-finder.com;ad-delivery.net;ad.doubleclick.net;adsdk.microsoft.com;api.btloader.com;api.msn.com;arc.msn.com;browser.events.data.msn.com;btloader.com;c.msn.com;ecn.dev.virtualearth.net;g.bing.com;ib.msn.com;img-s-msn-com.akamaized.net;js.monitor.azure.com;login.live.com;login.microsoftonline.com;m.adnxs.com;mem.gfx.ms;px.ads.linkedin.com;sb.scorecardresearch.com;scripts.mf.webcontentassessor.com;srtb.msn.com;trc.taboola.com;www.msn.com
2667,axon.ai,28,alb.reddit.com;api.hubapi.com;axon.ai;b.applovin.com;cdn.cookielaw.org;cm.g.doubleclick.net;connect.facebook.net;fe-assets.workmagic.io;geolocation.onetrust.com;js.hs-analytics.net;js.hs-banner.com;js.hs-scripts.com;js.hsadspixel.net;js.hubspot.com;perf-na1.hsforms.com;pixel-config.reddit.com;px.ads.linkedin.com;re.applovin.com;res4.applovin.com;s.axon.ai;snap.licdn.com;track.hubspot.com;us-assets.i.posthog.com;us.i.posthog.com;www.google-analytics.com;www.googletagmanager.com;www.linkedin.com;www.redditstatic.com
2672,hotmail.com,12,c.s-microsoft.com;cdn-dynmedia-1.microsoft.com;hotmail.com;login.live.com;login.microsoftonline.com;outlook.live.com;play.vidyard.com;res.public.onecdn.static.microsoft;rum.hlx.page;uhf.microsoft.com;wcpstatic.microsoft.com;www.microsoft.com
2680,copilot.microsoft.com,5,browser.events.data.microsoft.com;copilot.microsoft.com;login.live.com;login.microsoftonline.com;o4508134825000960.ingest.us.sentry.io
2691,wyze.com,15,api.copilot.livex.ai;backend.alia-prod.com;chatbox.copilot.livex.ai;cmp.osano.com;fonts.googleapis.com;monorail-edge.shopifysvc.com;otlp-http-production.shopifysvc.com;shop.app;ssl.kaptcha.com;static.cloudflareinsights.com;static.klaviyo.com;static.rechargecdn.com;store-app.figpii.com;www.wyze.com;wyze.com
2696,client.dropbox.com,3,assets.dropbox.com;cfl.dropboxstatic.com;client.dropbox.com
2700,cdn.hadronid.net,2,cdn.hadronid.net;static.cloudflareinsights.com
2704,kochava.com,17,analytics.google.com;api.cmp.inmobi.com;assets.kochava.com;cdn.jsdelivr.net;cdn.matomo.cloud;cloud.typography.com;cmp.inmobi.com;global.localizecdn.com;googleads.g.doubleclick.net;kochava.com;s34035.pcdn.co;stats.g.doubleclick.net;storage.googleapis.com;www.google-analytics.com;www.google.com;www.googletagmanager.com;www.kochava.com
2711,weixin.qq.com,2,res.wx.qq.com;weixin.qq.com
2712,spot.im,2,spot.im;www.spot.im
2714,liveintent.com,24,analytics.twitter.com;b-code.liadm.com;bat.bing.com;cdn.cookielaw.org;cdn.pdst.fm;connect.facebook.net;d.liadm.com;fonts.googleapis.com;geolocation.onetrust.com;googleads.g.doubleclick.net;i.liadm.com;liveintent.com;pixels.spotify.com;px.ads.linkedin.com;rp.liadm.com;sli.liveintent.com;snap.licdn.com;static.ads-twitter.com;t.co;www.google-analytics.com;www.google.com;www.googletagmanager.com;www.linkedin.com;www.liveintent.com
2715,symantec.com,12,cdn.cookielaw.org;geolocation.onetrust.com;house-fastly-signed-us-east-1-prod.brightcovecdn.com;images.sw.broadcom.com;img.en25.com;metrics.brightcove.com;players.brightcove.net;secure.sw.broadcom.com;symantec.com;www.broadcom.com;www.google-analytics.com;www.googletagmanager.com
2717,teams.live.com,5,login.live.com;login.microsoftonline.com;statics.teams.cdn.live.net;teams.live.com;wcpstatic.microsoft.com
2730,canva.com,3,canva.com;challenges.cloudflare.com;static.cloudflareinsights.com
2735,blismedia.com,2,blismedia.com;challenges.cloudflare.com
2744,redditmedia.com,2,redditmedia.com;www.reddit.com
2761,ssl.com,26,analytics.google.com;aplo-evnt.com;assets.apollo.io;assets.mymarketingreports.com;bat.bing.com;c.clarity.ms;calls.mymarketingreports.com;fonts.googleapis.com;googleads.g.doubleclick.net;js.zi-scripts.com;kit.fontawesome.com;px.ads.linkedin.com;s.clarity.ms;scripts.clarity.ms;snap.licdn.com;ssl.com;t.contentsquare.net;widget.intercom.io;ws.zoominfo.com;www.clarity.ms;www.google-analytics.com;www.google.com;www.googleoptimize.com;www.googletagmanager.com;www.gstatic.com;www.linkedin.com
2762,androidpay-users-pa.googleapis.com,3,ogads-pa.clients6.google.com;play.google.com;www.gstatic.com
2770,m.hotmail.com,8,df.cfp.microsoft.com;fpt.live.com;login.live.com;login.microsoftonline.com;logincdn.msauth.net;m.hotmail.com;outlook.office365.com;res.public.onecdn.static.microsoft
2801,iqm.com,31,aorta.clickagy.com;aplo-evnt.com;assets.apollo.io;bpi.rtactivate.com;cdn.cookielaw.org;cdn.pxl.iqm.com;cm.g.doubleclick.net;cs.media.net;dsum-sec.casalemedia.com;geolocation.onetrust.com;idsync.rlcdn.com;image6.pubmatic.com;iqm.com;js.zi-scripts.com;partners.tremorhub.com;pippio.com;px.ads.linkedin.com;pxl.iqm.com;rtb-csync.smartadserver.com;s.ad.smaato.net;simage2.pubmatic.com;sync.aniview.com;sync.bfmio.com;sync.outbrain.com;sync.taboola.com;tags.clickagy.com;us-u.openx.net;ws.zoominfo.com;wt.rqtrk.eu;www.google-analytics.com;www.googletagmanager.com
2803,api.dropbox.com,3,api.dropbox.com;assets.dropbox.com;cfl.dropboxstatic.com
2808,tr-ooc-atm.office.com,4,aadcdn.msauth.net;login.microsoftonline.com;res.public.onecdn.static.microsoft;tr-ooc-atm.office.com
2820,ringcentral.com,34,075-dtb-715.mktoresp.com;a.dpmsrv.com;adobedc.demdex.net;alb.reddit.com;api-ingest.pocustrack.com;api-tml.ringcentral.com;arttrk.com;booking.chilipiper.com;cdn.cookielaw.org;cdn.fonts.net;cdn.jsdelivr.net;connect.facebook.net;dev.visualwebsiteoptimizer.com;dpm.demdex.net;geolocation.onetrust.com;googleads.g.doubleclick.net;js.qualified.com;js.zi-scripts.com;munchkin.marketo.net;pixel-config.reddit.com;pnapi.invoca.net;px.ads.linkedin.com;ringcentral.com;s.dpmsrv.com;snap.licdn.com;solutions.invocacdn.com;som.ringcentral.com;tags.srv.stackadapt.com;trk.techtarget.com;trkn.us;www.google.com;www.googletagmanager.com;www.linkedin.com;www.redditstatic.com
2828,img-resize-cdn-prod.samsungnyc.com,2,img-resize-cdn-prod.samsungnyc.com;static.cloudflareinsights.com
2832,app-ads-services.com,3,ogads-pa.clients6.google.com;play.google.com;www.gstatic.com
2835,gravatar.com,12,analytics.google.com;googleads.g.doubleclick.net;gravatar.com;pixel.wp.com;public-api.wordpress.com;s.gravatar.com;s0.wp.com;s1.wp.com;stats.g.doubleclick.net;stats.wp.com;www.google.com;www.googletagmanager.com
2840,rmm.datto.com,7,cdn.cookielaw.org;cdnjs.cloudflare.com;code.jquery.com;global.localizecdn.com;rmm.datto.com;www.datto.com;www.googletagmanager.com
2864,www.outlook.com,13,c.s-microsoft.com;cdn-dynmedia-1.microsoft.com;eu-office.events.data.microsoft.com;login.live.com;login.microsoftonline.com;outlook.live.com;play.vidyard.com;res.public.onecdn.static.microsoft;rum.hlx.page;uhf.microsoft.com;wcpstatic.microsoft.com;www.microsoft.com;www.outlook.com
2866,dl.duosecurity.com,59,12979078.fls.doubleclick.net;ad.doubleclick.net;adservice.google.com;alb.reddit.com;analytics.tiktok.com;analytics.twitter.com;api.ipify.org;bat.bing.com;browser.sentry-cdn.com;c.6sc.co;c.contentsquare.net;cdn.bizible.com;cdn.cookielaw.org;cdn.metadata.io;cdn.optimizely.com;cdn1.adoberesources.net;cisco-tags.cisco.com;cm.g.doubleclick.net;cms.analytics.yahoo.com;connect.facebook.net;csxd.contentsquare.net;datacollect.cisco.com;distillery.wistia.com;dl.duosecurity.com;dpm.demdex.net;dsum-sec.casalemedia.com;duo.com;embed-cloudfront.wistia.com;fast.wistia.com;fast.wistia.net;geolocation.onetrust.com;ib.adnxs.com;id.cisco.com;img.en25.com;insight.adsrvr.org;ipv6.6sc.co;j.6sc.co;js.adsrvr.org;js.qualified.com;js.zi-scripts.com;pipedream.wistia.com;pixel-config.reddit.com;pixel.byspotify.com;pixel.rubiconproject.com;px.ads.linkedin.com;s2991720.t.eloqua.com;s4673582.t.eloqua.com;s860818199.t.eloqua.com;smetrics.cisco.com;snap.licdn.com;t.contentsquare.net;tags.tiqcdn.com;ups.analytics.yahoo.com;www.cisco.com;www.google-analytics.com;www.google.com;www.googletagmanager.com;www.linkedin.com;www.redditstatic.com
2878,zendesk.com,58,15086586.fls.doubleclick.net;819-rrq-060.mktoresp.com;a.dpmsrv.com;a.usbrowserspeed.com;ad.doubleclick.net;adservice.google.com;analytics.google.com;analytics.twitter.com;api.cr-relay.com;api.segment.io;api.vector.co;app.clearbit.com;b.6sc.co;bat.bing.com;browser.sentry-cdn.com;c.6sc.co;cdn.cookielaw.org;cdn.cr-relay.com;cdn.segment.com;cdn.vector.co;collector-43043.us.tvsquared.com;connect.facebook.net;d2v83son8kay5v.cloudfront.net;distillery.wistia.com;embed-ssl.wistia.com;epsilon.6sense.com;fast.wistia.com;geolocation.onetrust.com;googleads.g.doubleclick.net;ib.adnxs.com;insight.adsrvr.org;ipv6.6sc.co;j.6sc.co;munchkin.marketo.net;o1025743.ingest.sentry.io;pipedream.wistia.com;px.ads.linkedin.com;rtr.innovid.com;s-static.innovid.com;s.dpmsrv.com;secure.adnxs.com;snap.licdn.com;static.ads-twitter.com;static.hotjar.com;static.zdassets.com;stats.g.doubleclick.net;t.co;tag.clearbitscripts.com;unpkg.com;web-assets.zendesk.com;www.google.com;www.googleadservices.com;www.googletagmanager.com;www.linkedin.com;www.zendesk.com;www.zndsk.com;x.clearbitjs.com;zendesk.com
2887,jwplayer.com,26,7052064.fs1.hubspotusercontent-na1.net;api.hubapi.com;app.hubspot.com;assets-jpcust.jwpsrv.com;boards.greenhouse.io;cdn.cookielaw.org;cdn.jwplayer.com;entitlements.jwplayer.com;forms.hsforms.com;geolocation.onetrust.com;js.hs-analytics.net;js.hs-banner.com;js.hsadspixel.net;js.hscollectedforms.net;js.hubspot.com;jwpconnatix.com;jwplayer.com;jwx.com;perf-na1.hsforms.com;prd.jwpltx.com;px.ads.linkedin.com;snap.licdn.com;ssl.p.jwpcdn.com;www.google-analytics.com;www.googletagmanager.com;www.linkedin.com
2889,olx.biz.id,22,advm.brznetwork.com;cdn.ampproject.org;cdn.enkosa.com;cdn1.sharemyimage.com;codice.shinystat.com;codicebusiness.shinystat.com;ep1.adtrafficquality.google;ep2.adtrafficquality.google;fonts.googleapis.com;fonts.gstatic.com;fundingchoicesmessages.google.com;googleads.g.doubleclick.net;mc.yandex.ru;olx.biz.id;pagead2.googlesyndication.com;s13.shinystat.com;static.cloudflareinsights.com;storiess.enkosa.com;webstoriess.enkosa.com;www.enkosa.com;www.google.com;www.gstatic.com
2903,betweendigital.com,5,api.betweendigital.com;betweendigital.com;cp.betweendigital.com;fonts.googleapis.com;fonts.gstatic.com
2906,pm.w55c.net,2,pm.w55c.net;www.w55c.net
2910,pagead2.googleadservices.com,3,ogads-pa.clients6.google.com;play.google.com;www.gstatic.com
2912,wikipedia.com,2,wikipedia.com;www.wikipedia.org
2925,wp.com,17,accounts.google.com;bat.bing.com;cdn.parsely.com;connect.facebook.net;googleads.g.doubleclick.net;p1.parsely.com;public-api.wordpress.com;refer.wordpress.com;s0.wp.com;static.hotjar.com;stats.wp.com;wordpress.com;wp.com;wpcom.files.wordpress.com;www.google-analytics.com;www.google.com;www.googletagmanager.com
2928,hackaday.com,23,analytics.supplyframe.com;connect.facebook.net;googleads.g.doubleclick.net;hackaday.com;i0.wp.com;ib.adnxs.com;idsync.rlcdn.com;images.ads.supplyframe.com;match.adsrvr.org;ml314.com;p.typekit.net;ps.eyeota.net;rv-ads.supplyframe.com;rv-images.ads.supplyframe.com;stats.g.doubleclick.net;stats.wp.com;tags.srv.stackadapt.com;use.typekit.net;v1.api.service.cmp.usercentrics.eu;web.cmp.usercentrics.eu;www.google-analytics.com;www.google.com;www.googletagmanager.com
2929,adswizz.com,23,adswizz.com;cdn.cookielaw.org;cdnjs.cloudflare.com;fonts.googleapis.com;geolocation.onetrust.com;js.hs-analytics.net;js.hs-banner.com;js.hs-scripts.com;js.hsadspixel.net;js.hscollectedforms.net;js.hubspot.com;perf-na1.hsforms.com;player.vimeo.com;px.ads.linkedin.com;s.w.org;snap.licdn.com;track.hubspot.com;www.adswizz.com;www.google-analytics.com;www.google.com;www.googletagmanager.com;www.gstatic.com;www.linkedin.com
2932,rs.fullstory.com,23,002-ldf-436.mktoresp.com;api.ipify.org;api.thatsnoble.com;ariane.abtasty.com;buyers.thatsnoble.com;cmp.osano.com;dcinfos-cache.abtasty.com;edge.staging.fullstory.com;endpoints.test-the-things.com;fonts.gstatic.com;go2.fullstory.com;googleads.g.doubleclick.net;i.ytimg.com;images.ctfassets.net;js.qualified.com;munchkin.marketo.net;rs.fullstory.com;rs.staging.fullstory.com;static.doubleclick.net;try.abtasty.com;www.fullstory.com;www.google.com;www.youtube.com
2934,espressif.com,24,04848b7ca598.w.hcaptcha.com;07dbabdb3ed2.w.hcaptcha.com;c.bing.com;c.clarity.ms;cdnjs.cloudflare.com;espressif.com;hm.baidu.com;js-na2.hs-analytics.net;js-na2.hs-banner.com;js.hcaptcha.com;js.hs-scripts.com;metrics.kapa.ai;newassets.hcaptcha.com;px.ads.linkedin.com;s.clarity.ms;scripts.clarity.ms;snap.licdn.com;track-na2.hubspot.com;widget.kapa.ai;www.clarity.ms;www.espressif.com;www.google-analytics.com;www.googletagmanager.com;www.linkedin.com
2937,chat.openai.com,2,challenges.cloudflare.com;chat.openai.com
2940,d.dropbox.com,3,assets.dropbox.com;cfl.dropboxstatic.com;d.dropbox.com
2962,pusher.com,15,api.hubapi.com;api.segment.io;cdn.segment.com;dotcom.messagebird.com;images.prismic.io;js.hs-analytics.net;js.hs-banner.com;js.hs-scripts.com;js.hsadspixel.net;pubads.g.doubleclick.net;pusher-website.cdn.prismic.io;pusher-website.prismic.io;pusher.com;static.cdn.prismic.io;track.hubspot.com
2965,data.amazon.com,2,data.amazon.com;g-ecx.images-amazon.com
2966,microsoft365.com,16,admin.microsoft.com;browser.events.data.microsoft.com;c.s-microsoft.com;config.edge.skype.com;js.monitor.azure.com;login.live.com;login.microsoftonline.com;mem.gfx.ms;microsoft365.com;res.cdn.office.net;s.clarity.ms;scripts.clarity.ms;uhf.microsoft.com;www.clarity.ms;www.microsoft.com;www.microsoft365.com
2983,siriusxm.com,33,9170879.fls.doubleclick.net;analytics.twitter.com;assets.adobedtm.com;bat.bing.com;cdn.bizible.com;cdn.cookielaw.org;cdn.evgnet.com;cdn.quantummetric.com;cm.g.doubleclick.net;d.agkn.com;dpm.demdex.net;geolocation.onetrust.com;googleads.g.doubleclick.net;img.youtube.com;ingest.quantummetric.com;insight.adsrvr.org;js.adsrvr.org;pixel.rubiconproject.com;s.pinimg.com;s.yimg.com;sierra.chat;siriusxm.com;siriusxmradioinc.us-6.evergage.com;sp.analytics.yahoo.com;static.ads-twitter.com;storage.googleapis.com;t.co;www.datadoghq-browser-agent.com;www.google-analytics.com;www.google.com;www.googleadservices.com;www.googletagmanager.com;www.siriusxm.com
2985,www.microsoft365.com,16,admin.microsoft.com;browser.events.data.microsoft.com;c.s-microsoft.com;config.edge.skype.com;js.monitor.azure.com;login.live.com;login.microsoftonline.com;logincdn.msauth.net;mem.gfx.ms;res.cdn.office.net;s.clarity.ms;scripts.clarity.ms;uhf.microsoft.com;www.clarity.ms;www.microsoft.com;www.microsoft365.com
2990,mediavine.com,6,eu-us-cdn.consentmanager.net;eu-us.consentmanager.net;mediavine.com;www.google-analytics.com;www.googletagmanager.com;www.mediavine.com
2996,wps.com,10,analytics.google.com;fonts.googleapis.com;fonts.gstatic.com;global-static.wpscdn.com;global.wps.com;stats.g.doubleclick.net;wps.com;www.google.com;www.googletagmanager.com;www.wps.com
2997,go.com,11,cdn.cookielaw.org;cdn.espn.com;cdn.matterhorn.app;dcf.espn.com;go.com;lumiere-a.akamaihd.net;sb.scorecardresearch.com;sw88.go.com;tag.researchnow.com;www.datadoghq-browser-agent.com;www.go.com
2999,pushmessage.samsung.com,3,account.samsung.com;d1u97w8go7pqqh.cloudfront.net;pushmessage.samsung.com
3001,apptentive.com,35,100.20.58.101;ade.googlesyndication.com;alb.reddit.com;alchemer.my.salesforce-scrt.com;alchemer.my.site.com;analytics.silktide.com;apptentive.com;bat.bing.com;c.clarity.ms;connect.facebook.net;consent.cookiebot.com;consentcdn.cookiebot.com;dx.mountain.com;go.alchemer.com;js.chilipiper.com;js.zi-scripts.com;p.typekit.net;pagead2.googlesyndication.com;pi.pardot.com;pixel-config.reddit.com;px.ads.linkedin.com;s.clarity.ms;scripts.clarity.ms;snap.licdn.com;tr.capterra.com;tracking-api.g2.com;tracking.g2crowd.com;use.typekit.net;ws.zoominfo.com;www.alchemer.com;www.clarity.ms;www.google-analytics.com;www.googletagmanager.com;www.linkedin.com;www.redditstatic.com
3003,raw.githubusercontent.com,6,api.github.com;collector.github.com;github.com;github.githubassets.com;images.ctfassets.net;raw.githubusercontent.com
3007,api.iterable.com,7,api.iterable.com;cdnjs.cloudflare.com;code.jquery.com;p.typekit.net;stackpath.bootstrapcdn.com;use.fontawesome.com;use.typekit.net
3015,chartbeat.com,18,api.hubapi.com;cdnjs.cloudflare.com;chartbeat.com;cmp.osano.com;forms-na1.hsforms.com;forms.hsforms.com;js.hs-analytics.net;js.hs-banner.com;js.hs-scripts.com;js.hsadspixel.net;js.hsforms.net;js.hubspot.com;perf-na1.hsforms.com;ping.chartbeat.net;static2.chartbeat.com;track.hubspot.com;www.google.com;www.googletagmanager.com
3018,virtualearth.net,5,dev.virtualearth.net;r.bing.com;t.ssl.ak.dynamic.tiles.virtualearth.net;virtualearth.net;www.bing.com
3022,t-mobile.com,27,accdn.lpsnmedia.net;analytics.google.com;api2.branch.io;app.link;assets.adobedtm.com;cdn.branch.io;cdn.cookielaw.org;cdn.moengage.com;cdn.quantummetric.com;geolocation.onetrust.com;googletagmanager.com;ingest.quantummetric.com;ipinfo.io;lpcdn.lpsnmedia.net;lptag.liveperson.net;match.adsrvr.org;pnapi.invoca.net;rum.hlx.page;smetrics.t-mobile.com;solutions.invocacdn.com;stats.g.doubleclick.net;t-mobile.com;t-mobile.scene7.com;tmo-assets.fs.liveperson.com;unpkg.com;va.v.liveperson.net;www.t-mobile.com
3024,brave.com,2,analytics.brave.com;brave.com
3028,hulu.com,37,3797690.fls.doubleclick.net;ad.doubleclick.net;adservice.google.com;analytics-ipv6.tiktokw.us;analytics.tiktok.com;apps.rokt.com;assetshuluimcom-a.akamaihd.net;b.videoamp.com;cdn.cookielaw.org;cm.g.doubleclick.net;cnbl-cdn.bamgrid.com;collector-1564.tvsquared.com;connect.facebook.net;d.impactradius-event.com;di.rlcdn.com;disney.my.sentry.io;geolocation.onetrust.com;hulu.com;img1.hulu.com;img2.hulu.com;img4.hulu.com;insight.adsrvr.org;js.adsrvr.org;metcon.hulu.com;s.yimg.com;sanalytics.disneyplus.com;sc-static.net;sp.analytics.yahoo.com;tag.rmp.rakuten.com;tags.tiqcdn.com;tr.snapchat.com;uconnect.tealiumiq.com;vortex.hulu.com;www.facebook.com;www.google.com;www.googletagmanager.com;www.hulu.com
3030,identity.nel.measure.office.net,2,ajax.aspnetcdn.com;identity.nel.measure.office.net
3032,www.office.com,15,admin.microsoft.com;browser.events.data.microsoft.com;c.s-microsoft.com;config.edge.skype.com;js.monitor.azure.com;login.live.com;login.microsoftonline.com;mem.gfx.ms;res.cdn.office.net;s.clarity.ms;scripts.clarity.ms;uhf.microsoft.com;www.clarity.ms;www.microsoft.com;www.office.com
3049,admaster.cc,8,admaster.cc;browser.sentry-cdn.com;bundler-velo.parastorage.com;frog.wix.com;panorama.wixapps.net;static.parastorage.com;static.wixstatic.com;www.admaster.cc
3050,aliyun.com,33,accounts.google.com;alioth.alicdn.com;aliyun.com;analytics.tiktok.com;assets.alicdn.com;at.alicdn.com;bat.bing.com;cloud-assets.alicdn.com;consent.trustarc.com;cws.alicdn.com;fecs.console.alibabacloud.com;fourier.alibaba.com;fourier.taobao.com;free.aliyun.com;g.alicdn.com;googleads.g.doubleclick.net;helps.live;laz-g-cdn.alicdn.com;merak-intl.alicdn.com;page.aliyun.com;privacy-policy.truste.com;px.ads.linkedin.com;q.quora.com;s754876867.t.eloqua.com;sg.mmstat.com;snap.licdn.com;website.alcasset.com;www.alibabacloud.com;www.aliyun.com;www.facebook.com;www.google.com;www.googletagmanager.com;www.linkedin.com
3051,tr-ooc-atmv6.office.com,4,aadcdn.msftauth.net;login.microsoftonline.com;res.public.onecdn.static.microsoft;tr-ooc-atmv6.office.com
3062,oath.com,22,118-oew-181.mktoresp.com;880-jwe-358.mktoresp.com;ajax.googleapis.com;cdn.cookielaw.org;cdn.prod.website-files.com;csp.yahoo.com;d3e54v103j8qbb.cloudfront.net;fonts.googleapis.com;fonts.gstatic.com;geolocation.onetrust.com;munchkin.marketo.net;oath.com;px.ads.linkedin.com;snap.licdn.com;sp.analytics.yahoo.com;static.hotjar.com;www.advertising.yahooinc.com;www.google-analytics.com;www.googletagmanager.com;www.linkedin.com;www.oath.com;www.yahooinc.com
3063,cloudinary.com,45,10042940.metrics.convertexperiments.com;6582dcf7f428a5cef679cbd8.services.infinigrow.com;796-xwl-496.mktoresp.com;api.cr-proxy.com;app.infinigrow.com;cdn-4.convertexperiments.com;cdn.cookielaw.org;cdn.cr-proxy.com;cdn.debugbear.com;cdn.jsdelivr.net;cloudinary.com;cm.g.doubleclick.net;connect.facebook.net;d.adroll.com;ddzuuyx7zj81k.cloudfront.net;dss6ntp5q2r0o.cloudfront.net;dsum-sec.casalemedia.com;eb2.3lift.com;fonts.googleapis.com;fonts.gstatic.com;geolocation.onetrust.com;googleads.g.doubleclick.net;gtm.cloudinary.com;ib.adnxs.com;idsync.rlcdn.com;image2.pubmatic.com;logs.convertexperiments.com;match.adsrvr.org;ml314.com;munchkin.marketo.net;pixel.rubiconproject.com;pixel.tapad.com;ps.eyeota.net;px.ads.linkedin.com;res.cloudinary.com;s.adroll.com;snap.licdn.com;static.ads-twitter.com;sync.outbrain.com;sync.taboola.com;tracking-api.g2.com;us-u.openx.net;www.google.com;www.googletagmanager.com;x.bidswitch.net
3075,onelink.me,54,108-avt-732.mktoresp.com;52.22.50.55;a.omappapi.com;a.quora.com;a.usbrowserspeed.com;alb.reddit.com;api.company-target.com;api.omappapi.com;bat.bing.com;browser.sentry-cdn.com;cdn.cookielaw.org;cdn.jsdelivr.net;cdn.mxpnl.com;cdnjs.cloudflare.com;connect.facebook.net;dsum-sec.casalemedia.com;dx.mountain.com;fast.wistia.com;fonts.googleapis.com;fonts.gstatic.com;geolocation.onetrust.com;go.appsflyer.com;googleads.g.doubleclick.net;id.rlcdn.com;js.navattic.com;munchkin.marketo.net;onelink.me;partners.tremorhub.com;pixel-config.reddit.com;pixel.rubiconproject.com;px.ads.linkedin.com;rum-collector-2.pingdom.net;rum-static.pingdom.net;s.company-target.com;sdk.getlimy.ai;segments.company-target.com;snap.licdn.com;t.influ2.com;tag-logger.demandbase.com;tag.demandbase.com;tracking-api.g2.com;tracking.g2crowd.com;unpkg.com;wa.appsflyersdk.com;wa.onelink.me;websdk.appsflyer.com;www.appsflyer.com;www.google-analytics.com;www.google.com;www.googletagmanager.com;www.influ2.com;www.linkedin.com;www.redditstatic.com;www.youtube.com
3076,tr-ooc-acdc.office.com,4,aadcdn.msftauth.net;login.microsoftonline.com;res.public.onecdn.static.microsoft;tr-ooc-acdc.office.com
3089,yastatic.net,7,adfstat.yandex.ru;api.yandex.ru;captcha-backgrounds.s3.yandex.net;cdnrhkgfkkpupuotntfj.svc.cdn.yandex.net;mc.yandex.ru;yandex.ru;yastatic.net
3090,ib.3lift.com,4,divp3w86nodu0.cloudfront.net;fonts.googleapis.com;fonts.gstatic.com;ib.3lift.com
3110,e-volution.ai,2,e-volution.ai;qtrypzzcjebvfcihiynt.supabase.co
3114,ipinfo.io,43,a.quora.com;alb.reddit.com;analytics.google.com;analytics.twitter.com;api.hubapi.com;api.iconify.design;app.termly.io;bat.bing.com;c.clarity.ms;cdn-4.convertexperiments.com;connect.facebook.net;forms.hsforms.com;googleads.g.doubleclick.net;ipinfo.io;js.hs-analytics.net;js.hs-banner.com;js.hs-scripts.com;js.hsadspixel.net;js.hscollectedforms.net;js.hsforms.net;js.hubspot.com;my.g2.com;p.typekit.net;perf-na1.hsforms.com;pixel-config.reddit.com;px.ads.linkedin.com;scripts.clarity.ms;snap.licdn.com;static.ads-twitter.com;stats.g.doubleclick.net;t.co;track.hubspot.com;tracking-api.g2.com;tracking.g2crowd.com;use.typekit.net;v.ipinfo.io;website-cdn.assets.ipinfo.io;www.clarity.ms;www.google.com;www.googleadservices.com;www.googletagmanager.com;www.linkedin.com;www.redditstatic.com
3144,dsadata.intel.com,10,cdn.cookielaw.org;cm.g.doubleclick.net;consumer.intel.com;dogo.intel.com;dsadata.intel.com;geolocation.onetrust.com;pagead2.googlesyndication.com;siteintercept.qualtrics.com;www.intel.com;zn3vonk1wgpmvfrmg-inteldotcomvoc.siteintercept.qualtrics.com
3146,bazaarvoice.com,22,848-pgd-174.mktoresp.com;analytics.google.com;api.lever.co;bam.nr-data.net;bazaarvoice.com;cdn.cookielaw.org;cdn.endorsal.io;cdnjs.cloudflare.com;edge.curalate.com;geolocation.onetrust.com;googleads.g.doubleclick.net;js-agent.newrelic.com;js.zi-scripts.com;media.bazaarvoice.com;munchkin.marketo.net;resources.bazaarvoice.com;stats.g.doubleclick.net;use.typekit.net;ws-assets.zoominfo.com;ws.zoominfo.com;www.google.com;www.googletagmanager.com
3158,insights.static.microsoft,3,insights.cloud.microsoft;insights.static.microsoft;login.microsoftonline.com
3183,connectid.analytics.yahoo.com,21,118-oew-181.mktoresp.com;ajax.googleapis.com;cdn.cookielaw.org;cdn.prod.website-files.com;cdnjs.cloudflare.com;connectid.analytics.yahoo.com;csp.yahoo.com;d3e54v103j8qbb.cloudfront.net;fonts.googleapis.com;fonts.gstatic.com;geolocation.onetrust.com;munchkin.marketo.net;px.ads.linkedin.com;snap.licdn.com;static.hotjar.com;www.adtech.yahooinc.com;www.advertising.yahooinc.com;www.google-analytics.com;www.googletagmanager.com;www.linkedin.com;www.yahooinc.com
3195,adition.com,4,adition.com;policy.app.cookieinformation.com;vm.containers.piwik.pro;vm.piwik.pro
3210,epicgames.dev,2,challenges.cloudflare.com;epicgames.dev
3211,vimeo.com,13,arclight.vimeo.com;browser-intake-datadoghq.com;download-video-ak.vimeocdn.com;edge-assets.wirewax.com;edge-player5.wirewax.video;embedder-sdk.wirewax.video;f.vimeocdn.com;fonts.googleapis.com;player.vimeo.com;static.elfsight.com;transcend-cdn.com;vimeo.bynder.com;vimeo.com
3221,www.canva.com,2,challenges.cloudflare.com;static.cloudflareinsights.com
3226,www.yahoo.com,39,ad-delivery.net;ads.pubmatic.com;ads.yieldmo.com;api.rlcdn.com;c2shb-oao.ssp.yahoo.com;cdn.p-n.io;cdn.taboola.com;cm.g.doubleclick.net;consent.cmp.oath.com;d2mqt2joll4fma.cloudfront.net;display.bidder.taboola.com;exchange.kueezrtb.com;fastlane.rubiconproject.com;grid-bidder.criteo.com;guce.yahoo.com;htlb.casalemedia.com;ib.adnxs.com;idx.liadm.com;ncp-gw-frontpage.media.yahoo.com;nexus-gateway-prod.media.yahoo.com;noa.yahoo.com;opus.analytics.yahoo.com;pbs-yahoo-us.ay.delivery;pbs.yahoo.com;prebid-server.rubiconproject.com;prebid.media.net;rp.liadm.com;rtb.openx.net;s.seedtag.com;s.yimg.com;sb.scorecardresearch.com;securepubads.g.doubleclick.net;signal-service.pbs.yahoo.com;tlx.3lift.com;ups.analytics.yahoo.com;us-trc-events.taboola.com;wnsrvbjmeprtfrnfx.ay.delivery;www.googletagmanager.com;www.yahoo.com
3242,emxdgt.com,18,ajax.googleapis.com;cadent.com;cdn-cookieyes.com;cdn.jsdelivr.net;cdn.prod.website-files.com;cdn.tailwindcss.com;d3e54v103j8qbb.cloudfront.net;emxdgt.com;fonts.googleapis.com;fonts.gstatic.com;forms-na1.hsforms.com;forms.hsforms.com;js.hsforms.net;log.cookieyes.com;thenewcadent.com;www.cadent.com;www.google.com;www.gstatic.com
3245,identrust.com,11,analytics.google.com;cdn.cookielaw.org;cdn.voiceflow.com;cm4-production-assets.s3.amazonaws.com;geolocation.onetrust.com;identrust.com;p.typekit.net;stats.g.doubleclick.net;use.typekit.net;widget.trustpilot.com;www.googletagmanager.com
3274,verkada.com,29,acdn.adnxs.com;alb.reddit.com;analytics.sayprimer.com;api-js.mixpanel.com;assets.apollo.io;bat.bing.com;browser.sentry-cdn.com;cdn.cookielaw.org;cdn.jsdelivr.net;cdn.verkada.com;connect.facebook.net;d2hrivdxn8ekm8.cloudfront.net;distillery.wistia.com;embed-cloudfront.wistia.com;embed-ssl.wistia.com;fast.wistia.com;geolocation.onetrust.com;munchkin.marketo.net;pipedream.wistia.com;pixel-config.reddit.com;snap.licdn.com;tag.demandbase.com;tracking.g2crowd.com;verkada.com;ws.zoominfo.com;www.google.com;www.googletagmanager.com;www.redditstatic.com;www.verkada.com
3286,licensing.m365.svc.cloud.microsoft,16,admin.microsoft.com;browser.events.data.microsoft.com;c.s-microsoft.com;config.edge.skype.com;js.monitor.azure.com;licensing.m365.svc.cloud.microsoft;login.live.com;login.microsoftonline.com;mem.gfx.ms;res.cdn.office.net;s.clarity.ms;scripts.clarity.ms;uhf.microsoft.com;www.clarity.ms;www.microsoft.com;www.office.com
3287,m.taobao.com,26,1gjl8m.tdum.alibaba.com;277gdo.tdum.alibaba.com;3ygiq2.tdum.alibaba.com;alidt.alicdn.com;at.alicdn.com;aup20c.tdum.alibaba.com;cf.aliyun.com;cm.mediav.com;fourier.alibaba.com;fourier.taobao.com;g.alicdn.com;g.aplus.taobao.com;gm.mmstat.com;gw.alicdn.com;h5api.m.taobao.com;img.alicdn.com;log.mmstat.com;login.taobao.com;m.taobao.com;o.alicdn.com;pc-growht-rta.taobao.com;push-v1.taobao.com;umdc.taobao.com;www.taobao.com;x.alicdn.com;ynuf.aliapp.org
3291,data.mail.yahoo.com,47,ad-delivery.net;ad.turn.com;ads.pubmatic.com;ads.yieldmo.com;api.rlcdn.com;c2shb-oao.ssp.yahoo.com;cadmus.script.ac;cdn.p-n.io;cdn.taboola.com;cm.g.doubleclick.net;consent.cmp.oath.com;data.mail.yahoo.com;display.bidder.taboola.com;exchange.kueezrtb.com;fastlane.rubiconproject.com;grid-bidder.criteo.com;guce.yahoo.com;htlb.casalemedia.com;ib.adnxs.com;idx.liadm.com;match.adsrvr.org;ncp-gw-frontpage.media.yahoo.com;nexus-gateway-prod.media.yahoo.com;noa.yahoo.com;opus.analytics.yahoo.com;pbs-cs.openwebmp.com;pbs-yahoo-us.ay.delivery;pbs.yahoo.com;prebid-server.rubiconproject.com;prebid.media.net;rp.liadm.com;rtb.openx.net;s.seedtag.com;s.yimg.com;sb.scorecardresearch.com;seart.marphezis.com;securepubads.g.doubleclick.net;signal-service.pbs.yahoo.com;tlx.3lift.com;tr.blismedia.com;tsdtocl.com;u.openx.net;ups.analytics.yahoo.com;us-trc-events.taboola.com;wnsrvbjmeprtfrnfx.ay.delivery;www.googletagmanager.com;www.yahoo.com
3293,nest.com,15,2542116.fls.doubleclick.net;ad.doubleclick.net;adservice.google.com;fonts.gstatic.com;googleads.g.doubleclick.net;lh3.googleusercontent.com;nest.com;ogads-pa.clients6.google.com;play.google.com;ssl.gstatic.com;storage.googleapis.com;www.google-analytics.com;www.google.com;www.googletagmanager.com;www.gstatic.com
3295,uber.com,8,accounts.google.com;cn-geo1.uber.com;d4p17acsd5wyj.cloudfront.net;mobile-content.uber.com;tags.tiqcdn.com;tb-static.uber.com;uber.com;www.uber.com
3296,ubuntu.com,7,assets.ubuntu.com;jspm.dev;pagead2.googlesyndication.com;res.cloudinary.com;ubuntu.com;w.usabilla.com;www.googletagmanager.com
3298,paypalobjects.com,2,paypalobjects.com;www.paypalobjects.com
3322,autodesk.com,2,autodesk.com;www.autodesk.com
3323,aptrinsic.com,7,aptrinsic.com;fonts.gstatic.com;gainsight.com;js.qualified.com;nitroscripts.com;to.getnitropack.com;www.gainsight.com
3333,rtbhouse.com,16,cdn.usefathom.com;cta-eu1.hubspot.com;fonts.googleapis.com;fonts.gstatic.com;js-eu1.hs-analytics.net;js-eu1.hs-banner.com;js-eu1.hs-scripts.com;js-eu1.hsadspixel.net;js-eu1.hubspot.com;perf-eu1.hsforms.com;rtbhouse.com;track-eu1.hubspot.com;www.datocms-assets.com;www.google-analytics.com;www.googletagmanager.com;www.rtbhouse.com
3343,bitdefender.com,55,100.20.58.101;ad.doubleclick.net;adobedc.demdex.net;alb.reddit.com;analytics-ipv6.tiktokw.us;analytics.google.com;analytics.tiktok.com;analytics.twitter.com;api.company-target.com;bat.bing.com;bat.bing.net;bitdefender.com;bitdefender.f9tmep.net;c.az.contentsquare.net;c.clarity.ms;cdn.bizible.com;cdn.bizibly.com;connect.facebook.net;dsum-sec.casalemedia.com;dx.mountain.com;fast.ssqt.io;get.bitdefender.com;googleads.g.doubleclick.net;grsm.io;js.hsforms.net;js.partnerstack.com;lasteventf-tm.everesttech.net;partnerlinks.io;partners.tremorhub.com;pixel-config.reddit.com;pixel.rubiconproject.com;px.ads.linkedin.com;s.clarity.ms;s.company-target.com;scripts.clarity.ms;server-side-tagging-252547276999.europe-west1.run.app;snap.licdn.com;sstats.bitdefender.com;static.ads-twitter.com;static.hotjar.com;stats.g.doubleclick.net;t.co;t.contentsquare.net;tag-logger.demandbase.com;tag.demandbase.com;utt.impactcdn.com;v1.api.service.cmp.usercentrics.eu;web.cmp.usercentrics.eu;www.bitdefender.com;www.clarity.ms;www.everestjs.net;www.google.com;www.googletagmanager.com;www.linkedin.com;www.redditstatic.com
3359,evidon.com,22,457-tsj-193.mktoresp.com;analytics.google.com;c.evidon.com;evidon.com;fonts.gstatic.com;js.qualified.com;l.evidon.com;munchkin.marketo.net;pagead2.googlesyndication.com;px.ads.linkedin.com;scout-cdn.salesloft.com;scout.salesloft.com;snap.licdn.com;stats.g.doubleclick.net;track.gaconnector.com;ws.zoominfo.com;www.crownpeak.com;www.evidon.com;www.google-analytics.com;www.google.com;www.googletagmanager.com;www.linkedin.com
3373,newsbreak.com,32,02e85f4af60b25717b2a76a92949a3c6.safeframe.googlesyndication.com;accounts.google.com;b-code.liadm.com;cd.connatix.com;cdn.amplitude.com;cds.connatix.com;cm.g.doubleclick.net;eb2.3lift.com;ep1.adtrafficquality.google;ep2.adtrafficquality.google;fonts.gstatic.com;gum.criteo.com;i.liadm.com;id-msp.newsbreak.com;image6.pubmatic.com;img.particlenews.com;match.adsrvr.org;msp.newsbreak.com;newsbreak.com;pagead2.googlesyndication.com;pixel.rubiconproject.com;px.ads.linkedin.com;rp.liadm.com;securepubads.g.doubleclick.net;sli.digest.newsbreak.com;sli.national.newsbreak.com;sli.newsbreak.com;static.newsbreak.com;sync.srv.stackadapt.com;ups.analytics.yahoo.com;www.google.com;www.newsbreak.com
3379,adroll.com,66,964-wfu-818.mktoresp.com;adroll.com;api.segment.io;app.clearbit.com;b2bjsstore.s3.us-west-2.amazonaws.com;c.bing.com;c.clarity.ms;c.contentsquare.net;cdn.dreamdata.cloud;cdn.heapanalytics.com;cdn.jsdelivr.net;cdn.madkudu.com;cdn.segment.com;cm.g.doubleclick.net;collector-53697.us.tvsquared.com;connect.facebook.net;d.adroll.com;dev.visualwebsiteoptimizer.com;dsum-sec.casalemedia.com;eb2.3lift.com;forms-na2.hsforms.com;googleads.g.doubleclick.net;heapanalytics.com;ib.adnxs.com;idsync.rlcdn.com;image2.pubmatic.com;images.g2crowd.com;js-na2.hs-analytics.net;js-na2.hs-banner.com;js-na2.hs-scripts.com;js-na2.hscollectedforms.net;js.qualified.com;k-aus1.contentsquare.net;kit.fontawesome.com;lex.33across.com;match.adsrvr.org;ml314.com;munchkin.marketo.net;pippio.com;pixel.rubiconproject.com;pixel.tapad.com;ps.eyeota.net;px.ads.linkedin.com;reveal.clearbit.com;s.adroll.com;s.clarity.ms;scripts.clarity.ms;snap.licdn.com;sync.outbrain.com;sync.taboola.com;t.contentsquare.net;tag.clearbitscripts.com;tag.unifyintent.com;track-na2.hubspot.com;tracking-api.g2.com;unpkg.com;us-u.openx.net;ws.zoominfo.com;www.clarity.ms;www.g2.com;www.google-analytics.com;www.google.com;www.googletagmanager.com;www.linkedin.com;x.bidswitch.net;x.clearbitjs.com
3384,fyber.com,12,241839045.fs1.hubspotusercontent-na2.net;cdn-cookieyes.com;cdn.prod.website-files.com;connect.facebook.net;d3e54v103j8qbb.cloudfront.net;forms-na2.hsforms.com;fyber.com;js-na2.hsforms.net;log.cookieyes.com;static.hsappstatic.net;www.digitalturbine.com;www.googletagmanager.com
3387,api.spotify.com,7,api.spotify.com;apresolve.spotify.com;cdn.cookielaw.org;developer-assets.spotifycdn.com;encore.scdn.co;geolocation.onetrust.com;www.googletagmanager.com
3395,ecs.nel.measure.office.net,2,ajax.aspnetcdn.com;ecs.nel.measure.office.net
3398,enterprise.slack.com,5,a.slack-edge.com;cdn.cookielaw.org;enterprise-renamed.slack.com;enterprise.slack.com;geolocation.onetrust.com
3403,amazon.co.uk,7,1c5c1ecf7303.a481e94e.us-east-2.token.awswaf.com;amazon.co.uk;fls-eu.amazon.co.uk;images-na.ssl-images-amazon.com;m.media-amazon.com;unagi.amazon.co.uk;www.amazon.co.uk
3420,sharethis.com,13,buttons-config.sharethis.com;cdn.weglot.com;cmp.osano.com;count-server.sharethis.com;fonts.googleapis.com;fonts.gstatic.com;gdpr-api.sharethis.com;l.sharethis.com;platform-api.sharethis.com;platform-cdn.sharethis.com;sharethis.com;sharethis.imgix.net;www.googletagmanager.com
3421,iqzone.com,24,cm.g.doubleclick.net;connect.facebook.net;d.adroll.com;dsum-sec.casalemedia.com;eb2.3lift.com;fonts.googleapis.com;fonts.gstatic.com;ib.adnxs.com;idsync.rlcdn.com;image2.pubmatic.com;iqzone.com;lex.33across.com;match.adsrvr.org;ml314.com;pippio.com;pixel.rubiconproject.com;pixel.tapad.com;ps.eyeota.net;px.ads.linkedin.com;s.adroll.com;sync.outbrain.com;sync.taboola.com;us-u.openx.net;x.bidswitch.net
3430,aol.com,57,3p-udc.yahoo.com;aa.agkn.com;ad.turn.com;ads.yieldmo.com;aol.com;bam.nr-data.net;bats.video.yahoo.com;bcp.crwdcntrl.net;c2shb-oao.ssp.yahoo.com;cdn.id5-sync.com;cdn.jsdelivr.net;cdn.taboola.com;cm.g.doubleclick.net;cms.analytics.yahoo.com;consent.cmp.oath.com;display.bidder.taboola.com;dpm.demdex.net;esp.rtbhouse.com;exchange.kueezrtb.com;fastlane.rubiconproject.com;google-bidout-d.openx.net;grid-bidder.criteo.com;guce.aol.com;hbopenbid.pubmatic.com;htlb.casalemedia.com;ib.adnxs.com;idx.liadm.com;invstatic101.creativecdn.com;js-agent.newrelic.com;match.adsrvr.org;membernotifications.aol.com;oa.openxcdn.net;oajs.openx.net;opus.analytics.yahoo.com;pbs-yahoo-us.ay.delivery;pbs.www.aol.com;pbs.yahoo.com;prebid.media.net;rp.liadm.com;rtb.openx.net;s.seedtag.com;s.yimg.com;securepubads.g.doubleclick.net;signal-service.pbs.www.aol.com;static.criteo.net;sync-tm.everesttech.net;tags.crwdcntrl.net;tlx.3lift.com;tsdtocl.com;uipglob.semasio.net;ups.analytics.aol.com;ups.analytics.yahoo.com;wnsrvbjmeprtfrnfx.ay.delivery;www.aol.com;www.google-analytics.com;www.googletagmanager.com;yahoo-match.dotomi.com
3459,media6degrees.com,18,api.userway.org;cdn.cookielaw.org;cdn.lgrckt-in.com;cdn.userway.org;cdnjs.cloudflare.com;dstillery.chilipiper.com;dstillery.com;fonts.googleapis.com;fonts.gstatic.com;geolocation.onetrust.com;googleads.g.doubleclick.net;i.ytimg.com;media6degrees.com;static.doubleclick.net;www.bugherd.com;www.google.com;www.googletagmanager.com;www.youtube.com
3470,brightcloud.com,38,128-239-2-78_s-23-215-0-5_ts-1776302871-clienttons-s.akamaihd.net;analytics.google.com;app.gatedcontent.com;assets.ot.digital;brightcloud.com;c.go-mpulse.net;cdn.cookielaw.org;cm.g.doubleclick.net;epsilon.6sense.com;geolocation.onetrust.com;googleads.g.doubleclick.net;ib.adnxs.com;img.en25.com;insight.adsrvr.org;insitez.blob.core.windows.net;ipv6.6sc.co;j.6sc.co;js.adsrvr.org;js.qualified.com;origin.marketinghub.opentext.com;pixel.rubiconproject.com;px.ads.linkedin.com;qdxqettimfkrw2pahmlq-prhk99-9b23f8d56-clientnsv4-s.akamaihd.net;resources.opentext.com;s.clarity.ms;s.go-mpulse.net;scripts.clarity.ms;secure.marketinghub.opentext.com;snap.licdn.com;stats.g.doubleclick.net;trial-eum-clientnsv4-s.akamaihd.net;trial-eum-clienttons-s.akamaihd.net;wisepops.net;www.clarity.ms;www.google.com;www.googletagmanager.com;www.linkedin.com;www.opentext.com
3471,rakuten.com,8,cdn.jsdelivr.net;connect.facebook.net;events.engager.ecbsn.com;rakuten.com;static.rakuten.com;www.datadoghq-browser-agent.com;www.facebook.com;www.rakuten.com
3485,browser.yandex.ru,5,cdn.jsdelivr.net;download-paranja.yandex.net;mc.yandex.ru;yandex.ru;yastatic.net
3505,system-monitor.com,11,ajax.aspnetcdn.com;ajax.googleapis.com;fonts.googleapis.com;fonts.gstatic.com;maxcdn.bootstrapcdn.com;sso.navigatorlogin.com;stats.g.doubleclick.net;system-monitor.com;www.google-analytics.com;www.googletagmanager.com;www.system-monitor.com
3510,manageengine.com,16,accounts.zoho.ae;accounts.zoho.com;accounts.zoho.com.au;accounts.zoho.eu;accounts.zoho.in;accounts.zoho.jp;accounts.zoho.uk;accounts.zohocloud.ca;cdn.manageengine.com;css.zohocdn.com;js.zohocdn.com;manageengine.com;salesiq.zoho.in;salesiq.zohopublic.in;widgets.zohosalesiq.com;www.manageengine.com
3522,salesforce.com,2,salesforce.com;www.salesforce.com
3523,outlook.live.com,8,eu-office.events.data.microsoft.com;login.live.com;login.microsoftonline.com;outlook.live.com;res.public.onecdn.static.microsoft;rum.hlx.page;uhf.microsoft.com;www.microsoft.com
3527,speed.cloudflare.com,2,platform.dash.cloudflare.com;speed.cloudflare.com
3542,hubspot.com,56,11620487.fls.doubleclick.net;18.210.229.244;53.fs1.hubspotusercontent-na1.net;ad.doubleclick.net;adservice.google.com;analytics-ipv6.tiktokw.us;analytics.google.com;analytics.tiktok.com;analytics.twitter.com;ara.paa-reporting-advertising.amazon;arttrk.com;bat.bing.com;bat.bing.net;c.amazon-adsystem.com;cdn.pdst.fm;cdn.veritonic.com;cdn1.hubspot.net;collector-54224.us.tvsquared.com;connect.facebook.net;d.impactradius-event.com;dx.mountain.com;fast.ssqt.io;fonts.googleapis.com;go.try-hubspot.com;googleads.g.doubleclick.net;hubspot.com;ip.veritonicmetrics.com;js.hs-analytics.net;js.hs-banner.com;js.hsadspixel.net;js.hubspotfeedback.com;js.usemessages.com;ob.greencolumnart.com;obs.greencolumnart.com;perf-na1.hsforms.com;pixel.byspotify.com;pixel.tapad.com;pixels.spotify.com;px.ads.linkedin.com;s.amazon-adsystem.com;sca-1113-adswizz.attribution.adswizz.com;snap.licdn.com;static.ads-twitter.com;static.hotjar.com;static.hsappstatic.net;static2cdn.hubspot.com;stats.g.doubleclick.net;t.co;tags.pw.adn.cloud;trkn.us;wtcfns.hubspot.com;www.google.com;www.googleadservices.com;www.googletagmanager.com;www.hubspot.com;www.linkedin.com
3544,bugly.qq.com,3,bugly.qq.com;vm.gtimg.cn;wp.qiye.qq.com
3553,int08h.com,3,cdnjs.cloudflare.com;int08h.com;www.google-analytics.com
3581,walmart.com,14,b.wal.co;b.www.walmart.com;client.px-cloud.net;collector-pxu6b0qd2s.px-cloud.net;crcldu.com;fonts.googleapis.com;fst-ec.perimeterx.net;gum.criteo.com;i5.walmartimages.com;idsync.rlcdn.com;tpc.googlesyndication.com;tzm.px-cloud.net;walmart.com;www.walmart.com
3594,player.vimeo.com,11,browser-intake-datadoghq.com;cdn.builder.io;download-video-ak.vimeocdn.com;f.vimeocdn.com;fonts.googleapis.com;player.vimeo.com;static.elfsight.com;transcend-cdn.com;vimeo.bynder.com;vimeo.com;www.googletagmanager.com
3601,tizen.org,3,cdn.jsdelivr.net;code.jquery.com;tizen.org
3607,pandora.com,9,browser-intake-datadoghq.com;cdn.cookielaw.org;client.px-cloud.net;collector-pxxljwhhue.px-cloud.net;geolocation.onetrust.com;pandora.com;tzm.px-cloud.net;web-cdn.pandora.com;www.pandora.com
3608,createjs.com,11,cdnjs.cloudflare.com;code.createjs.com;createjs.com;fonts.googleapis.com;fonts.gstatic.com;p.typekit.net;platform.twitter.com;syndication.twitter.com;use.typekit.net;www.google-analytics.com;www.googletagmanager.com
3609,code.createjs.com,4,code.createjs.com;use.typekit.net;www.google-analytics.com;www.googletagmanager.com
3611,www.tizen.org,3,cdn.jsdelivr.net;code.jquery.com;www.tizen.org
3612,gravityzone.bitdefender.com,4,adobedc.demdex.net;assets.adobedtm.com;gravityzone.bitdefender.com;sstats.bitdefender.com
3622,a.espncdn.com,15,a.espncdn.com;a1.espncdn.com;a3.espncdn.com;a4.espncdn.com;cdn.cookielaw.org;cdn.espn.com;chui-assets-cdn.espn.com;dcf.espn.com;espn.go.com;micro.rubiconproject.com;pinpoint.espn.com;scripts.webcontentassessor.com;secure.espn.com;www.espn.com;www.googletagservices.com
3625,usercentrics.eu,30,alb.reddit.com;analytics.google.com;api.livechatinc.com;app.factors.ai;cdn.amplitude.com;cdn.dreamdata.cloud;cdn.livechatinc.com;connect.facebook.net;fonts.gstatic.com;googleads.g.doubleclick.net;i.ytimg.com;pixel-config.reddit.com;privacy-proxy-server.usercentrics.eu;px.ads.linkedin.com;snap.licdn.com;sst.usercentrics.com;static.doubleclick.net;static.hotjar.com;stats.g.doubleclick.net;tracking-api.g2.com;tracking.g2crowd.com;usercentrics.com;usercentrics.eu;v1.api.service.cmp.usercentrics.eu;web.cmp.usercentrics.eu;www.google.com;www.googletagmanager.com;www.linkedin.com;www.redditstatic.com;www.youtube.com
3628,images.sr.roku.com,2,images-svc.sr.roku.com;images.sr.roku.com
3636,intuit.com,45,1996823.fls.doubleclick.net;2796.global.siteimproveanalytics.io;8344993.fls.doubleclick.net;acdn.adnxs.com;ad.doubleclick.net;adservice.google.com;c.go-mpulse.net;consent.freecreditkarmatax.com;consent.intuit.com;consent.intuit.quickbooksconnect.com;consent.intuit.tsheets.com;consent.mailchimp.com;consent.www.firmofthefuture.com;data.adxcel-ec2.com;digitalasset.intuit.com;dpm.demdex.net;edge.fullstory.com;eventbus.intuit.com;geolocation.onetrust.com;googleads.g.doubleclick.net;ib.adnxs.com;insight.adsrvr.org;intuit.com;ivid-prod.intuit.com;lib.intuitcdn.net;pixel.tapad.com;privacy-cdn.a.intuit.com;pt.ispot.tv;px.ads.linkedin.com;rs.fullstory.com;s.go-mpulse.net;sc-static.net;sci.intuit.com;segment.intuitcdn.net;siteimproveanalytics.com;tags.tiqcdn.com;tr.snapchat.com;uxfabric.intuitcdn.net;www.google-analytics.com;www.google.com;www.googleadservices.com;www.googletagmanager.com;www.intuit.com;www.linkedin.com;zn_3siux5otvvf1mct-intuit.siteintercept.qualtrics.com
3654,web-chat-e2ee.facebook.com,4,static.xx.fbcdn.net;web-chat-e2ee.facebook.com;www.facebook.com;www.instagram.com
3664,ea.com,20,3879194.fls.doubleclick.net;ad.doubleclick.net;adservice.google.com;analytics.google.com;bam-cell.nr-data.net;cdnjs.cloudflare.com;consent.trustarc.com;d.agkn.com;ea.com;js-agent.newrelic.com;media.contentapi.ea.com;p.typekit.net;pl.ea.com;privacy-policy.truste.com;stats.g.doubleclick.net;unpkg.com;use.typekit.net;w.soundcloud.com;www.google.com;www.googletagmanager.com
3678,lge.com,122,8531376.fls.doubleclick.net;acdn.adnxs.com;ad.doubleclick.net;adservice.google.com;alb.reddit.com;analytics-ipv6.tiktokw.us;analytics.audioeye.com;analytics.cloud.coveo.com;analytics.google.com;analytics.tiktok.com;analytics.twitter.com;api.zaius.com;ara.paa-reporting-advertising.amazon;assets.brandswap.com;bat.bing.com;browser-intake-datadoghq.com;c.amazon-adsystem.com;c.clarity.ms;c.go-mpulse.net;c616071049e743958aea4e9c5a641d81-0be2584242e5.cdn.forter.com;cdn.attn.tv;cdn.id5-sync.com;cdn.optimizely.com;cdn.pricespider.com;cdn.transcend.io;cdn0.forter.com;cdn3.forter.com;cdn3.optimizely.com;cdn6.forter.com;cm.g.doubleclick.net;connect.facebook.net;conv-pix.adstk.io;d.adroll.com;d1igp3oop3iho5.cloudfront.net;ddjpc.lg.com;dsum-sec.casalemedia.com;dynamic.criteo.com;eb2.3lift.com;edge.fullstory.com;ep1.adtrafficquality.google;ep2.adtrafficquality.google;fonts.googleapis.com;getrockerbox.com;gum.criteo.com;halc.iadvize.com;id5-sync.com;idsync.rlcdn.com;image2.pubmatic.com;insight.adsrvr.org;js.adstk.io;js.audiohook.com;labs.iadvize.com;lb.eu-1-id5-sync.com;lbs.eu-1-id5-sync.com;lex.33across.com;lg-us.attn.tv;lge.com;lgeprod.uswe01.productrecs.episerver.net;live-chat-static.sprinklr.com;logx.optimizely.com;match.prod.bidr.io;media.us.lg.com;ml314.com;ob.youstarsbuilding.com;obs.youstarsbuilding.com;pagead2.googlesyndication.com;pippio.com;pixel-config.reddit.com;pixel.rubiconproject.com;pixel.tapad.com;prod-live-chat.sprinklr.com;ps.eyeota.net;px.ads.linkedin.com;rbj3smbh.lg.com;retail.googleapis.com;rs.fullstory.com;rt.udmserve.net;s.adroll.com;s.amazon-adsystem.com;s.clarity.ms;s.go-mpulse.net;s.pinimg.com;sc-static.net;scripts.clarity.ms;secure.adnxs.com;segment.prod.bidr.io;siteintercept.qualtrics.com;snap.licdn.com;sprcdn-assets.sprinklr.com;sslwidget.criteo.com;static.ads-twitter.com;static.cloud.coveo.com;stats.g.doubleclick.net;sync.outbrain.com;sync.taboola.com;t.co;tags.creativecdn.com;tags.srv.stackadapt.com;tags.w55c.net;tapi.optimizely.com;tr.snapchat.com;transcend-cdn.com;tvspix.com;undefined.cdn4.forter.com;us-u.openx.net;us.connextra.com;us.creativecdn.com;wsmcdn.audioeye.com;wsv3cdn.audioeye.com;www.clarity.ms;www.datadoghq-browser-agent.com;www.google.com;www.googleadservices.com;www.googletagmanager.com;www.gstatic.com;www.lg.com;www.lge.com;www.linkedin.com;www.mczbf.com;www.redditstatic.com;x.bidswitch.net;zn2axi2dsrg02wsi2-lgelectronics.siteintercept.qualtrics.com
3684,google.us,3,ogads-pa.clients6.google.com;play.google.com;www.gstatic.com
3687,external-preview.redd.it,2,external-preview.redd.it;www.reddit.com
3689,ip-api.com,4,cache.ip-api.com;demo.ip-api.com;ip-api.com;lqv4s0msjpdm76sq4qh7gv1i3bdt0jwm.edns.ip-api.com
3691,www.google.us,3,ogads-pa.clients6.google.com;play.google.com;www.gstatic.com
3693,secure.espncdn.com,15,a.espncdn.com;a1.espncdn.com;a2.espncdn.com;a4.espncdn.com;cdn.cookielaw.org;cdn.espn.com;chui-assets-cdn.espn.com;dcf.espn.com;espn.go.com;micro.rubiconproject.com;pinpoint.espn.com;scripts.webcontentassessor.com;secure.espncdn.com;www.espn.com;www.googletagservices.com
3698,admixer.net,18,admixer.com;admixer.net;cdn.admixer.net;cdn.getkoala.com;challenges.cloudflare.com;cm.g.doubleclick.net;forms-eu1.hsforms.com;inv-dmp.admixer.net;inv-nets-nyc-s1.admixer.net;inv-nets.admixer.net;js-eu1.hs-analytics.net;js-eu1.hs-banner.com;js-eu1.hs-scripts.com;js-eu1.hscollectedforms.net;rawgit.com;sc.lfeeder.com;tr-rc.lfeeder.com;track-eu1.hubspot.com
3701,brandmetrics.com,2,brandmetrics.com;cdnjs.cloudflare.com
3704,portal.office.com,5,aadcdn.msftauth.net;login.live.com;login.microsoftonline.com;portal.office.com;www.microsoft365.com
3708,rokt.com,61,117983191.intellimizeio.com;acq-3pas.admatrix.jp;analytics.google.com;api.intellimize.co;browser.sentry-cdn.com;c.6sc.co;cdn.cookielaw.org;cdn.embed.ly;cdn.embedly.com;cdn.intellimize.co;cdn.jsdelivr.net;cdn.prod.website-files.com;cm.g.doubleclick.net;connect.facebook.net;d.adroll.com;d3e54v103j8qbb.cloudfront.net;distillery.wistia.com;dsum-sec.casalemedia.com;eb2.3lift.com;embed-cloudfront.wistia.com;fast.wistia.com;fast.wistia.net;geolocation.onetrust.com;googleads.g.doubleclick.net;hubspotonwebflow.com;ib.adnxs.com;idsync.rlcdn.com;image2.pubmatic.com;ipv6.6sc.co;j.6sc.co;js.hs-analytics.net;js.hs-banner.com;js.hs-scripts.com;lex.33across.com;lib-3pas.admatrix.jp;log.intellimize.co;match.adsrvr.org;ml314.com;pipedream.wistia.com;pippio.com;pixel.rubiconproject.com;pixel.tapad.com;ps.eyeota.net;px.ads.linkedin.com;rokt.com;s.adroll.com;secure.adnxs.com;serving-pa.admatrix.jp;snap.licdn.com;stats.g.doubleclick.net;sync.outbrain.com;sync.taboola.com;track.hubspot.com;unpkg.com;us-u.openx.net;www.analytics.sales-marker.jp;www.google.com;www.googletagmanager.com;www.linkedin.com;www.rokt.com;x.bidswitch.net
3719,chartboost.com,19,ajax.googleapis.com;cdn.cookielaw.org;cdnjs.cloudflare.com;chartboost.com;forms-na1.hsforms.com;forms.hsforms.com;js.hs-analytics.net;js.hs-scripts.com;js.hsadspixel.net;js.hscollectedforms.net;js.hsforms.net;loopme.com;maps.googleapis.com;px.ads.linkedin.com;snap.licdn.com;track.hubspot.com;www.google-analytics.com;www.googletagmanager.com;www.linkedin.com
3725,goguardian.com,52,analytics-ipv6.tiktokw.us;analytics.google.com;analytics.tiktok.com;analytics.twitter.com;api.hubapi.com;app.optibase.io;bat.bing.com;cdn.jsdelivr.net;cdn.prod.website-files.com;cm.g.doubleclick.net;connect.facebook.net;cookie-cdn.cookiepro.com;d1eoo1tco6rr5e.cloudfront.net;d3e54v103j8qbb.cloudfront.net;dpm.demdex.net;forms-na1.hsforms.com;forms.hsforms.com;geolocation.onetrust.com;goguardian.com;googleads.g.doubleclick.net;hubspotv2.use1-marketplace-1p-apps-prod-red.if.webflow.services;ib.adnxs.com;idsync.rlcdn.com;insight.adsrvr.org;js.hs-analytics.net;js.hs-banner.com;js.hs-scripts.com;js.hsadspixel.net;js.hsforms.net;js.hubspot.com;load77.exelator.com;loadm.exelator.com;perf-na1.hsforms.com;pixel-sync.sitescout.com;pixel.rubiconproject.com;pixel.sitescout.com;pixel.tapad.com;px.ads.linkedin.com;snap.licdn.com;static.ads-twitter.com;static.hotjar.com;stats.g.doubleclick.net;sync.crwdcntrl.net;t.co;track.hubspot.com;up.pixel.ad;use.typekit.net;www.goguardian.com;www.google.com;www.googleadservices.com;www.googletagmanager.com;www.linkedin.com
3728,usea1-019.sentinelone.net,3,cdn.pendo.io;content.pendo.sentinelone.net;usea1-019.sentinelone.net
3749,box.com,47,107-coj-713.mktoresp.com;action.dstillery.com;action.media6degrees.com;ade.googlesyndication.com;api.segment.io;assets.adobedtm.com;assets.box.com;b.6sc.co;bat.bing.com;box.com;boxinc.tt.omtrdc.net;c.6sc.co;carddealer.knotch.com;cdn.segment.com;cm.everesttech.net;cm.g.doubleclick.net;configs.knotch.com;consent.trustarc.com;dpm.demdex.net;dsum-sec.casalemedia.com;frontdoor.knotch.it;googleads.g.doubleclick.net;idsync.rlcdn.com;insight.adsrvr.org;ipv6.6sc.co;j.6sc.co;js.adsrvr.org;ml314.com;munchkin.marketo.net;pagead2.googlesyndication.com;pixel.rubiconproject.com;ps.eyeota.net;px.ads.linkedin.com;q.quora.com;sanalytics.box.com;secure.adnxs.com;segment-box.com;simage2.pubmatic.com;snap.licdn.com;tags.srv.stackadapt.com;td.doubleclick.net;www.box.com;www.facebook.com;www.google.com;www.googletagmanager.com;www.knotch-cdn.com;www.linkedin.com
3763,login.yahoo.com,107,0a17aa652a90dbca2af776247ec36d9d.safeframe.googlesyndication.com;aa.agkn.com;aax-eu.amazon-adsystem.com;ad.360yield.com;ad.turn.com;ads.creative-serving.com;ads.pubmatic.com;ads.servenobid.com;ads.yieldmo.com;ap.lijit.com;api.taboola.com;b1sync.outbrain.com;bb.lijit.com;beachfront-match.dotomi.com;bh.contextweb.com;c1.adform.net;cadmus.script.ac;capi.connatix.com;ced-ns.sascdn.com;cm.adform.net;cm.g.doubleclick.net;cms.analytics.yahoo.com;consent.cmp.oath.com;contextual.media.net;creativecdn.com;cs.admanmedia.com;cs.media.net;csync.smartadserver.com;dis.criteo.com;dpm.demdex.net;eb2.3lift.com;ep1.adtrafficquality.google;ep2.adtrafficquality.google;eus.rubiconproject.com;gpt.mail.yahoo.net;guce.yahoo.com;id.rlcdn.com;idx.liadm.com;image2.pubmatic.com;image6.pubmatic.com;image8.pubmatic.com;jadserve.postrelease.com;live.primis.tech;login.yahoo.com;match.adsrvr.org;match.deepintent.com;match.prod.bidr.io;match.sharethrough.com;measureadv.com;ms-cookie-sync.presage.io;onetag-sys.com;opus.analytics.yahoo.com;pagead2.googlesyndication.com;pbs-cs.yellowblue.io;pbs.yahoo.com;pippio.com;pixel-eu.rubiconproject.com;pixel-us-east.rubiconproject.com;pixel.rubiconproject.com;pixel.tapad.com;prebid-match.dotomi.com;prebid.a-mo.net;px.ads.linkedin.com;rp.liadm.com;rtb.gumgum.com;rtb.mfadsrvr.com;rtb.openx.net;s.ad.smaato.net;s.amazon-adsystem.com;s.seedtag.com;s.yimg.com;secure-assets.rubiconproject.com;secure.adnxs.com;securepubads.g.doubleclick.net;signal-service.pbs.yahoo.com;ssbsync-global.smartadserver.com;ssbsync.smartadserver.com;ssc-cms.33across.com;ssp-sync.criteo.com;ssp.disqus.com;sync.bfmio.com;sync.go.sonobi.com;sync.intentiq.com;sync.ipredictive.com;sync.pmbmonetize.live;sync.smartadserver.com;sync.srv.stackadapt.com;t.adx.opera.com;tg.socdm.com;token.rubiconproject.com;tr.blismedia.com;tsdtocl.com;udc.yahoo.com;uipglob.semasio.net;um.simpli.fi;ups.analytics.yahoo.com;us-u.openx.net;user-sync.fwmrm.net;usersync.gumgum.com;uss.xplosion.de;ut.pubmatic.com;visitor.omnitagjs.com;www.google-analytics.com;www.google.com;www.googletagmanager.com;www.temu.com;x.bidswitch.net
3773,excelonline.nel.measure.office.net,2,ajax.aspnetcdn.com;excelonline.nel.measure.office.net
3781,v77.tiktokcdn.com,2,error.c.cdn77.org;v77.tiktokcdn.com
3802,alphonso.tv,36,360-xjz-500.mktoresp.com;alphonso.tv;analytics.google.com;api.segment.io;app.pendo.io;cdn.pendo.io;cdn.segment.com;cm.g.doubleclick.net;connect.facebook.net;d.adroll.com;dsum-sec.casalemedia.com;eb2.3lift.com;fast.appcues.com;fonts.googleapis.com;fonts.gstatic.com;ib.adnxs.com;idsync.rlcdn.com;image2.pubmatic.com;lex.33across.com;match.adsrvr.org;ml314.com;munchkin.marketo.net;pippio.com;pixel.rubiconproject.com;pixel.tapad.com;ps.eyeota.net;s.adroll.com;stats.g.doubleclick.net;sync.outbrain.com;sync.taboola.com;t.visitorqueue.com;tn.alphonso.tv;us-u.openx.net;www.google-analytics.com;www.googletagmanager.com;x.bidswitch.net
3818,vk.ru,13,ads.vk.com;akashi.vk-portal.net;api.vk.ru;login.vk.ru;privacy-cs.mail.ru;r0.mradx.net;st.vk.ru;stacks.vk-portal.net;stats.vk-portal.net;tns-counter.ru;top-fwz1.mail.ru;vk.ru;www.tns-counter.ru
3820,google.co.uk,3,ogads-pa.clients6.google.com;play.google.com;www.gstatic.com
3824,playstation.com,28,10049583.fls.doubleclick.net;ad.doubleclick.net;adobedc.demdex.net;adservice.google.com;assets.adobedtm.com;cdn.cookielaw.org;cdn.decibelinsight.net;cdn.evgnet.com;cdn.schemaapp.com;connect.facebook.net;fast.fonts.net;geolocation.onetrust.com;gmedia.playstation.com;googleads.g.doubleclick.net;io.playstation.com;playstation.com;resources.digital-cloud.medallia.eu;smetrics.aem.playstation.com;social.playstation.com;sonyinteractiveent.us-5.evergage.com;static.ads-twitter.com;static.playstation.com;web-commerce-anywhere.playstation.com;web-toolbar.playstation.com;web.np.playstation.com;www.google.com;www.googletagmanager.com;www.playstation.com
3825,alibaba.com,26,891dg8.tdum.alibaba.com;accounts.google.com;acs.h.alibaba.com;aeis.alicdn.com;alibaba.com;aplus.alibaba.com;assets.alicdn.com;cashier.alibaba.com;fourier.alibaba.com;fourier.taobao.com;g.alicdn.com;gw.alicdn.com;img.alicdn.com;insights.alibaba.com;login.alibaba.com;o.alicdn.com;onetalk.alibaba.com;open-s.alibaba.com;px-intl.ucweb.com;px.effirst.com;s.alicdn.com;sc01.alicdn.com;ug.alibaba.com;us.ynuf.aliapp.org;www.alibaba.com;ynuf.aliapp.org
3826,rustore.ru,10,ad.mail.ru;imgs2.imgsmail.ru;mc.yandex.ru;omicron.rustore.ru;privacy-cs.mail.ru;rustore.ru;static.rustore.ru;top-fwz1.mail.ru;trk.mail.ru;xray.mail.ru
3828,eset.com,61,8117415.fls.doubleclick.net;ad.doubleclick.net;adservice.google.com;affiliates.eset.com;alb.reddit.com;api.buy.eset.com;api.eset.com;assets.ubembed.com;bat.bing.com;bd89567e8d1d4727932403fd80578a58.js.ubembed.com;c.bing.com;c.clarity.ms;cdn-account.optimonk.com;cdn-asset.optimonk.com;cdn-limit.optimonk.com;cdn.esetstatic.com;cdn.jsdelivr.net;cdn1.esetstatic.com;cm.everesttech.net;connect.facebook.net;dpm.demdex.net;dx.mountain.com;eset.com;eset.demdex.net;eset.tt.omtrdc.net;front.optimonk.com;googleads.g.doubleclick.net;grsm.io;gs-cdn.optimonk.com;img.en25.com;invitejs.trustpilot.com;jfapiprod.optimonk.com;js.zi-scripts.com;onsite.optimonk.com;p.veritone-ce.com;partnerlinks.io;pixel-config.reddit.com;px.ads.linkedin.com;refer.eset.com;s.clarity.ms;s786665.t.eloqua.com;scout-cdn.salesloft.com;scout.salesloft.com;scripts.clarity.ms;sgtm.eset.com;sgtmg.eset.com;snap.licdn.com;ssitecat.eset.com;static.hotjar.com;tr.capterra.com;tracking-api.g2.com;visitor.technologyadvice.com;web-assets.eset.com;ws.zoominfo.com;www.clarity.ms;www.eset.com;www.google.com;www.googletagmanager.com;www.linkedin.com;www.mczbf.com;www.redditstatic.com
3833,mobilefuse.com,13,ad.mobilefuse.com;download-video-ak.vimeocdn.com;mobilefuse.com;pagead2.googlesyndication.com;player.vimeo.com;px.ads.linkedin.com;snap.licdn.com;t.mobilefuse.com;trkn.us;www.google-analytics.com;www.google.com;www.googletagmanager.com;www.linkedin.com
3839,diagnostics.office.com,13,aadcdn.msftauth.net;aka.ms;browser.events.data.microsoft.com;cxcs.cdn.office.net;cxcs.microsoft.net;diagnostics.office.com;js.monitor.azure.com;login.live.com;login.microsoftonline.com;mem.gfx.ms;support.content.office.net;uhf.microsoft.com;www.microsoft.com
3842,bluecava.com,4,adstradata.com;bluecava.com;fonts.googleapis.com;sync.graph.bluecava.com
3852,visualwebsiteoptimizer.com,19,007-hhd-895.mktoresp.com;bat.bing.com;cdn.cookielaw.org;dev.visualwebsiteoptimizer.com;geolocation.onetrust.com;js.sentry-cdn.com;munchkin.marketo.net;pagead2.googlesyndication.com;platform.linkedin.com;pulse.vwo.io;research.vwo.com;static.licdn.com;static.wingify.com;visualwebsiteoptimizer.com;vwo.com;widget.intercom.io;www.google-analytics.com;www.googletagmanager.com;www.linkedin.com
3859,joinhoney.com,12,accounts.google.com;appleid.cdn-apple.com;b.stats.paypal.com;c6.paypal.com;cdn.honey.io;cdn.joinhoney.com;connect.facebook.net;joinhoney.com;s.joinhoney.com;slc.stats.paypal.com;www.paypal.com;www.paypalobjects.com
3861,tubemogul.com,6,advertising.adobe.com;bam.nr-data.net;js-agent.newrelic.com;p.typekit.net;tubemogul.com;use.typekit.net
3866,apps.samsung.com,3,account.samsung.com;apps.samsung.com;www.samsung.com
3870,us-east-tlx.3lift.com,4,divp3w86nodu0.cloudfront.net;fonts.googleapis.com;fonts.gstatic.com;us-east-tlx.3lift.com
3872,s3t3d2y1.afcdn.net,2,error.c.cdn77.org;s3t3d2y1.afcdn.net
3873,dashboard.meraki.com,7,cdn.cookielaw.org;clientstream.launchdarkly.com;dashboard.meraki.com;geolocation.onetrust.com;n88.dashboard.meraki.com;www.cisco.com;www.googletagmanager.com
3876,alipay.com,4,alipay.com;gw.alipayobjects.com;render-intl.alipayobjects.com;www.alipay.com
3877,gboxlab.com,4,cdn.staticfile.org;gboxlab.com;www.google-analytics.com;www.googletagmanager.com
3887,force.com,2,force.com;www.salesforce.com
3889,vistarsagency.com,15,cdn-cookieyes.com;containers.vistarsagency.com;csp.secureserver.net;fonts.googleapis.com;fonts.gstatic.com;img1.wsimg.com;invitejs.trustpilot.com;log.cookieyes.com;sync.spoutroserve.com;sync.vistarsagency.com;visitor-vistarmedia.omnitagjs.com;vistarsagency.com;widget.trustpilot.com;www.google-analytics.com;www.googletagmanager.com
3893,mi.com,2,mi.com;www.mi.com
3896,dns.google.com,3,fonts.googleapis.com;fonts.gstatic.com;www.google.com
3899,lakesidesoftware.com,15,674-dsf-359.mktoresp.com;analytics.google.com;cdn-cookieyes.com;directory.cookieyes.com;fonts.googleapis.com;fonts.gstatic.com;lakesidesoftware.com;log.cookieyes.com;munchkin.marketo.net;stats.g.doubleclick.net;trk.techtarget.com;www.google-analytics.com;www.google.com;www.googletagmanager.com;www.lakesidesoftware.com
3908,elb.the-ozone-project.com,2,elb.the-ozone-project.com;static.cloudflareinsights.com
3925,crl.globalsign.com,21,api-cdn.euw2.pure.cloud;apps.euw2.pure.cloud;bam.eu01.nr-data.net;cache.img.gmo.jp;cdn.jsdelivr.net;consent.cookiebot.com;consentcdn.cookiebot.com;crl.globalsign.com;fonts.googleapis.com;fonts.gstatic.com;globalsign.com;globalsign.containers.piwik.pro;globalsign.piwik.pro;js-agent.newrelic.com;s.clarity.ms;scripts.clarity.ms;seal.atlas.globalsign.com;static.cloudflareinsights.com;www.clarity.ms;www.globalsign.com;www.googletagmanager.com
3934,ads.mozilla.org,5,ads.mozilla.org;transcend-cdn.com;www.google-analytics.com;www.googletagmanager.com;www.mozilla.org
3951,cdn.js7k.com,4,bcn.fp.yahoo.com;cdn.js7k.com;geo.yahoo.com;s.yimg.com
3952,kaspersky.com,47,12346775.fls.doubleclick.net;7foxepcf7f.kameleoon.io;ad.doubleclick.net;adservice.google.com;alb.reddit.com;analytics.google.com;api-router.kaspersky-labs.com;api.mindbox.ru;bat.bing.com;c.clarity.ms;c1001.report.gbss.io;cdn.air360tracker.net;cdn.gbqofs.com;cdn.taboola.com;connect.facebook.net;content.kaspersky-labs.com;dynamic.criteo.com;eu-data.kameleoon.io;googleads.g.doubleclick.net;gum.criteo.com;js.go2sdk.com;kaspersky.com;kasperskycom.push4site.com;mc.yandex.com;pixel-config.reddit.com;pubads.g.doubleclick.net;px.ads.linkedin.com;pxv31ld8xe1nnyzw.air360tracker.net;resources.xg4ken.com;s.clarity.ms;s.yimg.jp;scripts.clarity.ms;sgtm.kaspersky.com;sgtm.kaspersky.de;snap.licdn.com;sslwidget.criteo.com;stats.g.doubleclick.net;storage.yandexcloud.net;track.omguk.com;widget.as.criteo.com;www.clarity.ms;www.google.com;www.googleadservices.com;www.googletagmanager.com;www.kaspersky.com;www.linkedin.com;www.redditstatic.com
3956,datadoghq.com,75,875-uvy-685.mktoresp.com;8b61d74c.datadoghq.com;a.quora.com;a.usbrowserspeed.com;alb.reddit.com;analytics.google.com;analytics.twitter.com;api.company-target.com;api.cr-relay.com;api.vector.co;bat.bing.com;c.clarity.ms;cdn.calibermind.com;cdn.cr-relay.com;cdn.vector.co;cdn.zeroclick.ai;cdnjs.cloudflare.com;click.prod.mplat-ppcprotect.com;client.prod.mplat-ppcprotect.com;cm.g.doubleclick.net;connect.facebook.net;corp.dd-static.net;d.adroll.com;d1eoo1tco6rr5e.cloudfront.net;datadoghq.com;dpm.demdex.net;dsum-sec.casalemedia.com;e.calibermind.com;eb2.3lift.com;googleads.g.doubleclick.net;ib.adnxs.com;id.rlcdn.com;image2.pubmatic.com;imgix.datadoghq.com;in.ml314.com;insight.adsrvr.org;lex.33across.com;lp.datadoghq.com;ml314.com;munchkin.marketo.net;nexus.ensighten.com;partners.tremorhub.com;pippio.com;pixel-config.reddit.com;pixel.rubiconproject.com;pixel.tapad.com;ps.eyeota.net;px.ads.linkedin.com;s.adroll.com;s.clarity.ms;s.company-target.com;s.yimg.jp;scripts.clarity.ms;segments.company-target.com;snap.licdn.com;static.ads-twitter.com;stats.g.doubleclick.net;sync.outbrain.com;sync.taboola.com;t.co;t.influ2.com;tag-logger.demandbase.com;tag.demandbase.com;transcend-cdn.com;us-u.openx.net;webops-gtm.datadoghq.com;www.clarity.ms;www.datadoghq.com;www.google-analytics.com;www.google.com;www.googletagmanager.com;www.influ2.com;www.linkedin.com;www.redditstatic.com;x.bidswitch.net
3958,twitch.tv,14,assets.twitch.tv;edge.ads.twitch.tv;gql.twitch.tv;k.twitchcdn.net;passport.twitch.tv;player.stats.live-video.net;s.amazon-adsystem.com;sb.scorecardresearch.com;spade.twitch.tv;static-cdn.jtvnw.net;twitch.tv;usher.ttvnw.net;www.gstatic.com;www.twitch.tv
3964,optable.co,26,ajax.googleapis.com;analytics.google.com;cdn.jsdelivr.net;cdn.prod.website-files.com;cdn.weglot.com;d3e54v103j8qbb.cloudfront.net;fonts.googleapis.com;fonts.gstatic.com;forms-na1.hsforms.com;forms.hsforms.com;googleads.g.doubleclick.net;js.hs-analytics.net;js.hs-banner.com;js.hs-scripts.com;js.hscollectedforms.net;js.hsforms.net;optable.co;px.ads.linkedin.com;snap.licdn.com;stats.g.doubleclick.net;track.hubspot.com;www.google-analytics.com;www.google.com;www.googletagmanager.com;www.linkedin.com;www.optable.co
3972,agora.io,55,096-lbh-766.mktoresp.com;a.usbrowserspeed.com;agora.io;ajax.googleapis.com;analytics.google.com;api.expertise.ai;api.github.com;api.hubapi.com;app.securiti.ai;assets-global.website-files.com;awsmfl2.s3.amazonaws.com;c.bing.com;c.clarity.ms;cdn-prod.securiti.ai;cdn.expertise.ai;cdn.jsdelivr.net;cdn.prod.website-files.com;challenges.cloudflare.com;connect.facebook.net;d-code.liadm.com;d3e54v103j8qbb.cloudfront.net;fe.sitedataprocessing.com;fonts.googleapis.com;fonts.gstatic.com;googleads.g.doubleclick.net;i.liadm.com;idx.liadm.com;js.hs-analytics.net;js.hs-banner.com;js.hs-scripts.com;js.hsadspixel.net;js.hscollectedforms.net;js.hubspot.com;munchkin.marketo.net;perf-na1.hsforms.com;player.vimeo.com;px.ads.linkedin.com;rp.liadm.com;s.clarity.ms;script.superagi.com;scripts.clarity.ms;snap.licdn.com;stats.g.doubleclick.net;tag.simpli.fi;tags.srv.stackadapt.com;track.hubspot.com;us-assets.i.posthog.com;us.i.posthog.com;www.agora.io;www.clarity.ms;www.google-analytics.com;www.google.com;www.googletagmanager.com;www.linkedin.com;www.redditstatic.com
3978,sonos.com,53,13670001.fls.doubleclick.net;4273294.fls.doubleclick.net;a3058550533.cdn.optimizely.com;aa.agkn.com;ad.doubleclick.net;adservice.google.com;analytics-ipv6.tiktokw.us;analytics.google.com;analytics.sonos.com;analytics.tiktok.com;api.segment.io;assets.xgen.dev;bat.bing.com;cdn.cookielaw.org;cdn.optimizely.com;cdn.segment.com;cm.g.doubleclick.net;doc-0c-8s-sheets.googleusercontent.com;docs.google.com;forms.sonos.com;geolocation.onetrust.com;googleads.g.doubleclick.net;ib.adnxs.com;id.rlcdn.com;insight.adsrvr.org;js.adsrvr.org;js.appboycdn.com;logx.optimizely.com;lr.getletterpress.com;media.sabio.us;media.sonos.com;pixel.appsci.io;pixel.byspotify.com;pixel.rubiconproject.com;pixel.tapad.com;pixels.spotify.com;s.pinimg.com;s3.lightboxcdn.com;sc-static.net;scripts.postie.com;sd.iperceptions.com;sneakpeek-1.s3.us-east-1.amazonaws.com;sonos.com;stats.g.doubleclick.net;t.contentsquare.net;t.getletterpress.com;tr.snapchat.com;universal.iperceptions.com;unpkg.com;use.fontawesome.com;www.google.com;www.googleadservices.com;www.googletagmanager.com
3985,prime.amazon.com,2,prime.amazon.com;www.amazon.com
3991,peacocktv.com,46,9374122.fls.doubleclick.net;9899657.fls.doubleclick.net;a18026570151.cdn.optimizely.com;ad.doubleclick.net;adservice.google.com;api.ipify.org;ara.paa-reporting-advertising.amazon;assets.adobedtm.com;browser-intake-datadoghq.com;c.amazon-adsystem.com;cdn-pci.optimizely.com;cdn.cookielaw.org;cdn3.optimizely.com;cm.everesttech.net;cm.g.doubleclick.net;cnv.event.prod.bidr.io;d.agkn.com;d.impactradius-event.com;dpm.demdex.net;dsum-sec.casalemedia.com;edge.fullstory.com;geolocation.onetrust.com;googleads.g.doubleclick.net;ib.adnxs.com;imageservice.disco.peacocktv.com;imp.i305175.net;insight.adsrvr.org;jssdkcdns.mparticle.com;jssdks.mparticle.com;logx.optimizely.com;nbcstreaming.sc.omtrdc.net;nbcuss.demdex.net;peacocktv.com;pixel.rubiconproject.com;rs.fullstory.com;s.amazon-adsystem.com;s.pinimg.com;s.yimg.com;sp.analytics.yahoo.com;stats.g.doubleclick.net;wpromote-4-adswizz.attribution.adswizz.com;www.google-analytics.com;www.google.com;www.googleadservices.com;www.googletagmanager.com;www.peacocktv.com
3995,login.windows.net,5,aadcdn.msftauth.net;login.live.com;login.microsoftonline.com;login.windows.net;www.office.com
3998,yahoo.net,42,ad-delivery.net;ads.pubmatic.com;ads.yieldmo.com;api.rlcdn.com;c2shb-oao.ssp.yahoo.com;cadmus.script.ac;cdn.p-n.io;cdn.taboola.com;consent.cmp.oath.com;d2mqt2joll4fma.cloudfront.net;display.bidder.taboola.com;exchange.kueezrtb.com;fastlane.rubiconproject.com;grid-bidder.criteo.com;guce.yahoo.com;htlb.casalemedia.com;ib.adnxs.com;idx.liadm.com;ncp-gw-frontpage.media.yahoo.com;nexus-gateway-prod.media.yahoo.com;noa.yahoo.com;opus.analytics.yahoo.com;pbs-cs.yellowblue.io;pbs-yahoo-us.ay.delivery;pbs.yahoo.com;pixel.rubiconproject.com;prebid-server.rubiconproject.com;prebid.a-mo.net;prebid.media.net;rp.liadm.com;rtb.openx.net;s.seedtag.com;s.yimg.com;sb.scorecardresearch.com;securepubads.g.doubleclick.net;signal-service.pbs.yahoo.com;tlx.3lift.com;ups.analytics.yahoo.com;wnsrvbjmeprtfrnfx.ay.delivery;www.googletagmanager.com;www.yahoo.com;yahoo.net
4001,virginmedia.com,14,a22744560884.cdn.optimizely.com;cdn.optimizely.com;cdn.speedcurve.com;cdn3.optimizely.com;code.jquery.com;dtagate.virginmedia.co.uk;logx.optimizely.com;pagead2.googlesyndication.com;rum.optimizely.com;ssgtm.virginmedia.com;storyblok.cdn.vmo2digital.co.uk;virginmedia.com;www.google-analytics.com;www.googletagmanager.com
4016,cdn.jwplayer.com,26,7052064.fs1.hubspotusercontent-na1.net;api.hubapi.com;app.hubspot.com;assets-jpcust.jwpsrv.com;boards.greenhouse.io;cdn.cookielaw.org;cdn.jwplayer.com;entitlements.jwplayer.com;forms.hsforms.com;geolocation.onetrust.com;js.hs-analytics.net;js.hs-banner.com;js.hsadspixel.net;js.hscollectedforms.net;js.hubspot.com;jwpconnatix.com;jwplayer.com;jwx.com;perf-na1.hsforms.com;prd.jwpltx.com;px.ads.linkedin.com;snap.licdn.com;ssl.p.jwpcdn.com;www.google-analytics.com;www.googletagmanager.com;www.linkedin.com
4021,euro.apple.com,3,euro.apple.com;securemetrics.apple.com;www.apple.com
4051,service-now.com,2,service-now.com;www.servicenow.com
4061,jumpjump.io,4,jumpjump.io;static.cloudflareinsights.com;www.google-analytics.com;www.googletagmanager.com
4066,gam.mail.yahoosandbox.net,4,bcn.fp.yahoo.com;gam.mail.yahoosandbox.net;geo.yahoo.com;s.yimg.com
4087,aidemsrv.com,5,aidemsrv.com;cdn.prod.website-files.com;cdn.usefathom.com;d3e54v103j8qbb.cloudfront.net;www.aidem.com
4104,sjc.zoom.us,2,sjc.zoom.us;us06st2.zoom.us
4105,tr-ooc-acdc-base.office.com,4,aadcdn.msauth.net;login.microsoftonline.com;res.public.onecdn.static.microsoft;tr-ooc-acdc-base.office.com
4106,hcaptcha.com,5,65877b7e82b1.w.hcaptcha.com;hcaptcha.com;newassets.hcaptcha.com;sentry.hcaptcha.com;www.hcaptcha.com
4122,secure.gravatar.com,12,analytics.google.com;googleads.g.doubleclick.net;pixel.wp.com;public-api.wordpress.com;s.gravatar.com;s0.wp.com;s1.wp.com;secure.gravatar.com;stats.g.doubleclick.net;stats.wp.com;www.google.com;www.googletagmanager.com
4124,api.accuweather.com,2,api.accuweather.com;apidev.accuweather.com
4129,app.link,4,app.link;cdn.branch.io;fonts.googleapis.com;fonts.gstatic.com
4138,bid.com,9,ajax.googleapis.com;bid.com;cdnjs.cloudflare.com;code.jquery.com;fonts.googleapis.com;js.pusher.com;js.stripe.com;m.stripe.com;m.stripe.network
4146,oneget.org,6,api.github.com;camo.githubusercontent.com;collector.github.com;github.com;github.githubassets.com;oneget.org
4149,api-iam.intercom.io,2,api-iam.intercom.io;www.intercom.com
4160,www.virginmedia.com,14,a22744560884.cdn.optimizely.com;cdn.optimizely.com;cdn.speedcurve.com;cdn3.optimizely.com;code.jquery.com;dtagate.virginmedia.co.uk;logx.optimizely.com;pagead2.googlesyndication.com;rum.optimizely.com;ssgtm.virginmedia.com;storyblok.cdn.vmo2digital.co.uk;www.google-analytics.com;www.googletagmanager.com;www.virginmedia.com
4179,iponweb.net,4,csp.criteo.net;fonts.gstatic.com;iam.iponweb.net;iponweb.net
4195,shopeemobile.com,8,analytics.google.com;connect.facebook.net;deo.shopeemobile.com;shopee.com;shopeemobile.com;stats.g.doubleclick.net;www.google.com;www.googletagmanager.com
4203,viber.com,13,analytics.google.com;c.go-mpulse.net;cdn.cookielaw.org;cdn.mxpnl.com;fonts.googleapis.com;geolocation.onetrust.com;s.go-mpulse.net;stats.g.doubleclick.net;viber.com;www.google-analytics.com;www.google.com;www.googletagmanager.com;www.viber.com
4204,permutive.com,22,145747460.fs1.hubspotusercontent-eu1.net;api-eu1.hubapi.com;cdn-ukwest.onetrust.com;cdnjs.cloudflare.com;challenges.cloudflare.com;fonts.googleapis.com;fonts.gstatic.com;forms-eu1.hsforms.com;jobs.ashbyhq.com;js-eu1.hs-analytics.net;js-eu1.hs-banner.com;js-eu1.hs-scripts.com;js-eu1.hsadspixel.net;js-eu1.hscollectedforms.net;js-eu1.hsforms.net;pagead2.googlesyndication.com;permutive.com;player.vimeo.com;static.hsappstatic.net;track-eu1.hubspot.com;www.google-analytics.com;www.googletagmanager.com
4205,login.microsoft.com,5,aadcdn.msftauth.net;login.live.com;login.microsoft.com;login.microsoftonline.com;www.office.com
4209,guce.oath.com,2,guce.oath.com;s.yimg.com
4210,to-do.microsoft.com,13,ajax.aspnetcdn.com;browser.events.data.microsoft.com;c.s-microsoft.com;csp.microsoft.com;js.monitor.azure.com;login.live.com;mem.gfx.ms;res.public.onecdn.static.microsoft;to-do.microsoft.com;to-do.office.com;uhf.microsoft.com;wcpstatic.microsoft.com;www.microsoft.com
4225,bounceexchange.com,21,7052064.fs1.hubspotusercontent-na1.net;app.hubspot.com;bounceexchange.com;cdn-cookieyes.com;cdn.jsdelivr.net;cdnjs.cloudflare.com;forms.hsforms.com;js.hs-analytics.net;js.hs-banner.com;js.hsadspixel.net;js.hscollectedforms.net;js.hubspot.com;log.cookieyes.com;pagead2.googlesyndication.com;perf-na1.hsforms.com;player.vimeo.com;static.hsappstatic.net;www.bounceexchange.com;www.google-analytics.com;www.googletagmanager.com;www.wunderkind.co
4237,datadome.co,5,ct.captcha-delivery.com;d2wy8f7a9ursnm.cloudfront.net;datadome.co;geo.captcha-delivery.com;static.captcha-delivery.com
4245,login.microsoftonline.us,3,aadcdn.msftauth.net;login.microsoftonline.us;portal.azure.us
4262,entrust.net,4,entrust.net;static.cloudflareinsights.com;www.entrust.com;www.entrustdatacard.com
4264,dp-discovery-na-ext.amazon.com,2,dp-discovery-na-ext.amazon.com;g-ecx.images-amazon.com
4268,steamcommunity.com,6,cdn.fastly.steamstatic.com;community.fastly.steamstatic.com;images.steamusercontent.com;img.youtube.com;steamcommunity.com;store.fastly.steamstatic.com
4275,cdn.onenote.net,8,aadcdn.msftauth.net;browser.events.data.microsoft.com;c.s-microsoft.com;cdn.onenote.net;login.live.com;login.microsoftonline.com;onenote.cloud.microsoft;res.cdn.office.net
4279,aka.ms,3,aka.ms;js.monitor.azure.com;witty-sand-06796de1e.2.azurestaticapps.net
4283,arin.net,7,accountws.arin.net;arin.net;c2y23vzfb5cg.statuspage.io;cdn.jsdelivr.net;www.arin.net;www.google-analytics.com;www.googletagmanager.com
4286,appleid.cdn-apple.com,8,account.apple.com;appleid.apple.com;appleid.cdn-apple.com;apps.apple.com;auth.apps.apple.com;buy.apps.apple.com;www.apple.com;xp.apple.com
4295,officeppe.com,2,officeppe.com;www.officeppe.com
4305,www.google.co.uk,3,ogads-pa.clients6.google.com;play.google.com;www.gstatic.com
4307,my.rtmark.net,2,my.rtmark.net;rtmark.net
4311,automox.com,45,923-vqx-349.mktoresp.com;alb.reddit.com;analytics.automox.com;analytics.google.com;api.segment.io;automox.com;b.6sc.co;c.6sc.co;cdn.bizible.com;cdn.bizibly.com;cdn.cookielaw.org;cdn.jsdelivr.net;cdn.optimizely.com;cdn.segment.com;edge.fullstory.com;epsilon.6sense.com;geolocation.onetrust.com;googleads.g.doubleclick.net;ipv6.6sc.co;j.6sc.co;js.qualified.com;js.zi-scripts.com;logx.optimizely.com;match.adsrvr.org;munchkin.marketo.net;ok.automox.com;pixel-config.reddit.com;px.ads.linkedin.com;rs.fullstory.com;rtp-static.marketo.com;sjrtp8-cdn.marketo.com;sjrtp8.marketo.com;snap.licdn.com;static.oktopost.com;stats.g.doubleclick.net;tracking-api.g2.com;tracking.g2crowd.com;wec-assets.terminus.services;ws-assets.zoominfo.com;ws.zoominfo.com;www.automox.com;www.google.com;www.googletagmanager.com;www.linkedin.com;www.redditstatic.com
4314,salesforceliveagent.com,2,salesforceliveagent.com;www.salesforce.com
4324,chrome.cloudflare-dns.com,6,chrome.cloudflare-dns.com;cloudflarestream.com;embed.cloudflarestream.com;fonts.googleapis.com;fonts.gstatic.com;one.one.one.one
4328,address.yahoo.com,6,address.yahoo.com;consent.cmp.oath.com;guce.yahoo.com;mail.yahoo.com;s.yimg.com;udc.yahoo.com
4331,icloud.com.cn,4,appleid.cdn-apple.com;icloud.com.cn;www.apple.com;www.icloud.com.cn
4343,upload.wikimedia.org,2,commons.wikimedia.org;upload.wikimedia.org
4360,messages.google.com,7,analytics.google.com;fonts.googleapis.com;fonts.gstatic.com;stats.g.doubleclick.net;www.google.com;www.googletagmanager.com;www.gstatic.com
4364,ottadvisors.com,16,2cb5ff73715725245e5702cb8f3be6fc.safeframe.googlesyndication.com;api.framer.com;app.framerstatic.com;cm.g.doubleclick.net;ep1.adtrafficquality.google;ep2.adtrafficquality.google;events.framer.com;framer.com;framerusercontent.com;ottadvisors.com;pagead2.googlesyndication.com;securepubads.g.doubleclick.net;tpc.googlesyndication.com;www.google.com;www.googletagservices.com;www.ottadvisors.com
4372,usea1-020.sentinelone.net,3,cdn.pendo.io;content.pendo.sentinelone.net;usea1-020.sentinelone.net
4380,adtelligent.com,3,adtelligent.com;css.adt-static.com;img.adt-static.com
4389,pubnative.net,18,cdn.cookielaw.org;code.jquery.com;geolocation.onetrust.com;js-na1.hs-scripts.com;js.hs-analytics.net;js.hs-banner.com;js.hubspot.com;js.usemessages.com;perf-na1.hsforms.com;pubnative.net;px.ads.linkedin.com;snap.licdn.com;track.hubspot.com;verve-7233653.hs-sites.com;verve.com;www.google-analytics.com;www.googletagmanager.com;www.linkedin.com
4408,parsely.com,13,api.hubapi.com;cdn-cookieyes.com;directory.cookieyes.com;experiments.parsely.com;js.hs-banner.com;js.hs-scripts.com;js.hsadspixel.net;js.hscollectedforms.net;log.cookieyes.com;parsely.com;s0.wp.com;stats.wp.com;www.parse.ly
4417,www.whatsapp.com,2,static.whatsapp.net;www.whatsapp.com
4419,pub.doubleverify.com,25,888-uxn-063.mktoresp.com;acsbapp.com;analytics.google.com;api.userback.io;cdn.acsbapp.com;consent.trustarc.com;cta-service-cms2.hubspot.com;doubleverify.com;forms-na1.hsforms.com;googleads.g.doubleclick.net;js.hs-analytics.net;js.hs-banner.com;js.hsforms.net;js.hubspot.com;munchkin.marketo.net;perf-na1.hsforms.com;pub.doubleverify.com;px.ads.linkedin.com;snap.licdn.com;static.hsappstatic.net;static.userback.io;stats.g.doubleclick.net;www.google.com;www.googletagmanager.com;www.linkedin.com
4425,api.eu.amazonalexa.com,2,api.eu.amazonalexa.com;g-ecx.images-amazon.com
4431,relay.school,5,cdn.cookielaw.org;filter.lightspeedsystems.app;login-frontend-api.lightspeedsystems.app;login.lightspeedsystems.app;relay.school
4448,word-telemetry.officeapps.live.com,16,admin.microsoft.com;browser.events.data.microsoft.com;c.s-microsoft.com;config.edge.skype.com;js.monitor.azure.com;login.live.com;login.microsoftonline.com;mem.gfx.ms;res.cdn.office.net;s.clarity.ms;scripts.clarity.ms;uhf.microsoft.com;word-telemetry.officeapps.live.com;www.clarity.ms;www.microsoft.com;www.office.com
4480,entitlements.jwplayer.com,26,7052064.fs1.hubspotusercontent-na1.net;api.hubapi.com;app.hubspot.com;assets-jpcust.jwpsrv.com;boards.greenhouse.io;cdn.cookielaw.org;cdn.jwplayer.com;entitlements.jwplayer.com;forms.hsforms.com;geolocation.onetrust.com;js.hs-analytics.net;js.hs-banner.com;js.hsadspixel.net;js.hscollectedforms.net;js.hubspot.com;jwpconnatix.com;jwx.com;perf-na1.hsforms.com;prd.jwpltx.com;px.ads.linkedin.com;snap.licdn.com;ssl.p.jwpcdn.com;www.google-analytics.com;www.googletagmanager.com;www.jwplayer.com;www.linkedin.com
4486,maps.google.com,8,fonts.gstatic.com;maps.gstatic.com;mt0.google.com;ogads-pa.clients6.google.com;play.google.com;ssl.gstatic.com;tpc.googlesyndication.com;www.gstatic.com
4490,ueiwsp.com,2,performance.radar.cloudflare.com;ueiwsp.com
4492,ads.rubiconproject.com,3,ads.rubiconproject.com;challenges.cloudflare.com;magnite.com
4501,micro.rubiconproject.com,3,challenges.cloudflare.com;magnite.com;micro.rubiconproject.com
4508,usync.ingage.tech,2,static.cloudflareinsights.com;usync.ingage.tech
4511,cs.ingage.tech,2,cs.ingage.tech;static.cloudflareinsights.com
4518,nextdoor.com,19,accounts.google.com;analytics.google.com;api2.branch.io;apis.google.com;app.link;appleid.cdn-apple.com;bat.bing.com;cdn.branch.io;connect.facebook.net;d19rpgkrjeba2z.cloudfront.net;flask.us.nextdoor.com;googleads.g.doubleclick.net;measure.nextdoor.com;nextdoor.com;sdk.privacy-center.org;stats.g.doubleclick.net;www.datadoghq-browser-agent.com;www.google.com;www.googletagmanager.com
4519,clickagy.com,3,clickagy.com;fonts.googleapis.com;fonts.gstatic.com
4535,to-do.office.com,12,ajax.aspnetcdn.com;browser.events.data.microsoft.com;c.s-microsoft.com;csp.microsoft.com;js.monitor.azure.com;login.live.com;mem.gfx.ms;res.public.onecdn.static.microsoft;to-do.office.com;uhf.microsoft.com;wcpstatic.microsoft.com;www.microsoft.com
4540,zscaler.com,37,52.22.50.55;alb.reddit.com;analytics.google.com;bat.bing.com;cdn-app.pathfactory.com;cdn.rudderlabs.com;cdn.segment.com;cm.g.doubleclick.net;connect.facebook.net;consent.app.relyance.ai;d.adroll.com;dx.mountain.com;ib.adnxs.com;info.zscaler.com;insight.adsrvr.org;j.6sc.co;js.adsrvr.org;js.qualified.com;js.storylane.io;js.zi-scripts.com;munchkin.marketo.net;pixel-config.reddit.com;pixel.rubiconproject.com;s.adroll.com;s.yimg.jp;snap.licdn.com;stats.g.doubleclick.net;tags.srv.stackadapt.com;tr.capterra.com;trk.techtarget.com;www.google.com;www.googletagmanager.com;www.linkedin.com;www.redditstatic.com;www.zscaler.com;zscaler.com;zscaler.piwik.pro
4541,r.stripe.com,45,ad.doubleclick.net;alb.reddit.com;analytics.google.com;analytics.twitter.com;api.company-target.com;apm.yahoo.co.jp;attr-td.ml-api.io;b.stripecdn.com;b91.yahoo.co.jp;bat.bing.com;dsum-sec.casalemedia.com;ext.stripe.com;googleads.g.doubleclick.net;id.rlcdn.com;images.stripeassets.com;js.zi-scripts.com;match.adsrvr.org;munchkin.marketo.net;partners.tremorhub.com;pixel-config.reddit.com;pixel.byspotify.com;pixel.rubiconproject.com;pixels.spotify.com;px.ads.linkedin.com;q.quora.com;q.stripe.com;r.stripe.com;s.company-target.com;s.yimg.jp;segments.company-target.com;snap.licdn.com;static.ads-twitter.com;stats.g.doubleclick.net;stripe.com;t.co;tag-logger.demandbase.com;tag.demandbase.com;tag.flvcdn.net;ws.zoominfo.com;www.facebook.com;www.google-analytics.com;www.google.com;www.googletagmanager.com;www.linkedin.com;www.redditstatic.com
4549,calendar.yahoo.com,4,calendar.yahoo.com;edge-mcdn.secure.yahoo.com;guce.yahoo.com;s.yimg.com
4573,screenconnect.com,28,44.238.122.172;6046319.global.siteimproveanalytics.io;ajax.googleapis.com;browser.sentry-cdn.com;cdn.cookielaw.org;cdn.jsdelivr.net;cdn.optimizely.com;cdnjs.cloudflare.com;code.jquery.com;dx.mountain.com;fast.wistia.com;fonts.googleapis.com;fonts.gstatic.com;geolocation.onetrust.com;googleads.g.doubleclick.net;i.ytimg.com;js.qualified.com;lp.connectwise.com;p.typekit.net;s.usea01.idio.episerver.net;screenconnect.com;siteimproveanalytics.com;static.doubleclick.net;use.typekit.net;widget.trustpilot.com;www.google.com;www.screenconnect.com;www.youtube.com
4575,oraclecloud.com,3,oraclecloud.com;www.oracle.com;www.oraclecloud.com
4584,forms.office.com,16,c.bing.com;c.office.com;c.s-microsoft.com;cdn-dynmedia-1.microsoft.com;eu-mobile.events.data.microsoft.com;forms.cloud.microsoft;forms.office.com;login.live.com;login.microsoftonline.com;logincdn.msauth.net;mem.gfx.ms;play.vidyard.com;res-1.cdn.office.net;static2.sharepointonline.com;uhf.microsoft.com;www.microsoft.com
4595,placed.com,10,analytics.google.com;cdn.placed.com;fonts.googleapis.com;fonts.gstatic.com;placed.com;stats.g.doubleclick.net;www.google-analytics.com;www.googletagmanager.com;www.placed.com;www.snapchat.com
4596,p.placed.com,10,analytics.google.com;cdn.placed.com;fonts.googleapis.com;fonts.gstatic.com;p.placed.com;stats.g.doubleclick.net;www.google-analytics.com;www.googletagmanager.com;www.placed.com;www.snapchat.com
4607,static2.sharepointonline.com,2,res-1.cdn.office.net;static2.sharepointonline.com
4609,bbc.co.uk,19,a1.api.bbc.com;bbc.co.uk;cdn.cxense.com;cdn.optimizely.com;cdn.privacy-mgmt.com;cdn.tinypass.com;gn-web-assets.api.bbc.com;ichef.bbci.co.uk;idcta.api.bbc.co.uk;mybbc-analytics.files.bbci.co.uk;nav.files.bbci.co.uk;pagead2.googlesyndication.com;sb.scorecardresearch.com;scripts.webcontentassessor.com;securepubads.g.doubleclick.net;static.files.bbci.co.uk;uk-script.dotmetrics.net;web-cdn.api.bbci.co.uk;www.bbc.co.uk
4618,snapcomms.com,30,7052064.fs1.hubspotusercontent-na1.net;addsearch.com;api.hubapi.com;apikeys.civiccomputing.com;b.6sc.co;cdn.cookielaw.org;cm.g.doubleclick.net;d.la1-core1.sfdc-lywfpd.salesforceliveagent.com;epsilon.6sense.com;ib.adnxs.com;insight.adsrvr.org;ipv6.6sc.co;j.6sc.co;js.adsrvr.org;js.driftt.com;js.hs-analytics.net;js.hs-banner.com;js.hsadspixel.net;js.hubspot.com;media.snapcomms.com;no-cache.hubspot.com;pagead2.googlesyndication.com;perf-na1.hsforms.com;perf.hsforms.com;pixel.rubiconproject.com;secure.adnxs.com;service.force.com;snapcomms.com;www.googletagmanager.com;www.snapcomms.com
4620,csync-us-west.smilewanted.com,158,a.sportradarserving.com;aa.agkn.com;aax-eu.amazon-adsystem.com;ad.360yield.com;ad.turn.com;ads.betweendigital.com;ads.creative-serving.com;ads.pubmatic.com;ads.servenobid.com;ads.yieldmo.com;aorta.clickagy.com;ap.lijit.com;b1sync.outbrain.com;b1sync.zemanta.com;beachfront-match.dotomi.com;bh.contextweb.com;bidder.smartytouch.co;bttrack.com;c1.adform.net;capi.connatix.com;ce.lijit.com;ced-ns.sascdn.com;cm.anyrtb.com;cms.quantserve.com;contextual.media.net;cookies.nextmillmedia.com;cpm.vistarsagency.com;creativecdn.com;cs.admanmedia.com;cs.iqzone.com;cs.krushmedia.com;cs.media.net;cs.pgammedia.com;cs.playdigo.com;csync-us-west.smilewanted.com;csync.smartadserver.com;de.tynt.com;dis.criteo.com;dpm.demdex.net;dsp-2.presage.io;dsp-service.admatic.de;dsp-service.pixad.com.tr;dsp.nrich.ai;dsum-sec.casalemedia.com;eb2.3lift.com;et-c-ash.33across.com;eus.rubiconproject.com;gw-iad-bid.ymmobi.com;hb.trustedstack.com;hbx.media.net;ib.adnxs.com;ice.360yield.com;id.rlcdn.com;id5-sync.com;idpix.media6degrees.com;image2.pubmatic.com;image4.pubmatic.com;image6.pubmatic.com;image8.pubmatic.com;inmobi-match.dotomi.com;ittpx-us-e.eskimi.com;ittpx.eskimi.com;jadserve.postrelease.com;match.deepintent.com;match.prod.bidr.io;match.sharethrough.com;measureadv.com;mfx.mobilefuse.com;ms-cookie-sync.presage.io;ogury-match.dotomi.com;onetag-sys.com;p.rfihub.com;pbs-cs.yellowblue.io;pippio.com;pixel-eu.rubiconproject.com;pixel-sync.sitescout.com;pixel-us-east.rubiconproject.com;pixel-us-west.rubiconproject.com;pixel.onaudience.com;pixel.rubiconproject.com;pixel.tapad.com;pool.liftdsp.com;prebid-match.dotomi.com;prebid.a-mo.net;prebid.admatic.com.tr;prebid.admatic.de;prebid.pixad.com.tr;ps.eyeota.net;px.ads.linkedin.com;r.bidswitch.net;rtb.adentifi.com;rtb.adstanding.com;rtb.gamoshi.io;rtb.gumgum.com;rtb.mfadsrvr.com;rtb.openx.net;s-cs.rmp.rakuten.com;s.ad.smaato.net;s.amazon-adsystem.com;s.console.adtarget.com.tr;s.seedtag.com;s0.2mdn.net;secure-assets.rubiconproject.com;server.smartytech.io;simage2.pubmatic.com;sonata-notifications.taptapnetworks.com;ssbsync-global.smartadserver.com;ssbsync.smartadserver.com;ssc-cms.33across.com;ssp-sync.criteo.com;ssp.disqus.com;static.cdn.admatic.com.tr;static.cdn.admatic.de;static.cdn.pixad.com.tr;sync-tm.everesttech.net;sync.a-mo.net;sync.adtelligent.com;sync.aniview.com;sync.bfmio.com;sync.cootlogix.com;sync.crwdcntrl.net;sync.e-volution.ai;sync.go.sonobi.com;sync.inmobi.com;sync.ipredictive.com;sync.mathtag.com;sync.pinklion.io;sync.pmbmonetize.live;sync.rbstsystems.live;sync.richaudience.com;sync.smartadserver.com;sync.srv.stackadapt.com;sync.technoratimedia.com;syncingbridge.com;t.adx.opera.com;t.oa.opera.com;tg.socdm.com;token.rubiconproject.com;tr.blismedia.com;trace.us.rtbwise.com;tracker-shr.ortb.net;tracookiepixel.xyz;u-ams.4dex.io;u.4dex.io;u.openx.net;um.simpli.fi;ums.acuityplatform.com;ups.analytics.yahoo.com;us.ck-ie.com;us4.shb-sync.com;user-sync.fwmrm.net;uss.xplosion.de;usync.ingage.tech;ut.pubmatic.com;vop.sundaysky.com;www.temu.com;x.bidswitch.net;yandex.ru
4622,linewize.net,19,7977292.fs1.hubspotusercontent-na1.net;app.hubspot.com;fonts.googleapis.com;fonts.gstatic.com;forms-na1.hsforms.com;forms.hsforms.com;js.hs-analytics.net;js.hs-banner.com;js.hs-scripts.com;js.hsadspixel.net;js.hsforms.net;js.hubspot.com;linewize.com;linewize.net;perf-na1.hsforms.com;qoria.com;www.google-analytics.com;www.googletagmanager.com;www.linewize.com
4624,code42.com,52,336-tau-594.mktoresp.com;a.usbrowserspeed.com;alb.reddit.com;analytics.google.com;api.cr-relay.com;assets.mimecast.com;bat.bing.com;bttrack.com;c.6sc.co;c.bing.com;c.clarity.ms;cdn.bttrack.com;cdn.cookielaw.org;cdn.cr-relay.com;cdn.jsdelivr.net;cdn.mouseflow.com;cdn.optimizely.com;cdnjs.cloudflare.com;code42.com;di.rlcdn.com;epsilon.6sense.com;eu.api.fpjs.io;fpjscdn.net;geolocation.onetrust.com;ipv6.6sc.co;j.6sc.co;logx.optimizely.com;lonrtp1-cdn.marketo.com;lonrtp1.marketo.com;munchkin.marketo.net;pixel-config.reddit.com;pixel.byspotify.com;pixels.spotify.com;px.ads.linkedin.com;rtp-static.marketo.com;s.clarity.ms;scout-cdn.salesloft.com;scout.salesloft.com;scripts.clarity.ms;snap.licdn.com;stats.g.doubleclick.net;trk.techtarget.com;ug-webapp-public-production.s3.amazonaws.com;unpkg.com;use.typekit.net;www.clarity.ms;www.gartner.com;www.google.com;www.googletagmanager.com;www.linkedin.com;www.mimecast.com;www.redditstatic.com
4627,resetdigital.co,3,fonts.googleapis.com;fonts.gstatic.com;resetdigital.co
4635,officeci-mauservice.azurewebsites.net,6,ajax.aspnetcdn.com;appservice.azureedge.net;appservicelandingpage.trafficmanager.net;az416426.vo.msecnd.net;go.microsoft.com;officeci-mauservice.azurewebsites.net
4642,apptracer.ru,6,apptracer.ru;fonts.googleapis.com;privacy-cs.mail.ru;st.okcdn.ru;top-fwz1.mail.ru;web-api.apptracer.ru
4644,revcontent.com,19,ajax.googleapis.com;c.bing.com;c.clarity.ms;d2fygbv2jsp7sc.cloudfront.net;d3e54v103j8qbb.cloudfront.net;files.tryflowdrive.com;fonts.bunny.net;fonts.googleapis.com;fonts.gstatic.com;libs.revcontent.com;revcontent.com;s.clarity.ms;scripts.clarity.ms;stcdn.leadconnectorhq.com;widgets.leadconnectorhq.com;www.clarity.ms;www.google.com;www.googletagmanager.com;www.gstatic.com
4647,publishers.advertising.a2z.com,5,aps.amazon.com;d3s4gvt98iu66c.cloudfront.net;fonts.googleapis.com;fonts.gstatic.com;publishers.advertising.a2z.com
4662,resideo.com,27,analytics.google.com;cdn.appdynamics.com;cdn.auth0.com;cdn.jsdelivr.net;cdn.levelaccess.net;cdn.optimizely.com;cdn.pricespider.com;cdnjs.cloudflare.com;consent.trustarc.com;dispawsusva.inmoment.com;fonts.googleapis.com;go.resideo.com;intercept-client.inmoment.com;logx.optimizely.com;p.typekit.net;pdx-col.eum-appdynamics.com;resideo.com;rum-collector-2.pingdom.net;rum-static.pingdom.net;static.cloud.coveo.com;stats.g.doubleclick.net;use.typekit.net;wtbevents.pricespider.com;www.googletagmanager.com;www.resideo.com;www.youtube.com;youtube.com
4666,time1.google.com,3,ogads-pa.clients6.google.com;play.google.com;www.gstatic.com
4674,guce.yahoo.com,2,guce.yahoo.com;s.yimg.com
4677,doordash.com,3,challenges.cloudflare.com;doordash.com;static.cloudflareinsights.com
4683,csync-us-east.smilewanted.com,149,a.sportradarserving.com;aa.agkn.com;aax-eu.amazon-adsystem.com;ad.360yield.com;ad.turn.com;ads.betweendigital.com;ads.creative-serving.com;ads.pubmatic.com;ads.servenobid.com;ads.yieldmo.com;aorta.clickagy.com;ap.lijit.com;b1sync.outbrain.com;b1sync.zemanta.com;beachfront-match.dotomi.com;bidder.smartytouch.co;bttrack.com;c1.adform.net;capi.connatix.com;ce.lijit.com;cm.anyrtb.com;cm.g.doubleclick.net;cms.quantserve.com;contextual.media.net;cpm.vistarsagency.com;creativecdn.com;cs.admanmedia.com;cs.iqzone.com;cs.krushmedia.com;cs.media.net;cs.playdigo.com;csync-us-east.smilewanted.com;csync.loopme.me;csync.smartadserver.com;de.tynt.com;dis.criteo.com;dpm.demdex.net;dsp-cookie.adfarm1.adition.com;dsp-service.admatic.de;dsp-service.pixad.com.tr;dsp.nrich.ai;eb2.3lift.com;eus.rubiconproject.com;gw-iad-bid.ymmobi.com;hb.trustedstack.com;hbx.media.net;hde.tynt.com;i.ctnsnet.com;ib.adnxs.com;id.rlcdn.com;image2.pubmatic.com;image4.pubmatic.com;image6.pubmatic.com;image8.pubmatic.com;inmobi-match.dotomi.com;inv-nets.admixer.net;ittpx-us-e.eskimi.com;ittpx.eskimi.com;jadserve.postrelease.com;live.primis.tech;match.adsrvr.org;match.deepintent.com;match.prod.bidr.io;match.sharethrough.com;measureadv.com;ms-cookie-sync.presage.io;ogury-match.dotomi.com;onetag-sys.com;pbs-cs.yellowblue.io;pippio.com;pixel-eu.rubiconproject.com;pixel-sync.sitescout.com;pixel-us-east.rubiconproject.com;pixel.onaudience.com;pixel.rubiconproject.com;pixel.tapad.com;prebid-match.dotomi.com;prebid.a-mo.net;prebid.admatic.com.tr;prebid.admatic.de;prebid.pixad.com.tr;ps.eyeota.net;px.ads.linkedin.com;r.bidswitch.net;router.infolinks.com;rtb.adstanding.com;rtb.gamoshi.io;rtb.gumgum.com;rtb.mfadsrvr.com;rtb.openx.net;s-cs.rmp.rakuten.com;s.ad.smaato.net;s.amazon-adsystem.com;s.console.adtarget.com.tr;s.seedtag.com;secure-assets.rubiconproject.com;secure.adnxs.com;server.smartytech.io;simage2.pubmatic.com;sonata-notifications.taptapnetworks.com;ssbsync-global.smartadserver.com;ssbsync.smartadserver.com;ssc-cms.33across.com;ssp-sync.criteo.com;ssp.disqus.com;static.cdn.admatic.com.tr;static.cdn.admatic.de;static.cdn.pixad.com.tr;sync-tm.everesttech.net;sync.a-mo.net;sync.adkernel.com;sync.adtelligent.com;sync.bfmio.com;sync.crwdcntrl.net;sync.e-volution.ai;sync.go.sonobi.com;sync.inmobi.com;sync.intentiq.com;sync.ipredictive.com;sync.pinklion.io;sync.pmbmonetize.live;sync.richaudience.com;sync.smartadserver.com;sync.srv.stackadapt.com;syncingbridge.com;t.adx.opera.com;t.oa.opera.com;target.digitalaudience.io;tg.socdm.com;token.rubiconproject.com;tr.blismedia.com;trace.us.rtbwise.com;tracker-shr.ortb.net;tracookiepixel.xyz;u-ams.4dex.io;u.4dex.io;u.openx.net;um.simpli.fi;ums.acuityplatform.com;ups.analytics.yahoo.com;us.ck-ie.com;us4.shb-sync.com;user-sync.fwmrm.net;usersync.gumgum.com;ut.pubmatic.com;visitor.omnitagjs.com;www.temu.com;x.bidswitch.net;yandex.ru
4685,ios.meraki.com,29,128-239-2-78_s-2-18-67-67_ts-1776304799-clienttons-s.akamaihd.net;68794905.akstat.io;analytics.twitter.com;c.go-mpulse.net;cdcvps.cloudapps.cisco.com;cdn-app.pathfactory.com;cdn.appdynamics.com;cdn.cookielaw.org;cisco.demdex.net;cm.g.doubleclick.net;cms.analytics.yahoo.com;dpm.demdex.net;dsc.cisco.com;geolocation.onetrust.com;ios.meraki.com;js.zi-scripts.com;meraki.cisco.com;qdxqetqx3lmik2paikpq-peww9n-0cb26e1f1-clientnsv4-s.akamaihd.net;rum.hlx.page;s.go-mpulse.net;smetrics.cisco.com;tags.tiqcdn.com;target.cisco.com;trial-eum-clientnsv4-s.akamaihd.net;trial-eum-clienttons-s.akamaihd.net;ups.analytics.yahoo.com;virtualconcierge.cisco.com;www.cisco.com;www.meraki.com
4690,csync-emea.smilewanted.com,146,a.sportradarserving.com;aa.agkn.com;aax-eu.amazon-adsystem.com;ad.360yield.com;ad.turn.com;ads.betweendigital.com;ads.creative-serving.com;ads.pubmatic.com;ads.servenobid.com;ads.yieldmo.com;aorta.clickagy.com;ap.lijit.com;b1sync.outbrain.com;b1sync.zemanta.com;beachfront-match.dotomi.com;bh.contextweb.com;bidder.smartytouch.co;c1.adform.net;capi.connatix.com;ce.lijit.com;cm.adform.net;cm.anyrtb.com;cms.quantserve.com;cookies.nextmillmedia.com;cpm.vistarsagency.com;creativecdn.com;cs.admanmedia.com;cs.iqzone.com;cs.krushmedia.com;cs.media.net;cs.pgammedia.com;cs.playdigo.com;csync-emea.smilewanted.com;csync.smartadserver.com;de.tynt.com;dis.criteo.com;dpm.demdex.net;dsp-cookie.adfarm1.adition.com;dsp-service.admatic.de;dsp-service.pixad.com.tr;dsp.360yield.com;dsp.nrich.ai;eb2.3lift.com;eus.rubiconproject.com;gw-iad-bid.ymmobi.com;hb.trustedstack.com;hbx.media.net;hde.tynt.com;ib.adnxs.com;ice.360yield.com;id.rlcdn.com;image2.pubmatic.com;image4.pubmatic.com;image6.pubmatic.com;image8.pubmatic.com;inmobi-match.dotomi.com;ittpx-us-e.eskimi.com;ittpx.eskimi.com;jadserve.postrelease.com;live.primis.tech;match.adsrvr.org;match.deepintent.com;match.prod.bidr.io;measureadv.com;ms-cookie-sync.presage.io;ogury-match.dotomi.com;onetag-sys.com;p.rfihub.com;pbs-cs.yellowblue.io;pippio.com;pixel-eu.rubiconproject.com;pixel-sync.sitescout.com;pixel-us-east.rubiconproject.com;pixel-us-west.rubiconproject.com;pixel.onaudience.com;pixel.rubiconproject.com;pixel.tapad.com;prebid-match.dotomi.com;prebid.a-mo.net;prebid.admatic.com.tr;prebid.admatic.de;prebid.pixad.com.tr;ps.eyeota.net;px.ads.linkedin.com;r.bidswitch.net;rtb.adstanding.com;rtb.gamoshi.io;rtb.gumgum.com;rtb.mfadsrvr.com;rtb.openx.net;s.ad.smaato.net;s.amazon-adsystem.com;s.seedtag.com;s0.2mdn.net;secure-assets.rubiconproject.com;server.smartytech.io;simage2.pubmatic.com;ssbsync.smartadserver.com;ssc-cms.33across.com;ssp-sync.criteo.com;ssp.disqus.com;ssp.wp.pl;static.cdn.admatic.com.tr;static.cdn.admatic.de;static.cdn.pixad.com.tr;sync-tm.everesttech.net;sync.a-mo.net;sync.adtelligent.com;sync.bfmio.com;sync.cootlogix.com;sync.crwdcntrl.net;sync.e-volution.ai;sync.go.sonobi.com;sync.inmobi.com;sync.ipredictive.com;sync.pinklion.io;sync.pmbmonetize.live;sync.richaudience.com;sync.smartadserver.com;sync.srv.stackadapt.com;sync.taboola.com;syncingbridge.com;t.adx.opera.com;t.oa.opera.com;tg.socdm.com;token.rubiconproject.com;tr.blismedia.com;trace.us.rtbwise.com;tracker-shr.ortb.net;u-ams.4dex.io;u.4dex.io;u.openx.net;um.simpli.fi;ups.analytics.yahoo.com;us-u.openx.net;us.ck-ie.com;us4.shb-sync.com;user-sync.fwmrm.net;usersync.gumgum.com;uss.xplosion.de;usync.ingage.tech;ut.pubmatic.com;visitor.omnitagjs.com;www.temu.com;x.bidswitch.net;yandex.ru
4700,addthis.com,2,addthis.com;www.oracle.com
4704,cognito-identity.us-west-2.amazonaws.com,26,a.b.cdn.console.awsstatic.com;a0.awsstatic.com;amazonwebservices.d2.sc.omtrdc.net;amazonwebservicesinc.tt.omtrdc.net;aws.amazon.com;cm.everesttech.net;cognito-identity.us-west-2.amazonaws.com;cx0.m.awsstatic.com;d0.m.awsstatic.com;d1.awsstatic.com;d2c.aws.amazon.com;dpm.demdex.net;edge.adobedc.net;fonts.gstatic.com;i.ytimg.com;infra-api.us-east-1.prod.mrc-sunrise.marketing.aws.dev;loader.us-east-1.prod.mrc-sunrise.marketing.aws.dev;prod.log.shortbread.aws.dev;prod.pa.cdn.uis.awsstatic.com;t0.m.awsstatic.com;vs.aws.amazon.com;www.google.com;www.gstatic.com;www.youtube-nocookie.com;www.youtube.com;yt3.ggpht.com
4710,nytimes.com,50,46fd2adca340ed237ec0fe6092340497.safeframe.googlesyndication.com;5290727.fls.doubleclick.net;a.et.nytimes.com;a.nytimes.com;aax.amazon-adsystem.com;ad.doubleclick.net;adservice.google.com;als-svc.nytimes.com;ats-wrapper.privacymanager.io;c.amazon-adsystem.com;cdn.brandmetrics.com;cdn.doubleverify.com;cm.g.doubleclick.net;config.aps.amazon-adsystem.com;dd.nytimes.com;eg.nytimes.com;ep1.adtrafficquality.google;ep2.adtrafficquality.google;fastlane.rubiconproject.com;fonts.googleapis.com;fonts.gstatic.com;g1.nyt.com;grid-bidder.criteo.com;gum.criteo.com;hbopenbid.pubmatic.com;hbxlp.media.net;htlb.casalemedia.com;launchpad-wrapper.privacymanager.io;launchpad.privacymanager.io;nyt-dti-prd-staticjs.storage.googleapis.com;nytimes.com;pay.google.com;platform.iteratehq.com;prebid.media.net;purr.nytimes.com;rtb.openx.net;rumcdn.geoedge.be;sb.scorecardresearch.com;securepubads.g.doubleclick.net;static.chartbeat.com;static01.nyt.com;static01.nytimes.com;tlx.3lift.com;tpc.googlesyndication.com;tps.doubleverify.com;warp.media.net;www.datadoghq-browser-agent.com;www.google.com;www.googletagmanager.com;www.gstatic.com
4725,twilio.com,56,11875831.fls.doubleclick.net;294-tkb-300.mktoresp.com;ad.doubleclick.net;adservice.google.com;alb.reddit.com;analytics.google.com;analytics.silktide.com;api.segment.io;apm.yahoo.co.jp;assets.adobedtm.com;b.6sc.co;bat.bing.com;bat.bing.net;browser-intake-datadoghq.com;c.6sc.co;cdn.jsdelivr.net;cdn.segment.com;cdn.siftscience.com;cm.everesttech.net;connect.facebook.net;consent.trustarc.com;dev.visualwebsiteoptimizer.com;dm.slim02.jp;dpm.demdex.net;epsilon.6sense.com;euob.powerrobotflower.com;googleads.g.doubleclick.net;hexagon-analytics.com;ipv6.6sc.co;j.6sc.co;js.qualified.com;js.zi-scripts.com;jscloud.net;munchkin.marketo.net;obseu.powerrobotflower.com;pixel-config.reddit.com;px.ads.linkedin.com;rum.hlx.page;s.yimg.jp;scout-cdn.salesloft.com;scout.salesloft.com;secure.adnxs.com;snap.licdn.com;stats.g.doubleclick.net;tags.srv.stackadapt.com;twilio.com;twilio.demdex.net;twilio.tt.omtrdc.net;ws.zoominfo.com;www.datadoghq-browser-agent.com;www.google.com;www.googleadservices.com;www.googletagmanager.com;www.linkedin.com;www.redditstatic.com;www.twilio.com
4727,store.steampowered.com,4,cdn.fastly.steamstatic.com;shared.fastly.steamstatic.com;store.fastly.steamstatic.com;store.steampowered.com
4734,b-www.facebook.com,3,b-www.facebook.com;static.xx.fbcdn.net;www.instagram.com
4736,transient.amazon.com,2,g-ecx.images-amazon.com;transient.amazon.com
4772,event.clientgear.com,3,cm.g.doubleclick.net;event.clientgear.com;gw-iad-bid.ymmobi.com
4784,ns.cloudflare.com,38,713-xsc-918.mktoresp.com;ad.doubleclick.net;adservice.google.com;alb.reddit.com;analytics.twitter.com;api.company-target.com;cdn.bizible.com;cdn.bizibly.com;cf-assets.www.cloudflare.com;challenges.cloudflare.com;cloudflare.canto.com;customer-eq7kiuol0tk9chox.cloudflarestream.com;d3opzdukpbxlns.cloudfront.net;dsum-sec.casalemedia.com;id.rlcdn.com;iframe.cloudflarestream.com;images.ctfassets.net;insight.adsrvr.org;js.adsrvr.org;js.qualified.com;munchkin.marketo.net;ns.cloudflare.com;ot.www.cloudflare.com;partners.tremorhub.com;pixel.rubiconproject.com;px.ads.linkedin.com;s.company-target.com;segments.company-target.com;snap.licdn.com;static.ads-twitter.com;static.cloudflareinsights.com;t.co;tag-logger.demandbase.com;tag.demandbase.com;www.cloudflare.com;www.google.com;www.googletagmanager.com;www.linkedin.com
4787,us.tiktok.com,12,lf16-cdn-tos.tiktokcdn-us.com;lf16-tiktok-common.ibytedtos.com;lf16-tiktok-common.tiktokcdn-us.com;lf16-tiktok-web.tiktokcdn-us.com;mcs.tiktokw.us;mon16-normal-useast5.tiktokv.us;mssdk.tiktokw.us;sf16-website-login.neutral.ttwstatic.com;starling.tiktokv.us;storage.googleapis.com;us.tiktok.com;webcast.us.tiktok.com
4794,shopee.co.id,8,analytics.google.com;connect.facebook.net;content.garena.com;deo.shopeemobile.com;shopee.co.id;stats.g.doubleclick.net;www.google.com;www.googletagmanager.com
4798,wp.pl,7,dot.wp.pl;fonts.wpcdn.pl;imasdk.googleapis.com;securepubads.g.doubleclick.net;std.wpcdn.pl;v.wpimg.pl;wp.pl
4802,norton.com,86,8136487.fls.doubleclick.net;a.dpmsrv.com;a.quora.com;aa.agkn.com;action.dstillery.com;action.media6degrees.com;ad.doubleclick.net;adservice.google.com;alb.reddit.com;analytics.google.com;app.leadsrx.com;bat.bing.com;bite.australiarevival.com;c.go-mpulse.net;cdn.pdst.fm;cdn.quantummetric.com;cm.everesttech.net;cm.g.doubleclick.net;connect.facebook.net;cookie-matching.mediarithmics.com;cookie.havasedge.com;d.impactradius-event.com;d34r8q7sht0t9k.cloudfront.net;doh.cq0.co;dpm.demdex.net;ensighten.norton.com;event.havasedge.com;getrockerbox.com;gwmtracking.com;ingest.quantummetric.com;insight.adsrvr.org;ipv4.podscribe.com;js.adsrvr.org;lciapi.ninthdecimal.com;loadus.exelator.com;norton.com;norton.ow5a.net;odr.mookie1.com;oms.norton.com;pixel-config.reddit.com;pixel.rubiconproject.com;pixels.spotify.com;pt.ispot.tv;r.turn.com;rv5zhgv2.norton.com;s.amazon-adsystem.com;s.dpmsrv.com;s.go-mpulse.net;s.yimg.com;sb.scorecardresearch.com;secure.adnxs.com;siteintercept.qualtrics.com;sp.analytics.yahoo.com;spider.australiarevival.com;spl.zeotap.com;stats.g.doubleclick.net;symantec.tt.omtrdc.net;sync.taboola.com;t.nc0.co;t.paypal.com;t.teads.tv;tag.havasedge.com;tag.wknd.ai;tags.w55c.net;trkn.us;tvspix.com;uipglob.semasio.net;urldefense.proofpoint.com;us-u.openx.net;us.norton.com;user-sync.fwmrm.net;usersync.samplicio.us;verifi.podscribe.com;websdk.ujet.co;www.google.com;www.googleadservices.com;www.googletagmanager.com;www.imdb.com;www.merchant-center-analytics.goog;www.norton.com;www.ojrq.net;www.paypal.com;www.paypalobjects.com;www.redditstatic.com;x.bidswitch.net;zn7ngvh48sidro926-gendigital.siteintercept.qualtrics.com
4811,acrobat.com,16,acrobat.adobe.com;acrobat.com;acroipm2.adobe.com;adobeid-na1.services.adobe.com;assets.adobedtm.com;auth-light.identity.adobe.com;auth.services.adobe.com;dcs.adobedc.net;ims-na1.adobelogin.com;o4505393339695104.ingest.us.sentry.io;p.typekit.net;prod.adobeccstatic.com;shared-components.adobe.com;sstats.adobe.com;use.typekit.net;widget.uservoice.com
4820,fwupd.org,2,cdn.fwupd.org;fwupd.org
4823,instructure.com,58,3.212.39.155;515-xyl-514.mktoresp.com;a.usbrowserspeed.com;alb.reddit.com;analytics.google.com;analytics.twitter.com;api-gateway.scriptintel.io;api.company-target.com;app-ab20.marketo.com;b.6sc.co;bat.bing.com;browser.sentry-cdn.com;c.6sc.co;c.clarity.ms;cdn.cookielaw.org;cdn.jsdelivr.net;connect.facebook.net;distillery.wistia.com;dsum-sec.casalemedia.com;dx.mountain.com;embed-ssl.wistia.com;fast.wistia.com;fast.wistia.net;fonts.googleapis.com;geolocation.onetrust.com;googleads.g.doubleclick.net;id.rlcdn.com;instant.page;instructure.com;ipv6.6sc.co;j.6sc.co;js.qualified.com;js.zi-scripts.com;munchkin.marketo.net;partners.tremorhub.com;pipedream.wistia.com;pixel-config.reddit.com;pixel.rubiconproject.com;px.ads.linkedin.com;s.clarity.ms;s.company-target.com;scripts.clarity.ms;segments.company-target.com;snap.licdn.com;static.addtoany.com;static.ads-twitter.com;stats.g.doubleclick.net;t.co;tag-logger.demandbase.com;tag.demandbase.com;unpkg.com;ws.zoominfo.com;www.clarity.ms;www.google.com;www.googletagmanager.com;www.instructure.com;www.linkedin.com;www.redditstatic.com
4825,lkqd.net,18,cdn.cookielaw.org;code.jquery.com;geolocation.onetrust.com;js-na1.hs-scripts.com;js.hs-analytics.net;js.hs-banner.com;js.hubspot.com;js.usemessages.com;lkqd.net;perf-na1.hsforms.com;px.ads.linkedin.com;snap.licdn.com;track.hubspot.com;verve-7233653.hs-sites.com;verve.com;www.google-analytics.com;www.googletagmanager.com;www.linkedin.com
4829,garena.com,8,connect.facebook.net;fonts.googleapis.com;footer.garena.tw;garena.com;intl.garena.com;official.garena.com;www.google-analytics.com;www.googletagmanager.com
4832,adlightning.com,9,adlightning.com;boltive.com;cdn.jsdelivr.net;cdn.prod.website-files.com;cmp.osano.com;d3e54v103j8qbb.cloudfront.net;hubspotonwebflow.com;js.hs-scripts.com;www.googletagmanager.com
4833,instabug.com,39,a.usbrowserspeed.com;analytics.ahrefs.com;api.cr-relay.com;api.hubapi.com;api.ipify.org;api.segment.io;api.vector.co;cdn.cr-relay.com;cdn.heapanalytics.com;cdn.jsdelivr.net;cdn.ketchjs.com;cdn.metadata.io;cdn.prod.website-files.com;cdn.segment.com;cdn.vector.co;connect.facebook.net;d3e54v103j8qbb.cloudfront.net;global.ketchcdn.com;googleads.g.doubleclick.net;heapanalytics.com;instabug.com;js.hs-analytics.net;js.hs-banner.com;js.hs-scripts.com;js.hsadspixel.net;js.hubspot.com;luciq.ai;perf-na1.hsforms.com;px.ads.linkedin.com;snap.licdn.com;tag.clearbitscripts.com;track.hubspot.com;widget.intercom.io;www.google-analytics.com;www.google.com;www.googleadservices.com;www.googletagmanager.com;www.linkedin.com;www.luciq.ai
4837,samsunghealth.com,2,content.samsungknowledge.com;samsunghealth.com
4869,wechat.com,4,newres.wechat.com;support.wechat.com;wechat.com;www.wechat.com
4873,ade.clmbtech.com,2,ade.clmbtech.com;static.clmbtech.com
4874,digital-cloud.medallia.com,7,cdn.jsdelivr.net;cdn.medallia.com;cdn.rawgit.com;digital-cloud.medallia.com;fonts.googleapis.com;fonts.gstatic.com;resources.digital-cloud.medallia.com
4879,tr-ofc-atm.office.com,17,admin.microsoft.com;browser.events.data.microsoft.com;c.s-microsoft.com;config.edge.skype.com;js.monitor.azure.com;login.live.com;login.microsoftonline.com;logincdn.msauth.net;mem.gfx.ms;res.cdn.office.net;s.clarity.ms;scripts.clarity.ms;tr-ofc-atm.office.com;uhf.microsoft.com;www.clarity.ms;www.microsoft.com;www.office.com
4903,mobile.yahoo.com,7,edge-mcdn.secure.yahoo.com;mobile.yahoo.com;s.yimg.com;udc.yahoo.com;www.google-analytics.com;www.googletagmanager.com;www.yahoo.com
4925,researchnow.com,34,api.hubapi.com;api.weglot.com;app.usercentrics.eu;browser.sentry-cdn.com;cdn.amplitude.com;cdn.weglot.com;distillery.wistia.com;embed-ssl.wistia.com;fast.wistia.com;fast.wistia.net;googleads.g.doubleclick.net;js-na1.hs-scripts.com;js.hs-analytics.net;js.hs-banner.com;js.hsadspixel.net;js.hubspot.com;js.zi-scripts.com;mktdplp102cdn.azureedge.net;perf-na1.hsforms.com;pipedream.wistia.com;px.ads.linkedin.com;researchnow.com;snap.licdn.com;sr-client-cfg.amplitude.com;track.hubspot.com;uct.service.usercentrics.eu;v1.api.service.cmp.usercentrics.eu;web.cmp.usercentrics.eu;ws.zoominfo.com;www.dynata.com;www.google-analytics.com;www.google.com;www.googletagmanager.com;www.linkedin.com
4932,fb.com,4,fb.com;static.xx.fbcdn.net;www.facebook.com;www.instagram.com
4952,mfx.mobilefuse.com,14,ad.mobilefuse.com;download-video-ak.vimeocdn.com;mfx.mobilefuse.com;mobilefuse.com;pagead2.googlesyndication.com;player.vimeo.com;px.ads.linkedin.com;snap.licdn.com;t.mobilefuse.com;trkn.us;www.google-analytics.com;www.google.com;www.googletagmanager.com;www.linkedin.com
4958,box.net,50,107-coj-713.mktoresp.com;action.dstillery.com;action.media6degrees.com;ade.googlesyndication.com;api.segment.io;app.qualified.com;assets.adobedtm.com;assets.box.com;bat.bing.com;box.demdex.net;box.net;boxinc.tt.omtrdc.net;carddealer.knotch.com;cdn.segment.com;cm.everesttech.net;cm.g.doubleclick.net;configs.knotch.com;consent.trustarc.com;dpm.demdex.net;dsum-sec.casalemedia.com;frontdoor.knotch.it;googleads.g.doubleclick.net;ib.adnxs.com;idsync.rlcdn.com;insight.adsrvr.org;ipv6.6sc.co;j.6sc.co;js.adsrvr.org;ml314.com;munchkin.marketo.net;openrtb-us-east-1.axonix.com;pagead2.googlesyndication.com;pixel.rubiconproject.com;ps.eyeota.net;px.ads.linkedin.com;q.quora.com;sanalytics.box.com;secure.adnxs.com;segment-box.com;simage2.pubmatic.com;snap.licdn.com;tags.srv.stackadapt.com;td.doubleclick.net;www.box.com;www.facebook.com;www.google.com;www.googletagmanager.com;www.knotch-cdn.com;www.linkedin.com;x.bidswitch.net
4964,livechatinc.com,24,analytics.google.com;c.bing.com;c.clarity.ms;c.go-mpulse.net;cdn.livechatinc.com;connect.facebook.net;googleads.g.doubleclick.net;js-eu1.hs-analytics.net;js-eu1.hs-banner.com;js-eu1.hs-scripts.com;livechatinc.com;px.ads.linkedin.com;s.clarity.ms;s.go-mpulse.net;scripts.clarity.ms;snap.licdn.com;sst.livechat.com;stats.g.doubleclick.net;track-eu1.hubspot.com;www.clarity.ms;www.google.com;www.googletagmanager.com;www.linkedin.com;www.livechat.com
4967,app.pendo.io,8,app.pendo.io;cdn.pendo.io;content.pendo-internal.pendo.io;data.pendo-internal.pendo.io;ekr.zdassets.com;fonts.googleapis.com;pendo-io-extensions.storage.googleapis.com;static.zdassets.com
4976,pdq.com,44,a.usbrowserspeed.com;alb.reddit.com;analytics.google.com;api.vector.co;app.revenuehero.io;bat.bing.com;cdn.c360a.salesforce.com;cdn.cookielaw.org;cdn.mouseflow.com;cdn.vector.co;connect.facebook.net;dpm.demdex.net;ekq7eqxlyi.kameleoon.io;geolocation.onetrust.com;googleads.g.doubleclick.net;h0ygkn30mnrgk9d0g1yw8zlcgm.c360a.salesforce.com;idsync.rlcdn.com;images.ctfassets.net;js.hs-analytics.net;js.hs-banner.com;js.hs-scripts.com;js.storylane.io;js.usemessages.com;loadm.exelator.com;na-data.kameleoon.io;pdq.com;pixel-config.reddit.com;pixel-sync.sitescout.com;pixel.sitescout.com;pixel.tapad.com;px.ads.linkedin.com;snap.licdn.com;stats.g.doubleclick.net;sync.crwdcntrl.net;track.hubspot.com;tracking-api.g2.com;up.pixel.ad;videos.ctfassets.net;www.google-analytics.com;www.google.com;www.googletagmanager.com;www.linkedin.com;www.pdq.com;www.redditstatic.com
4986,manage.microsoft.us,4,aadcdn.msftauth.net;intune.microsoft.us;login.microsoftonline.us;manage.microsoft.us
4995,digitaloceanspaces.com,15,analytics.google.com;cdn.amplitude.com;cdn.schemaapp.com;consent.trustarc.com;digitaloceanspaces.com;googleads.g.doubleclick.net;o1109393.ingest.us.sentry.io;pocustrack.com;segment.digitalocean.com;sr-client-cfg.amplitude.com;stats.g.doubleclick.net;tags.pw.adn.cloud;www.digitalocean.com;www.google.com;www.googletagmanager.com
5009,softwareupdates.amazon.com,2,g-ecx.images-amazon.com;softwareupdates.amazon.com
5012,api.hcaptcha.com,3,4b2bed5da485.w.hcaptcha.com;api.hcaptcha.com;sentry.hcaptcha.com
5014,excelate.ai,2,excelate.ai;fonts.gstatic.com
5017,xplosion.de,3,cloud.ccm19.de;www.emetriq.com;xplosion.de
5024,e.mail.ru,8,account.mail.ru;api.vk.ru;auth.mail.ru;login.vk.com;stacks.vk-portal.net;static.vk.ru;sun9-30.vkuserphoto.ru;xray.mail.ru
5028,mv.outbrain.com,3,fonts.googleapis.com;fonts.gstatic.com;mv.outbrain.com
5041,localytics.com,11,analytics.google.com;fonts.googleapis.com;fonts.gstatic.com;js.hs-analytics.net;js.hs-banner.com;js.hs-scripts.com;js.hscollectedforms.net;localytics.com;stats.g.doubleclick.net;track.hubspot.com;www.googletagmanager.com
5050,spl.zeotap.com,18,aa.agkn.com;aax-eu.amazon-adsystem.com;bcp.crwdcntrl.net;c1.adform.net;cm.g.doubleclick.net;dmp.v.fwmrm.net;dpm.demdex.net;dsp.adfarm1.adition.com;ib.adnxs.com;image6.pubmatic.com;match.adsrvr.org;s.amazon-adsystem.com;spl.zeotap.com;sync-tm.everesttech.net;sync.smartadserver.com;sync.srv.stackadapt.com;trc.taboola.com;ups.analytics.yahoo.com
5054,platform-lookaside.fbsbx.com,2,platform-lookaside.fbsbx.com;static.facebook.com
5057,netgear.com,46,api.consentjs.datagrail.io;apps.bazaarvoice.com;ara.paa-reporting-advertising.amazon;assets.netgear.com;b-code.liadm.com;bat.bing.com;browser-intake-datadoghq.com;c.amazon-adsystem.com;cdn.attn.tv;cdn.gbqofs.com;cdn.glassboxcdn.com;cdn.optimizely.com;cm.g.doubleclick.net;connect.facebook.net;container.pepperjam.com;dynamic.criteo.com;events.attentivemobile.com;googleads.g.doubleclick.net;gum.criteo.com;ib.adnxs.com;insight.adsrvr.org;js.adsrvr.org;logx.optimizely.com;netgear-us.attn.tv;netgear.com;network-a.bazaarvoice.com;ob.powerstarsbuilding.com;obs.powerstarsbuilding.com;pixel.rubiconproject.com;px.ads.linkedin.com;report.netgear.glassboxdigital.io;rp.liadm.com;s.amazon-adsystem.com;server-side-tagging-kquh5nqcta-uc.a.run.app;snap.licdn.com;sslwidget.criteo.com;static.cloudflareinsights.com;unpkg.com;www.datadoghq-browser-agent.com;www.downloads.netgear.com;www.google-analytics.com;www.google.com;www.googleadservices.com;www.googletagmanager.com;www.linkedin.com;www.netgear.com
5063,presentation-iad1.turn.com,5,assets.amobee.com;login.amobee.com;platform.amobee.com;presentation-iad1.turn.com;www.datadoghq-browser-agent.com
5068,nrich.ai,21,app.hubspot.com;dsp.nrich.ai;fonts.googleapis.com;fonts.gstatic.com;forms-na1.hsforms.com;forms.hsforms.com;j.nrich.ai;js.hs-analytics.net;js.hs-banner.com;js.hsadspixel.net;js.hscollectedforms.net;js.hsforms.net;js.hubspot.com;js.usemessages.com;n.rich;nrich.ai;nrich.io;perf-na1.hsforms.com;stats.g.doubleclick.net;www.google-analytics.com;www.googletagmanager.com
5076,infolinks.com,2,app.termly.io;infolinks.com
5085,vivoglobal.com,3,asia-exstatic-vivofs.vivo.com;vivoglobal.com;wwwstatic.vivo.com.cn
5104,ably.io,31,ably.com;ably.io;alb.reddit.com;analytics.google.com;api-js.mixpanel.com;api.hubapi.com;cdn-ukwest.onetrust.com;fonts.googleapis.com;fonts.gstatic.com;js.hs-analytics.net;js.hs-banner.com;js.hs-scripts.com;js.hsadspixel.net;js.hubspot.com;js.usemessages.com;ntqy1wz94gjv.statuspage.io;o1076963.ingest.us.sentry.io;perf-na1.hsforms.com;pixel-config.reddit.com;px.ads.linkedin.com;snap.licdn.com;static.reo.dev;stats.g.doubleclick.net;storage.googleapis.com;track.hubspot.com;unpkg.com;voltaire.ably.com;www.google.com;www.googletagmanager.com;www.linkedin.com;www.redditstatic.com
5124,www.espn.com,64,2417323e94f98b24d6ab876ace208e80.safeframe.googlesyndication.com;a.espncdn.com;a1.espncdn.com;a2.espncdn.com;a3.espncdn.com;a4.espncdn.com;ad.doubleclick.net;ad.turn.com;ads.pubmatic.com;ads.rubiconproject.com;ads.trustx.org;bcp.crwdcntrl.net;broadband.espn.com;c2shb.pubgw.yahoo.com;cdn.cookielaw.org;cdn.espn.com;cdn.id5-sync.com;cdn.jsdelivr.net;cdn.mgaru.dev;cdn.registerdisney.go.com;chui-assets-cdn.espn.com;cm.g.doubleclick.net;connectid.analytics.yahoo.com;dcf.espn.com;dmp.im-apps.net;entitlement.auth.adobe.com;ep1.adtrafficquality.google;ep2.adtrafficquality.google;esp.rtbhouse.com;fastlane.rubiconproject.com;fundingchoicesmessages.google.com;google-bidout-d.openx.net;googleads.g.doubleclick.net;googleads4.g.doubleclick.net;gum.criteo.com;htlb.casalemedia.com;ib.adnxs.com;id5-sync.com;ident.mygaru.com;invstatic101.creativecdn.com;krk2.kargo.com;match.adsrvr.org;micro.rubiconproject.com;oa.openxcdn.net;oajs.openx.net;pagead2.googlesyndication.com;pinpoint.espn.com;prebid-a.rubiconproject.com;s.secure.espncdn.com;s0.2mdn.net;scripts.webcontentassessor.com;secure.espn.com;securepubads.g.doubleclick.net;site.api.espn.com;sp.auth.adobe.com;static.criteo.net;sync6.im-apps.net;tags.crwdcntrl.net;tracking.mygaru.com;ups.analytics.yahoo.com;www.espn.com;www.google.com;www.googletagmanager.com;www.googletagservices.com
5129,cookiebot.com,22,alb.reddit.com;analytics.google.com;bat.bing.com;cdn.amplitude.com;cdn.dreamdata.cloud;connect.facebook.net;consent.cookiebot.com;consentcdn.cookiebot.com;cookiebot.com;googleads.g.doubleclick.net;pixel-config.reddit.com;px.ads.linkedin.com;snap.licdn.com;static.hotjar.com;stats.g.doubleclick.net;tracking-api.g2.com;tracking.g2crowd.com;www.cookiebot.com;www.google.com;www.googletagmanager.com;www.linkedin.com;www.redditstatic.com
5134,securedvisit.com,2,securedvisit.com;www.rkdms.com
5152,bat.bing.net,28,aadcdn.msftauth.net;ab.dns-finder.com;ad-delivery.net;ad.doubleclick.net;adsdk.microsoft.com;api.btloader.com;api.msn.com;arc.msn.com;assets.msn.com;bat.bing.net;browser.events.data.msn.com;btloader.com;c.bing.com;c.msn.com;ecn.dev.virtualearth.net;ib.msn.com;img-s-msn-com.akamaized.net;js.monitor.azure.com;login.live.com;login.microsoftonline.com;m.adnxs.com;mem.gfx.ms;px.ads.linkedin.com;sb.scorecardresearch.com;scripts.mf.webcontentassessor.com;srtb.msn.com;trc.taboola.com;www.msn.com
5158,download.microsoft.com,50,a.tribalfusion.com;analytics.twitter.com;bat.bing.com;browser.events.data.microsoft.com;c.az.clicktale.net;c.bing.com;c.clarity.ms;c.s-microsoft.com;cdn-dynmedia-1.microsoft.com;cdnssl.clicktale.net;cm.everesttech.net;cm.g.doubleclick.net;cms.analytics.yahoo.com;cms.quantserve.com;download.microsoft.com;dpm.demdex.net;ds.reson8.com;googleads.g.doubleclick.net;ib.adnxs.com;idpix.media6degrees.com;idsync.rlcdn.com;jadserve.postrelease.com;js.monitor.azure.com;k.af.clicktale.net;login.live.com;login.microsoftonline.com;match.adsrvr.org;mem.gfx.ms;mscom.demdex.net;msftenterprise.sc.omtrdc.net;pixel.everesttech.net;px.ads.linkedin.com;px.owneriq.net;rtd-tm.everesttech.net;rtd.tubemogul.com;rum.hlx.page;s.clarity.ms;scripts.clarity.ms;servedby.flashtalking.com;srm.af.contentsquare.net;static.hj.contentsquare.net;target.microsoft.com;uhf.microsoft.com;ups.analytics.yahoo.com;wcpstatic.microsoft.com;www.clarity.ms;www.google.com;www.googletagmanager.com;www.linkedin.com;www.microsoft.com
5169,msg.csw.lenovo.com,2,msg.csw.lenovo.com;vantage.csw.lenovo.com
5180,harman.com,7,cdn.cookielaw.org;code.jquery.com;fonts.googleapis.com;fonts.gstatic.com;harman.com;www.googletagmanager.com;www.harman.com
5183,sdk.privacy-center.org,3,fonts.googleapis.com;fonts.gstatic.com;sdk.privacy-center.org
5185,braintreegateway.com,9,braintreegateway.com;gstatic.braintreegateway.com;static.cloudflareinsights.com;t.paypal.com;www.braintreegateway.com;www.google.com;www.gstatic.com;www.paypal.com;www.paypalobjects.com
5190,garmin.com,24,bat.bing.com;cm.g.doubleclick.net;connect.facebook.net;consent.trustarc.com;ct.pinterest.com;dynamic.criteo.com;fonts.garmin.com;garmin.com;googleads.g.doubleclick.net;gum.criteo.com;matomo.garmin.com;px.adentifi.com;res.garmin.com;s.pinimg.com;sslwidget.criteo.com;sso.garmin.com;static.cloudflareinsights.com;static.garmincdn.com;static.hotjar.com;tags.tiqcdn.com;www.garmin.com;www.google-analytics.com;www.google.com;www.googletagmanager.com
5203,msh.amazon.co.uk,2,g-ecx.images-amazon.com;msh.amazon.co.uk
5221,pbd.yahoo.com,43,ad-delivery.net;ads.pubmatic.com;ads.yieldmo.com;ap.lijit.com;api.rlcdn.com;c2shb-oao.ssp.yahoo.com;cdn.p-n.io;cdn.taboola.com;ce.lijit.com;cm.g.doubleclick.net;consent.cmp.oath.com;d2mqt2joll4fma.cloudfront.net;display.bidder.taboola.com;exchange.kueezrtb.com;fastlane.rubiconproject.com;grid-bidder.criteo.com;guce.yahoo.com;htlb.casalemedia.com;ib.adnxs.com;idx.liadm.com;ncp-gw-frontpage.media.yahoo.com;nexus-gateway-prod.media.yahoo.com;noa.yahoo.com;opus.analytics.yahoo.com;pbd.yahoo.com;pbs-yahoo-us.ay.delivery;pbs.yahoo.com;prebid-server.rubiconproject.com;prebid.media.net;rp.liadm.com;rtb.openx.net;s.seedtag.com;s.yimg.com;sb.scorecardresearch.com;securepubads.g.doubleclick.net;signal-service.pbs.yahoo.com;tlx.3lift.com;um.simpli.fi;ups.analytics.yahoo.com;us-trc-events.taboola.com;wnsrvbjmeprtfrnfx.ay.delivery;www.googletagmanager.com;www.yahoo.com
5222,i.redd.it,2,i.redd.it;www.reddit.com
5228,map.qq.com,17,5gimg.map.qq.com;apikey.map.qq.com;apis.map.qq.com;beacon.cdn.qq.com;confinfo.map.qq.com;h5gw.map.qq.com;map.qq.com;map.wap.qq.com;mapapi.qq.com;mapstyle.qpic.cn;open.map.qq.com;overseactrl.map.qq.com;pr.map.qq.com;router.map.qq.com;rt1.map.gtimg.com;ssl.captcha.qq.com;user.map.qq.com
5232,histats.com,16,csi.gstatic.com;ep1.adtrafficquality.google;ep2.adtrafficquality.google;fonts.googleapis.com;fonts.gstatic.com;fundingchoicesmessages.google.com;googleads.g.doubleclick.net;histats.com;i.histats.com;pagead2.googlesyndication.com;s10.histats.com;s4.histats.com;www.google-analytics.com;www.google.com;www.googletagmanager.com;www.histats.com
5243,www.walmart.com,13,b.wal.co;b.www.walmart.com;client.px-cloud.net;collector-pxu6b0qd2s.px-cloud.net;crcldu.com;fonts.googleapis.com;fst-ec.perimeterx.net;gum.criteo.com;i5.walmartimages.com;idsync.rlcdn.com;tpc.googlesyndication.com;tzm.px-cloud.net;www.walmart.com
5248,att.com,49,128-239-2-78_s-23-215-0-13_ts-1776302916-clienttons-s.akamaihd.net;20877709p.rfihub.com;6100125.fls.doubleclick.net;68794906.akstat.io;a.rfihub.com;ad.doubleclick.net;adobedc.demdex.net;adservice.google.com;aep.att.com;assets.adobedtm.com;att.com;azinsight.adsrvr.org;bat.bing.com;bf03987fss.bf.dynatrace.com;c.clarity.ms;c.go-mpulse.net;cdn.flashtalking.com;cdn.quantummetric.com;cm.g.doubleclick.net;connect.facebook.net;d.oracleinfinity.io;dc.oracleinfinity.io;dpm.demdex.net;dsum-sec.casalemedia.com;fid.agkn.com;fls.doubleclick.net;googleads.g.doubleclick.net;ib.adnxs.com;ingestusipv4.quantummetric.com;insight.adsrvr.org;live.rezync.com;pixel.rubiconproject.com;qdxqettimfkrw2pahnca-p0o25o-077db4105-clientnsv4-s.akamaihd.net;s.amazon-adsystem.com;s2.go-mpulse.net;scripts.clarity.ms;servedby.flashtalking.com;signin.att.com;smetrics.att.com;solutions.invocacdn.com;storage.googleapis.com;trial-eum-clientnsv4-s.akamaihd.net;trial-eum-clienttons-s.akamaihd.net;ucm-us.verint-cdn.com;www.att.com;www.clarity.ms;www.google.com;www.googleadservices.com;www.googletagmanager.com
5254,signalr.net,10,c.bing.com;c.clarity.ms;dotnet.microsoft.com;js.monitor.azure.com;s.clarity.ms;scripts.clarity.ms;signalr.net;uhf.microsoft.com;wcpstatic.microsoft.com;www.clarity.ms
5261,braze.eu,32,analytics.google.com;braze.eu;cdn.cookielaw.org;cdn.microad.jp;cdn.pdst.fm;cdn.sanity.io;cm.g.doubleclick.net;connect.facebook.net;dev.visualwebsiteoptimizer.com;dpm.demdex.net;edge.fullstory.com;geolocation.onetrust.com;googleads.g.doubleclick.net;ib.adnxs.com;insight.adsrvr.org;j.6sc.co;js.adsrvr.org;js.qualified.com;munchkin.marketo.net;pixel.rubiconproject.com;pixels.spotify.com;rules.quantcount.com;s.yimg.com;secure.quantserve.com;snap.licdn.com;stats.g.doubleclick.net;tags.srv.stackadapt.com;tracking.g2crowd.com;www.braze.com;www.google.com;www.googletagmanager.com;www.redditstatic.com
5273,mintegral.net,7,assets-official.mintegral.com;icheck.mintegral.com;mintegral.net;s3.amazonaws.com;www.google-analytics.com;www.googletagmanager.com;www.mintegral.com
5279,digital-cloud-west.medallia.com,7,cdn.jsdelivr.net;cdn.medallia.com;cdn.rawgit.com;digital-cloud-west.medallia.com;fonts.googleapis.com;fonts.gstatic.com;resources.digital-cloud.medallia.com
5286,app.pdq.com,3,app.pdq.com;fonts.googleapis.com;www.googletagmanager.com
5291,gateway.zscalertwo.net,2,gateway.zscalertwo.net;login.zscalertwo.net
5294,en.wikipedia.org,2,en.wikipedia.org;upload.wikimedia.org
5301,www.cloudflare.com,37,713-xsc-918.mktoresp.com;ad.doubleclick.net;adservice.google.com;alb.reddit.com;analytics.twitter.com;api.company-target.com;bat.bing.com;bat.bing.net;cdn.bizible.com;cdn.bizibly.com;cf-assets.www.cloudflare.com;challenges.cloudflare.com;cm.g.doubleclick.net;dsum-sec.casalemedia.com;ib.adnxs.com;id.rlcdn.com;insight.adsrvr.org;js.adsrvr.org;js.qualified.com;munchkin.marketo.net;ot.www.cloudflare.com;partners.tremorhub.com;pixel.rubiconproject.com;px.ads.linkedin.com;s.company-target.com;segments.company-target.com;snap.licdn.com;static.ads-twitter.com;static.cloudflareinsights.com;stats.g.doubleclick.net;t.co;tag-logger.demandbase.com;tag.demandbase.com;www.cloudflare.com;www.google.com;www.googletagmanager.com;www.linkedin.com
5313,threatdown.com,43,185c650ccfd84b27aad189f19681365b.js.ubembed.com;805-usg-300.mktoresp.com;alb.reddit.com;analytics.google.com;api.company-target.com;api.weglot.com;assets.adoberesources.net;assets.ubembed.com;bat.bing.com;cdn.cookielaw.org;cdn.weglot.com;dev.visualwebsiteoptimizer.com;dsum-sec.casalemedia.com;fonts.googleapis.com;fonts.gstatic.com;geolocation.onetrust.com;get.threatdown.com;go.malwarebytes.com;grsm.io;id.rlcdn.com;js.zi-scripts.com;munchkin.marketo.net;partnerlinks.io;partners.tremorhub.com;pixel-config.reddit.com;pixel.rubiconproject.com;px.ads.linkedin.com;s.company-target.com;segments.company-target.com;snap.licdn.com;stats.g.doubleclick.net;stats.wp.com;tag-logger.demandbase.com;tag.demandbase.com;threatdown.com;ws.zoominfo.com;www.g2.com;www.google.com;www.googletagmanager.com;www.linkedin.com;www.redditstatic.com;www.threatdown.com;www.upsellit.com
5331,logitech.com,49,201-wgh-889.mktoresp.com;6016578.global.siteimproveanalytics.io;8227232.fls.doubleclick.net;ad.doubleclick.net;alb.reddit.com;analytics.tiktok.com;cdn.bizible.com;cdn.bizibly.com;cdn.cookielaw.org;cdn.evgnet.com;cdn.quantummetric.com;cdn.tkrconnector.com;cdn.yellowmessenger.com;cm.everesttech.net;cm.g.doubleclick.net;connect.facebook.net;dpm.demdex.net;geolocation.onetrust.com;googleads.g.doubleclick.net;ib.adnxs.com;ingest.quantummetric.com;insight.adsrvr.org;js.adsrvr.org;logitech.com;logitech.demdex.net;logitecheurope.us-6.evergage.com;m.servedby-buysellads.com;munchkin.marketo.net;pixel-config.reddit.com;pixel.rubiconproject.com;pubads.g.doubleclick.net;px.ads.linkedin.com;resource.logitech.com;s.pinimg.com;siteimproveanalytics.com;sjs.bizographics.com;snap.licdn.com;sync-tm.everesttech.net;utt.impactcdn.com;webanalytics.logitech.com;webtags.logitech.com;ws.zoominfo.com;www.facebook.com;www.google-analytics.com;www.google.com;www.googletagmanager.com;www.linkedin.com;www.logitech.com;www.redditstatic.com
5343,mab.chartbeat.com,6,docs.chartbeat.com;ka-p.fontawesome.com;mab.chartbeat.com;static-2v.gitbook.com;www.google-analytics.com;www.googletagmanager.com
5347,stackpath.bootstrapcdn.com,10,api.github.com;cdn.jsdelivr.net;datum.jsdelivr.com;fonts.googleapis.com;fonts.gstatic.com;github.com;github.githubassets.com;platform.twitter.com;stackpath.bootstrapcdn.com;syndication.twitter.com
5364,developer.microsoft.com,14,browser.events.data.microsoft.com;c.bing.com;c.clarity.ms;c.s-microsoft.com;developer.microsoft.com;fonts.googleapis.com;fonts.gstatic.com;js.monitor.azure.com;s.clarity.ms;scripts.clarity.ms;uhf.microsoft.com;wcpstatic.microsoft.com;www.clarity.ms;www.microsoft.com
5368,i.manage.microsoft.com,7,aadcdn.msftauth.net;browser.events.data.microsoft.com;i.manage.microsoft.com;intune.microsoft.com;login.live.com;login.microsoftonline.com;portal.azure.com
5381,js-cdn.dynatrace.com,42,352-nvo-562.mktoresp.com;9976700.fls.doubleclick.net;a.usbrowserspeed.com;ad.doubleclick.net;adservice.google.com;alb.reddit.com;b.6sc.co;bat.bing.com;bf25977vwq.bf.dynatrace.com;c.6sc.co;cdn.calibermind.com;cdn.cookielaw.org;cdn.dm.dynatrace.com;cdn.hub.central.dynatrace.com;dt-cdn.net;e.calibermind.com;epsilon.6sense.com;geolocation.onetrust.com;googleads.g.doubleclick.net;ipv6.6sc.co;ixfd-api.bc0a.com;j.6sc.co;js-cdn.dynatrace.com;munchkin.marketo.net;paapi9296.d41.co;pixel-config.reddit.com;px.ads.linkedin.com;ruxit.com;secure.adnxs.com;snap.licdn.com;static.hotjar.com;t.influ2.com;tags.srv.stackadapt.com;v2.d41.co;ws.zoominfo.com;www.dynatrace.com;www.google-analytics.com;www.google.com;www.googletagmanager.com;www.influ2.com;www.linkedin.com;www.redditstatic.com
5404,ttlock.com,4,accwww5c1.53kf.com;tb.53kf.com;ttlock.com;www5c1.53kf.com
5411,gateway.zscalerthree.net,2,gateway.zscalerthree.net;login.zscalerthree.net
5414,adsbynimbus.com,6,adsbynimbus.com;cdn.prod.website-files.com;d3e54v103j8qbb.cloudfront.net;www.adsbynimbus.com;www.google-analytics.com;www.googletagmanager.com
5429,developers.google.cn,10,apis.google.com;feedback-pa.clients6.google.com;fonts.googleapis.cn;fonts.googleapis.com;fonts.gstatic.cn;gstatic.com;www.google-analytics.com;www.googletagmanager.com;www.gstatic.cn;www.gstatic.com
5444,w.org,7,i0.wp.com;s.w.org;stats.wp.com;w.org;wordpress.org;www.google-analytics.com;www.googletagmanager.com
5470,catchon.com,10,bat.bing.com;catchon.com;cdn.cookielaw.org;js.qualified.com;lightspeedsystems.containers.piwik.pro;lightspeedsystems.piwik.pro;sp-ao.shortpixel.ai;www.catchon.com;www.lightspeedsystems.com;www.youtube.com
5472,s.w.org,6,i0.wp.com;s.w.org;stats.wp.com;wordpress.org;www.google-analytics.com;www.googletagmanager.com
5476,asia.apple.com,4,asia.apple.com;securemetrics.apple.com;securemvt.apple.com;www.apple.com
5484,myworkday.com,4,client.rum.us-east-1.amazonaws.com;community.workday.com;myworkday.com;static.community.workday.com
5487,sync.tubemogul.com,2,sync-tm.everesttech.net;sync.tubemogul.com
5506,auth0.com,60,10910059.fls.doubleclick.net;855-qah-699.mktoresp.com;a.quora.com;ad.doubleclick.net;adobemetrics.auth0.com;adservice.google.com;alb.reddit.com;analytics.google.com;analytics.twitter.com;assets.adobedtm.com;assets.adoberesources.net;auth0.com;b.6sc.co;c.6sc.co;c.contentsquare.net;cdn.auth0.com;cdn.bizible.com;cdn.bizibly.com;cdn.cookielaw.org;cdn.heapanalytics.com;cdn.optimizely.com;cdnjs.cloudflare.com;cm.g.doubleclick.net;connect.facebook.net;d.adroll.com;epsilon.6sense.com;geolocation.onetrust.com;heapanalytics.com;ib.adnxs.com;images.ctfassets.net;insight.adsrvr.org;ipv6.6sc.co;j.6sc.co;js.adsrvr.org;js.qualified.com;k-aus1.contentsquare.net;l.contentsquare.net;lex.33across.com;lift-ai-js.marketlinc.com;logx.optimizely.com;m.servedby-buysellads.com;munchkin.marketo.net;pixel-config.reddit.com;pixel.rubiconproject.com;platform.twitter.com;pubads.g.doubleclick.net;px.ads.linkedin.com;s.adroll.com;snap.licdn.com;static.ads-twitter.com;stats.g.doubleclick.net;t.co;t.contentsquare.net;tracking-api.g2.com;tracking.g2crowd.com;trk.techtarget.com;www.google.com;www.googletagmanager.com;www.linkedin.com;www.redditstatic.com
5507,playdigo.com,4,analytics.google.com;playdigo.com;stats.g.doubleclick.net;www.google-analytics.com
5511,stats.wp.com,16,accounts.google.com;bat.bing.com;cdn.parsely.com;connect.facebook.net;googleads.g.doubleclick.net;p1.parsely.com;public-api.wordpress.com;refer.wordpress.com;s0.wp.com;static.hotjar.com;stats.wp.com;wordpress.com;wpcom.files.wordpress.com;www.google-analytics.com;www.google.com;www.googletagmanager.com
5532,mimecast.com,47,336-tau-594.mktoresp.com;a.usbrowserspeed.com;alb.reddit.com;analytics.google.com;api.cr-relay.com;assets.mimecast.com;bat.bing.com;bttrack.com;c.clarity.ms;cdn.bttrack.com;cdn.cookielaw.org;cdn.cr-relay.com;cdn.jsdelivr.net;cdn.mouseflow.com;cdn.optimizely.com;di.rlcdn.com;epsilon.6sense.com;eu.api.fpjs.io;fpjscdn.net;geolocation.onetrust.com;googleads.g.doubleclick.net;ipv6.6sc.co;j.6sc.co;lonrtp1-cdn.marketo.com;lonrtp1.marketo.com;mimecast.com;munchkin.marketo.net;pixel-config.reddit.com;pixel.byspotify.com;px.ads.linkedin.com;rtp-static.marketo.com;s.clarity.ms;scout-cdn.salesloft.com;scout.salesloft.com;scripts.clarity.ms;snap.licdn.com;stats.g.doubleclick.net;tracker.pixeltracker.co;ug-webapp-public-production.s3.amazonaws.com;unpkg.com;use.typekit.net;www.clarity.ms;www.google.com;www.googletagmanager.com;www.linkedin.com;www.mimecast.com;www.redditstatic.com
5538,usea1-017.sentinelone.net,3,cdn.pendo.io;content.pendo.sentinelone.net;usea1-017.sentinelone.net
5544,accounts.firefox.com,3,accounts.firefox.com;cdn.accounts.firefox.com;o1069899.ingest.sentry.io
5549,sportradarserving.com,8,cdn-ileimjk.nitrocdn.com;fonts.gstatic.com;nitroscripts.com;sportradar.com;sportradarserving.com;to.getnitropack.com;www.google.com;www.sportradar.com
5552,wakesmart.net,3,fonts.googleapis.com;fonts.gstatic.com;wakesmart.net
5559,logs.datadoghq.com,5,7fc280bc.datadoghq.com;d20xtzwzcl0ceb.cloudfront.net;logs.datadoghq.com;static.datadoghq.com;www.datadoghq.com
5561,mas-sdk.amazon.com,2,g-ecx.images-amazon.com;mas-sdk.amazon.com
5565,nyt.com,51,3c6a1f1c81f513fe3fc1f00f2567f3e6.safeframe.googlesyndication.com;5290727.fls.doubleclick.net;a.et.nytimes.com;a.nytimes.com;aax.amazon-adsystem.com;ad.doubleclick.net;adservice.google.com;als-svc.nytimes.com;ats-wrapper.privacymanager.io;c.amazon-adsystem.com;cdn.brandmetrics.com;cdn.doubleverify.com;cm.g.doubleclick.net;config.aps.amazon-adsystem.com;dd.nytimes.com;eg.nytimes.com;ep1.adtrafficquality.google;ep2.adtrafficquality.google;fastlane.rubiconproject.com;fonts.googleapis.com;fonts.gstatic.com;g1.nyt.com;grid-bidder.criteo.com;gum.criteo.com;hbopenbid.pubmatic.com;hbxlp.media.net;htlb.casalemedia.com;launchpad-wrapper.privacymanager.io;launchpad.privacymanager.io;nyt-dti-prd-staticjs.storage.googleapis.com;nyt.com;pagead2.googlesyndication.com;pay.google.com;platform.iteratehq.com;prebid.media.net;purr.nytimes.com;rtb.openx.net;rumcdn.geoedge.be;s.go-mpulse.net;sb.scorecardresearch.com;securepubads.g.doubleclick.net;static.chartbeat.com;static01.nyt.com;tlx.3lift.com;tpc.googlesyndication.com;tps.doubleverify.com;warp.media.net;www.datadoghq-browser-agent.com;www.google.com;www.googletagmanager.com;www.gstatic.com
5585,xiaohongshu.com,8,as.xiaohongshu.com;edith.xiaohongshu.com;fe-static.xhscdn.com;fe-video-qc.xhscdn.com;sns-avatar-qc.xhscdn.com;sns-webpic-qc.xhscdn.com;www.xiaohongshu.com;xiaohongshu.com
5588,people-companion.public.onecdn.static.microsoft,2,people-companion.public.onecdn.static.microsoft;res.cdn.office.net
5617,sprig.com,4,cdn.jsdelivr.net;cdn.prod.website-files.com;d3e54v103j8qbb.cloudfront.net;sprig.com
5618,ex.co,24,api.hubapi.com;cdn-cookieyes.com;directory.cookieyes.com;ex.co;forms-na1.hsforms.com;forms.hsforms.com;js.hs-analytics.net;js.hs-banner.com;js.hs-scripts.com;js.hsadspixel.net;js.hscollectedforms.net;js.hsforms.net;js.hubspot.com;log.cookieyes.com;perf-na1.hsforms.com;prd-collector-platform.ex.co;px.ads.linkedin.com;smart-placements-sdk.ex.co;snap.licdn.com;static.ex.co;track.hubspot.com;www.google-analytics.com;www.googletagmanager.com;www.linkedin.com
5621,aws.com,20,a.b.cdn.console.awsstatic.com;a0.awsstatic.com;amazonwebservices.d2.sc.omtrdc.net;aws.amazon.com;aws.com;aws.demdex.net;cm.everesttech.net;cx0.m.awsstatic.com;d0.m.awsstatic.com;d1.awsstatic.com;d2c.aws.amazon.com;dpm.demdex.net;edge.adobedc.net;infra-api.us-east-1.prod.mrc-sunrise.marketing.aws.dev;loader.us-east-1.prod.mrc-sunrise.marketing.aws.dev;prod.log.shortbread.aws.dev;prod.pa.cdn.uis.awsstatic.com;t0.m.awsstatic.com;vs.aws.amazon.com;www.youtube.com
5631,cdn.optable.co,27,ajax.googleapis.com;analytics.google.com;cdn.jsdelivr.net;cdn.optable.co;cdn.prod.website-files.com;cdn.weglot.com;d3e54v103j8qbb.cloudfront.net;fonts.googleapis.com;fonts.gstatic.com;forms-na1.hsforms.com;forms.hsforms.com;googleads.g.doubleclick.net;js.hs-analytics.net;js.hs-banner.com;js.hs-scripts.com;js.hscollectedforms.net;js.hsforms.net;optable.co;px.ads.linkedin.com;snap.licdn.com;stats.g.doubleclick.net;track.hubspot.com;www.google-analytics.com;www.google.com;www.googletagmanager.com;www.linkedin.com;www.optable.co
5650,vc.hotjar.io,41,alb.reddit.com;analytics.google.com;analytics.twitter.com;api.segment.io;aplo-evnt.com;assets.apollo.io;ca.contentsquare.net;cdn.cookielaw.org;cdn.jsdelivr.net;cdn.optimizely.com;cdn.segment.com;cdn.us.heap-api.com;connect.facebook.net;et.eulerian.net;eu.api.fpjs.io;fast.appcues.com;fpjscdn.net;geolocation.onetrust.com;googleads.g.doubleclick.net;grsm.io;images.ctfassets.net;invite.contentsquare.com;invite.hotjar.com;js.partnerstack.com;partnerlinks.io;pixel-config.reddit.com;px.ads.linkedin.com;snap.licdn.com;static.ada.support;static.ads-twitter.com;static.hotjar.com;stats.g.doubleclick.net;t.co;t.contentsquare.net;unpkg.com;vc.hotjar.io;www.google.com;www.googletagmanager.com;www.hotjar.com;www.linkedin.com;www.redditstatic.com
5652,evergage.com,2,evergage.com;www.salesforce.com
5656,fitbit.com,16,2542116.fls.doubleclick.net;ad.doubleclick.net;adservice.google.com;fitbit.com;fonts.gstatic.com;googleads.g.doubleclick.net;lh3.googleusercontent.com;ogads-pa.clients6.google.com;play.google.com;ssl.gstatic.com;storage.googleapis.com;www.fitbit.com;www.google-analytics.com;www.google.com;www.googletagmanager.com;www.gstatic.com
5658,wayfair.com,12,assets.wfcdn.com;client.px-cloud.net;collector-px3vk96i6i.px-client.net;collector-px3vk96i6i.px-cloud.net;crcldu.com;fonts.googleapis.com;fonts.gstatic.com;fst-ec.perimeterx.net;sonar.script.ac;tzm.px-cloud.net;wayfair.com;www.wayfair.com
5660,posthog.com,3,internal-c.posthog.com;posthog.com;res.cloudinary.com
5672,sparteo.com,12,cdn.jsdelivr.net;cdn.prod.website-files.com;corporate.sparteo.com;d3e54v103j8qbb.cloudfront.net;matomo.platform-k8s.bricks-co.com;pbsj.bricks-co.com;sparteo.com;static.fastcmp.com;sync.sparteo.com;t.fastcmp.com;www.google.com;www.gstatic.com
5680,pixel.wp.com,16,accounts.google.com;bat.bing.com;cdn.parsely.com;connect.facebook.net;googleads.g.doubleclick.net;p1.parsely.com;pixel.wp.com;public-api.wordpress.com;refer.wordpress.com;s0.wp.com;static.hotjar.com;wordpress.com;wpcom.files.wordpress.com;www.google-analytics.com;www.google.com;www.googletagmanager.com
5687,site.com,2,site.com;www.salesforce.com
5688,adscale.de,6,adscale.de;analytics.regiohelden.de;consent.cookiebot.com;consentcdn.cookiebot.com;static.cloudflareinsights.com;stroeer.de
5714,cloud4.wakesmart.net,3,cloud4.wakesmart.net;fonts.googleapis.com;fonts.gstatic.com
5726,lens.google.com,3,ogads-pa.clients6.google.com;play.google.com;www.gstatic.com
5733,capcut.com,17,analytics.google.com;bat.bing.com;c.bing.com;c.clarity.ms;capcut.com;googleads.g.doubleclick.net;lf16-cdn-tos.tiktokcdn-us.com;lf16-tiktok-web.tiktokcdn-us.com;mon16-normal-us-ttp.capcutapi.us;mon16-normal-useast5.tiktokv.us;p16-seeyou-useast5.capcutcdn-us.com;sf16-ug-tos.capcutcdn-us.com;sf16-web-tos-buz.capcutcdn-us.com;stats.g.doubleclick.net;www.clarity.ms;www.google.com;www.googletagmanager.com
5739,lastpass.com,25,129-msq-038.mktoresp.com;analytics.lastpass.com;analytics.twitter.com;arttrk.com;connect.facebook.net;consent.trustarc.com;consent.truste.com;d6tizftlrpuof.cloudfront.net;fonts.googleapis.com;fonts.gstatic.com;googleads.g.doubleclick.net;js.driftt.com;lastpass.com;px.ads.linkedin.com;static.lputil.com;t.co;tags.srv.stackadapt.com;tvspix.com;w.usabilla.com;web-analytics.lastpass.com;www.datadoghq-browser-agent.com;www.google.com;www.googleadservices.com;www.googletagmanager.com;www.linkedin.com
5745,contentful.com,12,ad.ipredictive.com;ade.googlesyndication.com;cdn.segment.com;cmp.osano.com;contentful.com;images-www.contentful.com;images.ctfassets.net;pagead2.googlesyndication.com;www.contentful.com;www.g2.com;www.google-analytics.com;www.googletagmanager.com
5750,search.yahoo.com,4,s.yimg.com;search.yahoo.com;www.google-analytics.com;www.googletagmanager.com
5758,zebra.com,37,ad.doubleclick.net;api.company-target.com;app.gatedcontent.com;assets.adobedtm.com;cdn.cookielaw.org;cdn.evgnet.com;cm.everesttech.net;connect.facebook.net;dpm.demdex.net;dsum-sec.casalemedia.com;fls.doubleclick.net;geolocation.onetrust.com;googleads.g.doubleclick.net;id.rlcdn.com;mktg.zebra.com;p.typekit.net;partners.tremorhub.com;pi.pardot.com;pixel.rubiconproject.com;ptr.zebra.com;s.company-target.com;scripts.demandbase.com;segments.company-target.com;static.cloud.coveo.com;storage.googleapis.com;stripes.zebra.com;svc.zebra.com;swebmetrics.zebra.com;tag-logger.demandbase.com;use.typekit.net;www.google.com;www.googleadservices.com;www.googletagmanager.com;www.zebra.com;zebra.com;zebra.us-1.evergage.com;zebratechnologies.demdex.net
5766,adsuetprod-ckdecufth8fcedex.b01.azurefd.net,28,aadcdn.msftauth.net;ab.dns-finder.com;ad-delivery.net;ad.doubleclick.net;adsdk.microsoft.com;adsuetprod-ckdecufth8fcedex.b01.azurefd.net;api.btloader.com;api.msn.com;arc.msn.com;browser.events.data.msn.com;btloader.com;c.bing.com;c.msn.com;ecn.dev.virtualearth.net;ib.msn.com;img-s-msn-com.akamaized.net;js.monitor.azure.com;login.live.com;login.microsoftonline.com;m.adnxs.com;mem.gfx.ms;px.ads.linkedin.com;sb.scorecardresearch.com;scripts.mf.webcontentassessor.com;srtb.msn.com;trc.taboola.com;www.bing.com;www.msn.com
5770,anydesk.com,2,challenges.cloudflare.com;static.cloudflareinsights.com
5779,api.sprig.com,5,api.sprig.com;cdn.jsdelivr.net;cdn.prod.website-files.com;d3e54v103j8qbb.cloudfront.net;sprig.com
5784,techsmith.com,46,0abbcc19af48460598e8c749d02d66f5.js.ubembed.com;54.156.2.105;ad.doubleclick.net;analytics.google.com;assets.ubembed.com;bat.bing.com;bat.bing.net;browser.sentry-cdn.com;capi-automation.s3.us-east-2.amazonaws.com;cdn.cookielaw.org;connect.facebook.net;d.impactradius-event.com;d3brydjkjmkwmj.cloudfront.net;dev.visualwebsiteoptimizer.com;distillery.wistia.com;dx.mountain.com;embed-cloudfront.wistia.com;fast.wistia.com;fast.wistia.net;fonts.googleapis.com;fonts.gstatic.com;geolocation.onetrust.com;googleads.g.doubleclick.net;ipinfo.io;js.zi-scripts.com;p.typekit.net;pipedream.wistia.com;pixel.byspotify.com;pixels.spotify.com;portal.brandlock.io;px.ads.linkedin.com;snap.licdn.com;ssgtm.techsmith.com;static.hotjar.com;stats.g.doubleclick.net;techsmith.com;tracking-api.g2.com;tracking.g2crowd.com;use.typekit.net;ws-assets.zoominfo.com;ws.zoominfo.com;www.google.com;www.googletagmanager.com;www.linkedin.com;www.pages04.net;www.sc.pages04.net
5789,wordpress.com,16,accounts.google.com;bat.bing.com;cdn.parsely.com;connect.facebook.net;googleads.g.doubleclick.net;p1.parsely.com;public-api.wordpress.com;refer.wordpress.com;s0.wp.com;static.hotjar.com;stats.wp.com;wordpress.com;wpcom.files.wordpress.com;www.google-analytics.com;www.google.com;www.googletagmanager.com
5803,cdn.espn.com,52,697dea7b0c85f17dadba0ade7c026845.safeframe.googlesyndication.com;a.espncdn.com;a1.espncdn.com;a3.espncdn.com;a4.espncdn.com;ad.doubleclick.net;ad.turn.com;ads.pubmatic.com;bcp.crwdcntrl.net;broadband.espn.com;cdn.espn.com;cdn.id5-sync.com;cdn.jsdelivr.net;cdn.mgaru.dev;cdn.registerdisney.go.com;chui-assets-cdn.espn.com;cm.g.doubleclick.net;connectid.analytics.yahoo.com;dcf.espn.com;dmp.im-apps.net;entitlement.auth.adobe.com;ep1.adtrafficquality.google;ep2.adtrafficquality.google;esp.rtbhouse.com;fonts.gstatic.com;fundingchoicesmessages.google.com;google-bidout-d.openx.net;googleads.g.doubleclick.net;gum.criteo.com;id5-sync.com;ident.mygaru.com;invstatic101.creativecdn.com;match.adsrvr.org;micro.rubiconproject.com;oa.openxcdn.net;oajs.openx.net;pagead2.googlesyndication.com;pinpoint.espn.com;s0.2mdn.net;secure.espn.com;securepubads.g.doubleclick.net;site.api.espn.com;sp.auth.adobe.com;static.criteo.net;sync6.im-apps.net;tags.crwdcntrl.net;tracking.mygaru.com;ups.analytics.yahoo.com;www.espn.com;www.google.com;www.googletagmanager.com;www.googletagservices.com
5813,apis.mail.yahoo.com,4,apis.mail.yahoo.com;bcn.fp.yahoo.com;geo.yahoo.com;s.yimg.com
5814,thawte.com,31,8182015.fls.doubleclick.net;adservice.google.com;api.company-target.com;api.userway.org;assets.adobedtm.com;cdn.pendo.io;cdn.userway.org;cm.everesttech.net;data.pendo.io;digicert.demdex.net;dpm.demdex.net;eu-assets.i.posthog.com;eu.i.posthog.com;fonts.gstatic.com;googleads.g.doubleclick.net;i.ytimg.com;img04.en25.com;s1701211846.t.eloqua.com;seal.digicert.com;smetrics.digicert.com;static.ada.support;static.doubleclick.net;tag-logger.demandbase.com;tag.demandbase.com;thawte.com;transcend-cdn.com;www.google-analytics.com;www.google.com;www.googletagmanager.com;www.thawte.com;www.youtube.com
5818,klarna.com,4,klarna.com;owp.klarna.com;www.klarna.com;x.klarnacdn.net
5832,a.sportradarserving.com,8,a.sportradarserving.com;cdn-ileimjk.nitrocdn.com;fonts.gstatic.com;nitroscripts.com;sportradar.com;to.getnitropack.com;www.google.com;www.sportradar.com
5838,chase.com,6,asset.chase.com;c.go-mpulse.net;chase.com;s2.go-mpulse.net;static.chasecdn.com;www.chase.com
5840,plex.tv,86,1fd4972a-a5e7-4b86-92a7-2c6375ba14ea.redfastlabs.com;a.ad.gt;aax.amazon-adsystem.com;ab.dns-finder.com;accounts.google.com;ad-delivery.net;ad.360yield.com;ad.doubleclick.net;analytics-ipv6.tiktokw.us;analytics.google.com;analytics.tiktok.com;api.id5-sync.com;btloader.com;btlr.sharethrough.com;c.amazon-adsystem.com;carbon-cdn.ccgateway.net;cd836371f1d.cdn.intergient.com;cdn.hadronid.net;cdn.id5-sync.com;cdn.intergient.com;cm.g.doubleclick.net;conduit.redfast.com;config.aps.amazon-adsystem.com;config.playwire.com;cs.media.net;d.turn.com;direct.adsrvr.org;eb2.3lift.com;edge.fullstory.com;exchange.cootlogix.com;fastlane.rubiconproject.com;fid.agkn.com;googleads.g.doubleclick.net;grid-bidder.criteo.com;gum.criteo.com;hb.yellowblue.io;hbopenbid.pubmatic.com;hbx.media.net;htlb.casalemedia.com;i.liadm.com;ib.adnxs.com;id.crwdcntrl.net;id5-sync.com;ids.ad.gt;ids4.ad.gt;idx.liadm.com;image2.pubmatic.com;imasdk.googleapis.com;js.sentry-cdn.com;launchpad-wrapper.privacymanager.io;launchpad.privacymanager.io;lb.eu-1-id5-sync.com;lexicon.33across.com;match.adsrvr.org;match.sharethrough.com;p.ad.gt;pb-ing-02.ccgateway.net;pbs.intergient.com;pixel.tapad.com;pixels.ad.gt;plex.tv;pogo.ccgateway.net;prebid.smilewanted.com;privacy-location-edge.ccgateway.net;prod.uidapi.com;ps.eyeota.net;px.ads.linkedin.com;raw.githubusercontent.com;rp.liadm.com;rs.fullstory.com;rtb.openx.net;secure.cdn.fastclick.net;securepubads.g.doubleclick.net;stats.g.doubleclick.net;sync.go.sonobi.com;sync.srv.stackadapt.com;tags.crwdcntrl.net;tlx.3lift.com;token.rubiconproject.com;u.openx.net;ups.analytics.yahoo.com;www.google.com;www.googleadservices.com;www.googletagmanager.com;www.gstatic.com;www.plex.tv
5848,gateway-fallback.facebook.com,2,gateway-fallback.facebook.com;static.facebook.com
5859,bytedance.com,6,bytedance.com;mon-va.byteoversea.com;p16.tiktokcdn.com;sf16-scmcdn-sg.ibytedtos.com;sf16-scmcdn-va.ibytedtos.com;www.bytedance.com
5870,tradplusad.com,5,api-manager.tradplusad.com;cdn.tradplusad.com;hmcdn.baidu.com;lf1-cdn-tos.bytegoofy.com;tradplusad.com
5871,userway.org,2,cdn.userway.org;userway.org
5878,sync-1-us-west1-g.sync.services.mozilla.com,4,media.ethicalads.io;mozilla-services.readthedocs.io;mozorg.cdn.mozilla.net;sync-1-us-west1-g.sync.services.mozilla.com
5884,overwolf.com,34,11346473.fls.doubleclick.net;ad.doubleclick.net;adservice.google.com;alb.reddit.com;analytics-ipv6.tiktokw.us;analytics.tiktok.com;analytics.twitter.com;c.bing.com;c.clarity.ms;cdn.mxpnl.com;cdnjs.cloudflare.com;connect.facebook.net;content.overwolf.com;fonts.googleapis.com;fonts.gstatic.com;googleads.g.doubleclick.net;js.zi-scripts.com;overwolf.com;pixel-config.reddit.com;px.ads.linkedin.com;s.clarity.ms;sb.scorecardresearch.com;scripts.clarity.ms;snap.licdn.com;static.ads-twitter.com;t.co;unpkg.com;ws.zoominfo.com;www.clarity.ms;www.google-analytics.com;www.google.com;www.googletagmanager.com;www.linkedin.com;www.redditstatic.com
5891,lenovomm.com,3,fsr.lenovomm.com;lenovomm.com;s1.lenovomm.cn
5892,tr-eop-atm.office.com,4,aadcdn.msftauth.net;login.microsoftonline.com;res.public.onecdn.static.microsoft;tr-eop-atm.office.com
5899,palmplaystore.com,10,cdn2.palmplaystore.com;dsu-h5-auto.shallspark.com;ep1.adtrafficquality.google;ep2.adtrafficquality.google;fundingchoicesmessages.google.com;googleads.g.doubleclick.net;h5.eagllwin.com;pagead2.googlesyndication.com;palmplaystore.com;www.google.com
5902,google.ru,3,ogads-pa.clients6.google.com;play.google.com;www.gstatic.com
5912,samanage.com,2,samanage.com;www.solarwinds.com
5914,secure.espn.com,49,a.espncdn.com;a1.espncdn.com;a4.espncdn.com;ad.doubleclick.net;ad.turn.com;ads.pubmatic.com;bcp.crwdcntrl.net;cdn.id5-sync.com;cdn.jsdelivr.net;cdn.mgaru.dev;cdn.registerdisney.go.com;chui-assets-cdn.espn.com;cm.g.doubleclick.net;connectid.analytics.yahoo.com;d81e3836f40f8aa9a40e1060b26cd865.safeframe.googlesyndication.com;dcf.espn.com;dmp.im-apps.net;entitlement.auth.adobe.com;ep1.adtrafficquality.google;ep2.adtrafficquality.google;esp.rtbhouse.com;fundingchoicesmessages.google.com;google-bidout-d.openx.net;googleads.g.doubleclick.net;googleads4.g.doubleclick.net;gum.criteo.com;id5-sync.com;ident.mygaru.com;invstatic101.creativecdn.com;match.adsrvr.org;micro.rubiconproject.com;oa.openxcdn.net;oajs.openx.net;pagead2.googlesyndication.com;pinpoint.espn.com;s0.2mdn.net;secure.espn.com;securepubads.g.doubleclick.net;site.api.espn.com;sp.auth.adobe.com;static.criteo.net;sync6.im-apps.net;tags.crwdcntrl.net;tracking.mygaru.com;ups.analytics.yahoo.com;www.espn.com;www.google.com;www.googletagmanager.com;www.googletagservices.com
5915,sendbird.com,12,cdn.bizible.com;cdn.bizibly.com;cdn.cookielaw.org;cdn.jsdelivr.net;dev.visualwebsiteoptimizer.com;geolocation.onetrust.com;get.sendbird.com;js.zi-scripts.com;sendbird.com;sendbird.imgix.net;ws-assets.zoominfo.com;ws.zoominfo.com
5916,static.ui.com,14,alb.reddit.com;cdn.cookielaw.org;dev.visualwebsiteoptimizer.com;geolocation.onetrust.com;images.svc.ui.com;pixel-config.reddit.com;sso.ui.com;static.hotjar.com;static.ui.com;store.ui.com;www.google-analytics.com;www.googletagmanager.com;www.redditstatic.com;www.ui.com
5918,appleid.apple.com,8,account.apple.com;appleid.apple.com;appleid.cdn-apple.com;apps.apple.com;auth.apps.apple.com;buy.apps.apple.com;www.apple.com;xp.apple.com
5922,userapi.com,14,ads.vk.com;akashi.vk-portal.net;api.vk.com;login.vk.com;privacy-cs.mail.ru;r0.mradx.net;st.vk.com;stacks.vk-portal.net;stats.vk-portal.net;tns-counter.ru;top-fwz1.mail.ru;userapi.com;vk.com;www.tns-counter.ru
5932,tr-eop-acdc.office.com,4,aadcdn.msauth.net;login.microsoftonline.com;res.public.onecdn.static.microsoft;tr-eop-acdc.office.com
5937,api-safetrack.branch.io,9,api-safetrack.branch.io;branch.io;cdn.cookielaw.org;click.prod.mplat-ppcprotect.com;client.prod.mplat-ppcprotect.com;geolocation.onetrust.com;www.branch.io;www.google.com;www.googletagmanager.com
5938,bidtheatre.com,15,ajax.googleapis.com;bidtheatre.com;cdn.prod.website-files.com;cdn.weglot.com;challenges.cloudflare.com;consent.cookiebot.com;consentcdn.cookiebot.com;d3e54v103j8qbb.cloudfront.net;fonts.googleapis.com;fonts.gstatic.com;www.bidtheatre.com;www.google-analytics.com;www.google.com;www.googletagmanager.com;www.gstatic.com
5942,music.youtube.com,2,fonts.googleapis.com;fonts.gstatic.com
5944,adsby.bidtheatre.com,15,adsby.bidtheatre.com;ajax.googleapis.com;cdn.prod.website-files.com;cdn.weglot.com;challenges.cloudflare.com;consent.cookiebot.com;consentcdn.cookiebot.com;d3e54v103j8qbb.cloudfront.net;fonts.googleapis.com;fonts.gstatic.com;www.bidtheatre.com;www.google-analytics.com;www.google.com;www.googletagmanager.com;www.gstatic.com
5954,osano.com,22,4785246.fs1.hubspotusercontent-na1.net;4785246.hs-sites.com;7052064.fs1.hubspotusercontent-na1.net;assets.revenuehero.io;cdn1.hubspot.net;cdnjs.cloudflare.com;cmp.osano.com;compass.osano.com;cta-service-cms2.hubspot.com;forms-na1.hsforms.com;forms.hsforms.com;js.hs-banner.com;js.hsforms.net;js.hubspot.com;js.hubspotfeedback.com;osano.com;pagead2.googlesyndication.com;perf-na1.hsforms.com;play.hubspotvideo.com;static.hsappstatic.net;www.googletagmanager.com;www.osano.com
5956,us06web.zoom.us,62,3.212.39.155;9513928.fls.doubleclick.net;ad.doubleclick.net;adservice.google.com;alb.reddit.com;analytics.twitter.com;api.company-target.com;bat.bing.com;c.contentsquare.net;cdn.amplitude.com;cdn.bc0a.com;cdn.cookielaw.org;cdn.jsdelivr.net;cdn.metadata.io;cm.g.doubleclick.net;collector-29673.us.tvsquared.com;connect.facebook.net;csxd.contentsquare.net;dsum-sec.casalemedia.com;dx.mountain.com;geolocation.onetrust.com;googleads.g.doubleclick.net;id.rlcdn.com;ixfd2-api.bc0a.com;js.zi-scripts.com;partners.tremorhub.com;pixel-config.reddit.com;pixel.byspotify.com;pixel.rubiconproject.com;px.adentifi.com;px.ads.linkedin.com;s.company-target.com;s.usea01.idio.episerver.net;s.yimg.jp;scout-cdn.salesloft.com;scout.salesloft.com;segments.company-target.com;snap.licdn.com;sr-client-cfg.amplitude.com;st1.zoom.us;static.ads-twitter.com;static.cloudflareinsights.com;t.co;t.contentsquare.net;tag-logger.demandbase.com;tag.demandbase.com;tracking-api.g2.com;tracking.g2crowd.com;trkn.us;us.telemetry.zoom.us;us01campaign.zoom.us;us06web.zoom.us;utt.impactcdn.com;ws-assets.zoominfo.com;ws.zoominfo.com;www.google.com;www.googletagmanager.com;www.linkedin.com;www.redditstatic.com;www.zoom.com;zoom.sjv.io;zoom.us
5957,cdn.livechatinc.com,2,api.livechatinc.com;cdn.livechatinc.com
5971,collegeboard.org,8,athena.collegeboard.org;atlas.collegeboard.org;cdn.cookielaw.org;cdnjs.cloudflare.com;collegeboard.org;geolocation.onetrust.com;kiwi.collegeboard.org;www.collegeboard.org
5973,bilibili.com,8,api.bilibili.com;api.live.bilibili.com;bilibili.com;data.bilibili.com;i0.hdslb.com;i1.hdslb.com;s1.hdslb.com;www.bilibili.com
5979,addons.mozilla.org,3,addons.mozilla.org;www.google-analytics.com;www.googletagmanager.com
5984,cognito-identity.eu-west-1.amazonaws.com,26,a.b.cdn.console.awsstatic.com;a0.awsstatic.com;amazonwebservices.d2.sc.omtrdc.net;amazonwebservicesinc.tt.omtrdc.net;aws.amazon.com;aws.demdex.net;cm.everesttech.net;cognito-identity.eu-west-1.amazonaws.com;cx0.m.awsstatic.com;d0.m.awsstatic.com;d1.awsstatic.com;d2c.aws.amazon.com;dpm.demdex.net;edge.adobedc.net;fonts.gstatic.com;i.ytimg.com;infra-api.us-east-1.prod.mrc-sunrise.marketing.aws.dev;loader.us-east-1.prod.mrc-sunrise.marketing.aws.dev;prod.log.shortbread.aws.dev;prod.pa.cdn.uis.awsstatic.com;t0.m.awsstatic.com;vs.aws.amazon.com;www.google.com;www.gstatic.com;www.youtube-nocookie.com;yt3.ggpht.com
5986,match.adsby.bidtheatre.com,15,ajax.googleapis.com;cdn.prod.website-files.com;cdn.weglot.com;challenges.cloudflare.com;consent.cookiebot.com;consentcdn.cookiebot.com;d3e54v103j8qbb.cloudfront.net;fonts.googleapis.com;fonts.gstatic.com;match.adsby.bidtheatre.com;www.bidtheatre.com;www.google-analytics.com;www.google.com;www.googletagmanager.com;www.gstatic.com
6001,mediarithmics.com,23,api.hubapi.com;buttons-config.sharethis.com;cdn.prod.website-files.com;d3e54v103j8qbb.cloudfront.net;js.hs-analytics.net;js.hs-banner.com;js.hs-scripts.com;js.hsadspixel.net;js.hscollectedforms.net;js.hubspot.com;mediarithmics.com;perf-na1.hsforms.com;platform-api.sharethis.com;px.ads.linkedin.com;sdk.privacy-center.org;snap.licdn.com;static.mediarithmics.com;track.hubspot.com;www.google-analytics.com;www.googletagmanager.com;www.linkedin.com;www.mediarithmics.com;www.mediarithmics.io
6004,tr-ecs-acdc.office.com,4,aadcdn.msftauth.net;login.microsoftonline.com;res.public.onecdn.static.microsoft;tr-ecs-acdc.office.com
6010,tr-ecs-atm.office.com,4,aadcdn.msauth.net;login.microsoftonline.com;res.public.onecdn.static.microsoft;tr-ecs-atm.office.com
6016,one.one,3,one.one;webapps.group-cdn.one;www.one.com
6018,adp.com,55,9019107.fls.doubleclick.net;ad.doubleclick.net;adp.com;adpinc.us-4.evergage.com;adservice.google.com;alb.reddit.com;analytics.google.com;analytics.twitter.com;api.company-target.com;bat.bing.com;c.az.contentsquare.net;cdn.calibermind.com;cdn.cookielaw.org;cdn.evgnet.com;cdn.schemaapp.com;configs.knotch.com;connect.facebook.net;dsum-sec.casalemedia.com;e.calibermind.com;frontdoor.knotch.it;geolocation.onetrust.com;id.rlcdn.com;img.en25.com;k-us1.az.contentsquare.net;ml314.com;myadp.my.salesforce-scrt.com;myadp.my.site.com;partners.tremorhub.com;pixel-config.reddit.com;pixel.mathtag.com;pixel.rubiconproject.com;pnapi.invoca.net;px.ads.linkedin.com;s.company-target.com;s.yimg.com;segments.company-target.com;snap.licdn.com;solutions.invocacdn.com;sp.analytics.yahoo.com;static.ads-twitter.com;stats.g.doubleclick.net;t.co;t.contentsquare.net;tag-logger.demandbase.com;tag.demandbase.com;tracking.adp.com;vi.ml314.com;www.adp.com;www.google.com;www.googleadservices.com;www.googletagmanager.com;www.knotch-cdn.com;www.linkedin.com;www.redditstatic.com;www.youtube.com
6019,meta.com,8,analytics.google.com;connect.facebook.net;lookaside.fbsbx.com;meta.com;metadotcom.fbthirdpartypixel.com;static.xx.fbcdn.net;tags.tiqcdn.com;www.googletagmanager.com
6026,validation.identrust.com,12,analytics.google.com;cdn.cookielaw.org;cdn.voiceflow.com;cm4-production-assets.s3.amazonaws.com;geolocation.onetrust.com;p.typekit.net;stats.g.doubleclick.net;use.typekit.net;validation.identrust.com;widget.trustpilot.com;www.googletagmanager.com;www.identrust.com
6027,google.com.vn,3,ogads-pa.clients6.google.com;play.google.com;www.gstatic.com
6033,nielsen.com,16,api.weglot.com;cdn.cookielaw.org;cdn.jsdelivr.net;cdn.parsely.com;cdn.weglot.com;cdnjs.cloudflare.com;fonts.googleapis.com;fonts.gstatic.com;geolocation.onetrust.com;nielsen.com;preprod.nielsen.com;s0.wp.com;stats.wp.com;try.abtasty.com;www.googletagmanager.com;www.knotch-cdn.com
6044,widget.trustpilot.com,2,images-static.trustpilot.com;widget.trustpilot.com
6046,attentivemobile.com,28,117310846.intellimizeio.com;api.hubapi.com;api.intellimize.co;attentive.partnerpage.io;attentivemobile.chilipiper.com;attentivemobile.com;cdn.intellimize.co;cdn.prod.website-files.com;consent.cookiebot.com;consentcdn.cookiebot.com;d3e54v103j8qbb.cloudfront.net;docs.attentive.com;forms-na1.hsforms.com;forms.hsforms.com;info.attentive.com;js.hs-analytics.net;js.hs-banner.com;js.hs-scripts.com;js.hsadspixel.net;js.hscollectedforms.net;js.hsforms.net;js.hubspot.com;js.qualified.com;log.intellimize.co;perf-na1.hsforms.com;track.hubspot.com;www.attentive.com;www.googletagmanager.com
6047,demandbase.com,46,695-nnn-490.mktoresp.com;alb.reddit.com;analytics.google.com;api.c99.ai;api.channel99.com;api.company-target.com;app-ab48.marketo.com;bat.bing.com;cdn-app.pathfactory.com;cdn.bizible.com;cdn.bizibly.com;cdn.jsdelivr.net;cdn.ketchjs.com;connect.facebook.net;demandbase.com;dev.visualwebsiteoptimizer.com;dsum-sec.casalemedia.com;fonts.googleapis.com;global.ketchcdn.com;googleads.g.doubleclick.net;id.rlcdn.com;js.navattic.com;js.qualified.com;jukebox.pathfactory.com;media.company-target.com;munchkin.marketo.net;ok.demandbase.com;partners.tremorhub.com;pixel-config.reddit.com;pixel.rubiconproject.com;px.ads.linkedin.com;s.adxyield.com;s.company-target.com;segments.company-target.com;snap.licdn.com;static.oktopost.com;tag-logger.demandbase.com;tag.demandbase.com;tracking-api.g2.com;tracking.g2crowd.com;unpkg.com;www.g2.com;www.google.com;www.googletagmanager.com;www.linkedin.com;www.redditstatic.com
6048,edge-chat.instagram.com,2,edge-chat.instagram.com;static.facebook.com
6053,g.msn.com,31,aadcdn.msauth.net;ab.dns-finder.com;acdn.adnxs.com;ad-delivery.net;ad.doubleclick.net;adsdk.bing.net;adsdk.microsoft.com;adsdkprod.azureedge.net;api.btloader.com;api.msn.com;arc.msn.com;browser.events.data.msn.com;btloader.com;c.bing.com;c.msn.com;ecn.dev.virtualearth.net;g.msn.com;ib.adnxs.com;ib.msn.com;img-s-msn-com.akamaized.net;js.monitor.azure.com;login.live.com;login.microsoftonline.com;m.adnxs.com;mem.gfx.ms;px.ads.linkedin.com;sb.scorecardresearch.com;scripts.mf.webcontentassessor.com;srtb.msn.com;trc.taboola.com;www.msn.com
6059,adthrive.com,13,adthrive.com;analytics.google.com;cdn.consentmanager.net;connect.facebook.net;d.delivery.consentmanager.net;eu-us.consentmanager.net;jobs.ashbyhq.com;px.ads.linkedin.com;raptive.com;snap.licdn.com;stats.g.doubleclick.net;www.googletagmanager.com;www.linkedin.com
6065,heapanalytics.com,44,alb.reddit.com;analytics.google.com;app.clearbit.com;assets.apollo.io;c.contentsquare.net;cdn.cookielaw.org;cdn.heapanalytics.com;cdn.jsdelivr.net;connect.facebook.net;contentsquare.chilipiper.com;epsilon.6sense.com;eu.api.fpjs.io;fpjscdn.net;geolocation.onetrust.com;googleads.g.doubleclick.net;heap.io;heapanalytics.com;images.ctfassets.net;ipv6.6sc.co;j.6sc.co;k-aus1.contentsquare.net;marketo.clearbit.com;munchkin.marketo.net;page.contentsquare.com;pixel-config.reddit.com;pubads.g.doubleclick.net;px.ads.linkedin.com;snap.licdn.com;srm.bf.contentsquare.net;static.cloudflareinsights.com;static.hj.contentsquare.net;stats.g.doubleclick.net;t.contentsquare.net;tag.clearbitscripts.com;tracking-api.g2.com;tracking.g2crowd.com;videos.ctfassets.net;www.google-analytics.com;www.google.com;www.googleadservices.com;www.googletagmanager.com;www.linkedin.com;www.redditstatic.com;x.clearbitjs.com
6070,agents.manage.microsoft.com,6,aadcdn.msauth.net;agents.manage.microsoft.com;intune.microsoft.com;login.live.com;login.microsoftonline.com;portal.azure.com
6072,xfinity.com,2,www.xfinity.com;xfinity.com
6087,jivox.com,30,api-na2.hubapi.com;c.bing.com;c.clarity.ms;cdn.cookielaw.org;connect.facebook.net;davincicommerce.ai;davincilive.wpenginepowered.com;davincistage.wpengine.com;fonts.gstatic.com;googleads.g.doubleclick.net;jivox.com;js-na2.hs-analytics.net;js-na2.hs-banner.com;js-na2.hsadspixel.net;js-na2.hscollectedforms.net;js-na2.hubspot.com;js.hs-scripts.com;js.zi-scripts.com;perf-na2.hsforms.com;px.ads.linkedin.com;s.clarity.ms;scripts.clarity.ms;snap.licdn.com;track-na2.hubspot.com;ws.zoominfo.com;www.clarity.ms;www.google-analytics.com;www.google.com;www.googletagmanager.com;www.linkedin.com
6151,ut.taobao.com,22,a2trd.tdum.alibaba.com;assets.alicdn.com;at.alicdn.com;cf.aliyun.com;cm.mediav.com;cou9s7.tdum.alibaba.com;fourier.taobao.com;fragment.tmall.com;g.alicdn.com;gdp.alicdn.com;gm.mmstat.com;gw.alicdn.com;h5api.m.taobao.com;log.mmstat.com;o.alicdn.com;pc-growht-rta.taobao.com;store.taobao.com;umdcv4.taobao.com;ut.taobao.com;ut.world.taobao.com;www.taobao.com;ynuf.aliapp.org
6159,help.apple.com,5,help.apple.com;km.support.apple.com;support.apple.com;supportmetrics.apple.com;www.apple.com
6160,merchant-ui-api.stripe.com,47,ad.doubleclick.net;adservice.google.com;alb.reddit.com;analytics.google.com;analytics.twitter.com;api.company-target.com;apm.yahoo.co.jp;attr-td.ml-api.io;b.stripecdn.com;b91.yahoo.co.jp;bat.bing.com;dsum-sec.casalemedia.com;ext.stripe.com;googleads.g.doubleclick.net;id.rlcdn.com;images.stripeassets.com;js.zi-scripts.com;match.adsrvr.org;merchant-ui-api.stripe.com;munchkin.marketo.net;partners.tremorhub.com;pixel-config.reddit.com;pixel.byspotify.com;pixel.rubiconproject.com;pixels.spotify.com;px.ads.linkedin.com;q.quora.com;q.stripe.com;r.stripe.com;s.company-target.com;s.yimg.jp;segments.company-target.com;snap.licdn.com;static.ads-twitter.com;stats.g.doubleclick.net;stripe.com;t.co;tag-logger.demandbase.com;tag.demandbase.com;tag.flvcdn.net;ws.zoominfo.com;www.facebook.com;www.google-analytics.com;www.google.com;www.googletagmanager.com;www.linkedin.com;www.redditstatic.com
6167,hubapi.com,23,53.fs1.hubspotusercontent-na1.net;analytics.google.com;cdn2.hubspot.net;cta-service-cms2.hubspot.com;developers.hubspot.com;fonts.googleapis.com;hubapi.com;hubspot.statuspage.io;js.hs-analytics.net;js.hs-banner.com;js.hsadspixel.net;js.hsforms.net;js.hubspotfeedback.com;js.usemessages.com;perf-na1.hsforms.com;static.hsappstatic.net;static2cdn.hubspot.com;stats.g.doubleclick.net;wtcfns.hubspot.com;www.google-analytics.com;www.googletagmanager.com;www.hubspot.com;www.wthubspot.com
6173,www.nytimes.com,50,5290727.fls.doubleclick.net;a.et.nytimes.com;a.nytimes.com;aax.amazon-adsystem.com;ad.doubleclick.net;adservice.google.com;als-svc.nytimes.com;ats-wrapper.privacymanager.io;c.amazon-adsystem.com;c3816edf34b3ecb177b37d620985fd3e.safeframe.googlesyndication.com;cdn.brandmetrics.com;cdn.doubleverify.com;cm.g.doubleclick.net;config.aps.amazon-adsystem.com;dd.nytimes.com;eg.nytimes.com;ep1.adtrafficquality.google;ep2.adtrafficquality.google;fastlane.rubiconproject.com;fonts.googleapis.com;fonts.gstatic.com;g1.nyt.com;grid-bidder.criteo.com;gum.criteo.com;hbopenbid.pubmatic.com;hbxlp.media.net;htlb.casalemedia.com;launchpad-wrapper.privacymanager.io;launchpad.privacymanager.io;nyt-dti-prd-staticjs.storage.googleapis.com;pagead2.googlesyndication.com;pay.google.com;platform.iteratehq.com;play.google.com;prebid.media.net;purr.nytimes.com;rtb.openx.net;rumcdn.geoedge.be;sb.scorecardresearch.com;securepubads.g.doubleclick.net;static.chartbeat.com;static01.nyt.com;tlx.3lift.com;tps.doubleverify.com;warp.media.net;www.datadoghq-browser-agent.com;www.google.com;www.googletagmanager.com;www.gstatic.com;www.nytimes.com
6176,yahoo.co.jp,17,396d7e29cce3a1fe3f31ae43255699ba.safeframe.googlesyndication.com;cksync.yahoo.co.jp;clb.yahoo.co.jp;cm.g.doubleclick.net;ep1.adtrafficquality.google;ep2.adtrafficquality.google;ib.adnxs.com;news-pctr.c.yimg.jp;pushlist-yjapp.yahoo.co.jp;s.yimg.jp;securepubads.g.doubleclick.net;www.google.com;www.googletagmanager.com;www.yahoo.co.jp;yads.c.yimg.jp;yads.yjtag.yahoo.co.jp;yahoo.co.jp
6179,www.qq.com,24,apd-70e6a7879c37a15c6fe7921c5ee07674.v.smtcdns.com;h.trace.qq.com;h5.ssp.qq.com;i.news.qq.com;inews.gtimg.com;l.qq.com;mat1.gtimg.com;news.qq.com;news.ssp.qq.com;op.ssp.qq.com;p.l.qq.com;p.qpic.cn;puui.qpic.cn;sports3.gtimg.com;sqt.gtimg.cn;staticfile.qq.com;tnfe.gtimg.com;vd6.l.qq.com;vfiles.gtimg.cn;video.qq.com;vm.gtimg.cn;wa.gtimg.com;wfiles.gtimg.cn;www.qq.com
6180,cdn.onesignal.com,21,a.quora.com;analytics.google.com;bat.bing.com;cdn.bizible.com;cdn.bizibly.com;cdn.onesignal.com;cdnjs.cloudflare.com;connect.facebook.net;fonts.googleapis.com;googleads.g.doubleclick.net;js.recurly.com;px.ads.linkedin.com;snap.licdn.com;static.ads-twitter.com;static.cloudflareinsights.com;static.hotjar.com;stats.g.doubleclick.net;widget.intercom.io;www.google.com;www.googletagmanager.com;www.linkedin.com
6181,tpmn.co.kr,3,ajax.googleapis.com;tpmn.co.kr;www.tpmn.io
6188,oracle.com,2,oracle.com;www.oracle.com
6189,btttag.com,15,accounts.google.com;ajax.googleapis.com;apis.google.com;btttag.com;c.bing.com;c.clarity.ms;cdn.vitally.io;fonts.googleapis.com;fonts.gstatic.com;p.typekit.net;s.clarity.ms;scripts.clarity.ms;use.typekit.net;www.clarity.ms;www.gstatic.com
6190,ripe.net,4,ripe.net;www-analytics.ripe.net;www-static.ripe.net;www.ripe.net
6199,onenote.com,9,aadcdn.msftauth.net;browser.events.data.microsoft.com;c.s-microsoft.com;login.live.com;login.microsoftonline.com;onenote.cloud.microsoft;onenote.com;res.cdn.office.net;www.onenote.com
6202,podscribe.com,34,analytics.google.com;api.hubapi.com;assets.squarespace.com;cdn.jsdelivr.net;connect.facebook.net;d34r8q7sht0t9k.cloudfront.net;definitions.sqspcdn.com;fonts.googleapis.com;fonts.gstatic.com;forms-na1.hsforms.com;forms.hsforms.com;googleads.g.doubleclick.net;images.squarespace-cdn.com;ipv4.podscribe.com;js.hs-analytics.net;js.hs-banner.com;js.hs-scripts.com;js.hsadspixel.net;js.hscollectedforms.net;js.hsforms.net;match.adsrvr.org;pixel.tapad.com;podscribe.com;px.ads.linkedin.com;snap.licdn.com;static1.squarespace.com;stats.g.doubleclick.net;track.hubspot.com;use.typekit.net;verifi.podscribe.com;widget.intercom.io;www.google.com;www.googletagmanager.com;www.linkedin.com
6205,www.roblox.com,5,apis.rbxcdn.com;css.rbxcdn.com;js.rbxcdn.com;roblox.com;www.roblox.com
6226,naver.com,14,gfd-phinf.pstatic.net;nam.veta.naver.com;naver.com;ntm.pstatic.net;pm.pstatic.net;recoshopping.naver.com;s.pstatic.net;search.naver.com;shopsquare.naver.com;siape.veta.naver.com;spastatic.naver.com;ssl.pstatic.net;tivan.naver.com;www.naver.com
6231,intercom.com,8,api-visitor-analytics.intercom.com;cdn.cookielaw.org;geolocation.onetrust.com;intercom.com;unpkg.com;vercel.intercom.com;widget.intercom.io;www.googletagmanager.com
6234,click.liftoff.io,28,cdn.bizible.com;cdn.bizibly.com;cdn.metadata.io;cdn.transifex.com;click.liftoff.io;connect.facebook.net;fonts.googleapis.com;fonts.gstatic.com;forms-na2.hsforms.com;forms.hsforms.com;js-na2.hs-analytics.net;js-na2.hs-banner.com;js-na2.hs-scripts.com;js-na2.hsadspixel.net;js-na2.hscollectedforms.net;js.hsforms.net;liftoff.ai;liftoff.io;live-detector.svc.transifex.net;maxcdn.bootstrapcdn.com;rum-collector-2.pingdom.net;rum-static.pingdom.net;stats.g.doubleclick.net;telemetry.svc.transifex.net;track-na2.hubspot.com;www.google-analytics.com;www.google.com;www.googletagmanager.com
6248,geforce.com,6,assets.adobedtm.com;cdn.cookielaw.org;geforce.com;geolocation.onetrust.com;images.nvidia.com;www.nvidia.com
6249,www.google.ru,3,ogads-pa.clients6.google.com;play.google.com;www.gstatic.com
6260,www.mczbf.com,3,cj.dotomi.com;www.emjcd.com;www.mczbf.com
6261,www.lenovo.com,67,11829995.fls.doubleclick.net;183-wct-620.mktoresp.com;a2.adform.net;aa.agkn.com;ad.doubleclick.net;adobedc.demdex.net;adservice.google.com;alb.reddit.com;analytics.google.com;analytics.tiktok.com;api.bluecore.com;assets.adobedtm.com;c.bing.com;c.evidon.com;c.go-mpulse.net;c1-ofp.static.pub;cdn.flashtalking.com;cdn.mgln.ai;cdn.quantummetric.com;cl.qualaroo.com;cm.g.doubleclick.net;colrep.sitelabweb.com;connect.facebook.net;digitalfeedback.us.confirmit.com;dpm.demdex.net;fm.flashtalking.com;googleads.g.doubleclick.net;gs.nmgassets.com;gum.criteo.com;ib.adnxs.com;idsync.rlcdn.com;ingest.quantummetric.com;j1-ofp.static.pub;l.evidon.com;match.adsrvr.org;ml314.com;munchkin.marketo.net;openapi.lenovo.com;p2-ofp.static.pub;p3-ofp.static.pub;ping.pdst.fm;pixel-config.reddit.com;pixel.rubiconproject.com;pixel.tapad.com;px.ads.linkedin.com;rules.quantcount.com;s.amazon-adsystem.com;s.lenovo.com;s2.go-mpulse.net;s7d1.scene7.com;sc-static.net;secure.quantserve.com;servedby.flashtalking.com;snap.licdn.com;stats.g.doubleclick.net;sync.crwdcntrl.net;tr.snapchat.com;us3-cdn.inside-graph.com;us3-live.inside-graph.com;us3-track.inside-graph.com;www.google-analytics.com;www.google.com;www.googleadservices.com;www.googletagmanager.com;www.lenovo.com;www.linkedin.com;www.redditstatic.com
6267,brightcove.com,12,assets.calendly.com;brightcove.cdn.prismic.io;brightcove.com;cdn.claydar.com;cdn.cookielaw.org;fastly-signed-eu-west-1-prod.brightcovecdn.com;images.prismic.io;metrics.brightcove.com;players.brightcove.net;static.claydar.com;web-sdk.aptrinsic.com;www.googletagmanager.com
6270,img-resize-cdn-prod-green.samsungnyc.com,2,img-resize-cdn-prod-green.samsungnyc.com;static.cloudflareinsights.com
6281,usea1-001-mssp.sentinelone.net,3,cdn.pendo.io;content.pendo.sentinelone.net;usea1-001-mssp.sentinelone.net
6292,zalo.me,4,www.google-analytics.com;www.googletagmanager.com;zalo-site.zadn.vn;zalo.me
6319,siftscience.com,31,526-pcc-974.mktoresp.com;a.usbrowserspeed.com;analytics.google.com;c.6sc.co;cdn.cookielaw.org;cdn.jsdelivr.net;cdn.propensity.com;cdnjs.cloudflare.com;epsilon.6sense.com;geolocation.onetrust.com;googleads.g.doubleclick.net;ipv6.6sc.co;j.6sc.co;js.qualified.com;js.zi-scripts.com;munchkin.marketo.net;pagead2.googlesyndication.com;pages.sift.com;platform.linkedin.com;px.ads.linkedin.com;sift.com;siftscience.com;snap.licdn.com;static.licdn.com;stats.g.doubleclick.net;tracking-api.g2.com;ws.zoominfo.com;www.google-analytics.com;www.google.com;www.googletagmanager.com;www.linkedin.com
6323,pixad.com.tr,4,cdnjs.cloudflare.com;pixad.com.tr;www.google-analytics.com;www.googletagmanager.com
6334,pro.ip-api.com,3,cache.ip-api.com;members.ip-api.com;pro.ip-api.com
6339,google.ca,3,ogads-pa.clients6.google.com;play.google.com;www.gstatic.com
6341,controlup.com,57,191-ktt-691.mktoresp.com;alb.reddit.com;analytics.google.com;analytics.twitter.com;api.userway.org;c.bing.com;c.clarity.ms;cdn-cookieyes.com;cdn.userway.org;cdnjs.cloudflare.com;challenges.cloudflare.com;cm.g.doubleclick.net;connect.facebook.net;controlup.com;d.adroll.com;directory.cookieyes.com;dsum-sec.casalemedia.com;eb2.3lift.com;googleads.g.doubleclick.net;ib.adnxs.com;idsync.rlcdn.com;image2.pubmatic.com;js.qualified.com;js.zi-scripts.com;kit.fontawesome.com;lex.33across.com;log.cookieyes.com;match.adsrvr.org;ml314.com;munchkin.marketo.net;pippio.com;pixel-config.reddit.com;pixel.rubiconproject.com;pixel.tapad.com;player.vimeo.com;ps.eyeota.net;px.ads.linkedin.com;s.adroll.com;s.clarity.ms;scripts.clarity.ms;sjs.bizographics.com;snap.licdn.com;static.ads-twitter.com;stats.g.doubleclick.net;sync.outbrain.com;sync.taboola.com;t.co;us-u.openx.net;ws.zoominfo.com;www.clarity.ms;www.controlup.com;www.google-analytics.com;www.google.com;www.googletagmanager.com;www.linkedin.com;www.redditstatic.com;x.bidswitch.net
6344,google.com.ph,3,ogads-pa.clients6.google.com;play.google.com;www.gstatic.com
6350,zuimeitianqi.com,6,ep1.adtrafficquality.google;ep2.adtrafficquality.google;googleads.g.doubleclick.net;pagead2.googlesyndication.com;www.google.com;zuimeitianqi.com
6352,p77-sign-sg.tiktokcdn.com,2,error.c.cdn77.org;p77-sign-sg.tiktokcdn.com
6353,token.services.mozilla.com,4,media.ethicalads.io;mozilla-services.readthedocs.io;mozorg.cdn.mozilla.net;token.services.mozilla.com
6354,ajax.aspnetcdn.com,9,ajax.aspnetcdn.com;c.clarity.ms;dotnet.microsoft.com;js.monitor.azure.com;scripts.clarity.ms;uhf.microsoft.com;wcpstatic.microsoft.com;www.asp.net;www.clarity.ms
6361,archive-digger.com,3,archive-digger.com;fonts.googleapis.com;fonts.gstatic.com
6364,images.outbrainimg.com,3,fonts.googleapis.com;fonts.gstatic.com;images.outbrainimg.com
6382,halcyon.ai,53,117171963.intellimizeio.com;401-wch-435.mktoresp.com;a.dpmsrv.com;alb.reddit.com;api.intellimize.co;assets.adoberesources.net;assets.slater.app;b.6sc.co;c.6sc.co;c.bing.com;c.clarity.ms;cdn.bizible.com;cdn.bizibly.com;cdn.intellimize.co;cdn.jsdelivr.net;cdn.prod.website-files.com;consent.cookiebot.com;consentcdn.cookiebot.com;d3e54v103j8qbb.cloudfront.net;go.halcyon.ai;halcyon.ai;hubspotonwebflow.com;ib.adnxs.com;insight.adsrvr.org;ipv6.6sc.co;j.6sc.co;js.storylane.io;js.zi-scripts.com;log.intellimize.co;munchkin.marketo.net;p.typekit.net;pagead2.googlesyndication.com;pixel-config.reddit.com;pixel.mathtag.com;pixel.rubiconproject.com;px.ads.linkedin.com;s.clarity.ms;s.dpmsrv.com;scout-cdn.salesloft.com;scout.salesloft.com;scripts.clarity.ms;slater.app;snap.licdn.com;use.typekit.net;ws-assets.zoominfo.com;ws.zoominfo.com;www.clarity.ms;www.google-analytics.com;www.google.com;www.googletagmanager.com;www.halcyon.ai;www.linkedin.com;www.redditstatic.com
6387,audible.com,49,aa.agkn.com;ad.doubleclick.net;adobedc.demdex.net;analytics.twitter.com;apps.rokt.com;audible.com;audible.demdex.net;audible.sc.omtrdc.net;bat.bing.com;cm.g.doubleclick.net;connect.facebook.net;cookie-matching.mediarithmics.com;d.impactradius-event.com;d2nttevkh1mtzs.cloudfront.net;d34r8q7sht0t9k.cloudfront.net;dpm.demdex.net;edge.adobedc.net;fls-na.amazon.com;googleads.g.doubleclick.net;ib.adnxs.com;images-na.ssl-images-amazon.com;ipv4.podscribe.com;lciapi.ninthdecimal.com;loadus.exelator.com;m.media-amazon.com;odr.mookie1.com;pi.ispot.tv;pixel.tapad.com;s.amazon-adsystem.com;sb.scorecardresearch.com;sc-static.net;spl.zeotap.com;static.ads-twitter.com;sync.taboola.com;t.co;tr.snapchat.com;uipglob.semasio.net;unagi.amazon.com;us-east-1.prod.adobe-dtm.audible.amazon.dev;us-u.openx.net;user-sync.fwmrm.net;usersync.samplicio.us;verifi.podscribe.com;www.audible.com;www.google.com;www.googletagmanager.com;www.imdb.com;www.merchant-center-analytics.goog;x.bidswitch.net
6389,securly.com,40,ajax.googleapis.com;alb.reddit.com;analytics.google.com;c.bing.com;c.clarity.ms;clients1.google.com;connect.facebook.net;consent.trustarc.com;cse.google.com;ep1.adtrafficquality.google;ep2.adtrafficquality.google;esp.aptrinsic.com;forms-na1.hsforms.com;forms.hsforms.com;googleads.g.doubleclick.net;js-na1.hs-scripts.com;js.hs-analytics.net;js.hs-banner.com;js.hsadspixel.net;js.hsforms.net;js.hubspot.com;js.qualified.com;pagead2.googlesyndication.com;perf-na1.hsforms.com;prod-web-assets-securly.s3.us-west-1.amazonaws.com;px.ads.linkedin.com;scout-cdn.salesloft.com;scout.salesloft.com;scripts.clarity.ms;securly.com;snap.licdn.com;stag-web-assets.s3.ap-south-1.amazonaws.com;static.hotjar.com;track.hubspot.com;web-sdk.aptrinsic.com;www.clarity.ms;www.google.com;www.googletagmanager.com;www.linkedin.com;www.redditstatic.com
6400,tpmn.io,2,ajax.googleapis.com;tpmn.io
6408,shopee.sg,3,content.garena.com;deo.shopeemobile.com;shopee.sg
6420,adfox.ru,7,adfox.ru;adfox.yandex.ru;avatars.mds.yandex.net;mc.yandex.com;mc.yandex.ru;yandex.ru;yastatic.net
6442,workspaceone.com,2,workspaceone.com;www.omnissa.com
6451,gpi4.life360.com,2,gpi4.life360.com;static.cloudflareinsights.com
6458,bit.ly,30,12389169.fls.doubleclick.net;accounts.google.com;ad.doubleclick.net;ade.googlesyndication.com;adservice.google.com;analytics.google.com;api.userway.org;bat.bing.com;bat.bing.net;bit.ly;bitly.com;cdn.cookielaw.org;cdn.jsdelivr.net;cdn.optimizely.com;cdn.userway.org;geolocation.onetrust.com;global-free-tools.qr-code-generator.com;googleads.g.doubleclick.net;js-eu1.hs-analytics.net;js-eu1.hs-banner.com;js-eu1.hs-scripts.com;logx.optimizely.com;mkt-static.bitly.com;pagead2.googlesyndication.com;public.profitwell.com;sp.bitly.com;static.hotjar.com;track-eu1.hubspot.com;www.google-analytics.com;www.googletagmanager.com
6464,snssdk.com,5,app.toutiao.com;lf-toutiao-ug-dns.toutiaocdn.com;lf3-cdn-tos.bytescm.com;lf3-luckycat.byteug.com;snssdk.com
6469,iguazu.doordash.com,3,iguazu.doordash.com;static.cloudflareinsights.com;typography.doordash.com
6473,crowdstrike.com,15,adobedc.demdex.net;assets.adobedtm.com;assets.crowdstrike.com;c.contentsquare.net;cdn.cookielaw.org;cdn.vidyard.com;crowdstrike.com;edge.adobedc.net;epsilon.6sense.com;geolocation.onetrust.com;k-aus1.contentsquare.net;p.typekit.net;play.vidyard.com;t.contentsquare.net;use.typekit.net
6488,adtarget.com.tr,8,adtarget.com.tr;cdnjs.cloudflare.com;fonts.googleapis.com;fonts.gstatic.com;maps.googleapis.com;maps.gstatic.com;static.cloudflareinsights.com;www.google.com
6497,consent-api.onetrust.com,2,consent-api.onetrust.com;performance.radar.cloudflare.com
6500,google.de,3,ogads-pa.clients6.google.com;play.google.com;www.gstatic.com
6509,visa.com,13,analytics.google.com;cdn.optimizely.com;code.jquery.com;googleads.g.doubleclick.net;policy.cookiereports.com;stats.g.doubleclick.net;tags.tiqcdn.com;visa.com;www.google-analytics.com;www.google.com;www.googletagmanager.com;www.visa.com;www.youtube.com
6511,rudderstack.com,26,a.quora.com;alb.reddit.com;c.bing.com;c.clarity.ms;cdn.claydar.com;cdn.ketchjs.com;cdn.sanity.io;cdn.snitcher.com;cdn.sy-d.io;global.ketchcdn.com;googleads.g.doubleclick.net;js.qualified.com;pixel-config.reddit.com;px.ads.linkedin.com;rudderstack.com;s.clarity.ms;scripts.clarity.ms;snap.licdn.com;static.claydar.com;www.clarity.ms;www.google-analytics.com;www.google.com;www.googletagmanager.com;www.linkedin.com;www.redditstatic.com;www.rudderstack.com
6512,www.pandora.com,8,browser-intake-datadoghq.com;cdn.cookielaw.org;client.px-cloud.net;collector-pxxljwhhue.px-cloud.net;geolocation.onetrust.com;tzm.px-cloud.net;web-cdn.pandora.com;www.pandora.com
6514,portal.manage.microsoft.us,3,aadcdn.msftauth.net;login.microsoftonline.us;portal.manage.microsoft.us
6518,target.com,32,59f466a7e7416d5bf711abea52c381cf.safeframe.googlesyndication.com;arw46kigczklenzwjhujb73pjmmetyciaaaafthk6pw.mcl.io;assets.adobedtm.com;assets.targetimg1.com;cdn.dv.tech;cdn.speedcurve.com;client.px-cloud.net;cm.everesttech.net;cm.g.doubleclick.net;collector-pxgwpp4wus.px-cloud.net;dpm.demdex.net;edge.fullstory.com;ep1.adtrafficquality.google;ep2.adtrafficquality.google;js.mcl.io;mcl.spur.us;pagead2.googlesyndication.com;ponos.zeronaught.com;pub.doubleverify.com;pub.dv.tech;resources.digital-cloud.medallia.com;rs.fullstory.com;securepubads.g.doubleclick.net;target.com;target.demdex.net;target.scene7.com;tpc.googlesyndication.com;tps-dn-ue1.doubleverify.com;tps.doubleverify.com;tzm.px-cloud.net;vtrk.dv.tech;www.google.com
6532,manage-ppe.microsoft.us,4,aadcdn.msftauth.net;intune.microsoft.us;login.microsoftonline.us;manage-ppe.microsoft.us
6536,portal.manage-ppe.microsoft.us,3,aadcdn.msftauth.net;login.microsoftonline.us;portal.manage-ppe.microsoft.us
6537,tplinkcloud.com,4,d2baw28zdve8g3.cloudfront.net;tplinkcloud.com;www.google-analytics.com;www.tplinkcloud.com
6538,riotgames.com,10,auth.riotgames.com;cdn.ravenjs.com;cdn.rgpub.io;cmp.osano.com;fast.fonts.net;lolstatic-a.akamaihd.net;riotgames.com;www.googletagmanager.com;www.riotgames.com;xsso.riotgames.com
6541,cpmstar.com,17,acsbapp.com;api.hubapi.com;cdn.acsbapp.com;cpmstar-website.prismic.io;cpmstar.com;images.prismic.io;js.hs-analytics.net;js.hs-banner.com;js.hs-scripts.com;js.hsadspixel.net;js.hscollectedforms.net;px.ads.linkedin.com;snap.licdn.com;static.cdn.prismic.io;track.hubspot.com;www.cpmstar.com;www.linkedin.com
6544,console.us.code42.com,2,console.us.code42.com;use.typekit.net
6551,mobile.zscalerthree.net,5,admin.zscalerthree.net;cdn.mxpnl.com;cms.zscaler.com;mobile.zscalerthree.net;mobileadmin.zscalerthree.net
6556,wem.cloud.com,6,accounts-webassets.cloud.com;accounts.cloud.com;citrix-cloud-content.customer.pendo.io;citrix.cloud.com;wem.cloud.com;www.googletagmanager.com
6564,ads.roku.com,13,ads.roku.com;ads.w55c.net;api.ads.roku.com;cdn.auth0.com;cdn.jsdelivr.net;cdn.pendo.io;data.pendo.io;fonts.googleapis.com;fonts.gstatic.com;image.roku.com;login.ads.roku.com;static.cloudflareinsights.com;widget.intercom.io
6569,shein.com,44,accounts.google.com;ads.nextdoor.com;alb.reddit.com;amplify.outbrain.com;analytics.twitter.com;armor.ltwebstatic.com;bat.bing.com;cdn.id5-sync.com;cdn.taboola.com;cinfo-v4.shein.com;cinfo-v6.shein.com;cjs.ltwebstatic.com;common.ltwebstatic.com;connect.facebook.net;count.shein.com;dynamic.criteo.com;gateway.shein.com;googleads.g.doubleclick.net;gum.criteo.com;id5-sync.com;img.shein.com;lb.eu-1-id5-sync.com;lbs.eu-1-id5-sync.com;pixel-config.reddit.com;pixel.tapad.com;px.ads.linkedin.com;s.pinimg.com;sc-static.net;sc.ltwebstatic.com;shein.com;snap.licdn.com;sslwidget.criteo.com;static.ads-twitter.com;static.gateway.shein.com;storage.googleapis.com;t.co;tr.outbrain.com;tr.snapchat.com;wave.outbrain.com;www.google.com;www.googletagmanager.com;www.linkedin.com;www.redditstatic.com;www.shein.com
6570,manage-beta.microsoft.com,6,aadcdn.msftauth.net;aka.ms;intune.microsoft.com;login.live.com;login.microsoftonline.com;manage-beta.microsoft.com
6587,portal.manage.microsoft.com,4,aadcdn.msftauth.net;login.live.com;login.microsoftonline.com;portal.manage.microsoft.com
6590,www.google.com.vn,3,ogads-pa.clients6.google.com;play.google.com;www.gstatic.com
6605,www.onenote.com,8,aadcdn.msauth.net;browser.events.data.microsoft.com;c.s-microsoft.com;login.live.com;login.microsoftonline.com;onenote.cloud.microsoft;res.cdn.office.net;www.onenote.com
6618,www.ebay.com,26,13341218.fls.doubleclick.net;ad.doubleclick.net;adservice.google.com;alb.reddit.com;backstory.ebay.com;connect.facebook.net;dynamic.criteo.com;googleads.g.doubleclick.net;gum.criteo.com;i.ebayimg.com;ir.ebaystatic.com;mkttag.ebay.com;pixel-config.reddit.com;rover.ebay.com;s.pinimg.com;sc-static.net;sherlock-events-sampler.ebay.com;sp.analytics.yahoo.com;sslwidget.criteo.com;tags.tiqcdn.com;tr.snapchat.com;www.ebay.com;www.ebayadservices.com;www.google.com;www.googletagmanager.com;www.redditstatic.com
6625,cf.vast.doubleverify.com,26,46126064.fs1.hubspotusercontent-na1.net;888-uxn-063.mktoresp.com;acsbapp.com;analytics.google.com;api.userback.io;cdn.acsbapp.com;cf.vast.doubleverify.com;consent.trustarc.com;cta-service-cms2.hubspot.com;doubleverify.com;forms-na1.hsforms.com;googleads.g.doubleclick.net;js.hs-analytics.net;js.hs-banner.com;js.hsforms.net;js.hubspot.com;munchkin.marketo.net;perf-na1.hsforms.com;px.ads.linkedin.com;snap.licdn.com;static.userback.io;stats.g.doubleclick.net;www.doubleverify.com;www.google.com;www.googletagmanager.com;www.linkedin.com
6630,belkin.com,33,a.klaviyo.com;api.userway.org;belkin.com;belkin.my.salesforce-scrt.com;belkin.my.site.com;c.webtrends-optimize.com;cdn-loyalty.yotpo.com;cdn-swell-assets.yotpo.com;cdn-widgetsrepository.yotpo.com;cdn.cnstrc.com;cdn.cookielaw.org;cdn.cquotient.com;cdn.userway.org;cnstrc.com;d38xvr37kwwhcm.cloudfront.net;fast.a.klaviyo.com;fonts.cdnfonts.com;fonts.googleapis.com;geolocation.onetrust.com;js.klarna.com;maxcdn.bootstrapcdn.com;p.cquotient.com;pat.webtrends-optimize.com;s3.belkin.com;sdk.helloextend.com;static-forms.klaviyo.com;static.cloudflareinsights.com;static.klaviyo.com;unpkg.com;www.belkin.com;www.cloudflare.com;www.googletagmanager.com;x.klarnacdn.net
6635,eyeo.com,6,cdn-ukwest.onetrust.com;eyeo.com;js-eu1.hs-scripts.com;p.typekit.net;use.typekit.net;www.googletagmanager.com
6659,eqt-gc.rendering.sharethrough.com,3,eqt-gc.rendering.sharethrough.com;fonts.googleapis.com;fonts.gstatic.com
6660,aliexpress.com,11,aeis.alicdn.com;aliexpress.com;at.alicdn.com;cf.aliyun.com;f0slmk.tdum.alibaba.com;g.alicdn.com;img.alicdn.com;log.mmstat.com;o.alicdn.com;s-gm.mmstat.com;ynuf.aliapp.org
6666,www.google.com.ph,3,ogads-pa.clients6.google.com;play.google.com;www.gstatic.com
6667,salesforce-scrt.com,2,salesforce-scrt.com;www.salesforce.com
6684,radar.io,57,117421970.intellimizeio.com;a.remarketstats.com;a.usbrowserspeed.com;analytics.ahrefs.com;analytics.google.com;api.hubapi.com;api.intellimize.co;api.segment.io;api.vector.co;app.clearbit.com;bat.bing.com;c.clarity.ms;cdn.claydar.com;cdn.embedly.com;cdn.intellimize.co;cdn.prod.website-files.com;cdn.segment.com;cdn.vector.co;cmp.osano.com;connect.facebook.net;d-code.liadm.com;d3e54v103j8qbb.cloudfront.net;data.processwebsitedata.com;fonts.gstatic.com;googleads.g.doubleclick.net;hubspotonwebflow.com;i.ytimg.com;js.hs-analytics.net;js.hs-banner.com;js.hs-scripts.com;js.hsadspixel.net;knock2-backend-2ba4792164c3.herokuapp.com;knock2-frontend.web.app;log.intellimize.co;match.prod.bidr.io;px.ads.linkedin.com;radar.com;radar.io;s.clarity.ms;s3-us-west-2.amazonaws.com;scripts.clarity.ms;snap.licdn.com;static.claydar.com;static.doubleclick.net;static.radar.com;stats.g.doubleclick.net;tag.clearbitscripts.com;tag.prospectdesk.ai;tag.trovo-tag.com;track.hubspot.com;ws.zoominfo.com;www.clarity.ms;www.google.com;www.googletagmanager.com;www.linkedin.com;www.youtube.com;x.clearbitjs.com
6687,intercomcdn.com,9,api-visitor-analytics.intercom.com;cdn.cookielaw.org;geolocation.onetrust.com;intercomcdn.com;unpkg.com;vercel.intercom.com;widget.intercom.io;www.googletagmanager.com;www.intercom.com
6691,mobile.zscaler.net,5,admin.zscaler.net;cdn.mxpnl.com;cms.zscaler.com;mobile.zscaler.net;mobileadmin.zscaler.net
6697,nintendo.com,23,a5740182066954240.cdn.optimizely.com;accounts.nintendo.com;api.accounts.nintendo.com;assets.nintendo.com;caru.bbbprograms.org;cdn.accounts.nintendo.com;cdn.cookielaw.org;cdn.pricespider.com;cdn.quantummetric.com;geolocation.onetrust.com;graph.nintendo.com;ingest.quantummetric.com;logx.optimizely.com;nintendo.com;o4507091576815616.ingest.us.sentry.io;pagead2.googlesyndication.com;polyfill-fastly.io;siteintercept.qualtrics.com;www.google-analytics.com;www.google.com;www.googletagmanager.com;www.nintendo.com;zn5aocakgjj2uagxj-nintendoofamerica.siteintercept.qualtrics.com
6700,geotrust.com,25,8182015.fls.doubleclick.net;api.company-target.com;api.userway.org;assets.adobedtm.com;cdn.pendo.io;cdn.userway.org;cm.everesttech.net;data.pendo.io;digicert.demdex.net;digicert.my.site.com;dpm.demdex.net;eu-assets.i.posthog.com;eu.i.posthog.com;geotrust.com;googleads.g.doubleclick.net;img04.en25.com;s1701211846.t.eloqua.com;smetrics.digicert.com;tag-logger.demandbase.com;tag.demandbase.com;transcend-cdn.com;www.geotrust.com;www.google-analytics.com;www.google.com;www.googletagmanager.com
6710,gridx.ai,16,cdn.jsdelivr.net;cdn.prod.website-files.com;cookiechimp.com;d3e54v103j8qbb.cloudfront.net;forms-na1.hsforms.com;forms.hsforms.com;gridx.ai;hubspotonwebflow.com;hubspotv2.use1-marketplace-1p-apps-prod-red.if.webflow.services;js.hs-banner.com;js.hs-scripts.com;js.hsforms.net;pagead2.googlesyndication.com;static.cloudflareinsights.com;www.googletagmanager.com;www.gridx.ai
6713,visualstudio.microsoft.com,14,app.vssps.visualstudio.com;bam.nr-data.net;browser.events.data.microsoft.com;js-agent.newrelic.com;js.monitor.azure.com;login.live.com;mem.gfx.ms;s.clarity.ms;scripts.clarity.ms;uhf.microsoft.com;visualstudio.microsoft.com;wcpstatic.microsoft.com;www.clarity.ms;www.microsoft.com
6716,island.io,76,117793454.intellimizeio.com;44.212.189.233;66b46c88bfe6c5c3eda83f59.services.infinigrow.com;ads-engagement.presage.io;ajax.googleapis.com;alb.reddit.com;analytics.ahrefs.com;analytics.google.com;analytics.roadwayai.com;analytics.twitter.com;api.fouanalytics.com;api.hubapi.com;api.intellimize.co;apix.b2c.com;arclight.vimeo.com;bat.bing.com;c.clarity.ms;cdn.calibermind.com;cdn.cookielaw.org;cdn.intellimize.co;cdn.jsdelivr.net;cdn.mgln.ai;cdn.prod.website-files.com;cdn.ravm.tv;cdnjs.cloudflare.com;code.jquery.com;collector-55210.us.tvsquared.com;connect.facebook.net;d3e54v103j8qbb.cloudfront.net;ddzuuyx7zj81k.cloudfront.net;dss6ntp5q2r0o.cloudfront.net;dx.mountain.com;e.calibermind.com;extend.vimeocdn.com;f.vimeocdn.com;fonts.googleapis.com;fonts.gstatic.com;geolocation.onetrust.com;googleads.g.doubleclick.net;isl-custom-code.onrender.com;island.io;js.hs-analytics.net;js.hs-banner.com;js.hs-scripts.com;js.hsadspixel.net;js.hscollectedforms.net;js.hubspot.com;lensflare.vimeo.com;lltrck.com;log.intellimize.co;monitor.fraudblocker.com;perf-na1.hsforms.com;pixel-config.reddit.com;pixel.tapad.com;player.vimeo.com;px.ads.linkedin.com;s.clarity.ms;scripts.clarity.ms;segment.prod.bidr.io;snap.licdn.com;static.ads-twitter.com;stats.g.doubleclick.net;t.co;tag.unifyintent.com;tags.srv.stackadapt.com;tags.w55c.net;track.hubspot.com;trk.techtarget.com;vimeo.com;vod-adaptive-ak.vimeocdn.com;www.clarity.ms;www.google.com;www.googletagmanager.com;www.island.io;www.linkedin.com;www.redditstatic.com
6723,nakheelteam.cc,2,nakheelteam.cc;static.cloudflareinsights.com
6726,dynamics.com,43,a.tribalfusion.com;accdn-vip.lpsnmedia.net;analytics.twitter.com;assets.adobedtm.com;browser.events.data.microsoft.com;c.bing.com;c.s-microsoft.com;cdn-dynmedia-1.microsoft.com;cm.everesttech.net;cm.g.doubleclick.net;cms.quantserve.com;dpm.demdex.net;dynamics.com;dynamics.microsoft.com;edge.adobedc.net;galleryapplogos2-ajhfbbhxfmembqf5.b02.azurefd.net;ib.adnxs.com;idpix.media6degrees.com;idsync.rlcdn.com;js.monitor.azure.com;login.live.com;login.microsoftonline.com;lptag.liveperson.net;match.adsrvr.org;mscom.demdex.net;msftenterprise.sc.omtrdc.net;play.vidyard.com;publisher.liveperson.net;res.cdn.office.net;rtd-tm.everesttech.net;rtd.tubemogul.com;rum.hlx.page;s.clarity.ms;scripts.clarity.ms;servedby.flashtalking.com;static-assets.fs.liveperson.com;store-images.s-microsoft.com;target.microsoft.com;uhf.microsoft.com;va-vip.v.liveperson.net;wcpstatic.microsoft.com;www.clarity.ms;www.microsoft.com
6732,portal.manage-beta.microsoft.com,4,aadcdn.msftauth.net;login.live.com;login.microsoftonline.com;portal.manage-beta.microsoft.com
6736,api.b2c.com,2,api.b2c.com;static.cloudflareinsights.com
6743,dtscout.com,15,connect.facebook.net;d.adroll.com;dtscout.com;fonts.googleapis.com;fonts.gstatic.com;lex.33across.com;match.adsrvr.org;ml314.com;pixel.tapad.com;ps.eyeota.net;s.adroll.com;t.dtscout.com;www.dtscout.com;www.google-analytics.com;www.googletagmanager.com
6760,treasuredata.com,35,46950662.fs1.hubspotusercontent-na2.net;714-xij-402.mktoresp.com;a.usbrowserspeed.com;analytics.google.com;analytics.twitter.com;bat.bing.com;browser.sentry-cdn.com;cdn.cookielaw.org;cdn.treasuredata.com;cta-na2.hubspot.com;fast.wistia.com;geolocation.onetrust.com;googleads.g.doubleclick.net;js-na2.hs-analytics.net;js-na2.hs-banner.com;js-na2.hscollectedforms.net;js-na2.hubspot.com;munchkin.marketo.net;perf-na2.hsforms.com;px.ads.linkedin.com;snap.licdn.com;static.ads-twitter.com;static.hotjar.com;static.hsappstatic.net;stats.g.doubleclick.net;t.co;tracking-api.g2.com;tracking.intentsify.io;treasuredata.com;tse4.mm.bing.net;www.google.com;www.googletagmanager.com;www.linkedin.com;www.treasuredata.com;www.youtube.com
6766,manage-selfhost.microsoft.com,7,aadcdn.msauth.net;aka.ms;intune.microsoft.com;login.live.com;login.microsoftonline.com;manage-selfhost.microsoft.com;portal.azure.com
6775,portal.manage-selfhost.microsoft.com,4,aadcdn.msftauth.net;login.live.com;login.microsoftonline.com;portal.manage-selfhost.microsoft.com
6778,getrockerbox.com,52,6823595ee2a3634bf77e7bfe.endpoint.csper.io;7052064.fs1.hubspotusercontent-na1.net;8ab0a26cb0027939bcf5-49c99c3c0c9c98b3365b710757036e1b.ssl.cf5.rackcdn.com;a.omappapi.com;acsbapp.com;alb.reddit.com;analytics.google.com;aorta.clickagy.com;api.hubapi.com;api.omappapi.com;app.hubspot.com;cdn.acsbapp.com;cdn.callrail.com;cdnjs.cloudflare.com;cm.g.doubleclick.net;code.jquery.com;connect.facebook.net;consent.trustarc.com;exceptions.hubspot.com;fonts.gstatic.com;getrockerbox.com;googleads.g.doubleclick.net;ib.adnxs.com;image.mux.com;insight.adsrvr.org;js.adsrvr.org;js.hs-analytics.net;js.hs-banner.com;js.hsadspixel.net;js.hscollectedforms.net;js.zi-scripts.com;kit-free.fontawesome.com;leads-api.gonorth.io;manifest-gcp-us-east1-vop1.edgemv.mux.com;pixel-config.reddit.com;pixel.rubiconproject.com;play.hubspotvideo.com;px.ads.linkedin.com;snap.licdn.com;static.hsappstatic.net;stats.g.doubleclick.net;stream.mux.com;tag.unifyintent.com;tags.clickagy.com;us-u.openx.net;ws.zoominfo.com;www.cloudflare.com;www.google.com;www.googletagmanager.com;www.linkedin.com;www.redditstatic.com;www.rockerbox.com
6779,ols.officeapps.live.com,16,admin.microsoft.com;browser.events.data.microsoft.com;c.s-microsoft.com;config.edge.skype.com;js.monitor.azure.com;login.live.com;login.microsoftonline.com;mem.gfx.ms;ols.officeapps.live.com;res.cdn.office.net;s.clarity.ms;scripts.clarity.ms;uhf.microsoft.com;www.clarity.ms;www.microsoft.com;www.office.com
6783,addtoany.com,3,addtoany.com;static.addtoany.com;www.addtoany.com
6786,portal.manage-dogfood.microsoft.com,2,login.windows-ppe.net;portal.manage-dogfood.microsoft.com
6792,outlook-cba.office365.com,4,aadcdn.msftauth.net;login.microsoftonline.com;outlook-cba.office365.com;res.public.onecdn.static.microsoft
6794,kampyle.com,48,141-hjw-872.mktoresp.com;adobedc.demdex.net;api.company-target.com;api.weglot.com;assets.adobedtm.com;cdn.bizible.com;cdn.bizibly.com;cdn.decibelinsight.net;cdn.jsdelivr.net;cdn.vidyard.com;cdn.weglot.com;cm.g.doubleclick.net;connect.facebook.net;consent.trustarc.com;dsum-sec.casalemedia.com;fonts.googleapis.com;fonts.gstatic.com;go2.medallia.com;googleads.g.doubleclick.net;ib.adnxs.com;id.rlcdn.com;insight.adsrvr.org;js.adsrvr.org;js.qualified.com;js.zi-scripts.com;kampyle.com;medalliaresources.s3.us-west-1.amazonaws.com;munchkin.marketo.net;na5.cdn.thunderhead.com;na5.thunderhead.com;nebula-cdn.kampyle.com;partners.tremorhub.com;pixel.rubiconproject.com;play.vidyard.com;px.ads.linkedin.com;resources.digital-cloud.medallia.com;s.company-target.com;segments.company-target.com;smetrics.medallia.com;snap.licdn.com;tag-logger.demandbase.com;tag.demandbase.com;ws.zoominfo.com;www.google-analytics.com;www.google.com;www.googletagmanager.com;www.linkedin.com;www.medallia.com
6797,appboy.com,78,10732055.fls.doubleclick.net;11477521.fls.doubleclick.net;14616612.fls.doubleclick.net;367-guy-242.mktoresp.com;aa.agkn.com;action.dstillery.com;action.media6degrees.com;ad.doubleclick.net;adservice.google.com;alb.reddit.com;analytics.google.com;appboy.com;bcp.crwdcntrl.net;cdn.cookielaw.org;cdn.microad.jp;cdn.pdst.fm;cdn.sanity.io;ce.lijit.com;connect.facebook.net;d.agkn.com;dev.visualwebsiteoptimizer.com;dpm.demdex.net;dsum-sec.casalemedia.com;e1.emxdgt.com;eb2.3lift.com;edge.fullstory.com;epsilon.6sense.com;fei.pro-market.net;geolocation.onetrust.com;googleads.g.doubleclick.net;idsync.rlcdn.com;image2.pubmatic.com;insight.adsrvr.org;ipv6.6sc.co;j.6sc.co;js.adsrvr.org;js.qualified.com;loadm.exelator.com;mfx.mobilefuse.com;ml314.com;munchkin.marketo.net;pippio.com;pixel-config.reddit.com;pixel.rubiconproject.com;pixel.tapad.com;pixels.spotify.com;ps.eyeota.net;px.ads.linkedin.com;r3.visualwebsiteoptimizer.com;rs.fullstory.com;rules.quantcount.com;s.ad.smaato.net;s.yimg.com;secure-gl.imrworldwide.com;secure.adnxs.com;secure.quantserve.com;simage2.pubmatic.com;simplifi.partners.tremorhub.com;snap.licdn.com;sp.analytics.yahoo.com;sync.bfmio.com;sync.intentiq.com;synchroscript.deliveryengine.adswizz.com;tag.simpli.fi;tags.srv.stackadapt.com;tracking-api.g2.com;tracking.g2crowd.com;um.simpli.fi;universe.send.microad.jp;us-u.openx.net;user-sync.fwmrm.net;www.braze.com;www.google.com;www.googleadservices.com;www.googletagmanager.com;www.linkedin.com;www.redditstatic.com;x.bidswitch.net
6804,immy.bot,22,alb.reddit.com;api.hubapi.com;assets.calendly.com;fonts.googleapis.com;fonts.gstatic.com;googleads.g.doubleclick.net;immy.bot;js.hs-analytics.net;js.hs-banner.com;js.hs-scripts.com;js.hsadspixel.net;js.hubspot.com;perf-na1.hsforms.com;pixel-config.reddit.com;track.hubspot.com;us-assets.i.posthog.com;us.i.posthog.com;www.google-analytics.com;www.google.com;www.googletagmanager.com;www.immy.bot;www.redditstatic.com
6807,mobile.zscalertwo.net,5,admin.zscalertwo.net;cdn.mxpnl.com;cms.zscaler.com;mobile.zscalertwo.net;mobileadmin.zscalertwo.net
6811,helpshift.com,4,fonts.googleapis.com;fonts.gstatic.com;helpshift.com;www.helpshift.com
6817,affirm.com,41,13382940.fls.doubleclick.net;ad.doubleclick.net;adservice.google.com;affirm.com;alb.reddit.com;analytics.google.com;api.company-target.com;api2.branch.io;app.link;beacon.lynx.cognitivlabs.com;cdn.branch.io;cdn.cookielaw.org;cdn.jsdelivr.net;cdn1.affirm.com;connect.facebook.net;dsum-sec.casalemedia.com;geolocation.onetrust.com;googleads.g.doubleclick.net;idsync.rlcdn.com;images.ctfassets.net;info.affirm.com;lottie.host;o4506950416203776.ingest.us.sentry.io;partners.tremorhub.com;pi.pardot.com;pixel-config.reddit.com;pixel.rubiconproject.com;s.company-target.com;s.pinimg.com;segments.company-target.com;static.cloudflareinsights.com;static.hotjar.com;stats.g.doubleclick.net;tag.demandbase.com;tracking-api.g2.com;tracking.g2crowd.com;videos.ctfassets.net;www.google.com;www.googleadservices.com;www.googletagmanager.com;www.redditstatic.com
6818,www.belkin.com,32,a.klaviyo.com;api.userway.org;belkin.my.salesforce-scrt.com;belkin.my.site.com;c.webtrends-optimize.com;cdn-loyalty.yotpo.com;cdn-swell-assets.yotpo.com;cdn-widgetsrepository.yotpo.com;cdn.cnstrc.com;cdn.cookielaw.org;cdn.cquotient.com;cdn.userway.org;cnstrc.com;d38xvr37kwwhcm.cloudfront.net;fast.a.klaviyo.com;fonts.cdnfonts.com;fonts.googleapis.com;geolocation.onetrust.com;js.klarna.com;maxcdn.bootstrapcdn.com;p.cquotient.com;pat.webtrends-optimize.com;s3.belkin.com;sdk.helloextend.com;static-forms.klaviyo.com;static.cloudflareinsights.com;static.klaviyo.com;unpkg.com;www.belkin.com;www.cloudflare.com;www.googletagmanager.com;x.klarnacdn.net
6820,z-m-static.xx.fbcdn.net,4,static.xx.fbcdn.net;www.facebook.com;www.instagram.com;z-m-static.xx.fbcdn.net
6822,euc-excel-telemetry.officeapps.live.com,16,admin.microsoft.com;browser.events.data.microsoft.com;c.s-microsoft.com;config.edge.skype.com;euc-excel-telemetry.officeapps.live.com;js.monitor.azure.com;login.live.com;login.microsoftonline.com;mem.gfx.ms;res.cdn.office.net;s.clarity.ms;scripts.clarity.ms;uhf.microsoft.com;www.clarity.ms;www.microsoft.com;www.office.com
6834,go.xlivrdr.com,11,assets.chapturist.com;assets.strpssts-ana.com;cdnjs.cloudflare.com;creative.eizzih.com;go.eizzih.com;go.stripchat.com;go.xlivrdr.com;img.doppiocdn.net;mmp.doppiocdn.com;stripchat.com;ststandard.com
6838,mintegral.com,6,assets-official.mintegral.com;icheck.mintegral.com;mintegral.com;s3.amazonaws.com;www.google-analytics.com;www.googletagmanager.com
6849,us02web.zoom.us,63,44.238.122.172;9513928.fls.doubleclick.net;ad.doubleclick.net;adservice.google.com;alb.reddit.com;analytics.twitter.com;api.company-target.com;bat.bing.com;c.contentsquare.net;cdn.amplitude.com;cdn.bc0a.com;cdn.cookielaw.org;cdn.jsdelivr.net;cdn.metadata.io;cm.g.doubleclick.net;collector-29673.us.tvsquared.com;connect.facebook.net;csxd.contentsquare.net;dsum-sec.casalemedia.com;dx.mountain.com;geolocation.onetrust.com;googleads.g.doubleclick.net;id.rlcdn.com;ixfd2-api.bc0a.com;js.zi-scripts.com;partners.tremorhub.com;pixel-config.reddit.com;pixel.byspotify.com;pixel.rubiconproject.com;pixels.spotify.com;px.adentifi.com;px.ads.linkedin.com;s.company-target.com;s.usea01.idio.episerver.net;s.yimg.jp;scout-cdn.salesloft.com;scout.salesloft.com;segments.company-target.com;snap.licdn.com;sr-client-cfg.amplitude.com;st1.zoom.us;static.ads-twitter.com;static.cloudflareinsights.com;t.co;t.contentsquare.net;tag-logger.demandbase.com;tag.demandbase.com;tracking-api.g2.com;tracking.g2crowd.com;trkn.us;us.telemetry.zoom.us;us01campaign.zoom.us;us02web.zoom.us;utt.impactcdn.com;ws-assets.zoominfo.com;ws.zoominfo.com;www.google.com;www.googletagmanager.com;www.linkedin.com;www.redditstatic.com;www.zoom.com;zoom.sjv.io;zoom.us
6854,gcs.garmin.com,2,gcs.garmin.com;static.cloudflareinsights.com
6868,adingo.jp,5,adingo.jp;analytics.google.com;corp.fluct.jp;stats.g.doubleclick.net;www.googletagmanager.com
6883,screencastify.com,48,accounts-api-us.ortto.app;ajax.googleapis.com;analytics.google.com;analytics.twitter.com;api.livechatinc.com;cdn-cookieyes.com;cdn.jsdelivr.net;cdn.livechatinc.com;cdn.prod.website-files.com;cm.g.doubleclick.net;connect.facebook.net;d.adroll.com;d3e54v103j8qbb.cloudfront.net;directory.cookieyes.com;dsum-sec.casalemedia.com;eb2.3lift.com;fonts.googleapis.com;fonts.gstatic.com;googleads.g.doubleclick.net;ib.adnxs.com;idsync.rlcdn.com;image2.pubmatic.com;joinamply.github.io;lex.33across.com;log.cookieyes.com;m.autopilotapp.com;match.adsrvr.org;ml314.com;pippio.com;pixel.rubiconproject.com;pixel.tapad.com;ps.eyeota.net;public.profitwell.com;px.ads.linkedin.com;s.adroll.com;screencastify.com;static.ads-twitter.com;stats.g.doubleclick.net;sync.outbrain.com;sync.taboola.com;t.co;track.mail.castify.com;us-u.openx.net;ww2.screencastify.com;www.google.com;www.googletagmanager.com;www.screencastify.com;x.bidswitch.net
6884,img.3lift.com,4,divp3w86nodu0.cloudfront.net;fonts.googleapis.com;fonts.gstatic.com;img.3lift.com
6887,powerapps.com,44,a.tribalfusion.com;accdn-vip.lpsnmedia.net;analytics.twitter.com;assets.adobedtm.com;browser.events.data.microsoft.com;c.bing.com;c.s-microsoft.com;cdn-dynmedia-1.microsoft.com;cm.everesttech.net;cm.g.doubleclick.net;cms.analytics.yahoo.com;cms.quantserve.com;dpm.demdex.net;edge.adobedc.net;ib.adnxs.com;idpix.media6degrees.com;idsync.rlcdn.com;js.monitor.azure.com;login.live.com;login.microsoftonline.com;lptag.liveperson.net;match.adsrvr.org;mscom.demdex.net;msftenterprise.sc.omtrdc.net;play.vidyard.com;powerapps.com;powerapps.microsoft.com;proteanwps-gdftf3fgf0f0fye5.b01.azurefd.net;publisher.liveperson.net;px.owneriq.net;rtd-tm.everesttech.net;rtd.tubemogul.com;rum.hlx.page;s.clarity.ms;scripts.clarity.ms;servedby.flashtalking.com;static-assets.fs.liveperson.com;target.microsoft.com;uhf.microsoft.com;ups.analytics.yahoo.com;va-vip.v.liveperson.net;wcpstatic.microsoft.com;www.clarity.ms;www.microsoft.com
6888,video.qq.com,24,active.v.qq.com;beacon.cdn.qq.com;cache.wuji.qq.com;galileotelemetry.tencent.com;game.weixin.qq.com;gif.media.qpic.cn;h.trace.qq.com;infozb6.video.qq.com;iwan-s.video.qq.com;media-img.puui.qpic.cn;p.l.qq.com;pbaccess.video.qq.com;pgdt.gtimg.cn;puui.qpic.cn;res.ab.qq.com;staticfile.qq.com;v.qq.com;vfiles.gtimg.cn;video.qq.com;vip.image.video.qpic.cn;vm.gtimg.cn;vmmp.qpic.cn;wfiles.gtimg.cn;xs.gdt.qq.com
6906,bitdrift.io,12,api.iconify.design;aplo-evnt.com;assets.apollo.io;auth.bitdrift.io;bitdrift.io;blog.bitdrift.io;go.bitdrift.io;googleads.g.doubleclick.net;s3-us-west-2.amazonaws.com;www.google-analytics.com;www.google.com;www.googletagmanager.com
6914,ensighten.com,35,analytics.google.com;api.hubapi.com;app.clearbit.com;august.takingbackjuly.com;bat.bing.com;cdnjs.cloudflare.com;cheq.ai;connect.facebook.net;doh.cq0.co;ensighten.com;forms-na1.hsforms.com;forms.hsforms.com;googleads.g.doubleclick.net;js.chilipiper.com;js.hs-analytics.net;js.hs-banner.com;js.hs-scripts.com;js.hsadspixel.net;js.hscollectedforms.net;js.hsforms.net;june.takingbackjuly.com;player.vimeo.com;pocustrack.com;px.ads.linkedin.com;snap.licdn.com;stats.g.doubleclick.net;tag.clearbitscripts.com;tms.cheq.ai;track.hubspot.com;www.clickcease.com;www.google.com;www.googletagmanager.com;www.linkedin.com;www.youtube.com;x.clearbitjs.com
6923,booking.com,6,account.booking.com;booking.com;cdn.cookielaw.org;cf.bstatic.com;geolocation.onetrust.com;www.booking.com
6927,notion.so,27,accounts.google.com;adora-cdn.com;analytics.google.com;analytics.twitter.com;c.adora-cdn.com;cdn.metadata.io;connect.facebook.net;d34r8q7sht0t9k.cloudfront.net;googleads.g.doubleclick.net;images.ctfassets.net;ipv4.pdscrb.com;munchkin.marketo.net;notion.so;o324374.ingest.sentry.io;px.ads.linkedin.com;snap.licdn.com;ssl.pstatic.net;static.ads-twitter.com;t.co;transcend-cdn.com;trkn.us;verifi.pdscrb.com;videos.ctfassets.net;wcs.naver.net;www.google.com;www.googletagmanager.com;www.notion.com
6928,messenger.com,5,messenger.com;scontent-iad6-1.xx.fbcdn.net;static.xx.fbcdn.net;www.facebook.com;www.messenger.com
6941,sogou.com,4,dlweb.sogoucdn.com;h.trace.qq.com;pb.sogou.com;sogou.com
6951,wb.ru,2,wb.ru;www.wildberries.ru
6952,wordonline.nel.measure.office.net,2,ajax.aspnetcdn.com;wordonline.nel.measure.office.net
6953,hpsmart.com,8,api.hpsmart.com;cdn.cookielaw.org;clientstream.launchdarkly.com;code.jquery.com;geolocation.onetrust.com;hpsmart.com;www.hp.com;www.hpsmart.com
6955,saupdates.dell.com,2,downloads.dell.com;saupdates.dell.com
6967,zaloapp.com,5,www.google-analytics.com;www.googletagmanager.com;zalo-site.zadn.vn;zalo.me;zaloapp.com
6977,secure.livechatinc.com,10,accounts.livechat.com;analytics.google.com;cdn.livechat-static.com;cdnx.livechatinc.com;fonts.googleapis.com;fonts.gstatic.com;secure.livechatinc.com;stats.g.doubleclick.net;www.google-analytics.com;www.googletagmanager.com
6978,piano.io,30,api.axept.io;api.framer.com;app.framerstatic.com;cdn.claydar.com;cdn.cxense.com;cdn.leandata.com;cdn.tinypass.com;cdn1.leandata.com;client.axept.io;events.framer.com;fonts.axept.io;fonts.googleapis.com;fqwcfzg.pa-cd.com;framer.com;framerusercontent.com;googleads.g.doubleclick.net;marketing.piano.io;p1cluster.cxense.com;pi.pardot.com;piano.io;px.ads.linkedin.com;snap.licdn.com;static.axept.io;static.claydar.com;tag.aticdn.net;website-for-pianoio.pages.dev;www.google.com;www.googletagmanager.com;www.linkedin.com;www.piano.io
7008,dzen.ru,21,ad.mail.ru;adv.mail.ru;api.vk.com;avatars.dzeninfra.ru;csp.yandex.net;dzen.ru;login.vk.com;privacy-cs.mail.ru;r.mradx.net;s3.dzeninfra.ru;sso.dzen.ru;sso.passport.yandex.ru;stacks.vk-portal.net;static-mon.yandex.net;static.dzeninfra.ru;static.vk.com;suggest.sso.dzen.ru;top-fwz1.mail.ru;vk.ru;yandex.ru;yastatic.net
7017,gameanalytics.com,15,cdn.iubenda.com;cdn.jsdelivr.net;cdn.prod.website-files.com;d3e54v103j8qbb.cloudfront.net;embeds.iubenda.com;gameanalytics.com;hubspotonwebflow.com;idb.iubenda.com;kidsafe.com;p.typekit.net;pagead2.googlesyndication.com;use.typekit.net;www.gameanalytics.com;www.google-analytics.com;www.googletagmanager.com
7024,akamai.com,2,akamai.com;www.akamai.com
7028,nianticlabs.com,4,lh3.googleusercontent.com;storage.googleapis.com;www.google-analytics.com;www.googletagmanager.com
7032,newsroom.bi,15,aplo-evnt.com;assets.apollo.io;events.newsroom.bi;experiences.mrf.io;fonts.gstatic.com;googleads.g.doubleclick.net;i.ytimg.com;newsroom.bi;rr1---sn-p5qs7n6y.googlevideo.com;sdk.mrf.io;static.doubleclick.net;www.google.com;www.gstatic.com;www.marfeel.com;www.youtube.com
7035,classlink.com,27,accounts.finsweet.com;ajax.googleapis.com;api.consentpro.com;c.bing.com;c.clarity.ms;cdn.jetboost.io;cdn.jsdelivr.net;cdn.prod.website-files.com;cdn.weglot.com;challenges.cloudflare.com;classlink.com;d3e54v103j8qbb.cloudfront.net;fonts.googleapis.com;fonts.gstatic.com;p.typekit.net;s.clarity.ms;sc.lfeeder.com;scripts.clarity.ms;tr.lfeeder.com;use.typekit.net;webassets-cdn.classlink.com;www.clarity.ms;www.classlink.com;www.google-analytics.com;www.google.com;www.googletagmanager.com;www.gstatic.com
7049,action1.com,10,action1.com;dev.visualwebsiteoptimizer.com;fonts.gstatic.com;googleads.g.doubleclick.net;i.ytimg.com;static.doubleclick.net;www.action1.com;www.google.com;www.youtube.com;yt3.ggpht.com
7050,judge.me,15,analytics.google.com;api.judge.me;app.framerstatic.com;c.bing.com;c.clarity.ms;events.framer.com;framer.com;framerusercontent.com;judge.me;scripts.clarity.ms;static.hotjar.com;stats.g.doubleclick.net;www.clarity.ms;www.google.com;www.googletagmanager.com
7055,heytapimg.com,7,heytapimg.com;magzineimgf-sg2.nearme.com.cn;securepubads.g.doubleclick.net;ums-rum-global.heytapimage.com;ums-telemetry-sgp.heytapmobi.com;www.google-analytics.com;www.googletagmanager.com
7057,liveupdate.symantec.com,9,cdn.cookielaw.org;geolocation.onetrust.com;images.sw.broadcom.com;img.en25.com;liveupdate.symantec.com;secure.sw.broadcom.com;www.broadcom.com;www.google-analytics.com;www.googletagmanager.com
7060,etsy.com,5,ct.captcha-delivery.com;etsy.com;geo.captcha-delivery.com;static.captcha-delivery.com;www.etsy.com
7065,hihonor.com,20,analytics.google.com;cm.g.doubleclick.net;dap-cn.c.hihonor.com;googleads.g.doubleclick.net;hihonor.com;ib.adnxs.com;insight.adsrvr.org;isurvey.c.hihonor.com;js.adsrvr.org;pixel.rubiconproject.com;retail.hihonor.com;retail.honor.com;selfservice-sg.hihonor.com;stats.g.doubleclick.net;www-file.honor.com;www.google.com;www.googleadservices.com;www.googletagmanager.com;www.hihonor.com;www.honor.com
7072,dotmetrics.net,8,adex.dotmetrics.net;cdnjs.cloudflare.com;code.jquery.com;dotmetrics.net;fonts.googleapis.com;fonts.gstatic.com;internal-api.dotmetrics.net;script.dotmetrics.net
7073,cxense.com,31,api.axept.io;api.framer.com;app.framerstatic.com;cdn.claydar.com;cdn.cxense.com;cdn.leandata.com;cdn.tinypass.com;cdn1.leandata.com;client.axept.io;cxense.com;events.framer.com;fonts.axept.io;fonts.googleapis.com;fqwcfzg.pa-cd.com;framer.com;framerusercontent.com;googleads.g.doubleclick.net;marketing.piano.io;p1cluster.cxense.com;pi.pardot.com;piano.io;px.ads.linkedin.com;snap.licdn.com;static.axept.io;static.claydar.com;tag.aticdn.net;website-for-pianoio.pages.dev;www.google.com;www.googletagmanager.com;www.linkedin.com;www.piano.io
7074,sse.cisco.com,4,cdn.amplitude.com;d1hl4sbp06iqma.cloudfront.net;d36u8deuxga9bo.cloudfront.net;sse.cisco.com
7087,logmein.com,38,417-klk-478.mktoresp.com;alb.reddit.com;analytics.google.com;ariane.abtasty.com;bat.bing.com;cdn.cookielaw.org;cm.g.doubleclick.net;connect.facebook.net;dcinfos-cache.abtasty.com;edge.sitecorecloud.io;epsilon.6sense.com;geolocation.onetrust.com;googleads.g.doubleclick.net;ib.adnxs.com;insight.adsrvr.org;ipv6.6sc.co;j.6sc.co;js.adsrvr.org;js.qualified.com;lmiutilcdn.blob.core.windows.net;logmein.com;munchkin.marketo.net;pixel-config.reddit.com;pixel.rubiconproject.com;px.ads.linkedin.com;secure.adnxs.com;siteintercept.qualtrics.com;snap.licdn.com;stats.g.doubleclick.net;try.abtasty.com;utt.impactcdn.com;www.google-analytics.com;www.google.com;www.googletagmanager.com;www.linkedin.com;www.logmein.com;www.redditstatic.com;zn1nu7ve8yxy0nawq-logmeinvoc.siteintercept.qualtrics.com
7091,na1.data.workspaceone.com,3,cdn.pendo.io;d2oh183cm2fzuo.cloudfront.net;na1.data.workspaceone.com
7103,vidazoo.com,17,consent.cookiebot.com;consentcdn.cookiebot.com;evt.undertone.com;forms-na1.hsforms.com;forms.hsforms.com;js.hsforms.net;match.adsrvr.org;perion.com;pixel.tapad.com;px.ads.linkedin.com;snap.licdn.com;unpkg.com;vee-crm.com;vidazoo.com;www.google-analytics.com;www.googletagmanager.com;www.linkedin.com
7126,liftdsp.com,2,liftdsp.com;www.lift.win
7137,google.com.mx,3,ogads-pa.clients6.google.com;play.google.com;www.gstatic.com
7138,celtra.com,6,cdn.cookielaw.org;celtra.com;geolocation.onetrust.com;pagead2.googlesyndication.com;www.google-analytics.com;www.googletagmanager.com
7140,meta.wikimedia.org,2,meta.wikimedia.org;upload.wikimedia.org
7149,quora.com,2,challenges.cloudflare.com;quora.com
7164,vidoomy.com,7,googleads.g.doubleclick.net;use.typekit.net;vidoomy.com;www.google-analytics.com;www.google.com;www.googletagmanager.com;www.vidoomy.com
7182,us.nextdoor.com,17,accounts.google.com;api2.branch.io;apis.google.com;app.link;appleid.cdn-apple.com;bat.bing.com;cdn.branch.io;connect.facebook.net;d19rpgkrjeba2z.cloudfront.net;flask.us.nextdoor.com;googleads.g.doubleclick.net;measure.nextdoor.com;sdk.privacy-center.org;us.nextdoor.com;www.datadoghq-browser-agent.com;www.google.com;www.googletagmanager.com
7195,a.pub.network,2,a.pub.network;dashboard.freestar.io
7207,forticloud.com,3,fonts.gstatic.com;forticloud.com;www.forticloud.com
7218,www.mozilla.org,4,transcend-cdn.com;www.google-analytics.com;www.googletagmanager.com;www.mozilla.org
7239,sxp.smartclip.net,5,cdn.auth0.com;cdnjs.cloudflare.com;login.smartclip.net;stackpath.bootstrapcdn.com;sxp.smartclip.net
7251,api.bilibili.com,6,api.bilibili.com;api.live.bilibili.com;data.bilibili.com;i0.hdslb.com;i1.hdslb.com;s1.hdslb.com
7258,supercell.com,6,accounts.supercell.com;cdn.cookielaw.org;cdn.supercell.com;geolocation.onetrust.com;o315582.ingest.sentry.io;supercell.com
7269,pull-cmaf-l77-gcp01.tiktokcdn.com,2,error.c.cdn77.org;pull-cmaf-l77-gcp01.tiktokcdn.com
7282,www.notion.so,31,414-xmy-838.mktoresp.com;accounts.google.com;adora-cdn.com;analytics.google.com;analytics.twitter.com;c.adora-cdn.com;cdn.metadata.io;connect.facebook.net;d34r8q7sht0t9k.cloudfront.net;exp.notion.so;googleads.g.doubleclick.net;images.ctfassets.net;ipv4.pdscrb.com;munchkin.marketo.net;o324374.ingest.sentry.io;px.ads.linkedin.com;snap.licdn.com;ssl.pstatic.net;static.ads-twitter.com;t.co;transcend-cdn.com;trkn.us;verifi.pdscrb.com;videos.ctfassets.net;wcs.naver.com;wcs.naver.net;www.google.com;www.googletagmanager.com;www.linkedin.com;www.notion.com;www.notion.so
7284,streamingapi-ford-soa-24-prod-360.mountain.siriusxm.com,3,fonts.googleapis.com;fonts.gstatic.com;streamingapi-ford-soa-24-prod-360.mountain.siriusxm.com
7300,oculus.com,16,alb.reddit.com;analytics.google.com;analytics.tiktok.com;connect.facebook.net;lookaside.fbsbx.com;metadotcom.fbthirdpartypixel.com;oculus.com;sc-static.net;static.ads-twitter.com;static.xx.fbcdn.net;t.co;tags.tiqcdn.com;www.googletagmanager.com;www.meta.com;www.oculus.com;www.redditstatic.com
7311,audioeye.com,21,analytics.audioeye.com;app.hubspot.com;audioeye.com;cdn-cookieyes.com;dev.visualwebsiteoptimizer.com;directory.cookieyes.com;fonts.googleapis.com;js.hs-scripts.com;js.hubspotfeedback.com;js.usemessages.com;log.cookieyes.com;static.hsappstatic.net;us-assets.i.posthog.com;useruploads.visualwebsiteoptimizer.com;wsmcdn.audioeye.com;wsv3cdn.audioeye.com;www-assets.audioeye.com;www.audioeye.com;www.clickcease.com;www.google.com;www.googletagmanager.com
7313,synology.com,26,analytics.google.com;api.livechatinc.com;bat.bing.com;c.clarity.ms;cdn.livechatinc.com;cdn.mouseflow.com;connect.facebook.net;fileres.synology.com;gallery.synology.com;googleads.g.doubleclick.net;px.ads.linkedin.com;s.clarity.ms;scripts.clarity.ms;snap.licdn.com;stats.g.doubleclick.net;synology.com;synostatic.synology.com;webec.synology.com;www-ai.synology.com;www.clarity.ms;www.google-analytics.com;www.google.com;www.googletagmanager.com;www.linkedin.com;www.synology.com;www.youtube.com
7327,media.yahoo.com,58,ad-delivery.net;ads.pubmatic.com;ads.yieldmo.com;analytics.google.com;ap.lijit.com;api.rlcdn.com;bb.lijit.com;bh.contextweb.com;c2shb-oao.ssp.yahoo.com;cdn.p-n.io;cdn.taboola.com;cm.g.doubleclick.net;consent.cmp.oath.com;contextual.media.net;eus.rubiconproject.com;exchange.kueezrtb.com;fastlane.rubiconproject.com;grid-bidder.criteo.com;guce.yahoo.com;hbopenbid.pubmatic.com;htlb.casalemedia.com;ib.adnxs.com;idx.liadm.com;match.sharethrough.com;measureadv.com;media.yahoo.com;ms-cookie-sync.presage.io;ncp-gw-frontpage.media.yahoo.com;nexus-gateway-prod.media.yahoo.com;noa.yahoo.com;onetag-sys.com;opus.analytics.yahoo.com;pbs-cs.yellowblue.io;pbs-yahoo-us.ay.delivery;pbs.yahoo.com;pm-widget.taboola.com;prebid-match.dotomi.com;prebid-server.rubiconproject.com;prebid.media.net;rp.liadm.com;rtb.gumgum.com;rtb.mfadsrvr.com;rtb.openx.net;s.seedtag.com;s.yimg.com;sb.scorecardresearch.com;secure-assets.rubiconproject.com;securepubads.g.doubleclick.net;signal-service.pbs.yahoo.com;ssc-cms.33across.com;ssp-sync.criteo.com;stats.g.doubleclick.net;tlx.3lift.com;tsdtocl.com;ups.analytics.yahoo.com;wnsrvbjmeprtfrnfx.ay.delivery;www.googletagmanager.com;www.yahoo.com
7336,ok.ru,19,732231.ms.ok.ru;api.vk.com;counter.yadro.ru;dzen.ru;limg.imgsmail.ru;mc.yandex.ru;ok.ru;privacy-cs.mail.ru;r3.mail.ru;rs.mail.ru;st-ok.cdn-vk.ru;st.okcdn.ru;stats.g.doubleclick.net;top-fwz1.mail.ru;www.google-analytics.com;www.googletagmanager.com;www.tns-counter.ru;yandex.ru;yastatic.net
7342,pgammedia.com,4,fonts.googleapis.com;fonts.gstatic.com;pgammedia.com;www.pgammedia.com
7345,perf-na1.hsforms.com,21,53.fs1.hubspotusercontent-na1.net;analytics.google.com;cdn2.hubspot.net;cta-service-cms2.hubspot.com;developers.hubspot.com;fonts.googleapis.com;hubspot.statuspage.io;js.hs-analytics.net;js.hs-banner.com;js.hsadspixel.net;js.hsforms.net;js.hubspotfeedback.com;js.usemessages.com;perf-na1.hsforms.com;static.hsappstatic.net;static2cdn.hubspot.com;wtcfns.hubspot.com;www.google-analytics.com;www.googletagmanager.com;www.hubspot.com;www.wthubspot.com
7346,noa.yahoo.com,2,noa.yahoo.com;sec.yimg.com
7356,optidigital.com,43,analytics.google.com;api.consentframework.com;api.hubapi.com;app.hubspot.com;cache.consentframework.com;cdn.abconsent.net;choices.consentframework.com;cm.g.doubleclick.net;cms.analytics.yahoo.com;cookie-matching.mediarithmics.com;dpm.demdex.net;googleads.g.doubleclick.net;i.simpli.fi;image6.pubmatic.com;js.hs-analytics.net;js.hs-banner.com;js.hs-scripts.com;js.hsadspixel.net;js.hscollectedforms.net;js.hsforms.net;js.hubspot.com;js.sddan.com;js.usemessages.com;map.sddan.com;match.adsrvr.org;new.optidigital.com;optidigital.com;perf-na1.hsforms.com;pixel.rubiconproject.com;ps.eyeota.net;px.ads.linkedin.com;redirect.frontend.weborama.fr;s.amazon-adsystem.com;secure.adnxs.com;sitebehaviour-cdn.fra1.cdn.digitaloceanspaces.com;snap.licdn.com;static.hsappstatic.net;stats.g.doubleclick.net;sync.crwdcntrl.net;sync.smartadserver.com;ups.analytics.yahoo.com;www.google.com;www.linkedin.com
7359,fout.jp,21,analytics-ipv6.tiktokw.us;analytics.google.com;analytics.tiktok.com;audiencedata.im-apps.net;cdnjs.cloudflare.com;cnt.fout.jp;code.jquery.com;connect.facebook.net;dmp.im-apps.net;fonts.googleapis.com;fonts.gstatic.com;fout.jp;googleads.g.doubleclick.net;js.fout.jp;make-some-noise.fout.co.jp;stats.g.doubleclick.net;www.fout.co.jp;www.google-analytics.com;www.google.com;www.googletagmanager.com;www2.fout.co.jp
7362,m.qq.com,9,3gimg.qq.com;js.aq.qq.com;luban.m.qq.com;m.qq.com;rumt-zh.com;sdi.3g.qq.com;tam.cdn-go.cn;tools.3g.qq.com;webcdn.m.qq.com
7380,samsungknox.com,9,a.tribalfusion.com;cdn.builder.io;img06.en25.com;samsungknox.com;snap.licdn.com;tags.srv.stackadapt.com;www.google-analytics.com;www.googletagmanager.com;www.samsungknox.com
7384,udmserve.net,9,api.cmp.inmobi.com;cmp.inmobi.com;fonts.googleapis.com;fonts.gstatic.com;udmserve.net;underdogmedia.com;visit-server.inmobi-choice.io;www.google-analytics.com;www.googletagmanager.com
7400,signifyd.com,9,cdn-ildoljb.nitrocdn.com;cdn.cookielaw.org;geolocation.onetrust.com;nitroscripts.com;signifyd.com;to.getnitropack.com;www.google.com;www.googletagmanager.com;www.signifyd.com
7432,customer.io,34,alb.reddit.com;analytics.twitter.com;api.sitelytics.tech;aqfer.lijit.com;bat.bing.com;c.clarity.ms;cdn.sanity.io;cdn.sitelytics.tech;cdp.customer.io;ce.lijit.com;consent.cookiebot.com;consentcdn.cookiebot.com;customer.io;js.zi-scripts.com;pagead2.googlesyndication.com;pixel-config.reddit.com;px.ads.linkedin.com;pxdrop.lijit.com;s.clarity.ms;scout-cdn.salesloft.com;scout.salesloft.com;scripts.clarity.ms;snap.licdn.com;static.ads-twitter.com;t.co;tracking-api.g2.com;tracking.g2crowd.com;ws-assets.zoominfo.com;ws.zoominfo.com;www.clarity.ms;www.google-analytics.com;www.googletagmanager.com;www.linkedin.com;www.redditstatic.com
7440,app.ringcentral.com,9,app.pendo.io;app.ringcentral.com;cdn.cookielaw.org;cdn.mxpnl.com;cdn.pendo.io;discovery.ringcentral.biz;geolocation.onetrust.com;sentry.io;storage.googleapis.com
7449,tp-link.com,2,static.tp-link.com;tp-link.com
7452,vmware.com,13,cdn.cookielaw.org;connect.facebook.net;geolocation.onetrust.com;img.en25.com;pagead2.googlesyndication.com;px.ads.linkedin.com;sec.vmware.com;snap.licdn.com;vmware.com;www.google-analytics.com;www.googletagmanager.com;www.linkedin.com;www.vmware.com
7461,metrics.getrockerbox.com,50,6823595ee2a3634bf77e7bfe.endpoint.csper.io;7052064.fs1.hubspotusercontent-na1.net;8ab0a26cb0027939bcf5-49c99c3c0c9c98b3365b710757036e1b.ssl.cf5.rackcdn.com;a.omappapi.com;acsbapp.com;alb.reddit.com;analytics.google.com;aorta.clickagy.com;api.hubapi.com;api.omappapi.com;app.hubspot.com;cdn.acsbapp.com;cdn.callrail.com;cdnjs.cloudflare.com;code.jquery.com;connect.facebook.net;consent.trustarc.com;fonts.gstatic.com;googleads.g.doubleclick.net;ib.adnxs.com;image.mux.com;insight.adsrvr.org;js.adsrvr.org;js.hs-analytics.net;js.hs-banner.com;js.hsadspixel.net;js.hscollectedforms.net;js.zi-scripts.com;kit-free.fontawesome.com;leads-api.gonorth.io;manifest-gcp-us-east1-vop1.edgemv.mux.com;metrics.getrockerbox.com;pixel-config.reddit.com;pixel.rubiconproject.com;play.hubspotvideo.com;px.ads.linkedin.com;snap.licdn.com;static.hsappstatic.net;stats.g.doubleclick.net;stream.mux.com;tag.unifyintent.com;tags.clickagy.com;us-u.openx.net;ws.zoominfo.com;www.cloudflare.com;www.google.com;www.googletagmanager.com;www.linkedin.com;www.redditstatic.com;www.rockerbox.com
7466,vision.meraki.com,5,bam-cell.nr-data.net;cdn.ingest-lr.com;js-agent.newrelic.com;vision.meraki.com;www.googletagmanager.com
7468,aca-livecards-service.amazon.com,2,aca-livecards-service.amazon.com;g-ecx.images-amazon.com
7472,e.qq.com,2,e.qq.com;qzonestyle.gtimg.cn
7473,pubnub.com,26,330-xqk-637.mktoresp.com;analytics.google.com;api-ingest.pocustrack.com;api.cr-proxy.com;api.segment.io;api.vector.co;bat.bing.com;cdn.amplitude.com;cdn.builder.io;cdn.cookielaw.org;cdn.cr-proxy.com;cdn.vector.co;fonts.googleapis.com;geolocation.onetrust.com;googleads.g.doubleclick.net;js.zi-scripts.com;munchkin.marketo.net;pubads.g.doubleclick.net;pubnub.com;sentry.pubnub.com;stats.g.doubleclick.net;ws.zoominfo.com;www.google-analytics.com;www.google.com;www.googletagmanager.com;www.pubnub.com
7496,zimperium.com,38,46745145.hs-sites.com;7052064.fs1.hubspotusercontent-na1.net;analytics.twitter.com;api.company-target.com;api.hubapi.com;cdn.jsdelivr.net;cdn.ketchjs.com;cdnjs.cloudflare.com;cta-service-cms2.hubspot.com;dsum-sec.casalemedia.com;global.ketchcdn.com;id.rlcdn.com;js.hs-analytics.net;js.hs-banner.com;js.hs-scripts.com;js.hsadspixel.net;js.hubspot.com;js.qualified.com;okt.to;partners.tremorhub.com;perf-na1.hsforms.com;pixel.rubiconproject.com;px.ads.linkedin.com;s.company-target.com;scout-cdn.salesloft.com;scout.salesloft.com;segments.company-target.com;snap.licdn.com;static.ads-twitter.com;static.hsappstatic.net;static.oktopost.com;t.co;tag-logger.demandbase.com;tag.demandbase.com;www.google-analytics.com;www.googletagmanager.com;www.linkedin.com;zimperium.com
7502,web-fallback.facebook.com,4,static.xx.fbcdn.net;web-fallback.facebook.com;www.facebook.com;www.instagram.com
7510,csync-global.smartadserver.com,2,csync-global.smartadserver.com;csync-us.smartadserver.com
7522,uniflowonline.com,10,app.usercentrics.eu;fonts.gstatic.com;googleads.g.doubleclick.net;i.ytimg.com;static.doubleclick.net;uct.service.usercentrics.eu;uniflowonline.com;www.google.com;www.uniflowonline.com;www.youtube.com
7530,music.amazon.com,8,api2.branch.io;app.link;cdn.branch.io;client.rum.us-east-1.amazonaws.com;d5fx445wy2wpk.cloudfront.net;m.media-amazon.com;music.amazon.com;na.web.skill.music.a2z.com
7531,www.google.com.mx,3,ogads-pa.clients6.google.com;play.google.com;www.gstatic.com
7542,autoelevate.com,11,analytics.google.com;autoelevate.com;cyberfox1.wpenginepowered.com;fonts.googleapis.com;fonts.gstatic.com;forms-na1.hsforms.com;forms.hsforms.com;js.hsforms.net;stats.g.doubleclick.net;www.cyberfox.com;www.googletagmanager.com
7544,grpc.life360.com,2,grpc.life360.com;static.cloudflareinsights.com
7560,thisisdax.com,16,ajax.googleapis.com;cdn.jsdelivr.net;cdn.privacy-mgmt.com;challenges.cloudflare.com;ekr.zdassets.com;fonts.googleapis.com;fonts.gstatic.com;global.com;global6590.zendesk.com;googleads.g.doubleclick.net;static.zdassets.com;thisisdax.com;www.google.com;www.googleadservices.com;www.googletagmanager.com;www.gstatic.com
7567,atera.com,3,atera.com;static.cloudflareinsights.com;www.atera.com
7569,amazonsilk.com,3,amazonsilk.com;images-na.ssl-images-amazon.com;www.amazon.com
7584,imap-mail.outlook.com,5,aadcdn.msftauth.net;imap-mail.outlook.com;login.live.com;login.microsoftonline.com;res.public.onecdn.static.microsoft
7600,contentstack.com,39,489-wni-383.mktoresp.com;alb.reddit.com;analytics.google.com;analytics.twitter.com;api.company-target.com;assets.contentstack.io;assets.makeforms.io;c.lytics.io;cdn.bizible.com;cdn.bizibly.com;cdn.jsdelivr.net;cdn.metadata.io;connect.facebook.net;contentstack.com;cookie-cdn.cookiepro.com;dsum-sec.casalemedia.com;fonts.googleapis.com;fonts.gstatic.com;geolocation.onetrust.com;googleads.g.doubleclick.net;id.rlcdn.com;images.contentstack.io;js.qualified.com;munchkin.marketo.net;partners.tremorhub.com;pixel-config.reddit.com;pixel.rubiconproject.com;s.company-target.com;segments.company-target.com;static.ads-twitter.com;stats.g.doubleclick.net;t.co;tag-logger.demandbase.com;tag.demandbase.com;tags.srv.stackadapt.com;www.contentstack.com;www.google.com;www.googletagmanager.com;www.redditstatic.com
7616,xnxx.com,4,a.orbsrv.com;assets-cdn77.xnxx-cdn.com;thumbs-gcore.xnxx-cdn.com;xnxx.com
7620,otel-mobile.doordash.com,2,otel-mobile.doordash.com;typography.doordash.com
7621,cdn.w55c.net,2,cdn.w55c.net;www.w55c.net
7625,rtb-trk4.linkedin.com,2,rtb-trk4.linkedin.com;static.licdn.com
7626,c.us.heap-api.com,45,alb.reddit.com;analytics.google.com;app.clearbit.com;assets.apollo.io;c.contentsquare.net;c.us.heap-api.com;cdn.cookielaw.org;cdn.heapanalytics.com;cdn.jsdelivr.net;connect.facebook.net;contentsquare.chilipiper.com;epsilon.6sense.com;eu.api.fpjs.io;fpjscdn.net;geolocation.onetrust.com;googleads.g.doubleclick.net;heap.io;heapanalytics.com;images.ctfassets.net;ipv6.6sc.co;j.6sc.co;k-aus1.contentsquare.net;marketo.clearbit.com;munchkin.marketo.net;page.contentsquare.com;pixel-config.reddit.com;pubads.g.doubleclick.net;px.ads.linkedin.com;snap.licdn.com;srm.bf.contentsquare.net;static.cloudflareinsights.com;static.hj.contentsquare.net;stats.g.doubleclick.net;t.contentsquare.net;tag.clearbitscripts.com;tracking-api.g2.com;tracking.g2crowd.com;videos.ctfassets.net;www.google-analytics.com;www.google.com;www.googleadservices.com;www.googletagmanager.com;www.linkedin.com;www.redditstatic.com;x.clearbitjs.com
7627,trafficjunky.net,13,accounts.google.com;alb.reddit.com;fonts.googleapis.com;pagead2.googlesyndication.com;pixel-config.reddit.com;static.trafficjunky.com;trafficjunky.net;unpkg.com;webassets.trafficjunky.com;www.google-analytics.com;www.googletagmanager.com;www.redditstatic.com;www.trafficjunky.com
7638,marketiq.com,8,ajax.googleapis.com;fd.cleantalk.org;fonts.googleapis.com;fonts.gstatic.com;marketiq.com;moderate.cleantalk.org;www.google-analytics.com;www.googletagmanager.com
7639,skimresources.com,4,fonts.googleapis.com;fonts.gstatic.com;skimresources.com;ssl.google-analytics.com
7663,acronis.com,25,account.acronis.com;acronis.com;bat.bing.com;cdn.cookielaw.org;cdn.cr-relay.com;connect.facebook.net;dev.visualwebsiteoptimizer.com;geolocation.onetrust.com;googleads.g.doubleclick.net;j.6sc.co;js.driftt.com;o394472.ingest.sentry.io;pagead2.googlesyndication.com;snap.licdn.com;tag.demandbase.com;tags.srv.stackadapt.com;trkn.us;websiteapi.acronis.com;www.clarity.ms;www.google.com;www.googletagmanager.com;www.mczbf.com;www.redditstatic.com;www.upsellit.com;www.youtube.com
7665,rt.udmserve.net,9,api.cmp.inmobi.com;cmp.inmobi.com;fonts.googleapis.com;fonts.gstatic.com;rt.udmserve.net;underdogmedia.com;visit-server.inmobi-choice.io;www.google-analytics.com;www.googletagmanager.com
7667,getpublica.com,18,ajax.googleapis.com;cdn-images.mailchimp.com;cdn.cookielaw.org;cdn.prod.website-files.com;d3e54v103j8qbb.cloudfront.net;fonts.googleapis.com;fonts.gstatic.com;geolocation.onetrust.com;getpublica.com;px.ads.linkedin.com;snap.licdn.com;widget.intercom.io;www.getpublica.com;www.google-analytics.com;www.google.com;www.googletagmanager.com;www.gstatic.com;www.linkedin.com
7688,alert.life360.com,2,alert.life360.com;static.cloudflareinsights.com
7691,xhpingcdn.com,10,euob.iseaskies.com;exploreonlineresults.com;l.cdn-fileserver.com;msadsscale.microsoft.com;obseu.iseaskies.com;resultsfastfind.com;s.cdn-fileserver.com;s.yimg.com;scripts.clarity.ms;xhpingcdn.com
7695,beacon.qq.com,8,beacon.cdn.qq.com;beacon.qq.com;cdn3.codesign.qq.com;galileotelemetry.tencent.com;turing.captcha.gtimg.com;turing.captcha.qcloud.com;www.google-analytics.com;www.googletagmanager.com
7698,www.netgear.com,45,api.consentjs.datagrail.io;apps.bazaarvoice.com;ara.paa-reporting-advertising.amazon;assets.netgear.com;b-code.liadm.com;bat.bing.com;browser-intake-datadoghq.com;c.amazon-adsystem.com;cdn.attn.tv;cdn.gbqofs.com;cdn.glassboxcdn.com;cdn.optimizely.com;cm.g.doubleclick.net;connect.facebook.net;container.pepperjam.com;dynamic.criteo.com;events.attentivemobile.com;googleads.g.doubleclick.net;gum.criteo.com;ib.adnxs.com;insight.adsrvr.org;js.adsrvr.org;logx.optimizely.com;netgear-us.attn.tv;network-a.bazaarvoice.com;ob.powerstarsbuilding.com;obs.powerstarsbuilding.com;pixel.rubiconproject.com;px.ads.linkedin.com;report.netgear.glassboxdigital.io;rp.liadm.com;s.amazon-adsystem.com;server-side-tagging-kquh5nqcta-uc.a.run.app;snap.licdn.com;sslwidget.criteo.com;static.cloudflareinsights.com;unpkg.com;www.datadoghq-browser-agent.com;www.downloads.netgear.com;www.google-analytics.com;www.google.com;www.googleadservices.com;www.googletagmanager.com;www.linkedin.com;www.netgear.com
7714,myworkdaycdn.com,2,myworkdaycdn.com;static.cloudflareinsights.com
7734,thumb-cdn77.xnxx-cdn.com,2,error.c.cdn77.org;thumb-cdn77.xnxx-cdn.com
7758,powerpoint-telemetry.officeapps.live.com,16,admin.microsoft.com;browser.events.data.microsoft.com;c.s-microsoft.com;config.edge.skype.com;js.monitor.azure.com;login.live.com;login.microsoftonline.com;mem.gfx.ms;powerpoint-telemetry.officeapps.live.com;res.cdn.office.net;s.clarity.ms;scripts.clarity.ms;uhf.microsoft.com;www.clarity.ms;www.microsoft.com;www.office.com
7761,google.co.th,3,ogads-pa.clients6.google.com;play.google.com;www.gstatic.com
7762,douyin.com,5,douyin.com;lf-cdn-tos.bytescm.com;lf-rc1.yhgfb-cn-static.com;rmc.bytedance.com;www.douyin.com
7777,gist.build,34,alb.reddit.com;analytics.twitter.com;api.sitelytics.tech;aqfer.lijit.com;bat.bing.com;c.clarity.ms;cdn.sitelytics.tech;cdp.customer.io;ce.lijit.com;consent.cookiebot.com;consentcdn.cookiebot.com;customer.io;gist.build;js.zi-scripts.com;pixel-config.reddit.com;px.ads.linkedin.com;pxdrop.lijit.com;s.clarity.ms;scout-cdn.salesloft.com;scout.salesloft.com;scripts.clarity.ms;snap.licdn.com;static.ads-twitter.com;t.co;tracking-api.g2.com;tracking.g2crowd.com;ws-assets.zoominfo.com;ws.zoominfo.com;www.clarity.ms;www.facebook.com;www.google-analytics.com;www.googletagmanager.com;www.linkedin.com;www.redditstatic.com
7783,userreport.com,23,c0.wp.com;cdn.mxpnl.com;cdn.userreport.com;cdnjs.cloudflare.com;forms.hsforms.com;googleads.g.doubleclick.net;i0.wp.com;js.hs-analytics.net;js.hs-banner.com;js.hs-scripts.com;js.hscollectedforms.net;p.typekit.net;s0.wp.com;sak.userreport.com;stats.wp.com;track.hubspot.com;use.typekit.net;userreport.com;visitanalytics.userreport.com;widgets.getsitecontrol.com;www.google-analytics.com;www.google.com;www.googletagmanager.com
7785,www.google.de,3,ogads-pa.clients6.google.com;play.google.com;www.gstatic.com
7788,www.intel.com,19,c.bing.com;c.clarity.ms;cane.intel.com;cdn.cookielaw.org;cm.g.doubleclick.net;consumer.intel.com;dogo.intel.com;dpm.demdex.net;geolocation.onetrust.com;intelcorp.scene7.com;munchkin.marketo.net;pagead2.googlesyndication.com;s.clarity.ms;scripts.clarity.ms;www.clarity.ms;www.google.com;www.googletagmanager.com;www.intel.com;zn3vonk1wgpmvfrmg-inteldotcomvoc.siteintercept.qualtrics.com
7802,vaultdcr.com,14,downloads.ctfassets.net;images.ctfassets.net;js.hs-analytics.net;js.hs-banner.com;js.hs-scripts.com;js.hsadspixel.net;js.hscollectedforms.net;js.hubspot.com;perf-na1.hsforms.com;track.hubspot.com;vaultdcr.com;www.google-analytics.com;www.googletagmanager.com;www.vaultdcr.tv
7815,cdn77-pic.xnxx-cdn.com,2,cdn77-pic.xnxx-cdn.com;error.c.cdn77.org
7834,growthbook.io,38,ajax.googleapis.com;alb.reddit.com;analytics.google.com;api.github.com;aplo-evnt.com;assets.apollo.io;buttons.github.io;cdn.growthbook.io;cdn.jsdelivr.net;cdn.prod.website-files.com;cdn2.hubspot.net;d3e54v103j8qbb.cloudfront.net;fonts.googleapis.com;fonts.gstatic.com;googleads.g.doubleclick.net;growthbook.io;js-na1.hs-scripts.com;js.hs-analytics.net;js.hs-banner.com;js.hscollectedforms.net;js.usemessages.com;pixel-config.reddit.com;px.ads.linkedin.com;sc.lfeeder.com;snap.licdn.com;static.hsappstatic.net;static.reo.dev;stats.g.doubleclick.net;t.growthbook.io;tr.lfeeder.com;track.hubspot.com;web-sdk.smartlook.com;www.google.com;www.googletagmanager.com;www.growthbook.io;www.gstatic.com;www.linkedin.com;www.redditstatic.com
7850,www.xnxx.com,5,a.orbsrv.com;assets-cdn77.xnxx-cdn.com;thumb-cdn77.xnxx-cdn.com;thumbs-gcore.xnxx-cdn.com;www.xnxx.com
7854,gdt.qq.com,3,e.qq.com;gdt.qq.com;qzonestyle.gtimg.cn
7855,speedtest.net,151,a.ad.gt;aa.agkn.com;aax.amazon-adsystem.com;accounts.google.com;ad-cdn.technoratimedia.com;ad.360yield.com;ads.betweendigital.com;ads.pubmatic.com;ads.servenobid.com;ads.yieldmo.com;analytics.google.com;aorta.clickagy.com;ap.lijit.com;api.id5-sync.com;appleid.cdn-apple.com;b1sync.outbrain.com;b1sync.zemanta.com;bcp.crwdcntrl.net;bh.contextweb.com;btlr.sharethrough.com;c.amazon-adsystem.com;c1.adform.net;c2shb.pubgw.yahoo.com;cdn-gl.imrworldwide.com;cdn-ima.33across.com;cdn.cookielaw.org;cdn.hadronid.net;cdn.id5-sync.com;cdn.static.zdbb.net;cdn.ziffstatic.com;ce.lijit.com;client.aps.amazon-adsystem.com;cm.adform.net;cm.g.doubleclick.net;config.aps.amazon-adsystem.com;creativecdn.com;cs-tam.yellowblue.io;cs.admanmedia.com;cs.iqzone.com;cs.krushmedia.com;cs.media.net;csync.loopme.me;csync.smilewanted.com;d.turn.com;de.tynt.com;diffuser-cdn.app-us1.com;direct.adsrvr.org;eb2.3lift.com;ep1.adtrafficquality.google;equativ-match.dotomi.com;eu-rtbstack-cm.admixer.net;eus.rubiconproject.com;f085384add49905e31a9b7f4f18b5adb.safeframe.googlesyndication.com;fastlane.rubiconproject.com;geolocation.onetrust.com;grid-bidder.criteo.com;gum.criteo.com;gurgle.speedtest.net;gurgle.zdbb.net;hb.trustedstack.com;hb.yellowblue.io;hbopenbid.pubmatic.com;hbx.media.net;hde.tynt.com;htlb.casalemedia.com;i.liadm.com;id5-sync.com;ids.ad.gt;ids4.ad.gt;idsync.rlcdn.com;idx.liadm.com;image2.pubmatic.com;image4.pubmatic.com;image8.pubmatic.com;ittpx-us-e.eskimi.com;ittpx.eskimi.com;jadserve.postrelease.com;jogger.zdbb.net;lb.eu-1-id5-sync.com;lbs.eu-1-id5-sync.com;lexicon.33across.com;match.adsrvr.org;match.deepintent.com;match.marketiq.com;match.prod.bidr.io;match.sharethrough.com;measureadv.com;ms-cookie-sync.presage.io;ogury-match.dotomi.com;onetag-sys.com;openads-cdn.adsrvr.org;openads.adsrvr.org;p.ad.gt;p.rfihub.com;pbs.optidigital.com;pg.ziffstatic.com;pippio.com;pixel.rubiconproject.com;pixel.tapad.com;pixels.ad.gt;prebid-match.dotomi.com;prebid-server.rubiconproject.com;prebid.a-mo.net;prebid.media.net;prism.app-us1.com;ps.eyeota.net;px.ads.linkedin.com;r.bidswitch.net;rp.liadm.com;rtb-csync.smartadserver.com;rtb.gumgum.com;rtb.mfadsrvr.com;rtb.openx.net;s.ad.smaato.net;s.amazon-adsystem.com;s.c.appier.net;s.seedtag.com;sb.scorecardresearch.com;secure-assets.rubiconproject.com;secure-us.imrworldwide.com;securepubads.g.doubleclick.net;server.cpmstar.com;speedtest.net;ssbsync-global.smartadserver.com;ssbsync.smartadserver.com;ssp.api.tappx.com;ssp.disqus.com;stats.g.doubleclick.net;sync-tm.everesttech.net;sync.adotmob.com;sync.go.sonobi.com;sync.kueezrtb.com;sync.pmbmonetize.live;sync.richaudience.com;sync.sparteo.com;sync.technoratimedia.com;syncingbridge.com;tags.crwdcntrl.net;token.rubiconproject.com;tr.blismedia.com;trace.us.rtbwise.com;trackcmp.net;u.openx.net;um.simpli.fi;ups.analytics.yahoo.com;user-sync.fwmrm.net;www.google.com;www.googletagmanager.com;www.speedtest.net;x.bidswitch.net;zdbb.net
7860,starfieldtech.com,3,csp.secureserver.net;img1.wsimg.com;starfieldtech.com
7879,api.hubapi.com,22,53.fs1.hubspotusercontent-na1.net;analytics.google.com;api.hubapi.com;cdn2.hubspot.net;cta-service-cms2.hubspot.com;developers.hubspot.com;fonts.googleapis.com;hubspot.statuspage.io;js.hs-analytics.net;js.hs-banner.com;js.hsadspixel.net;js.hsforms.net;js.hubspotfeedback.com;js.usemessages.com;perf-na1.hsforms.com;static.hsappstatic.net;static2cdn.hubspot.com;wtcfns.hubspot.com;www.google-analytics.com;www.googletagmanager.com;www.hubspot.com;www.wthubspot.com
7886,amemv.com,6,amemv.com;lf-cdn-tos.bytescm.com;lf-rc1.yhgfb-cn-static.com;rmc.bytedance.com;www.amemv.com;www.douyin.com
7891,elastic.co,68,15244908.fls.doubleclick.net;813-mam-392.mktoresp.com;a.quora.com;ad.doubleclick.net;adservice.google.com;alb.reddit.com;analytics.google.com;analytics.twitter.com;api.company-target.com;app.clearbit.com;assets.adoberesources.net;assets.userled.io;bat.bing.com;c.clarity.ms;cdn.iubenda.com;cdn.optimizely.com;cdn.vidyard.com;cdn3.optimizely.com;cm.g.doubleclick.net;connect.facebook.net;dsum-sec.casalemedia.com;edge.fullstory.com;elastic-global-nav-assets.s3.us-west-2.amazonaws.com;elastic.co;fonts.googleapis.com;googleads.g.doubleclick.net;id.rlcdn.com;idb.iubenda.com;images.contentstack.io;info.elastic.co;insight.adsrvr.org;js.adsrvr.org;lift-ai-js.marketlinc.com;logx.optimizely.com;munchkin.marketo.net;p.typekit.net;partners.tremorhub.com;pixel-config.reddit.com;pixel.byspotify.com;pixel.rubiconproject.com;pixels.spotify.com;play.vidyard.com;px.ads.linkedin.com;rs.fullstory.com;s.clarity.ms;s.company-target.com;scripts.clarity.ms;sdk.userledclient.io;secure.adnxs.com;segments.company-target.com;sjrtp2-cdn.marketo.com;snap.licdn.com;static-www.elastic.co;static.ads-twitter.com;stats.g.doubleclick.net;t.co;tag-logger.demandbase.com;tag.clearbitscripts.com;tag.demandbase.com;trk.techtarget.com;use.typekit.net;www.clarity.ms;www.elastic.co;www.google.com;www.googletagmanager.com;www.linkedin.com;www.redditstatic.com;x.clearbitjs.com
7895,ubnt.com,14,alb.reddit.com;cdn.cookielaw.org;dev.visualwebsiteoptimizer.com;geolocation.onetrust.com;images.svc.ui.com;pixel-config.reddit.com;sso.ui.com;static.hotjar.com;store.ui.com;ubnt.com;www.google-analytics.com;www.googletagmanager.com;www.redditstatic.com;www.ui.com
7904,proton.me,4,account.proton.me;pmecdn.protonweb.com;proton.me;telemetry.proton.me
7917,mpsnare.iesnare.com,3,mpsnare.iesnare.com;www.iovation.com;www.transunion.com
7919,speedcurve.com,12,analytics.google.com;cdn-dev.speedcurve.com;cdn.mxpnl.com;googleads.g.doubleclick.net;images.speedcurve.com;sc.lfeeder.com;speedcurve.com;stats.g.doubleclick.net;tr-rc.lfeeder.com;www.google.com;www.googletagmanager.com;www.speedcurve.com
7927,sojern.com,64,117967078.intellimizeio.com;accounts.finsweet.com;ajax.googleapis.com;analytics.google.com;api.intellimize.co;app.factors.ai;bat.bing.com;cdn.cookielaw.org;cdn.drda.io;cdn.dreamdata.cloud;cdn.intellimize.co;cdn.jetboost.io;cdn.jsdelivr.net;cdn.matomo.cloud;cdn.prod.website-files.com;cm.g.doubleclick.net;connect.facebook.net;d.adroll.com;d3e54v103j8qbb.cloudfront.net;dsum-sec.casalemedia.com;eb2.3lift.com;fonts.googleapis.com;fonts.gstatic.com;geolocation.onetrust.com;googleads.g.doubleclick.net;ib.adnxs.com;idsync.rlcdn.com;image2.pubmatic.com;js.stripe.com;kit.fontawesome.com;lex.33across.com;log.intellimize.co;m.stripe.com;m.stripe.network;match.adsrvr.org;ml314.com;pi.pardot.com;pippio.com;pixel.rubiconproject.com;pixel.sojern.com;pixel.tapad.com;ps.eyeota.net;px.ads.linkedin.com;s.adroll.com;secure.visionary-business-52.com;snap.licdn.com;sojern.com;sojern.my.salesforce-scrt.com;sojern.my.site.com;static.hotjar.com;static.sojern.com;stats.g.doubleclick.net;sync.outbrain.com;sync.taboola.com;us-u.openx.net;web.sojern.com;www.clarity.ms;www.google-analytics.com;www.google.com;www.googleadservices.com;www.googletagmanager.com;www.linkedin.com;www.sojern.com;x.bidswitch.net
7934,soundcloud.com,73,74004bed883b9496891727d0e445aea4.safeframe.googlesyndication.com;a-v2.sndcdn.com;accounts.google.com;ads.pubmatic.com;alb.reddit.com;ams-pageview-public.s3.amazonaws.com;analytics.google.com;api-auth.soundcloud.com;api-v2.soundcloud.com;api.id5-sync.com;c.amazon-adsystem.com;cadmus.script.ac;cdn.adswizz.com;cdn.cookielaw.org;cdn.id5-sync.com;cdn.moengage.com;cdn.taboola.com;config.aps.amazon-adsystem.com;connect.facebook.net;dn0qt3r0xannq.cloudfront.net;dsum-sec.casalemedia.com;dwt.soundcloud.com;edge.aditude.io;ep1.adtrafficquality.google;ep2.adtrafficquality.google;esp.rtbhouse.com;geo-location.prebid.cloud;geo.aditude.io;geolocation.onetrust.com;gum.criteo.com;htlbid.com;i1.sndcdn.com;id.crwdcntrl.net;id5-sync.com;idsync.rlcdn.com;image2.pubmatic.com;invstatic101.creativecdn.com;lb.eu-1-id5-sync.com;lbs.eu-1-id5-sync.com;lexicon.33across.com;listen.audiohook.com;p.rfihub.com;pagead2.googlesyndication.com;pippio.com;pixel-config.reddit.com;pixel.rubiconproject.com;prodregistryv2.org;px.ads.linkedin.com;raven-edge.aditude.io;rules.quantcount.com;sb.scorecardresearch.com;secure-assets.rubiconproject.com;secure.cdn.fastclick.net;secure.quantserve.com;secure.sndcdn.com;secure.soundcloud.com;securepubads.g.doubleclick.net;soundcloud.com;static.criteo.net;stats.g.doubleclick.net;style.sndcdn.com;synchrobox.adswizz.com;synchroscript.deliveryengine.adswizz.com;tags.crwdcntrl.net;ups.analytics.yahoo.com;wa.appsflyersdk.com;wa.onelink.me;websdk.appsflyersdk.com;www.google-analytics.com;www.google.com;www.googletagmanager.com;www.gstatic.com;www.redditstatic.com
7943,imdb.com,3,1c5c1ecf7303.c0b160fb.us-east-1.token.awswaf.com;imdb.com;www.imdb.com
7956,cse.google.com,6,ajax.googleapis.com;fonts.googleapis.com;fonts.gstatic.com;www.google-analytics.com;www.googletagmanager.com;www.gstatic.com
7970,www.google.co.th,3,ogads-pa.clients6.google.com;play.google.com;www.gstatic.com
7978,tappx.com,6,challenges.cloudflare.com;fonts.googleapis.com;fonts.gstatic.com;stats.wp.com;tappx.com;www.tappx.com
7982,adaptiva.cloud,2,adaptiva.cloud;console.adaptiva.cloud
7993,consentmanager.net,9,app.consentmanager.net;b.delivery.consentmanager.net;c.delivery.consentmanager.net;cdn.consentmanager.net;consentmanager.net;delivery.consentmanager.net;eu-cdn.acsbapp.com;eu.acsbapp.com;www.consentmanager.net
8005,global.prod.microsoftmetrics.com,6,aadcdn.msauth.net;aadcdn.msauthimages.net;autologon.microsoftazuread-sso.com;global.prod.microsoftmetrics.com;login.live.com;login.microsoftonline.com
8022,www.affirm.com,42,13382940.fls.doubleclick.net;ad.doubleclick.net;adservice.google.com;alb.reddit.com;analytics.google.com;api.company-target.com;api2.branch.io;app.link;beacon.lynx.cognitivlabs.com;cdn.branch.io;cdn.cookielaw.org;cdn.jsdelivr.net;cdn1.affirm.com;connect.facebook.net;dsum-sec.casalemedia.com;geolocation.onetrust.com;googleads.g.doubleclick.net;id.rlcdn.com;idsync.rlcdn.com;images.ctfassets.net;info.affirm.com;lottie.host;o4506950416203776.ingest.us.sentry.io;partners.tremorhub.com;pi.pardot.com;pixel-config.reddit.com;pixel.rubiconproject.com;s.company-target.com;s.pinimg.com;segments.company-target.com;static.cloudflareinsights.com;static.hotjar.com;stats.g.doubleclick.net;tag.demandbase.com;tracking-api.g2.com;tracking.g2crowd.com;videos.ctfassets.net;www.affirm.com;www.google.com;www.googleadservices.com;www.googletagmanager.com;www.redditstatic.com
8027,platform.linkedin.com,2,platform.linkedin.com;static.licdn.com
8028,rudderlabs.com,27,a.quora.com;alb.reddit.com;c.bing.com;c.clarity.ms;cdn.claydar.com;cdn.ketchjs.com;cdn.sanity.io;cdn.snitcher.com;cdn.sy-d.io;global.ketchcdn.com;googleads.g.doubleclick.net;js.qualified.com;pixel-config.reddit.com;px.ads.linkedin.com;rudderlabs.com;rudderstack.com;s.clarity.ms;scripts.clarity.ms;snap.licdn.com;static.claydar.com;www.clarity.ms;www.google-analytics.com;www.google.com;www.googletagmanager.com;www.linkedin.com;www.redditstatic.com;www.rudderstack.com
8029,gpi1.life360.com,2,gpi1.life360.com;static.cloudflareinsights.com
8038,ads.nextdoor.com,26,ads.nextdoor.com;api.mapbox.com;api2.branch.io;app.link;bat.bing.com;cdn.branch.io;cdn.zapier.com;connect.facebook.net;d19rpgkrjeba2z.cloudfront.net;d3vi5vrrv1t5af.cloudfront.net;fonts.googleapis.com;googleads.g.doubleclick.net;js.stripe.com;measure.nextdoor.com;o77029.ingest.sentry.io;r.stripe.com;s.clarity.ms;scripts.clarity.ms;sdk.privacy-center.org;service.force.com;use.fontawesome.com;www.clarity.ms;www.google-analytics.com;www.googletagmanager.com;www3.doubleclick.net;zna2aeaqmlr4aozkq-nextdoor.siteintercept.qualtrics.com
8040,bcti.brightcloud.com,4,bcti.brightcloud.com;static.hotjar.com;www.google-analytics.com;www.googletagmanager.com
8044,id.supercell.com,5,accounts.supercell.com;cdn.cookielaw.org;cdn.supercell.com;geolocation.onetrust.com;id.supercell.com
8047,web-chat-e2ee.instagram.com,2,static.facebook.com;web-chat-e2ee.instagram.com
8062,capitalone.com,23,806653.fls.doubleclick.net;8591251.fls.doubleclick.net;ad.doubleclick.net;adservice.google.com;bam.nr-data.net;bfp.capitalone.com;capitalone-resources.digital-cloud.medallia.com;capitalone.com;capitaloneservices.demdex.net;capitaloneservices.tt.omtrdc.net;cm.everesttech.net;dpm.demdex.net;ecm.capitalone.com;googleads.g.doubleclick.net;js-agent.newrelic.com;onetms.capitalone.com;potomac-clickstream.capitalone.com;smetrics.capitalone.com;verified.capitalone.com;www.capitalone.com;www.google-analytics.com;www.google.com;www.googletagmanager.com
8089,bbc.com,48,a1.api.bbc.com;ads.undertone.com;api.permutive.com;bbc.com;browser.covatic.io;buy-eu.piano.io;c2-eu.piano.io;cdn.cxense.com;cdn.doubleverify.com;cdn.optimizely.com;cdn.permutive.com;cdn.privacy-mgmt.com;cdn.tinypass.com;cdn.undertone.com;cdnjs.cloudflare.com;cm.g.doubleclick.net;dbe6197c748edafa2a8cc9e7b4b558b1.safeframe.googlesyndication.com;e488cdb0-e7cb-4d91-9648-60d437d8e491.prmutv.co;edigitalsurvey.com;emp.bbci.co.uk;ep1.adtrafficquality.google;ep2.adtrafficquality.google;gn-web-assets.api.bbc.com;ib.adnxs.com;ichef.bbci.co.uk;jssdkcdns.mparticle.com;logx.optimizely.com;mobile-cvc-nv-bbc-web.covatic.io;mybbc-analytics.files.bbci.co.uk;p1cluster.cxense.com;pagead2.googlesyndication.com;prebid.the-ozone-project.com;pub.doubleverify.com;rm-script.dotmetrics.net;sb.scorecardresearch.com;scripts.webcontentassessor.com;secure-us.imrworldwide.com;securepubads.g.doubleclick.net;static.bbci.co.uk;static.chartbeat.com;static.files.bbci.co.uk;stats-collector.cxense.com;tpc.googlesyndication.com;uk-script.dotmetrics.net;vtrk.dv.tech;web-cdn.api.bbci.co.uk;www.bbc.co.uk;www.google.com
8091,www.icloud.com,4,appleid.cdn-apple.com;setup.icloud.com;www.apple.com;www.icloud.com
8114,zinfandel.rmm.datto.com,5,auth.datto.com;ka-p.fontawesome.com;kit.fontawesome.com;walkme.portal.datto.com;zinfandel.rmm.datto.com
8122,disney.my.sentry.io,6,disney.my.sentry.io;js.stripe.com;m.stripe.com;m.stripe.network;reload.getsentry.net;sentry.io
8127,knowbe4.com,49,241394.hs-sites.com;7052064.fs1.hubspotusercontent-na1.net;alb.reddit.com;analytics.google.com;api.hubapi.com;app.hubspot.com;bat.bing.com;c.6sc.co;c.clarity.ms;cdn.debugbear.com;cdn.optimizely.com;epsilon.6sense.com;fonts.googleapis.com;fonts.gstatic.com;forms-na1.hsforms.com;googleads.g.doubleclick.net;ipv6.6sc.co;j.6sc.co;js.hs-analytics.net;js.hs-banner.com;js.hsadspixel.net;js.hsforms.net;js.hubspot.com;js.qualified.com;js.usemessages.com;js.zi-scripts.com;knowbe4.com;logx.optimizely.com;perf-na1.hsforms.com;pixel-config.reddit.com;player.vimeo.com;px.ads.linkedin.com;s.clarity.ms;scout-cdn.salesloft.com;scout.salesloft.com;scripts.clarity.ms;secure.adnxs.com;snap.licdn.com;stats.g.doubleclick.net;tracking-api.g2.com;tracking.g2crowd.com;ws.zoominfo.com;www.clarity.ms;www.google.com;www.googleadservices.com;www.googletagmanager.com;www.knowbe4.com;www.linkedin.com;www.redditstatic.com
8137,news.google.com,10,encrypted-tbn0.gstatic.com;encrypted-tbn1.gstatic.com;encrypted-tbn3.gstatic.com;fonts.googleapis.com;fonts.gstatic.com;ogads-pa.clients6.google.com;ssl.gstatic.com;www.google-analytics.com;www.googletagmanager.com;www.gstatic.com
8141,podcasts.apple.com,4,daf.xp.apple.com;is1-ssl.mzstatic.com;podcasts.apple.com;www.apple.com
8149,amazon.de,7,1c5c1ecf7303.c0b160fb.us-east-1.token.awswaf.com;amazon.de;fls-eu.amazon.de;images-eu.ssl-images-amazon.com;m.media-amazon.com;unagi.amazon.de;www.amazon.de
8175,rapidssl.com,20,8182015.fls.doubleclick.net;api.company-target.com;api.userway.org;assets.adobedtm.com;cdn.pendo.io;cdn.userway.org;cm.everesttech.net;data.pendo.io;digicert.demdex.net;dpm.demdex.net;eu-assets.i.posthog.com;eu.i.posthog.com;img04.en25.com;rapidssl.com;s1701211846.t.eloqua.com;smetrics.digicert.com;transcend-cdn.com;www.google-analytics.com;www.google.com;www.googletagmanager.com
8199,usea1-015.sentinelone.net,3,cdn.pendo.io;content.pendo.sentinelone.net;usea1-015.sentinelone.net
8203,wix.com,34,0784b118-1f4f-4e40-8fb4-dd835f835427.usrfiles.com;4382365.fls.doubleclick.net;accounts.google.com;ad.doubleclick.net;adservice.google.com;analytics.google.com;analytics.twitter.com;bat.bing.com;browser.sentry-cdn.com;bundler-velo.parastorage.com;cdn.mgln.ai;frog.wix.com;googleads.g.doubleclick.net;manage.wix.com;panorama.wixapps.net;pixel.tapad.com;px.ads.linkedin.com;s.pinimg.com;s.yimg.com;siteassets.parastorage.com;snap.licdn.com;sp.analytics.yahoo.com;static.ads-twitter.com;static.parastorage.com;stats.g.doubleclick.net;t.co;unpkg.com;wix-2-adswizz.attribution.adswizz.com;wix.com;www.google.com;www.googleadservices.com;www.googletagmanager.com;www.linkedin.com;www.wix.com
8223,mp.weixin.qq.com,4,badjs.weixinbridge.com;captcha.gtimg.com;mp.weixin.qq.com;res.wx.qq.com
8224,survicate.com,30,a.survicate.com;ajax.googleapis.com;analytics.ahrefs.com;assets.survicate.com;cdn.prod.website-files.com;consent.cookiebot.com;consentcdn.cookiebot.com;d3e54v103j8qbb.cloudfront.net;fonts.googleapis.com;fonts.gstatic.com;grsm.io;gtm.survicate.com;ipapi.co;js.hs-analytics.net;js.hs-banner.com;js.hs-scripts.com;js.partnerstack.com;pagead2.googlesyndication.com;partnerlinks.io;sc.lfeeder.com;survey.survicate.com;surveys-static-prd.survicate-cdn.com;survicate.com;tr.lfeeder.com;track.hubspot.com;tracking-api.g2.com;tracking.g2crowd.com;try.survicate.com;widget.intercom.io;www.googletagmanager.com
8229,cksync.yahoo.co.jp,2,cksync.yahoo.co.jp;s.yimg.jp
8236,iana.org,5,clients1.google.com;cse.google.com;iana.org;www.google.com;www.iana.org
8242,imgur.com,131,aa.agkn.com;aax-eu.amazon-adsystem.com;ab.dns-finder.com;ad-delivery.net;ad.360yield.com;ad.doubleclick.net;ad.turn.com;ads.assemblyexchange.com;ads.betweendigital.com;ads.pubmatic.com;ads.yieldmo.com;api.btloader.com;api.imgur.com;api.rlcdn.com;b1sync.outbrain.com;b1sync.zemanta.com;bb.lijit.com;bcp.crwdcntrl.net;bh.contextweb.com;btloader.com;c1.adform.net;capi.connatix.com;cdn.id5-sync.com;cdn.jsdelivr.net;cdn.lilsnack.co;ce.lijit.com;ced-ns.sascdn.com;ced.sascdn.com;cm.g.doubleclick.net;cms.analytics.yahoo.com;code.jquery.com;connectid.analytics.yahoo.com;crb.kargo.com;creativecdn.com;cs-rtb.minutemedia-prebid.com;cs-server-s2s.yellowblue.io;cs.admanmedia.com;cs.emxdgt.com;cs.krushmedia.com;cs.media.net;cs.playdigo.com;csync.loopme.me;d3c8j8snkzfr1n.cloudfront.net;delivery.adrecover.com;dmp.im-apps.net;dpm.demdex.net;dt.adsafeprotected.com;eb2.3lift.com;esp.rtbhouse.com;eus.rubiconproject.com;fonts.googleapis.com;fundingchoicesmessages.google.com;gum.criteo.com;gw-iad-bid.ymmobi.com;hb.trustedstack.com;ib.adnxs.com;id.rlcdn.com;id5-sync.com;image2.pubmatic.com;image4.pubmatic.com;image6.pubmatic.com;image8.pubmatic.com;imgur.ccgateway.net;imgur.com;inmobi-match.dotomi.com;invstatic101.creativecdn.com;ittpx-us-e.eskimi.com;ittpx.eskimi.com;js.assemblyexchange.com;js.media-lab.ai;match.adsrvr.org;match.deepintent.com;match.prod.bidr.io;match.sharethrough.com;measureadv.com;mfx.mobilefuse.com;onetag-sys.com;pagead2.googlesyndication.com;pippio.com;pixel-us-east.rubiconproject.com;pixel.onaudience.com;pixel.rubiconproject.com;pixel.tapad.com;prebid.a-mo.net;ps.eyeota.net;px.ads.linkedin.com;quicklyedit.com;rtb.adstanding.com;rtb.mfadsrvr.com;s.ad.smaato.net;s.amazon-adsystem.com;secure-assets.rubiconproject.com;secure.adnxs.com;securepubads.g.doubleclick.net;ssbsync.smartadserver.com;ssc-cms.33across.com;ssp-sync.criteo.com;ssp.disqus.com;ssum-sec.casalemedia.com;static.cloudflareinsights.com;static.criteo.net;sync.a-mo.net;sync.e-volution.ai;sync.go.sonobi.com;sync.inmobi.com;sync.intentiq.com;sync.ipredictive.com;sync.kueezrtb.com;sync.pinklion.io;sync.pmbmonetize.live;sync.srv.stackadapt.com;sync6.im-apps.net;t.adx.opera.com;tag.wknd.ai;tags.crwdcntrl.net;token.rubiconproject.com;tr.blismedia.com;tracker-shr.ortb.net;tracookiepixel.xyz;um.simpli.fi;ups.analytics.yahoo.com;us.ck-ie.com;user-sync.fwmrm.net;usync.ingage.tech;ut.pubmatic.com;visitor.omnitagjs.com;webbyword.net;www.google-analytics.com;www.googletagmanager.com;www.temu.com;x.bidswitch.net
8247,crl.swisssign.net,2,crl.swisssign.net;www.swisssign.com
8248,verizon.com,28,analytics.twitter.com;assets.adobedtm.com;c.bing.com;cdn.quantummetric.com;cdn.schemaapp.com;cm.g.doubleclick.net;cms.analytics.yahoo.com;d.turn.com;dpm.demdex.net;edge.adobedc.net;googleads.g.doubleclick.net;idsync.rlcdn.com;match.adsrvr.org;s.amazon-adsystem.com;s7.vzw.com;sanalytics.verizon.com;scache-ws.vzw.com;scache1.vzw.com;scache2.vzw.com;secure.verizon.com;ss7.vzw.com;trc.taboola.com;ups.analytics.yahoo.com;verizon.com;www.google.com;www.googleadservices.com;www.googletagmanager.com;www.verizon.com
8259,squarespace.com,36,aax-eu.amazon-adsystem.com;ad.doubleclick.net;adservice.google.com;alb.reddit.com;analytics.google.com;ara.paa-reporting-advertising.amazon;assets.squarespace.com;bat.bing.com;c.amazon-adsystem.com;c.hrzn-nxt.com;cdn.mgln.ai;cm.teads.tv;connect.facebook.net;consent.trustarc.com;events.squarespace.com;ib.adnxs.com;insight.adsrvr.org;l.hrzn-nxt.com;location.squarespace.com;media-www.sqspcdn.com;o109687.ingest.sentry.io;p.teads.tv;pixel-config.reddit.com;pixel.tapad.com;s.amazon-adsystem.com;s.pinimg.com;squarespace.com;squarespace.syuh.net;static1.squarespace.com;stats.g.doubleclick.net;t.teads.tv;utt.impactcdn.com;www.google.com;www.googleadservices.com;www.googletagmanager.com;www.redditstatic.com
8264,my.onetrust.com,6,assets.adobedtm.com;cdn.cookielaw.org;geolocation.onetrust.com;my.onetrust.com;smetrics.onetrust.com;use.fontawesome.com
8276,us05web.zoom.us,63,44.212.189.233;9513928.fls.doubleclick.net;ad.doubleclick.net;adservice.google.com;alb.reddit.com;analytics.twitter.com;api.company-target.com;bat.bing.com;c.contentsquare.net;cdn.amplitude.com;cdn.bc0a.com;cdn.cookielaw.org;cdn.jsdelivr.net;cdn.metadata.io;cm.g.doubleclick.net;collector-29673.us.tvsquared.com;connect.facebook.net;csxd.contentsquare.net;dsum-sec.casalemedia.com;dx.mountain.com;geolocation.onetrust.com;googleads.g.doubleclick.net;id.rlcdn.com;ixfd2-api.bc0a.com;js.zi-scripts.com;partners.tremorhub.com;pixel-config.reddit.com;pixel.byspotify.com;pixel.rubiconproject.com;pixels.spotify.com;px.adentifi.com;px.ads.linkedin.com;s.company-target.com;s.usea01.idio.episerver.net;s.yimg.jp;scout-cdn.salesloft.com;scout.salesloft.com;segments.company-target.com;snap.licdn.com;sr-client-cfg.amplitude.com;st1.zoom.us;static.ads-twitter.com;static.cloudflareinsights.com;t.co;t.contentsquare.net;tag-logger.demandbase.com;tag.demandbase.com;tracking-api.g2.com;tracking.g2crowd.com;trkn.us;us.telemetry.zoom.us;us01campaign.zoom.us;us05web.zoom.us;utt.impactcdn.com;ws-assets.zoominfo.com;ws.zoominfo.com;www.google.com;www.googletagmanager.com;www.linkedin.com;www.redditstatic.com;www.zoom.com;zoom.sjv.io;zoom.us
8285,survey.survicate.com,30,a.survicate.com;ajax.googleapis.com;analytics.ahrefs.com;assets.survicate.com;cdn.prod.website-files.com;consent.cookiebot.com;consentcdn.cookiebot.com;d3e54v103j8qbb.cloudfront.net;fonts.googleapis.com;fonts.gstatic.com;grsm.io;gtm.survicate.com;ipapi.co;js.hs-analytics.net;js.hs-banner.com;js.hs-scripts.com;js.partnerstack.com;pagead2.googlesyndication.com;partnerlinks.io;sc.lfeeder.com;survey.survicate.com;surveys-static-prd.survicate-cdn.com;survicate.com;tr.lfeeder.com;track.hubspot.com;tracking-api.g2.com;tracking.g2crowd.com;try.survicate.com;widget.intercom.io;www.googletagmanager.com
8287,alidns.com,20,alidns.com;alidt.alicdn.com;alioth.alicdn.com;aliyun-page.cn-hangzhou.log.aliyuncs.com;at.alicdn.com;bridge.aliyun.com;cloud-assets.alicdn.com;cn.aliyun.com;cws.alicdn.com;fecs.console.aliyun.com;fourier.alibaba.com;fourier.taobao.com;g.alicdn.com;intl.aliyun.com;log.mmstat.com;page.aliyun.com;query.aliyun.com;t.aliyun.com;website.alyasset.com;www.aliyun.com
8289,mydefender.microsoft.com,51,a.tribalfusion.com;analytics.twitter.com;api.company-target.com;assets.adobedtm.com;browser.events.data.microsoft.com;bttrack.com;c.bing.com;c.s-microsoft.com;cdn-dynmedia-1.microsoft.com;cm.everesttech.net;cm.g.doubleclick.net;cms.analytics.yahoo.com;cms.quantserve.com;dpm.demdex.net;ds.reson8.com;dsum-sec.casalemedia.com;edge.adobedc.net;go.microsoft.com;ib.adnxs.com;id.rlcdn.com;idpix.media6degrees.com;jadserve.postrelease.com;js.monitor.azure.com;login.live.com;login.microsoftonline.com;match.adsrvr.org;mem.gfx.ms;microsoft.com;mscom.demdex.net;msftenterprise.sc.omtrdc.net;mydefender.microsoft.com;partners.tremorhub.com;pixel.rubiconproject.com;play.vidyard.com;px.owneriq.net;rtd-tm.everesttech.net;rtd.tubemogul.com;rum.hlx.page;s.clarity.ms;s.company-target.com;scripts.clarity.ms;segments.company-target.com;servedby.flashtalking.com;tag-logger.demandbase.com;tag.demandbase.com;target.microsoft.com;uhf.microsoft.com;ups.analytics.yahoo.com;wcpstatic.microsoft.com;www.clarity.ms;www.microsoft.com
8293,ahrefs.com,7,ahrefs.com;cdn-cookieyes.com;cdn.jsdelivr.net;directory.cookieyes.com;log.cookieyes.com;static.cloudflareinsights.com;www.googletagmanager.com
8294,appdynamics.com,66,128-239-2-78_s-2-18-67-67_ts-1776305037-clienttons-s.akamaihd.net;173bf106.akstat.io;35.160.46.251;984-xhe-138.mktoresp.com;a.usbrowserspeed.com;adobedc.demdex.net;alb.reddit.com;analytics.google.com;analytics.twitter.com;api.ipify.org;appdynamics.com;bat.bing.com;bttrack.com;c.clarity.ms;c.go-mpulse.net;cdn.bttrack.com;cdn.cookielaw.org;cdn.signalfx.com;cdn1.adoberesources.net;cisco-tags.cisco.com;cisco.demdex.net;cms.analytics.yahoo.com;cnv.event.prod.bidr.io;connect.facebook.net;dpm.demdex.net;dx.mountain.com;edge.adobedc.net;epsilon.6sense.com;geolocation.onetrust.com;googleads.g.doubleclick.net;id.cisco.com;ipv6.6sc.co;j.6sc.co;js.zi-scripts.com;munchkin.marketo.net;pixel-config.reddit.com;px.ads.linkedin.com;qdxqetqx3xr2m2paiogq-p6ozt6-4d3ebb53c-clientnsv4-s.akamaihd.net;rum-ingest.us1.signalfx.com;s.clarity.ms;s.go-mpulse.net;s.yimg.jp;scripts.clarity.ms;sgtm.splunk.com;smetrics.cisco.com;snap.licdn.com;stats.g.doubleclick.net;tags.srv.stackadapt.com;tags.tiqcdn.com;tracking.intentsify.io;trial-eum-clientnsv4-s.akamaihd.net;trial-eum-clienttons-s.akamaihd.net;trk.techtarget.com;ups.analytics.yahoo.com;v2.listenloop.com;web-sdk.smartlook.com;ws.zoominfo.com;www.appdynamics.com;www.cisco.com;www.clarity.ms;www.google-analytics.com;www.google.com;www.googletagmanager.com;www.linkedin.com;www.redditstatic.com;www.splunk.com
8299,xg4ken.com,4,cdn01.smartling.com;kenshoo.com;use.typekit.net;xg4ken.com
8321,loop.cloud.microsoft,6,csp.microsoft.com;eu-office.events.data.microsoft.com;loop.cloud.microsoft;res-1.cdn.office.net;res.cdn.office.net;wcpstatic.microsoft.com
8323,flash.sec.intl.miui.com,2,cnbj3-fusion.fds.api.xiaomi.com;flash.sec.intl.miui.com
8331,prod-ue.xobni.yahoo.com,39,ad-delivery.net;ads.pubmatic.com;ads.yieldmo.com;api.rlcdn.com;c2shb-oao.ssp.yahoo.com;cdn.p-n.io;cdn.taboola.com;cm.g.doubleclick.net;consent.cmp.oath.com;d2mqt2joll4fma.cloudfront.net;display.bidder.taboola.com;exchange.kueezrtb.com;fastlane.rubiconproject.com;grid-bidder.criteo.com;guce.yahoo.com;htlb.casalemedia.com;ib.adnxs.com;idx.liadm.com;ncp-gw-frontpage.media.yahoo.com;nexus-gateway-prod.media.yahoo.com;noa.yahoo.com;opus.analytics.yahoo.com;pbs-cs.minutemedia-prebid.com;pbs.yahoo.com;prebid-server.rubiconproject.com;prebid.media.net;prod-ue.xobni.yahoo.com;rp.liadm.com;rtb.openx.net;s.seedtag.com;s.yimg.com;sb.scorecardresearch.com;securepubads.g.doubleclick.net;signal-service.pbs.yahoo.com;tlx.3lift.com;ups.analytics.yahoo.com;wnsrvbjmeprtfrnfx.ay.delivery;www.googletagmanager.com;www.yahoo.com
8333,officehub.nel.measure.office.net,2,ajax.aspnetcdn.com;officehub.nel.measure.office.net
8334,www.xiaohongshu.com,6,as.xiaohongshu.com;fe-platform.xhscdn.com;fe-static.xhscdn.com;fe-video-qc.xhscdn.com;sns-webpic-qc.xhscdn.com;www.xiaohongshu.com
8349,statsig.com,17,a.usbrowserspeed.com;api.cr-relay.com;api.vector.co;bzrcdn.openai-staging.com;cdn.cr-relay.com;cdn.vector.co;featureassets.org;googleads.g.doubleclick.net;prodregistryv2.org;px.ads.linkedin.com;snap.licdn.com;statsig.com;tag.unifyintent.com;www.google-analytics.com;www.google.com;www.googletagmanager.com;www.linkedin.com
8354,revjet.com,29,analytics.google.com;api.hubapi.com;app.hubspot.com;c.bing.com;c.clarity.ms;connect.facebook.net;fonts.gstatic.com;forms-na1.hsforms.com;googleads.g.doubleclick.net;js.hs-analytics.net;js.hs-banner.com;js.hsadspixel.net;js.hsforms.net;js.hubspot.com;js.zi-scripts.com;perf-na1.hsforms.com;revjet.com;s.clarity.ms;scout-cdn.salesloft.com;scout.salesloft.com;scripts.clarity.ms;stats.g.doubleclick.net;ws-assets.zoominfo.com;ws.zoominfo.com;www.clarity.ms;www.google.com;www.googleadservices.com;www.googletagmanager.com;www.innervate.com
8355,ozon.ru,2,cdn1.ozone.ru;ozon.ru
8360,ucweb.com,11,analytics.google.com;g.alicdn.com;gjtrack.ucweb.com;img.ucshare.app;intl-cms-service.ucweb.com;px-intl.ucweb.com;static.hotjar.com;stats.g.doubleclick.net;ucweb.com;www.googletagmanager.com;www.ucweb.com
8364,alertustech.com,16,alertustech.com;assets.squarespace.com;code.jquery.com;definitions.sqspcdn.com;fonts.googleapis.com;images.squarespace-cdn.com;p.typekit.net;pi.pardot.com;static1.squarespace.com;subscriptions.smartrecruiters.com;use.typekit.net;www.alertus.com;www.google-analytics.com;www.googletagmanager.com;www.gstatic.com;www2.alertus.com
8371,npr.org,47,6635101.fls.doubleclick.net;aax.amazon-adsystem.com;ads.pubmatic.com;api.permutive.com;c.amazon-adsystem.com;c.go-mpulse.net;cdn.cookielaw.org;cdn.cxense.com;cdn.jwplayer.com;cdn.optimizely.com;cdn.pdst.fm;cdn.piano.io;cdn3.optimizely.com;config.aps.amazon-adsystem.com;e1cef1f0-495f-4973-ba1c-880786e73a66.edge.permutive.app;entitlements.jwplayer.com;geolocation.onetrust.com;imasdk.googleapis.com;js.stripe.com;legacy.npr.org;m.stripe.com;m.stripe.network;mab.chartbeat.com;media.npr.org;npr.brightspotcdn.com;npr.org;organization.api.npr.org;prd.jwpltx.com;prod-eks-static-assets.npr.org;rumcdn.geoedge.be;s.go-mpulse.net;sb.scorecardresearch.com;secure-us.imrworldwide.com;secure.cdn.fastclick.net;securepubads.g.doubleclick.net;ssl.p.jwpcdn.com;static.chartbeat.com;station.api.npr.org;tags.crwdcntrl.net;videos-cloudfront-usp.jwpsrv.com;www.datadoghq-browser-agent.com;www.google.com;www.googletagmanager.com;www.gstatic.com;www.npr.org;www.npttech.com;www.recaptcha.net
8381,homedepot.com,41,0952170dc167457cb4dcf8b4180a322d-1ad356638475.cdn.forter.com;1ad356638475.cdn4.forter.com;23o27zncy3tr2solpax7rxi6s6d7g7h7eqtvfjzy75f35b2fef423529sac.d.aa.online-metrix.net;adobedc.demdex.net;assets.thdstatic.com;bam.nr-data.net;c.bing.com;c.go-mpulse.net;cdn.quantummetric.com;cdn0.forter.com;clickstream-producer.hd-personalization-prod.gcp.homedepot.com;client.px-cloud.net;collector-pxj770cp7y.px-cloud.net;ct.pinterest.com;customer.homedepot.com;d.turn.com;dam.thdstatic.com;fls.doubleclick.net;h.online-metrix.net;h64.online-metrix.net;homedepot.com;homedepot.demdex.net;ib.adnxs.com;ingest.quantummetric.com;js-agent.newrelic.com;live-chat-static.sprinklr.com;localization.thdws.com;mr.homedepot.com;pixel.tapad.com;prod2-live-chat.sprinklr.com;prod2-sprcdn-assets.sprinklr.com;s.go-mpulse.net;siteintercept.qualtrics.com;siteperformancetest.net;swasc.homedepot.com;tag.getamigo.io;tzm.px-cloud.net;ups.analytics.yahoo.com;www.facebook.com;www.homedepot.com;zn_42v6draxyafsjmv-homedepot.siteintercept.qualtrics.com
8386,pornhub.com,11,analytics.google.com;cdn1-smallimg.phncdn.com;ei.phncdn.com;i.pornhub.com;media.trafficjunky.net;pix-cdn77.phncdn.com;pix-fl.phncdn.com;pornhub.com;static.trafficjunky.com;stats.g.doubleclick.net;www.googletagmanager.com
8388,www.bytedance.com,5,mon-va.byteoversea.com;p16.tiktokcdn.com;sf16-scmcdn-sg.ibytedtos.com;sf16-scmcdn-va.ibytedtos.com;www.bytedance.com
8397,ifconfig.me,6,accounts.google.com;apis.google.com;fonts.googleapis.com;fonts.gstatic.com;ifconfig.me;ssl.gstatic.com
8399,roeye.com,3,cdn.jsdelivr.net;cdnjs.cloudflare.com;roeye.com
8403,ubi.com,17,avcvysejs1-dsn.algolia.net;cdn.cookielaw.org;connect.ubisoft.com;dcinfos-cache.abtasty.com;geolocation.onetrust.com;overlay.ubisoft.com;redirection.ubisoft.com;static-dm.akamaized.net;static-dm.ubisoft.com;staticctf.ubisoft.com;try.abtasty.com;ubi.com;ubiservices.cdn.ubi.com;ubistatic-a.ubisoft.com;www.googletagmanager.com;www.ubisoft.com;xely3u4lod-dsn.algolia.net
8414,googledomains.com,2,fonts.googleapis.com;fonts.gstatic.com
8427,liongard.com,4,fonts.googleapis.com;fonts.gstatic.com;liongard.com;www.liongard.com
8428,odb.outbrain.com,3,fonts.googleapis.com;fonts.gstatic.com;odb.outbrain.com
8447,chrome.google.com,10,2542116.fls.doubleclick.net;ad.doubleclick.net;adservice.google.com;fonts.googleapis.com;fonts.gstatic.com;tools.google.com;www.google-analytics.com;www.googletagmanager.com;www.gstatic.com;www.youtube.com
8474,chat.zalo.me,6,chat.zalo.me;jr.chat.zalo.me;jr.zalo.me;stc-sp.zadn.vn;za.zdn.vn;zalo-chat-static.zadn.vn
8480,alexa.amazon.com,5,alexa.amazon.com;fls-na.amazon.com;images-na.ssl-images-amazon.com;m.media-amazon.com;unagi.amazon.com
8485,hosted.loop.cloud.microsoft,6,csp.microsoft.com;eu-office.events.data.microsoft.com;hosted.loop.cloud.microsoft;res-1.cdn.office.net;res.cdn.office.net;wcpstatic.microsoft.com
8553,mail.aol.com,2,mail.aol.com;s.yimg.com
8557,ads-img.mozilla.org,5,ads-img.mozilla.org;transcend-cdn.com;www.google-analytics.com;www.googletagmanager.com;www.mozilla.org
8563,falcon.crowdstrike.com,2,assets-public.falcon.crowdstrike.com;falcon.crowdstrike.com
8565,voisetech.com,3,cdn.jsdelivr.net;unpkg.com;voisetech.com
8578,google.nl,3,ogads-pa.clients6.google.com;play.google.com;www.gstatic.com
8579,usc-word-edit.officeapps.live.com,16,admin.microsoft.com;browser.events.data.microsoft.com;c.s-microsoft.com;config.edge.skype.com;js.monitor.azure.com;login.live.com;login.microsoftonline.com;mem.gfx.ms;res.cdn.office.net;s.clarity.ms;scripts.clarity.ms;uhf.microsoft.com;usc-word-edit.officeapps.live.com;www.clarity.ms;www.microsoft.com;www.office.com
8599,concord.rmm.datto.com,5,auth.datto.com;concord.rmm.datto.com;ka-p.fontawesome.com;kit.fontawesome.com;walkme.portal.datto.com
8622,stripchat.com,10,assets.chapturist.com;assets.strpssts-ana.com;cdnjs.cloudflare.com;creative.eizzih.com;go.eizzih.com;go.stripchat.com;img.doppiocdn.net;mmp.doppiocdn.com;stripchat.com;ststandard.com
8640,api.braintreegateway.com,2,api.braintreegateway.com;static.cloudflareinsights.com
8654,bankofamerica.com,21,adobedc.demdex.net;aero.bankofamerica.com;awuseb.advanced-web-analytics.com;bankofamerica.com;boss.bankofamerica.com;bup.bankofamerica.com;cdn.cookielaw.org;d.agkn.com;dull.bankofamerica.com;geolocation.onetrust.com;glassbox-hlx-igw.bankofamerica.com;rail.bankofamerica.com;secure.bankofamerica.com;secure1.bac-assets.com;smetrics.bankofamerica.com;storage.glancecdn.net;tags.tiqcdn.com;tilt.bankofamerica.com;www.bankofamerica.com;www.google-analytics.com;www1.bac-assets.com
8664,omt.garmin.com,2,omt.garmin.com;static.cloudflareinsights.com
8665,strict.bing.com,15,assets.msn.com;browser.events.data.msn.com;c.bing.com;c.msn.com;img-s-msn-com.akamaized.net;login.live.com;login.microsoftonline.com;m.adnxs.com;px.ads.linkedin.com;r.bing.com;strict.bing.com;trc.taboola.com;www.bing.com;www.msn.com;www2.bing.com
8667,myaccount.google.com,5,fonts.googleapis.com;fonts.gstatic.com;www.google-analytics.com;www.googletagmanager.com;www.gstatic.com
8673,kayzen.io,2,cdn.getkoala.com;kayzen.io
8674,api.appcues.net,4,api.appcues.net;fonts.googleapis.com;fonts.gstatic.com;run.pstmn.io
8679,shazam.com,6,beacon.shazam.com;ci.assets.shazam.com;is1-ssl.mzstatic.com;js-cdn.music.apple.com;shazam.com;www.shazam.com
8683,pixel-origin.mathtag.com,9,ajax.googleapis.com;cdn.cookielaw.org;cdn.jsdelivr.net;geolocation.onetrust.com;hello.infillion.com;infillion.com;pixel-origin.mathtag.com;www.googletagmanager.com;www.mediamath.com
8693,bitwarden.com,57,18.210.229.244;api.company-target.com;api.hubapi.com;app.clearbit.com;bat.bing.com;bitwarden.com;c.clarity.ms;cdn.jsdelivr.net;cdn.ketchjs.com;cdn.pdst.fm;connect.facebook.net;d21y75miwcfqoq.cloudfront.net;dsum-sec.casalemedia.com;dx.mountain.com;experience.ninetailed.co;extend.vimeocdn.com;global.ketchcdn.com;googleads.g.doubleclick.net;ib.adnxs.com;id.rlcdn.com;idsync.rlcdn.com;in.ml314.com;ipv6.6sc.co;j.6sc.co;js.hs-analytics.net;js.hs-banner.com;js.hs-scripts.com;js.hsadspixel.net;js.hscollectedforms.net;js.hubspot.com;js.usemessages.com;js.zi-scripts.com;match.adsrvr.org;ml314.com;partners.tremorhub.com;perf-na1.hsforms.com;pixel.rubiconproject.com;pixels.spotify.com;ps.eyeota.net;px.ads.linkedin.com;s.clarity.ms;s.company-target.com;scripts.clarity.ms;secure.adnxs.com;segments.company-target.com;snap.licdn.com;tag-logger.demandbase.com;tag.clearbitscripts.com;tag.demandbase.com;track.hubspot.com;ws.zoominfo.com;www.clarity.ms;www.google-analytics.com;www.google.com;www.googletagmanager.com;www.linkedin.com;x.clearbitjs.com
8694,connectapi.garmin.com,2,connectapi.garmin.com;static.cloudflareinsights.com
8716,rtbsystem.com,2,rtbsystem.com;static.cloudflareinsights.com
8717,cm.rtbsystem.com,2,cm.rtbsystem.com;static.cloudflareinsights.com
8718,nexx360.io,5,fonts.googleapis.com;fonts.gstatic.com;nexx360.io;sc.lfeeder.com;tr.lfeeder.com
8722,useinsider.com,11,cdn.jsdelivr.net;cdnjs.cloudflare.com;fonts.googleapis.com;fonts.gstatic.com;forms-na1.hsforms.com;forms.hsforms.com;insiderone.com;js.hsforms.net;static.cloudflareinsights.com;unpkg.com;useinsider.com
8772,locketcamera.com,8,apps.apple.com;is1-ssl.mzstatic.com;itunes.apple.com;locket.camera;locketcamera.com;www.apple.com;www.googletagmanager.com;xp.apple.com
8775,whiteboard.microsoft.com,7,aadcdn.msauth.net;app.whiteboard.microsoft.com;login.live.com;login.microsoftonline.com;login.windows.net;whiteboard.cloud.microsoft;whiteboard.microsoft.com
8781,p77-sign-va.tiktokcdn.com,2,error.c.cdn77.org;p77-sign-va.tiktokcdn.com
8786,canonical.com,8,assets.ubuntu.com;canonical.com;cdn.jsdelivr.net;pagead2.googlesyndication.com;pubads.g.doubleclick.net;res.cloudinary.com;www.google-analytics.com;www.googletagmanager.com
8790,toast.com,9,analytics.google.com;googleads.g.doubleclick.net;static.toastoven.net;stats.g.doubleclick.net;toast.com;www.google.com;www.googleadservices.com;www.googletagmanager.com;www.nhncloud.com
8806,ya.ru,6,mc.yandex.ru;sso.passport.yandex.ru;sso.ya.ru;static-mon.yandex.net;ya.ru;yastatic.net
8814,schwab.com,2,schwab.com;www.schwab.com
8817,zoominfo.com,9,client.px-cloud.net;collector-pxosx7m0dx.px-client.net;collector-pxosx7m0dx.px-cloud.net;crcldu.com;fonts.googleapis.com;fonts.gstatic.com;fst-ec.perimeterx.net;tzm.px-cloud.net;zoominfo.com
8818,yadro.ru,2,counter.yadro.ru;yadro.ru
8838,ibm.enterprise.slack.com,28,a.slack-edge.com;ade.googlesyndication.com;alb.reddit.com;api.company-target.com;c.contentsquare.net;cdn.cookielaw.org;cdn.schemaapp.com;csxd.contentsquare.net;dc.ads.linkedin.com;dsum-sec.casalemedia.com;geolocation.onetrust.com;ibm.enterprise.slack.com;id.rlcdn.com;pagead2.googlesyndication.com;partners.tremorhub.com;pixel-config.reddit.com;pixel.rubiconproject.com;px.ads.linkedin.com;s.company-target.com;segments.company-target.com;t.contentsquare.net;tag-logger.demandbase.com;tag.demandbase.com;www.google-analytics.com;www.googletagmanager.com;www.linkedin.com;www.mczbf.com;www.redditstatic.com
8841,privacy-cs.mail.ru,15,cspreport.mail.ru;help.mail.ru;hmr-assets.cdn-vk.ru;home.imgsmail.ru;img.imgsmail.ru;limg.imgsmail.ru;mc.yandex.ru;portal.mail.ru;privacy-cs.mail.ru;rs.mail.ru;top-fwz1.mail.ru;trk.mail.ru;www.google-analytics.com;www.googletagmanager.com;xray.mail.ru
8842,gov.teams.microsoft.us,4,gov.teams.microsoft.us;login.microsoftonline.us;statics.gov.teams.microsoft.us;tb.events.data.microsoft.com
8845,cloud.huawei.com,3,cloud.huawei.com;h5hosting-dra.dbankcdn.com;id5.cloud.huawei.com
8849,pixel.mathtag.com,9,ajax.googleapis.com;cdn.cookielaw.org;cdn.jsdelivr.net;geolocation.onetrust.com;hello.infillion.com;infillion.com;pixel.mathtag.com;www.googletagmanager.com;www.mediamath.com
8863,absolute.com,39,258-hsl-350.mktoresp.com;absolute.com;ajax.googleapis.com;api.company-target.com;assets.vidyard.com;cdn.jsdelivr.net;cdn.prod.website-files.com;cdn.vidyard.com;d3e54v103j8qbb.cloudfront.net;dsum-sec.casalemedia.com;fonts.googleapis.com;fonts.gstatic.com;go.absolute.com;googleads.g.doubleclick.net;id.rlcdn.com;ipv6.6sc.co;j.6sc.co;js.qualified.com;munchkin.marketo.net;partners.tremorhub.com;pixel.rubiconproject.com;play.vidyard.com;px.ads.linkedin.com;s.company-target.com;segments.company-target.com;snap.licdn.com;static.hotjar.com;tag-logger.demandbase.com;tag.demandbase.com;tags.srv.stackadapt.com;tracking-api.g2.com;tracking.g2crowd.com;ws.zoominfo.com;www.absolute.com;www.google-analytics.com;www.google.com;www.googleadservices.com;www.googletagmanager.com;www.linkedin.com
8867,secure.logmein.com,35,417-klk-478.mktoresp.com;alb.reddit.com;analytics.google.com;ariane.abtasty.com;bat.bing.com;cdn.cookielaw.org;connect.facebook.net;dcinfos-cache.abtasty.com;edge.sitecorecloud.io;epsilon.6sense.com;geolocation.onetrust.com;googleads.g.doubleclick.net;insight.adsrvr.org;ipv6.6sc.co;j.6sc.co;js.adsrvr.org;js.qualified.com;lmiutilcdn.blob.core.windows.net;munchkin.marketo.net;pixel-config.reddit.com;pixel.rubiconproject.com;px.ads.linkedin.com;secure.adnxs.com;secure.logmein.com;siteintercept.qualtrics.com;snap.licdn.com;stats.g.doubleclick.net;try.abtasty.com;utt.impactcdn.com;www.google.com;www.googletagmanager.com;www.linkedin.com;www.logmein.com;www.redditstatic.com;zn1nu7ve8yxy0nawq-logmeinvoc.siteintercept.qualtrics.com
8909,abtasty.com,35,abtasty.com;abtasty.matomo.cloud;analytics.google.com;api.userose.ai;app.clearbit.com;bat.bing.com;browser.sentry-cdn.com;c.clarity.ms;cdn.matomo.cloud;cdn.userose.ai;connect.facebook.net;dcinfos-cache.abtasty.com;dev.visualwebsiteoptimizer.com;fast.wistia.net;go.abtasty.com;googleads.g.doubleclick.net;import-cdn.default.com;javascript.heeet.io;px.ads.linkedin.com;reveal.clearbit.com;s.clarity.ms;scripts.clarity.ms;sdk.privacy-center.org;snap.licdn.com;stats.g.doubleclick.net;tag.clearbitscripts.com;tracking-api.g2.com;tracking.g2crowd.com;try.abtasty.com;unpkg.com;www.clarity.ms;www.google.com;www.googletagmanager.com;www.linkedin.com;x.clearbitjs.com
8926,spectrum.net,2,spectrum.net;www.spectrum.net
8932,i.imgur.com,50,ab.dns-finder.com;ad-delivery.net;ad.doubleclick.net;ads.assemblyexchange.com;ap.lijit.com;api.btloader.com;api.imgur.com;api.rlcdn.com;bb.lijit.com;bcp.crwdcntrl.net;btloader.com;cdn.id5-sync.com;cdn.jsdelivr.net;cdn.lilsnack.co;ced-ns.sascdn.com;ced.sascdn.com;cm.g.doubleclick.net;code.jquery.com;connectid.analytics.yahoo.com;csi.gstatic.com;d3c8j8snkzfr1n.cloudfront.net;delivery.adrecover.com;dmp.im-apps.net;dt.adsafeprotected.com;esp.rtbhouse.com;fonts.googleapis.com;fundingchoicesmessages.google.com;gum.criteo.com;i.imgur.com;id5-sync.com;imgur.ccgateway.net;invstatic101.creativecdn.com;js.assemblyexchange.com;js.media-lab.ai;match.adsrvr.org;pagead2.googlesyndication.com;quicklyedit.com;s.ad.smaato.net;securepubads.g.doubleclick.net;ssbsync.smartadserver.com;static.criteo.net;sync.go.sonobi.com;sync.intentiq.com;sync.sparteo.com;sync6.im-apps.net;tag.wknd.ai;tags.crwdcntrl.net;webbyword.net;www.google-analytics.com;www.googletagmanager.com
8946,gcore-pic.xnxx-cdn.com,10,a.orbsrv.com;api.ipify.org;assets-cdn77.xvideos-cdn.com;chaturbate.com;cluster.aaaconnect.info;gcore-pic.xnxx-cdn.com;jpeg.live.mmcdn.com;s.orbsrv.com;thumb.live.mmcdn.com;www.xvideos.com
8956,uxfeedback.ru,9,cdn.uxfeedback.ru;fonts.googleapis.com;gt.andata.ru;mc.yandex.ru;tagmanager.andata.ru;uxfeedback.ru;vk.com;widget.uxfeedback.ru;www.googletagmanager.com
8959,avito.ru,7,63f97335d456.w.hcaptcha.com;a0f6db8c23ee.w.hcaptcha.com;apps.bdimg.com;avito.ru;hcaptcha.com;newassets.hcaptcha.com;www.avito.st
8972,brightline.tv,8,brightline.tv;cdn-media.brightline.tv;cdn.jsdelivr.net;cdn.prod.website-files.com;challenges.cloudflare.com;d3e54v103j8qbb.cloudfront.net;www.google-analytics.com;www.googletagmanager.com
8984,lazada.com,6,g.alicdn.com;lazada-com.oss-ap-southeast-1.aliyuncs.com;lazada.com;sg.mmstat.com;www.google-analytics.com;www.googletagmanager.com
8986,api.island.io,5,api.island.io;auth0.island.io;documentation.island.io;login.island.io;management.island.io
9012,lansweeper.com,2,challenges.cloudflare.com;static.cloudflareinsights.com
9016,amplify-imp.outbrain.com,3,amplify-imp.outbrain.com;fonts.googleapis.com;fonts.gstatic.com
9020,crl.certum.pl,2,crl.certum.pl;crl.sec.cdn.certum.pl
9024,static-lvlt.xhcdn.com,2,static-lvlt.xhcdn.com;static-nss.xhcdn.com
9040,v.adsrvr.org,2,ad.adsrvr.org;v.adsrvr.org
9046,l.facebook.com,4,l.facebook.com;static.xx.fbcdn.net;www.facebook.com;www.instagram.com
9057,admob.com,10,ajax.googleapis.com;blog.google;fonts.googleapis.com;googleads.g.doubleclick.net;lh3.googleusercontent.com;www.blog.google;www.google-analytics.com;www.google.com;www.googletagmanager.com;www.gstatic.com
9077,max.com,17,128-239-2-78_s-23-215-0-5_ts-1776303823-clienttons-s.akamaihd.net;173bf10e.akstat.io;beam-images.warnermediacdn.com;braze-images.com;browser.sentry-cdn.com;c.go-mpulse.net;default.any-any.prd.api.hbomax.com;default.beam-amer.prd.api.hbomax.com;lightning.warnermediacdn.com;max.com;qdxqetqx3lmik2pah3hq-psvkcy-b534b6b58-clientnsv4-s.akamaihd.net;s.go-mpulse.net;trial-eum-clientnsv4-s.akamaihd.net;trial-eum-clienttons-s.akamaihd.net;www.googletagmanager.com;www.hbomax.com;www.max.com
9079,www.google.nl,3,ogads-pa.clients6.google.com;play.google.com;www.gstatic.com
9080,digitalaudience.io,17,api.leadinfo.com;cdn.leadinfo.net;collector.leadinfo.net;digitalaudience.io;fonts.googleapis.com;fonts.gstatic.com;forms-na1.hsforms.com;forms.hsforms.com;js.hs-analytics.net;js.hs-banner.com;js.hs-scripts.com;js.hscollectedforms.net;js.hsforms.net;target.digitalaudience.io;track.hubspot.com;www.google-analytics.com;www.googletagmanager.com
9089,openweathermap.org,7,analytics.google.com;api.openweathermap.org;fonts.googleapis.com;fonts.gstatic.com;openweathermap.org;stats.g.doubleclick.net;www.googletagmanager.com
9093,us04web.zoom.us,62,3.212.39.155;9513928.fls.doubleclick.net;ad.doubleclick.net;adservice.google.com;alb.reddit.com;analytics.twitter.com;api.company-target.com;bat.bing.com;c.contentsquare.net;cdn.amplitude.com;cdn.bc0a.com;cdn.cookielaw.org;cdn.jsdelivr.net;cdn.metadata.io;cm.g.doubleclick.net;collector-29673.us.tvsquared.com;connect.facebook.net;csxd.contentsquare.net;dsum-sec.casalemedia.com;dx.mountain.com;geolocation.onetrust.com;googleads.g.doubleclick.net;id.rlcdn.com;ixfd2-api.bc0a.com;js.zi-scripts.com;partners.tremorhub.com;pixel-config.reddit.com;pixel.byspotify.com;pixel.rubiconproject.com;pixels.spotify.com;px.adentifi.com;px.ads.linkedin.com;s.company-target.com;s.usea01.idio.episerver.net;s.yimg.jp;scout-cdn.salesloft.com;scout.salesloft.com;segments.company-target.com;snap.licdn.com;st1.zoom.us;static.ads-twitter.com;static.cloudflareinsights.com;t.co;t.contentsquare.net;tag-logger.demandbase.com;tag.demandbase.com;tracking-api.g2.com;tracking.g2crowd.com;trkn.us;us.telemetry.zoom.us;us01campaign.zoom.us;us04web.zoom.us;utt.impactcdn.com;ws-assets.zoominfo.com;ws.zoominfo.com;www.google.com;www.googletagmanager.com;www.linkedin.com;www.redditstatic.com;www.zoom.com;zoom.sjv.io;zoom.us
9106,ibm-cio.lakesidesoftware.com,6,cdn.jsdelivr.net;cdn.pendo.io;fonts.googleapis.com;fonts.gstatic.com;ibm-cio.lakesidesoftware.com;kit.fontawesome.com
9113,swiftkey.com,41,a.tribalfusion.com;analytics.twitter.com;browser.events.data.microsoft.com;c.az.clicktale.net;c.bing.com;c.s-microsoft.com;c1.microsoft.com;cdn-dynmedia-1.microsoft.com;cdnssl.clicktale.net;cm.everesttech.net;cm.g.doubleclick.net;cms.analytics.yahoo.com;cms.quantserve.com;dpm.demdex.net;ds.reson8.com;ib.adnxs.com;idpix.media6degrees.com;idsync.rlcdn.com;jadserve.postrelease.com;js.monitor.azure.com;k.af.clicktale.net;login.live.com;match.adsrvr.org;mem.gfx.ms;microsoft.com;mscom.demdex.net;msftenterprise.sc.omtrdc.net;px.owneriq.net;rtd-tm.everesttech.net;rtd.tubemogul.com;servedby.flashtalking.com;srm.af.contentsquare.net;static.hj.contentsquare.net;swiftkey.com;target.microsoft.com;uhf.microsoft.com;ups.analytics.yahoo.com;wcpstatic.microsoft.com;www.google.com;www.googletagmanager.com;www.microsoft.com
9119,yammer.com,5,aadcdn.msftauth.net;login.live.com;login.microsoftonline.com;outlook-1.cdn.office.net;yammer.com
9120,www.etsy.com,4,ct.captcha-delivery.com;geo.captcha-delivery.com;static.captcha-delivery.com;www.etsy.com
9126,indeed.com,2,indeed.com;t.indeed.com
9128,account.xiaomi.com,6,account.xiaomi.com;cdn.web-global.fds.api.mi-img.com;ssl-cdn.static.browser.mi-img.com;static-verify.sec.xiaomi.com;www.google-analytics.com;www.googletagmanager.com
9160,tradingview.com,13,accounts.google.com;analytics.google.com;economic-calendar.tradingview.com;news-mediator.tradingview.com;s3-symbol-logo.tradingview.com;scanner.tradingview.com;securepubads.g.doubleclick.net;snowplow-pixel.tradingview.com;static.tradingview.com;stats.g.doubleclick.net;tradingview.com;www.google-analytics.com;www.googletagmanager.com
9161,xvideos.com,6,a.orbsrv.com;assets-cdn77.xvideos-cdn.com;s.orbsrv.com;thumbs-gcore.xvideos-cdn.com;xvideos.com;z6v2p9a8.bkcdn.net
9165,groupme.com,10,api.framer.com;app.framerstatic.com;browser.events.data.microsoft.com;events.framer.com;fonts.gstatic.com;framer.com;framerusercontent.com;groupme.com;js.monitor.azure.com;wcpstatic.microsoft.com
9166,vrtcal.com,5,cdnjs.cloudflare.com;fonts.googleapis.com;fonts.gstatic.com;vrtcal.com;www.vrtcal.com
9169,tr-common-mira.office.com,4,aadcdn.msftauth.net;login.microsoftonline.com;res.public.onecdn.static.microsoft;tr-common-mira.office.com
9176,b.6sc.co,3,b.6sc.co;fonts.googleapis.com;fonts.gstatic.com
9182,frameo.net,9,cdnjs.cloudflare.com;ekr.zdassets.com;fonts.googleapis.com;frameo.net;frameo.zendesk.com;static.zdassets.com;use.typekit.net;www.frameo.com;www.termsfeed.com
9193,anonymised.io,11,anonymised.io;api.cmp.inmobi.com;cdn.jsdelivr.net;cdn.prod.website-files.com;cmp.inmobi.com;d3e54v103j8qbb.cloudfront.net;privacy-seal.heydata.eu;visit-server.inmobi-choice.io;www.anonymised.io;www.googletagmanager.com;ykyp33.csb.app
9195,bromium-online.com,10,bromium-online.com;cdn.cookielaw.org;fonts.gstatic.com;geolocation.onetrust.com;i.ytimg.com;www.google.com;www.hp.com;www.hpwolf.com;www.youtube-nocookie.com;www.youtube.com
9204,siteimproveanalytics.com,2,siteimproveanalytics.com;static.cloudflareinsights.com
9205,t.me,2,t.me;telegram.org
9208,mts.ru,20,1054--a00--1776302213907838423.stbid.ru;5430925061776302212729.cm.a.mts.ru;abt.s3.yandex.net;ad.adriver.ru;an.yandex.ru;api.tomi.ai;content.adriver.ru;dtm-dre.platform.hicloud.com;identitystatic.mts.ru;login.mts.ru;mc.yandex.ru;moskva.mts.ru;mts.ru;mtsopros.mts.ru;pn.mts.ru;sentry.obs.mts.ru;static.mts.ru;tag.a.mts.ru;top-fwz1.mail.ru;uaas.yandex.ru
9211,www.t-mobile.com,26,accdn.lpsnmedia.net;analytics.google.com;api2.branch.io;app.link;assets.adobedtm.com;cdn.branch.io;cdn.cookielaw.org;cdn.moengage.com;cdn.quantummetric.com;geolocation.onetrust.com;googletagmanager.com;ingest.quantummetric.com;ipinfo.io;lpcdn.lpsnmedia.net;lptag.liveperson.net;match.adsrvr.org;pnapi.invoca.net;rum.hlx.page;smetrics.t-mobile.com;solutions.invocacdn.com;stats.g.doubleclick.net;t-mobile.scene7.com;tmo-assets.fs.liveperson.com;unpkg.com;va.v.liveperson.net;www.t-mobile.com
9212,cisco-my.sharepoint.com,5,aadcdn.msauth.net;aadcdn.msauthimages.net;cisco-my.sharepoint.com;login.live.com;login.microsoftonline.com
9215,api.fe.amazonalexa.com,2,api.fe.amazonalexa.com;g-ecx.images-amazon.com
9235,login.vk.com,2,login.vk.com;vk.com
9240,sprinklr.com,11,cdn.optimizely.com;cdnjs.cloudflare.com;cmp.osano.com;images.ctfassets.net;js.hs-scripts.com;pagead2.googlesyndication.com;sprinklr.com;videos.ctfassets.net;www.google-analytics.com;www.googletagmanager.com;www.sprinklr.com
9244,media.admob.com,5,ajax.googleapis.com;fonts.googleapis.com;fonts.gstatic.com;media.admob.com;www.google-analytics.com
9260,tmobile.com,27,accdn.lpsnmedia.net;analytics.google.com;api2.branch.io;app.link;assets.adobedtm.com;cdn.branch.io;cdn.cookielaw.org;cdn.moengage.com;cdn.quantummetric.com;geolocation.onetrust.com;googletagmanager.com;ingest.quantummetric.com;ipinfo.io;lpcdn.lpsnmedia.net;lptag.liveperson.net;match.adsrvr.org;pnapi.invoca.net;rum.hlx.page;smetrics.t-mobile.com;solutions.invocacdn.com;stats.g.doubleclick.net;t-mobile.scene7.com;tmo-assets.fs.liveperson.com;tmobile.com;unpkg.com;va.v.liveperson.net;www.t-mobile.com
9261,www.npr.org,47,6635101.fls.doubleclick.net;aax.amazon-adsystem.com;ads.pubmatic.com;api.permutive.com;bcp.crwdcntrl.net;c.amazon-adsystem.com;c.go-mpulse.net;cdn.cookielaw.org;cdn.cxense.com;cdn.jwplayer.com;cdn.optimizely.com;cdn.pdst.fm;cdn.piano.io;cdn3.optimizely.com;cm.g.doubleclick.net;config.aps.amazon-adsystem.com;e1cef1f0-495f-4973-ba1c-880786e73a66.edge.permutive.app;entitlements.jwplayer.com;geolocation.onetrust.com;imasdk.googleapis.com;js.stripe.com;m.stripe.com;m.stripe.network;mab.chartbeat.com;media.npr.org;npr.brightspotcdn.com;organization.api.npr.org;pagead2.googlesyndication.com;prd.jwpltx.com;rumcdn.geoedge.be;s.go-mpulse.net;s0.2mdn.net;sb.scorecardresearch.com;secure-us.imrworldwide.com;secure.cdn.fastclick.net;securepubads.g.doubleclick.net;ssl.p.jwpcdn.com;static.chartbeat.com;station.api.npr.org;tags.crwdcntrl.net;www.datadoghq-browser-agent.com;www.google.com;www.googletagmanager.com;www.gstatic.com;www.npr.org;www.npttech.com;www.recaptcha.net
9265,hbomax.com,15,128-239-2-78_s-23-55-176-230_ts-1776305842-clienttons-s.akamaihd.net;beam-images.warnermediacdn.com;braze-images.com;browser.sentry-cdn.com;c.go-mpulse.net;default.any-any.prd.api.hbomax.com;default.beam-amer.prd.api.hbomax.com;hbomax.com;lightning.warnermediacdn.com;qdxqetqx3xr2m2pai2za-p0a7wn-b9e83b2ae-clientnsv4-s.akamaihd.net;s.go-mpulse.net;trial-eum-clientnsv4-s.akamaihd.net;trial-eum-clienttons-s.akamaihd.net;www.googletagmanager.com;www.hbomax.com
9270,tr-ooc-fs.office.com,4,aadcdn.msftauth.net;login.microsoftonline.com;res.public.onecdn.static.microsoft;tr-ooc-fs.office.com
9273,outlook-sdf.office.com,6,aadcdn.msauth.net;login.live.com;login.microsoftonline.com;outlook-sdf.office.com;res.df.onecdn.static.microsoft;sdf.outlook.cloud.microsoft
9278,coinbase.com,2,challenges.cloudflare.com;coinbase.com
9279,grafana.com,14,a-us.storyblok.com;analytics.google.com;app.clearbit.com;connect.facebook.net;grafana.com;px.ads.linkedin.com;satgt.grafana.com;snap.licdn.com;stats.g.doubleclick.net;widget.intercom.io;www.google-analytics.com;www.googletagmanager.com;www.linkedin.com;x.clearbitjs.com
9298,parastorage.com,3,parastorage.com;static.parastorage.com;www.wix.com
9306,jetbrains.com,39,a.quora.com;a26669750187.cdn.optimizely.com;alb.reddit.com;analytics.google.com;analytics.tiktok.com;analytics.twitter.com;ara.paa-reporting-advertising.amazon;bat.bing.com;bat.bing.net;c.amazon-adsystem.com;c.bing.com;c.clarity.ms;capi-automation.s3.us-east-2.amazonaws.com;cdn.cookiehub.eu;connect.facebook.net;data.services.jetbrains.com;googleads.g.doubleclick.net;j.nrich.ai;jetbrains.com;logx.optimizely.com;pixel-config.reddit.com;px.ads.linkedin.com;q.quora.com;resources.jetbrains.com;s.amazon-adsystem.com;s.clarity.ms;scripts.clarity.ms;sgtm.jetbrains.com;snap.licdn.com;static.ads-twitter.com;stats.g.doubleclick.net;t.co;tag.nrich.ai;www.clarity.ms;www.google.com;www.googletagmanager.com;www.jetbrains.com;www.linkedin.com;www.redditstatic.com
9310,fpjs.io,44,44.238.122.172;a.usbrowserspeed.com;alb.reddit.com;analytics.google.com;api.fpjs.pro;api.hubapi.com;api.ipify.org;api.mapbox.com;api.vector.co;aplo-evnt.com;app.clearbit.com;app.factors.ai;assets.apollo.io;cdn.drda.io;cdn.dreamdata.cloud;cdn.metadata.io;cdn.vector.co;connect.facebook.net;dx.mountain.com;fingerprint.com;fonts.googleapis.com;fonts.gstatic.com;fpjs.io;googleads.g.doubleclick.net;js.hs-analytics.net;js.hs-banner.com;js.hs-scripts.com;js.hsadspixel.net;pixel-config.reddit.com;px.ads.linkedin.com;sdk.userledclient.io;snap.licdn.com;stats.g.doubleclick.net;tag.clearbitscripts.com;track.hubspot.com;tracking-api.g2.com;tracking.g2crowd.com;us-assets.i.posthog.com;us.assets.userled.io;www.google.com;www.googletagmanager.com;www.linkedin.com;www.redditstatic.com;x.clearbitjs.com
9319,line.me,3,cdn.jsdelivr.net;line.me;www.line.me
9320,itunes.com,3,itunes.com;securemetrics.apple.com;www.apple.com
9327,oppomobile.com,2,activity-cdo.heytapimage.com;oppomobile.com
9336,powerplatform.com,45,a.tribalfusion.com;accdn-vip.lpsnmedia.net;analytics.twitter.com;assets.adobedtm.com;browser.events.data.microsoft.com;bttrack.com;c.bing.com;c.s-microsoft.com;cdn-dynmedia-1.microsoft.com;cm.everesttech.net;cm.g.doubleclick.net;cms.analytics.yahoo.com;cms.quantserve.com;dpm.demdex.net;ds.reson8.com;edge.adobedc.net;ib.adnxs.com;idpix.media6degrees.com;idsync.rlcdn.com;jadserve.postrelease.com;js.monitor.azure.com;login.live.com;login.microsoftonline.com;lptag.liveperson.net;match.adsrvr.org;mscom.demdex.net;msftenterprise.sc.omtrdc.net;play.vidyard.com;powerplatform.com;publisher.liveperson.net;px.owneriq.net;rtd-tm.everesttech.net;rtd.tubemogul.com;rum.hlx.page;s.clarity.ms;s7d2.scene7.com;scripts.clarity.ms;servedby.flashtalking.com;static-assets.fs.liveperson.com;target.microsoft.com;uhf.microsoft.com;ups.analytics.yahoo.com;wcpstatic.microsoft.com;www.clarity.ms;www.microsoft.com
9346,artifacts.security.elastic.co,63,15244908.fls.doubleclick.net;813-mam-392.mktoresp.com;a.quora.com;ad.doubleclick.net;adservice.google.com;alb.reddit.com;analytics.google.com;analytics.twitter.com;api.company-target.com;app.clearbit.com;artifacts.security.elastic.co;assets.adoberesources.net;assets.userled.io;bat.bing.com;c.clarity.ms;cdn.iubenda.com;cdn.optimizely.com;cdn3.optimizely.com;cm.g.doubleclick.net;connect.facebook.net;dsum-sec.casalemedia.com;edge.fullstory.com;elastic-global-nav-assets.s3.us-west-2.amazonaws.com;fonts.googleapis.com;googleads.g.doubleclick.net;id.rlcdn.com;idb.iubenda.com;images.contentstack.io;info.elastic.co;insight.adsrvr.org;js.adsrvr.org;lift-ai-js.marketlinc.com;logx.optimizely.com;munchkin.marketo.net;partners.tremorhub.com;pixel-config.reddit.com;pixel.byspotify.com;pixel.rubiconproject.com;px.ads.linkedin.com;rs.fullstory.com;s.clarity.ms;s.company-target.com;scripts.clarity.ms;sdk.userledclient.io;secure.adnxs.com;segments.company-target.com;sjrtp2-cdn.marketo.com;snap.licdn.com;static-www.elastic.co;static.ads-twitter.com;stats.g.doubleclick.net;t.co;tag-logger.demandbase.com;tag.clearbitscripts.com;tag.demandbase.com;trk.techtarget.com;www.clarity.ms;www.elastic.co;www.google.com;www.googletagmanager.com;www.linkedin.com;www.redditstatic.com;x.clearbitjs.com
9353,tr-ooc-geo.office.com,4,aadcdn.msftauth.net;login.microsoftonline.com;res.public.onecdn.static.microsoft;tr-ooc-geo.office.com
9355,tr-eop-fs.office.com,4,aadcdn.msftauth.net;login.microsoftonline.com;res.public.onecdn.static.microsoft;tr-eop-fs.office.com
9366,go.mavrtracktor.com,11,assets.chapturist.com;assets.strpssts-ana.com;cdnjs.cloudflare.com;creative.eizzih.com;go.eizzih.com;go.mavrtracktor.com;go.stripchat.com;img.doppiocdn.net;mmp.doppiocdn.com;stripchat.com;ststandard.com
9384,cleanbrowsing.org,9,analytics.ahrefs.com;cdn.jsdelivr.net;cdnjs.cloudflare.com;cleanbrowsing.org;fonts.googleapis.com;fonts.gstatic.com;plausible.io;www.google-analytics.com;www.googletagmanager.com
9387,tr-ecs-fs.office.com,4,aadcdn.msauth.net;login.microsoftonline.com;res.public.onecdn.static.microsoft;tr-ecs-fs.office.com
9389,myapplications.microsoft.com,5,aadcdn.msauth.net;eu-mobile.events.data.microsoft.com;login.live.com;login.microsoftonline.com;myapplications.microsoft.com
9391,support.google.com,12,apis.google.com;fonts.googleapis.com;fonts.gstatic.com;gstatic.com;lh3.googleusercontent.com;ogads-pa.clients6.google.com;ssl.gstatic.com;storage.googleapis.com;www.google-analytics.com;www.google.com;www.googletagmanager.com;www.gstatic.com
9397,dramaboxdb.com,8,accounts.google.com;asc.dramaboxdb.com;dramaboxdb.com;log.dramaboxdb.com;thwztchapter.dramaboxdb.com;www.dramaboxdb.com;www.google-analytics.com;www.googletagmanager.com
9404,mail.yandex.ru,6,360.yandex.ru;avatars.mds.yandex.net;mail.yandex.ru;mc.yandex.ru;yandex.ru;yastatic.net
9419,www.xvideos.com,6,a.orbsrv.com;assets-cdn77.xvideos-cdn.com;s.orbsrv.com;thumbs-gcore.xvideos-cdn.com;www.xvideos.com;z6v2p9a8.bkcdn.net
9431,cloud.lakesidesoftware.com,6,cdn.jsdelivr.net;cdn.pendo.io;cloud.lakesidesoftware.com;fonts.googleapis.com;fonts.gstatic.com;kit.fontawesome.com
9438,mygaru.com,10,ajax.googleapis.com;cdn.embedly.com;cdn.jsdelivr.net;cdn.prod.website-files.com;challenges.cloudflare.com;d3e54v103j8qbb.cloudfront.net;fonts.googleapis.com;fonts.gstatic.com;mygaru.com;player.vimeo.com
9448,advertising.walmart.com,8,advertising.walmart.com;client.px-cloud.net;collector-pxzitus4e5.px-client.net;collector-pxzitus4e5.px-cloud.net;fonts.googleapis.com;i5.wal.co;i5.walmartimages.com;tzm.px-cloud.net
9449,tr-eop-mira.office.com,4,aadcdn.msauth.net;login.microsoftonline.com;res.public.onecdn.static.microsoft;tr-eop-mira.office.com
9515,qualcomm.com,11,a40.usablenet.com;assets.adobedtm.com;cdn.bc0a.com;cdn.cookielaw.org;geolocation.onetrust.com;ixfd2-api.bc0a.com;prdgraphql.www.qualcomm.com;qualcomm.com;s7d1.scene7.com;static.cloud.coveo.com;www.qualcomm.com
9519,cdn.us.heap-api.com,2,cdn.us.heap-api.com;sdk.us.heap-api.com
9523,lens.poly.com,14,analytics.google.com;cacheorcheck.mopinion.com;clientstream.launchdarkly.com;collect.mopinion.com;deploy.mopinion.com;fonts.googleapis.com;fonts.gstatic.com;fonts.mopinion.com;gstatic.mopinion.com;lens.poly.com;lenscdndev.azureedge.net;login.silica-prod01.io.lens.poly.com;stats.g.doubleclick.net;www.googletagmanager.com
9531,fortinet.com,58,10104846.fls.doubleclick.net;a.dpmsrv.com;a.quora.com;ad.doubleclick.net;adservice.google.com;analytics.twitter.com;api-v2.mutinyhq.io;api.consentjs.datagrail.io;assets.adobedtm.com;attr-td.ml-api.io;bam.nr-data.net;bat.bing.com;cdn-app.pathfactory.com;cdn.schemaapp.com;cdn.webexperiences.com;client-registry.mutinycdn.com;cm.everesttech.net;cm.g.doubleclick.net;connect.facebook.net;d2i34c80a0ftze.cloudfront.net;dpm.demdex.net;epsilon.6sense.com;fortinet.com;fortinet.demdex.net;fortinet.my.salesforce-scrt.com;fortinet.my.site.com;fortinet.tt.omtrdc.net;googleads.g.doubleclick.net;ib.adnxs.com;img.en25.com;ipv6.6sc.co;j.6sc.co;js-agent.newrelic.com;jukebox.pathfactory.com;lantern.fortinet.com;lltrck.com;marvel-b1-cdn.bc0a.com;marvel-b2-cdn.bc0a.com;marvel-processor.bc0a.com;match.adsrvr.org;metrics.fortinet.com;pixel.mathtag.com;pixel.rubiconproject.com;px.ads.linkedin.com;rum.hlx.page;s.dpmsrv.com;s3049749.t.eloqua.com;secure.adnxs.com;snap.licdn.com;static.ads-twitter.com;t.co;tags.srv.stackadapt.com;trk.techtarget.com;wec-assets.terminus.services;www.fortinet.com;www.google.com;www.googletagmanager.com;www.linkedin.com
9534,www.hulu.com,35,3797690.fls.doubleclick.net;ad.doubleclick.net;adservice.google.com;analytics-ipv6.tiktokw.us;analytics.tiktok.com;apps.rokt.com;assetshuluimcom-a.akamaihd.net;b.videoamp.com;cdn.cookielaw.org;cm.g.doubleclick.net;cnbl-cdn.bamgrid.com;collector-1564.tvsquared.com;connect.facebook.net;d.impactradius-event.com;disney.my.sentry.io;geolocation.onetrust.com;img1.hulu.com;img2.hulu.com;img4.hulu.com;insight.adsrvr.org;js.adsrvr.org;metcon.hulu.com;s.yimg.com;sanalytics.disneyplus.com;sc-static.net;sp.analytics.yahoo.com;tag.rmp.rakuten.com;tags.tiqcdn.com;tr.snapchat.com;uconnect.tealiumiq.com;vortex.hulu.com;www.facebook.com;www.google.com;www.googletagmanager.com;www.hulu.com
9537,bigo.sg,9,bigo.sg;gdl.bigo.sg;manage-www.bigo.sg;static-web.bigolive.tv;static-web.likeevideo.com;static.f2ecdn.com;support-json.like.video;www.google-analytics.com;www.googletagmanager.com
9550,dareprobe.office.com,4,aadcdn.msftauth.net;dareprobe.office.com;login.microsoftonline.com;res.public.onecdn.static.microsoft
9551,zillow.com,11,client.px-cloud.net;collector-pxhyx10rg3.px-client.net;collector-pxhyx10rg3.px-cloud.net;crcldu.com;fonts.googleapis.com;fonts.gstatic.com;fst-ec.perimeterx.net;tzm.px-cloud.net;www.zillow.com;www.zillowstatic.com;zillow.com
9564,tr-ecs-mira.office.com,4,aadcdn.msauth.net;login.microsoftonline.com;res.public.onecdn.static.microsoft;tr-ecs-mira.office.com
9574,passport.yandex.ru,8,adfstat.yandex.ru;captcha-backgrounds.s3.yandex.net;cdnrhkgfkkpupuotntfj.svc.cdn.yandex.net;id.yandex.ru;mc.yandex.ru;passport.yandex.ru;yandex.ru;yastatic.net
9577,redfast.com,39,439-lsc-903.mktoresp.com;alb.reddit.com;analytics.google.com;b.6sc.co;c.6sc.co;c.bing.com;c.clarity.ms;cdn.cookielaw.org;connect.facebook.net;distillery.wistia.com;embed-cloudfront.wistia.com;embed-ssl.wistia.com;epsilon.6sense.com;fast.wistia.com;fast.wistia.net;geolocation.onetrust.com;images.ctfassets.net;ipv6.6sc.co;j.6sc.co;js.zi-scripts.com;munchkin.marketo.net;pipedream.wistia.com;pixel-config.reddit.com;px.ads.linkedin.com;recurly.com;redfast.com;s.clarity.ms;scripts.clarity.ms;secure.adnxs.com;snap.licdn.com;stats.g.doubleclick.net;tracking.g2crowd.com;trk.techtarget.com;ws.zoominfo.com;www.clarity.ms;www.google.com;www.googletagmanager.com;www.linkedin.com;www.redditstatic.com
9612,datatables.net,2,datatables.net;media.ethicalads.io
9619,powerbi.com,5,app.powerbi.com;content.powerapps.com;js.monitor.azure.com;login.microsoftonline.com;powerbi.com
9628,cdn.datatables.net,3,cdn.datatables.net;datatables.net;media.ethicalads.io
9632,nsone.net,7,1.www.s81c.com;cdn.walkme.com;consent.trustarc.com;fonts.googleapis.com;nsone.net;tags.tiqcdn.com;www-api.ibm.com
9658,rtb.linkedin.com,2,rtb.linkedin.com;static.licdn.com
9659,www.google.ca,3,ogads-pa.clients6.google.com;play.google.com;www.gstatic.com
9666,jampp.com,22,analytics.google.com;api.hubapi.com;cdn.jsdelivr.net;cdn.prod.website-files.com;d3e54v103j8qbb.cloudfront.net;googleads.g.doubleclick.net;jampp.com;js.hs-analytics.net;js.hs-banner.com;js.hs-scripts.com;js.hsadspixel.net;px.ads.linkedin.com;sc.lfeeder.com;snap.licdn.com;stats.g.doubleclick.net;tr.lfeeder.com;track.hubspot.com;www.google-analytics.com;www.google.com;www.googletagmanager.com;www.jampp.com;www.linkedin.com
9670,arcgis.com,2,arcgis.com;cdn.jsdelivr.net
9698,gateway.zscalerone.net,2,gateway.zscalerone.net;login.zscalerone.net
9723,iteratehq.com,14,assets.calendly.com;cdn.jsdelivr.net;cdn.ravenjs.com;code.jquery.com;googleads.g.doubleclick.net;iteratehq.com;js.appboycdn.com;p.typekit.net;use.fontawesome.com;use.typekit.net;widget.intercom.io;www.google-analytics.com;www.google.com;www.googletagmanager.com
9724,euid.eu,37,527-inm-364.mktoresp.com;a.usbrowserspeed.com;analytics.google.com;analytics.o11.tech;analytics.twitter.com;cdn.bizible.com;cdn.bizibly.com;cdn.cookielaw.org;cdn.prod.uidapi.com;cm.g.doubleclick.net;connect.facebook.net;dpm.demdex.net;euid.eu;geolocation.onetrust.com;googleads.g.doubleclick.net;ib.adnxs.com;idsync.rlcdn.com;insight.adsrvr.org;js.adsrvr.org;js.zi-scripts.com;ml314.com;munchkin.marketo.net;pages.thetradedesk.com;pixel.rubiconproject.com;polaris.truevaultcdn.com;ps.eyeota.net;px.ads.linkedin.com;snap.licdn.com;static.ads-twitter.com;stats.g.doubleclick.net;t.co;ws-assets.zoominfo.com;ws.zoominfo.com;www.google-analytics.com;www.google.com;www.googletagmanager.com;www.linkedin.com
9727,etrade.com,43,10086.global.siteimproveanalytics.io;4601119.fls.doubleclick.net;ad.doubleclick.net;adobedc.demdex.net;adservice.google.com;alb.reddit.com;analytics.twitter.com;api.glia.com;assets.adobedtm.com;bat.bing.com;beacon.lynx.cognitivlabs.com;c.amazon-adsystem.com;c.evidon.com;c.la1-c1cs-ph2.salesforceliveagent.com;c.pmsrv.co;cdn2.etrade.net;connect.facebook.net;d34r8q7sht0t9k.cloudfront.net;dpm.demdex.net;etrade.com;googleads.g.doubleclick.net;idsync.rlcdn.com;ipv4.podscribe.com;l.evidon.com;pixel-config.reddit.com;px.adentifi.com;px.ads.linkedin.com;s.amazon-adsystem.com;s.pinimg.com;s.yimg.com;siteimproveanalytics.com;smetrics.morganstanley.com;snap.licdn.com;sp.analytics.yahoo.com;static.ads-twitter.com;t.co;us.etrade.com;verifi.podscribe.com;www.google.com;www.googleadservices.com;www.googletagmanager.com;www.linkedin.com;www.redditstatic.com
9732,wellsfargo.com,28,adobedc.demdex.net;analytics.google.com;api.rlcdn.com;b.videoamp.com;c1.wfinterface.com;cm.everesttech.net;cm.g.doubleclick.net;cms.analytics.yahoo.com;connect.secure.wellsfargo.com;connect.secure.wf.com;dpm.demdex.net;gbxreport-prod.wf.com;geolocation.onetrust.com;idsync.rlcdn.com;okra.wf.com;ort.wellsfargo.com;px.ads.linkedin.com;s.amazon-adsystem.com;static.wellsfargo.com;stats.g.doubleclick.net;td.doubleclick.net;trc.taboola.com;ups.analytics.yahoo.com;wellsfargo.com;www.facebook.com;www.google.com;www.wellsfargo.com;www17.wellsfargomedia.com
9737,edoinc.com,34,7151179.fs1.hubspotusercontent-na1.net;a.usbrowserspeed.com;api.hubapi.com;api.vector.co;app.hubspot.com;c.bing.com;c.clarity.ms;cdn.vector.co;edoinc.com;epsilon.6sense.com;forms-na1.hsforms.com;forms.hsforms.com;googleads.g.doubleclick.net;ipv6.6sc.co;j.6sc.co;js.hs-analytics.net;js.hs-banner.com;js.hsadspixel.net;js.hscollectedforms.net;js.hsforms.net;js.hubspot.com;perf-na1.hsforms.com;px.ads.linkedin.com;s.clarity.ms;scripts.clarity.ms;secure.adnxs.com;snap.licdn.com;www.clarity.ms;www.edo.com;www.google-analytics.com;www.google.com;www.googleadservices.com;www.googletagmanager.com;www.linkedin.com
9742,www.chase.com,5,asset.chase.com;c.go-mpulse.net;s2.go-mpulse.net;static.chasecdn.com;www.chase.com
9746,api.powerplatform.com,8,aka.ms;api.powerplatform.com;browser.events.data.microsoft.com;c.bing.com;c1.microsoft.com;js.monitor.azure.com;learn.microsoft.com;wcpstatic.microsoft.com
9763,insights-a.webex.com,3,idbroker-static.webex.com;idbroker.webex.com;insights-a.webex.com
9780,files.acrobat.com,20,acrobat.adobe.com;acroipm2.adobe.com;adobeid-na1.services.adobe.com;assets.adobedtm.com;auth-light.identity.adobe.com;auth.services.adobe.com;client.messaging.adobe.com;cloud.acrobat.com;dcs.adobedc.net;documentcloud.adobe.com;files.acrobat.com;ims-na1.adobelogin.com;o4505393339695104.ingest.us.sentry.io;p.typekit.net;prod.adobeccstatic.com;server.messaging.adobe.com;shared-components.adobe.com;sstats.adobe.com;use.typekit.net;widget.uservoice.com
9786,afterpay.com,20,424-iab-218.mktoresp.com;539-rja-633.mktoresp.com;afterpay.com;analytics.google.com;cdn.builder.io;cdn.cookielaw.org;clientstream.launchdarkly.com;connect.facebook.net;geolocation.onetrust.com;munchkin.marketo.net;o76154.ingest.sentry.io;px.ads.linkedin.com;snap.licdn.com;static.afterpay.com;stats.g.doubleclick.net;vimeo.com;websdk.appsflyer.com;www.google.com;www.googletagmanager.com;www.linkedin.com
9796,shops.myshopify.com,2,challenges.cloudflare.com;shops.myshopify.com
9804,us.temu.com,10,accounts.google.com;adtk-us.temu.com;aimg.kwcdn.com;commimg.kwcdn.com;img.kwcdn.com;pftka-us.temu.com;static.kwcdn.com;thtka-us.temu.com;us.temu.com;www.temu.com
9809,adriver.ru,11,ad.adriver.ru;adriver.ru;cdnjs.cloudflare.com;counter.yadro.ru;ev.adriver.ru;maxcdn.bootstrapcdn.com;mlb5.adriver.ru;tags.soloway.ru;www.adriver.ru;www.google-analytics.com;www.googletagmanager.com
9820,truecaller.com,9,asia-south1-truecaller-web.cloudfunctions.net;cdn.jsdelivr.net;chat.zipzip.ai;cookies.truecaller.com;metis.truecaller.com;plausible.io;static.cloudflareinsights.com;truecaller.com;www.truecaller.com
9823,getadblock.com,6,fonts.googleapis.com;fonts.gstatic.com;getadblock.com;logs.getadblock.com;www.google-analytics.com;www.googletagmanager.com
9825,figma.com,7,cdn.sanity.io;f.vimeocdn.com;featureassets.org;figma.com;i.vimeocdn.com;player.vimeo.com;vimeo.com
9849,gateway.bingviz.microsoftapp.net,15,assets.msn.com;browser.events.data.msn.com;c.bing.com;c.msn.com;gateway.bingviz.microsoftapp.net;img-s-msn-com.akamaized.net;login.live.com;login.microsoftonline.com;m.adnxs.com;px.ads.linkedin.com;r.bing.com;trc.taboola.com;www.bing.com;www.msn.com;www2.bing.com
9853,ouraring.com,17,api.amplitude.com;api.segment.io;cdn.amplitude.com;cdn.cookielaw.org;cdn.noibu.com;cdn.segment.com;cdn1.affirm.com;d2o9p5vky89u4e.cloudfront.net;decagon.ai;features.affirm.com;geolocation.onetrust.com;getrockerbox.com;o94626.ingest.us.sentry.io;ourahealth.imgix.net;ouraring.com;ouraringconfig.com;rb1g93ne.ouraring.com
9855,www.twitter.com,7,abs-0.twimg.com;abs.twimg.com;accounts.google.com;appleid.cdn-apple.com;fonts.gstatic.com;www.twitter.com;x.com
9868,imgsmail.ru,55,531311.ms.dzen.ru;a-69205192-51-585-0nm12d-000.pms.mail.ru;a-69205232-51-585-0nm12d-000.pms.mail.ru;a-69205297-51-1-0nm12d-000.pms.mail.ru;a-70551511-7-575-0nm12d-000.pms.mail.ru;a-70553236-6-575-0nm12d-000.pms.mail.ru;a-70554255-6-422-0nm12d-000.pms.mail.ru;a-70554777-6-138-0nm12d-000.pms.mail.ru;a-70554874-6-1-0nm12d-000.pms.mail.ru;a-70555039-8-77-0nm12d-000.pms.mail.ru;a-70555324-6-1-0nm12d-000.pms.mail.ru;a-70555355-6-150-0nm12d-000.pms.mail.ru;a-70555431-6-1-0nm12d-000.pms.mail.ru;a.delivery.consentmanager.net;account.mail.ru;ad.mail.ru;avatars.dzeninfra.ru;avatars.mds.yandex.net;b.delivery.consentmanager.net;bs.yandex.ru;cdn.consentmanager.net;counter.yadro.ru;dzen.ru;favicon.yandex.net;home.imgsmail.ru;img.imgsmail.ru;imgs2.imgsmail.ru;imgsmail.ru;limg.imgsmail.ru;log.strm.yandex.ru;login.vk.ru;mail.ru;mc.yandex.ru;media-trend.mail.ru;ok6-11.vkuser.net;ok6-12.vkuser.net;ok6-4.vkuser.net;pogoda.imgsmail.ru;portal.mail.ru;privacy-cs.mail.ru;r.mradx.net;r3.mail.ru;rs.mail.ru;stat.radar.imgsmail.ru;static.dzeninfra.ru;sun9-17.userapi.com;top-fwz1.mail.ru;trk.mail.ru;vk.com;vkvideo.ru;www.google-analytics.com;www.googletagmanager.com;xray.mail.ru;yandex.ru;yastatic.net
9870,yelp.com,11,accounts.google.com;api-js.datadome.co;cdn.cookielaw.org;geolocation.onetrust.com;js.datadome.co;s3-media0.fl.yelpcdn.com;sb.scorecardresearch.com;www.google-analytics.com;www.googletagmanager.com;www.yelp.com;yelp.com
9871,signal-service.pbs.yahoo.com,40,ad-delivery.net;ads.pubmatic.com;ads.yieldmo.com;api.rlcdn.com;c2shb-oao.ssp.yahoo.com;cdn.p-n.io;cdn.taboola.com;cm.g.doubleclick.net;consent.cmp.oath.com;d2mqt2joll4fma.cloudfront.net;display.bidder.taboola.com;exchange.kueezrtb.com;fastlane.rubiconproject.com;grid-bidder.criteo.com;guce.yahoo.com;htlb.casalemedia.com;ib.adnxs.com;idx.liadm.com;ncp-gw-frontpage.media.yahoo.com;nexus-gateway-prod.media.yahoo.com;noa.yahoo.com;opus.analytics.yahoo.com;pbs-yahoo-us.ay.delivery;pbs.yahoo.com;prebid-server.rubiconproject.com;prebid.media.net;rp.liadm.com;rtb.openx.net;s.seedtag.com;s.yimg.com;sb.scorecardresearch.com;securepubads.g.doubleclick.net;signal-service.pbs.yahoo.com;tlx.3lift.com;ups.analytics.yahoo.com;us-trc-events.taboola.com;wnsrvbjmeprtfrnfx.ay.delivery;www.googletagmanager.com;www.yahoo.com;yahoo-match.dotomi.com
9875,usea1-016.sentinelone.net,3,cdn.pendo.io;content.pendo.sentinelone.net;usea1-016.sentinelone.net
9883,dalyfeds.com,5,dalyfeds.com;news-api.fnyfeds.com;news-cdn.fnyfeds.com;static.wshareit.com;weather-api.fnyfeds.com
9896,bigolive.tv,21,285088a9.cubetecn.com;analytics.google.com;bigolive.tv;c.bing.com;c.clarity.ms;connect.facebook.net;esx.bigo.sg;front-perf.like-video.com;googleads.g.doubleclick.net;mc.yandex.ru;s.clarity.ms;scripts.clarity.ms;sec.bigo.sg;static-act.da7akni.net;static-web.bigolive.tv;stats.g.doubleclick.net;ta.bigolive.tv;www.clarity.ms;www.google-analytics.com;www.google.com;www.googletagmanager.com
9897,hls-cdn77.xnxx-cdn.com,2,error.c.cdn77.org;hls-cdn77.xnxx-cdn.com
9901,ad-stir.com,8,ad-stir.com;ajax.googleapis.com;cdnv.ad-stir.com;connect.facebook.net;fonts.googleapis.com;fonts.gstatic.com;www.google-analytics.com;www.googletagmanager.com
9905,idmap.ai,3,fonts.googleapis.com;fonts.gstatic.com;idmap.ai
9921,squarecdn.com,23,a8447815042.cdn-pci.optimizely.com;api.squareup.com;assets.ctfassets.net;campaign-hub-production-f.squarecdn.com;cash-f.squarecdn.com;cdn.cookielaw.org;cdn.jsdelivr.net;images.ctfassets.net;logx.optimizely.com;martech-production-c.squarecdn.com;munchkin.marketo.net;o160250.ingest.us.sentry.io;pw-assets-production-c.squarecdn.com;pw-renderer-production-c.squarecdn.com;pwt-production-c.squarecdn.com;sales-bridge-production-c.squarecdn.com;squarecdn.com;squareup.com;www.datadoghq-browser-agent.com;www.google-analytics.com;www.google.com;www.googletagmanager.com;xms-production-f.squarecdn.com
9924,avira.com,33,analytics.google.com;app.upsellit.com;assets.adobedtm.com;assets.prod.cms.avira.com;avira.com;bat.bing.com;c.bing.com;c.clarity.ms;c.go-mpulse.net;data.privacy.ensighten.com;doh.cq0.co;dpm.demdex.net;getrockerbox.com;mhubc.avira.com;nexus.ensighten.com;oms.avira.com;pubads.g.doubleclick.net;rmbyy5ra.avira.com;s.clarity.ms;s.go-mpulse.net;scripts.clarity.ms;stats.g.doubleclick.net;symantec.demdex.net;symantec.tt.omtrdc.net;t.nc0.co;widget.trustpilot.com;www.avira.com;www.clarity.ms;www.google.com;www.googletagmanager.com;www.nortonlifelock.com;www.upsellit.com;www.webassetscdn.com
9936,login.aol.com,126,3p-udc.yahoo.com;6d414b130a71504975969c5e317d1af3.safeframe.googlesyndication.com;aa.agkn.com;aax-eu.amazon-adsystem.com;ad.360yield.com;ad.turn.com;ads.avads.net;ads.pubmatic.com;ads.servenobid.com;ads.yieldmo.com;ap.lijit.com;api-ssp.spot.im;api.taboola.com;b1sync.outbrain.com;bb.lijit.com;beachfront-match.dotomi.com;bh.contextweb.com;bttrack.com;c1.adform.net;c2shb-oao.ssp.yahoo.com;cadmus.script.ac;ce.lijit.com;ced-ns.sascdn.com;cm.g.doubleclick.net;cms.analytics.yahoo.com;consent.cmp.oath.com;cpm.vistarsagency.com;crb.kargo.com;creativecdn.com;cs-server-s2s.yellowblue.io;cs.admanmedia.com;cs.media.net;csync.copper6.com;csync.loopme.me;csync.smartadserver.com;csync.smilewanted.com;de.tynt.com;dis.criteo.com;display.bidder.taboola.com;dpm.demdex.net;eb2.3lift.com;ep1.adtrafficquality.google;ep2.adtrafficquality.google;eu-west-1-cs-rtb.openwebmp.com;eus.rubiconproject.com;gpt.mail.yahoo.net;guce.aol.com;gum.aidemsrv.com;hb.trustedstack.com;hbx.media.net;hde.tynt.com;ib.adnxs.com;id.rlcdn.com;idx.liadm.com;image2.pubmatic.com;image6.pubmatic.com;image8.pubmatic.com;ittpx-us-e.eskimi.com;ittpx.eskimi.com;jadserve.postrelease.com;login.aol.com;match.adsrvr.org;match.deepintent.com;match.prod.bidr.io;match.sharethrough.com;measureadv.com;ms-cookie-sync.presage.io;onetag-sys.com;opus.analytics.yahoo.com;p.rfihub.com;pbs.yahoo.com;pippio.com;pixel-sync.sitescout.com;pixel.33across.com;pixel.tapad.com;player.aniview.com;prebid-match.dotomi.com;prebid.a-mo.net;public.servenobid.com;r.bidswitch.net;rp.liadm.com;rtb.gumgum.com;rtb.mfadsrvr.com;rtb.openx.net;s.ad.smaato.net;s.amazon-adsystem.com;s.seedtag.com;s.yimg.com;secure-assets.rubiconproject.com;securepubads.g.doubleclick.net;signal-service.pbs.yahoo.com;ssbsync.smartadserver.com;ssc-cms.33across.com;ssp-sync.criteo.com;ssum-sec.casalemedia.com;sync-tm.everesttech.net;sync.aniview.com;sync.bfmio.com;sync.dxtech.ai;sync.inmobi.com;sync.ipredictive.com;sync.pmbmonetize.live;sync.smartadserver.com;sync.srv.stackadapt.com;syncingbridge.com;t.adx.opera.com;token.rubiconproject.com;tpc.googlesyndication.com;tr.blismedia.com;tsdtocl.com;u.openx.net;uipglob.semasio.net;um.simpli.fi;ups.analytics.yahoo.com;user-sync.fwmrm.net;uss.xplosion.de;ut.pubmatic.com;visitor.omnitagjs.com;visitor.us-east4.gcp.omnitagjs.com;vop.sundaysky.com;wt.rqtrk.eu;www.google-analytics.com;www.google.com;www.googletagmanager.com;www.temu.com;x.bidswitch.net
9946,finance.yahoo.com,38,aa.agkn.com;analytics.google.com;bats.video.yahoo.com;c2shb-oao.ssp.yahoo.com;cdn.jsdelivr.net;cms.analytics.yahoo.com;consent.cmp.oath.com;dpm.demdex.net;edge.api.brightcove.com;fastly-signed-us-east-1-prod.brightcovecdn.com;finance.yahoo.com;guce.yahoo.com;imasdk.googleapis.com;metrics.brightcove.com;opus.analytics.yahoo.com;pagead2.googlesyndication.com;pbs.yahoo.com;ping.chartbeat.net;players.brightcove.net;polymarket-upload.s3.us-east-2.amazonaws.com;query1.finance.yahoo.com;query2.finance.yahoo.com;s.yimg.com;s0.2mdn.net;sb.scorecardresearch.com;securepubads.g.doubleclick.net;signal-service.pbs.yahoo.com;sp.analytics.yahoo.com;static.chartbeat.com;stats.g.doubleclick.net;tb.pbs.yahoo.com;udc.yahoo.com;uipglob.semasio.net;ups.analytics.yahoo.com;video-api.yql.yahoo.com;www.google.com;www.googletagmanager.com;yahoo-match.dotomi.com
9962,bluecore.com,37,527-fsf-769.mktoresp.com;analytics.google.com;api.bluecore.com;api.hubapi.com;bat.bing.com;bluecore.com;boards.greenhouse.io;cdn.bizible.com;cdn.bizibly.com;cdn.cookielaw.org;cdn.jsdelivr.net;cookiesstaging.blob.core.windows.net;epsilon.6sense.com;fonts.googleapis.com;fonts.gstatic.com;geolocation.onetrust.com;googleads.g.doubleclick.net;ipv6.6sc.co;j.6sc.co;js.hs-analytics.net;js.hs-banner.com;js.hs-scripts.com;js.hsadspixel.net;js.hscollectedforms.net;js.hubspot.com;munchkin.marketo.net;perf-na1.hsforms.com;px.ads.linkedin.com;secure.adnxs.com;snap.licdn.com;stats.g.doubleclick.net;track.hubspot.com;tracking-api.g2.com;tracking.g2crowd.com;www.google.com;www.googletagmanager.com;www.linkedin.com
9967,api-cf.affirm.com,2,api-cf.affirm.com;static.cloudflareinsights.com
9973,www.peacocktv.com,44,9374122.fls.doubleclick.net;9899657.fls.doubleclick.net;a18026570151.cdn.optimizely.com;ad.doubleclick.net;adservice.google.com;api.ipify.org;ara.paa-reporting-advertising.amazon;assets.adobedtm.com;browser-intake-datadoghq.com;c.amazon-adsystem.com;cdn-pci.optimizely.com;cdn.cookielaw.org;cdn3.optimizely.com;cm.everesttech.net;cm.g.doubleclick.net;cnv.event.prod.bidr.io;d.agkn.com;d.impactradius-event.com;dpm.demdex.net;edge.fullstory.com;geolocation.onetrust.com;googleads.g.doubleclick.net;ib.adnxs.com;imageservice.disco.peacocktv.com;imp.i305175.net;insight.adsrvr.org;jssdkcdns.mparticle.com;jssdks.mparticle.com;logx.optimizely.com;nbcstreaming.sc.omtrdc.net;nbcuss.demdex.net;pixel.rubiconproject.com;rs.fullstory.com;s.amazon-adsystem.com;s.pinimg.com;s.yimg.com;sp.analytics.yahoo.com;stats.g.doubleclick.net;wpromote-4-adswizz.attribution.adswizz.com;www.google-analytics.com;www.google.com;www.googleadservices.com;www.googletagmanager.com;www.peacocktv.com
9978,bluebook.app.collegeboard.org,7,athena.collegeboard.org;atlas.collegeboard.org;bluebook.app.collegeboard.org;cdn.cookielaw.org;dta.collegeboard.org;geolocation.onetrust.com;kiwi.collegeboard.org
9994,presentation-pdx1.turn.com,6,assets.amobee.com;browser-intake-datadoghq.com;login.amobee.com;platform.amobee.com;presentation-pdx1.turn.com;www.datadoghq-browser-agent.com
10008,iot.mi.com,6,cdn.cnbj1.fds.api.mi-img.com;font.sec.miui.com;iot.mi.com;sentry.d.xiaomi.net;ssl-cdn.static.browser.mi-img.com;tracking.miui.com
10025,secure.chase.com,14,asset.chase.com;c.go-mpulse.net;d.agkn.com;dc.ads.linkedin.com;googleads.g.doubleclick.net;measure.chase.com;px.ads.linkedin.com;s2.go-mpulse.net;secure.chase.com;static.chasecdn.com;www.chase.com;www.facebook.com;www.google.com;www.linkedin.com
10029,home-assistant.io,7,cdn.jsdelivr.net;cdnjs.cloudflare.com;code.iconify.design;fonts.googleapis.com;fonts.gstatic.com;home-assistant.io;static.cloudflareinsights.com
10031,ampproject.net,5,amp.dev;cdn.ampproject.org;www.ampproject.org;www.google-analytics.com;www.googletagmanager.com
10048,spotim.market,3,spot.im;spotim.market;www.spot.im
10077,cursor.sh,12,0ay7zb.cursor.com;alb.reddit.com;analytics.google.com;analytics.roadwayai.com;analytics.tiktok.com;connect.facebook.net;cursor.com;cursor.sh;ip.conceptualhq.com;ptht05hbb1ssoooe.public.blob.vercel-storage.com;www.googletagmanager.com;www.redditstatic.com
10081,queue-it.net,7,consent.cookiebot.com;consentcdn.cookiebot.com;fonts.googleapis.com;fonts.gstatic.com;queue-it.com;queue-it.net;www.googletagmanager.com
10084,www.zillow.com,10,client.px-cloud.net;collector-pxhyx10rg3.px-client.net;collector-pxhyx10rg3.px-cloud.net;crcldu.com;fonts.googleapis.com;fonts.gstatic.com;fst-ec.perimeterx.net;tzm.px-cloud.net;www.zillow.com;www.zillowstatic.com
10090,dvrtr.innovid.com,26,46126064.fs1.hubspotusercontent-na1.net;888-uxn-063.mktoresp.com;acsbapp.com;analytics.google.com;api.userback.io;cdn.acsbapp.com;consent.trustarc.com;cta-service-cms2.hubspot.com;doubleverify.com;dvrtr.innovid.com;forms-na1.hsforms.com;googleads.g.doubleclick.net;js.hs-analytics.net;js.hs-banner.com;js.hsforms.net;js.hubspot.com;munchkin.marketo.net;perf-na1.hsforms.com;px.ads.linkedin.com;snap.licdn.com;static.userback.io;stats.g.doubleclick.net;www.doubleverify.com;www.google.com;www.googletagmanager.com;www.linkedin.com
10093,fox.com,16,cdn.amplitude.com;cdn.ketchjs.com;cdn.us.heap-api.com;configs.knotch.com;fox.com;frontdoor.knotch.it;global.ketchcdn.com;images.api.fox.com;onelinksmartscript.appsflyersdk.com;sr-client-cfg.amplitude.com;static-media.fox.com;use.fontawesome.com;websdk.appsflyersdk.com;www.fox.com;www.googletagmanager.com;www.knotch-cdn.com
10107,vivo.com.cn,9,asia-exstatic.vivoglobal.com;cn-exstatic-vivofs.iqoo.com;portalstatic-cn.vivo.com;sentinelapi.vivo.com.cn;stpc.vivo.com.cn;vivo.com.cn;www.vivo.com;www.vivo.com.cn;wwwresstatic.vivo.com.cn
10124,s.microsoft.com,38,bat.bing.com;browser.events.data.microsoft.com;c.az.clicktale.net;c.bing.com;c.clarity.ms;c.s-microsoft.com;cdn-dynmedia-1.microsoft.com;cdnssl.clicktale.net;cm.everesttech.net;cm.g.doubleclick.net;dpm.demdex.net;googleads.g.doubleclick.net;ib.adnxs.com;idsync.rlcdn.com;js.monitor.azure.com;login.live.com;login.microsoftonline.com;mem.gfx.ms;mscom.demdex.net;msftenterprise.sc.omtrdc.net;pixel.everesttech.net;px.ads.linkedin.com;rtd-tm.everesttech.net;rtd.tubemogul.com;rum.hlx.page;s.clarity.ms;s.microsoft.com;scripts.clarity.ms;static.hj.contentsquare.net;target.microsoft.com;uhf.microsoft.com;wcpstatic.microsoft.com;www.clarity.ms;www.facebook.com;www.google.com;www.googletagmanager.com;www.linkedin.com;www.microsoft.com
10125,www.yammer.com,5,aadcdn.msauth.net;login.live.com;login.microsoftonline.com;outlook-1.cdn.office.net;www.yammer.com
10131,fandom.com,2,challenges.cloudflare.com;fandom.com
10140,lacnic.net,27,analytics.google.com;api.olark.com;apievt.lacnic.net;blog.lacnic.net;cdn.amcharts.com;connect.facebook.net;fonts.googleapis.com;fonts.gstatic.com;github.com;googleads.g.doubleclick.net;ipapi.co;knrpc.olark.com;lacnic.net;px.ads.linkedin.com;rdap.lacnic.net;release-assets.githubusercontent.com;snap.licdn.com;stat.ripe.net;static.hotjar.com;static.olark.com;stats.g.doubleclick.net;webmeasurements.net;www.google.com;www.googletagmanager.com;www.gstatic.com;www.lacnic.net;www.linkedin.com
10142,lazada.sg,17,55308.ase.aidcgroup.net;acs-m.lazada.sg;ase.aidcgroup.net;cart.lazada.sg;epss.alibaba-inc.com;fourier.alibaba.com;fourier.taobao.com;g.alicdn.com;g.lazcdn.com;lazada.sg;member.lazada.sg;my.lazada.sg;octpf.tdum.alibaba.com;pagead2.googlesyndication.com;sg.mmstat.com;umlazada.alibaba.com;www.lazada.sg
10147,metamask.io,20,analytics.twitter.com;api.hubapi.com;cdn.jsdelivr.net;cmp.osano.com;googleads.g.doubleclick.net;images.ctfassets.net;js.hs-analytics.net;js.hs-banner.com;js.hs-scripts.com;js.hsadspixel.net;js.hubspot.com;metamask.io;perf-na1.hsforms.com;static.ads-twitter.com;t.co;track.hubspot.com;www.google-analytics.com;www.google.com;www.googletagmanager.com;www.gstatic.com
10159,whatfix.com,9,cdn.jsdelivr.net;dev.visualwebsiteoptimizer.com;fast.wistia.com;go.whatfix.com;r3.visualwebsiteoptimizer.com;storage.pardot.com;website.whatfix.com;whatfix.com;whatfix.wistia.com
10160,pubeasy.io,4,cdn.tailwindcss.com;is1-ssl.mzstatic.com;play-lh.googleusercontent.com;pubeasy.io
10163,ricoh.com,10,ce.mf.marsflag.com;cookie-cdn.cookiepro.com;geolocation.onetrust.com;px.ads.linkedin.com;ricoh.com;ricoh.static.fontplus.jp;snap.licdn.com;www.google-analytics.com;www.linkedin.com;www.ricoh.com
10167,expedia.com,5,c.travel-assets.com;expedia.com;geo.captcha-delivery.com;static.captcha-delivery.com;www.expedia.com
10182,asus.com,12,apps.bazaarvoice.com;asus-brand-assistant.asus.com;asus.com;c.go-mpulse.net;cdn.fonts.net;csapi.asus.com;dlcdnimgs.asus.com;network-a.bazaarvoice.com;odinapi.asus.com;s.go-mpulse.net;www.asus.com;www.googletagmanager.com
10185,mgln.ai,23,ajax.googleapis.com;cdn.mgln-stage.ai;cdn.prod.website-files.com;content.verasafe.com;d3e54v103j8qbb.cloudfront.net;fonts.googleapis.com;fonts.gstatic.com;forms-na1.hsforms.com;forms.hsforms.com;js.hs-analytics.net;js.hs-banner.com;js.hs-scripts.com;js.hsadspixel.net;js.hscollectedforms.net;js.hsforms.net;js.hubspot.com;magellan-8272841.hs-sites.com;mgln.ai;perf-na1.hsforms.com;pixel.tapad.com;www.google-analytics.com;www.googletagmanager.com;www.magellan.ai
10194,incognia.com,17,7052064.fs1.hubspotusercontent-na1.net;api.hubapi.com;app.hubspot.com;cdn-cookieyes.com;conn-check.icg-in.com;fonts.googleapis.com;fonts.gstatic.com;incognia.com;js.hs-banner.com;js.hsadspixel.net;js.hscollectedforms.net;js.usemessages.com;log.cookieyes.com;repo.incognia.com;service4.icg-in.com;static.hsappstatic.net;www.incognia.com
10195,my.1password.com,7,1password.com;accounts.1password.ca;accounts.1password.eu;accounts.ent.1password.com;app.1password.com;images.ctfassets.net;my.1password.com
10197,thinkingdata.cn,6,api.fontshare.com;cdn.fontshare.com;fonts.googleapis.com;thinkingai.io;thinkingdata-image.oss-cn-shanghai.aliyuncs.com;thinkingdata.cn
10198,boot.net.anydesk.com,3,boot.net.anydesk.com;challenges.cloudflare.com;static.cloudflareinsights.com
10226,www.pornhub.com,11,analytics.google.com;cdn1-smallimg.phncdn.com;ei.phncdn.com;i.pornhub.com;media.trafficjunky.net;pix-cdn77.phncdn.com;pix-fl.phncdn.com;static.trafficjunky.com;stats.g.doubleclick.net;www.googletagmanager.com;www.pornhub.com
10233,www.booking.com,5,account.booking.com;cdn.cookielaw.org;cf.bstatic.com;geolocation.onetrust.com;www.booking.com
10235,google.com.tr,3,ogads-pa.clients6.google.com;play.google.com;www.gstatic.com
10239,forms.hsforms.com,23,53.fs1.hubspotusercontent-na1.net;analytics.google.com;cdn2.hubspot.net;cta-service-cms2.hubspot.com;developers.hubspot.com;fonts.googleapis.com;forms.hsforms.com;hubspot.statuspage.io;js.hs-analytics.net;js.hs-banner.com;js.hsadspixel.net;js.hsforms.net;js.hubspotfeedback.com;js.usemessages.com;perf-na1.hsforms.com;static.hsappstatic.net;static2cdn.hubspot.com;stats.g.doubleclick.net;wtcfns.hubspot.com;www.google-analytics.com;www.googletagmanager.com;www.hubspot.com;www.wthubspot.com
10245,myapps.microsoft.com,4,aadcdn.msftauth.net;login.live.com;login.microsoftonline.com;myapps.microsoft.com
10256,api.amazon.co.uk,2,api.amazon.co.uk;g-ecx.images-amazon.com
10265,grammarly.net,55,11910764.fls.doubleclick.net;a.quora.com;accounts.google.com;ad.doubleclick.net;adresults-19-adswizz.attribution.adswizz.com;adservice.google.com;analytics-ipv6.tiktokw.us;analytics.google.com;analytics.tiktok.com;bat.bing.com;c.clarity.ms;cdn.pdst.fm;cdn.taboola.com;cm.g.doubleclick.net;collector-21641.us.tvsquared.com;connect.facebook.net;d34r8q7sht0t9k.cloudfront.net;data.adxcel-ec2.com;dsum-sec.casalemedia.com;gateway.grammarly.com;gnar.grammarly.com;googleads.g.doubleclick.net;grammarly.net;grammarly.pxf.io;ib.adnxs.com;insight.adsrvr.org;ipv4.podscribe.com;ipv6.6sc.co;j.6sc.co;js.adsrvr.org;js.zi-scripts.com;pixel.rubiconproject.com;pixel.tapad.com;px.ads.linkedin.com;px.gumgum.com;s.clarity.ms;scripts.clarity.ms;secure.adnxs.com;simage2.pubmatic.com;snap.licdn.com;static-web.grammarly.com;stats.g.doubleclick.net;tags.w55c.net;transcend-cdn.com;utt.impactcdn.com;verifi.podscribe.com;ws.zoominfo.com;www.clarity.ms;www.facebook.com;www.google-analytics.com;www.google.com;www.googletagmanager.com;www.grammarly.com;www.linkedin.com;x.bidswitch.net
10266,s2.adform.net,2,s2.adform.net;track.adform.net
10275,video.yahoo.com,83,aa.agkn.com;ad.turn.com;ads.pubmatic.com;ads.yieldmo.com;analytics.google.com;ap.lijit.com;api.rlcdn.com;assets.news-data-prod-aws-use1.aws.oath.cloud;b1sync.outbrain.com;bb.lijit.com;c2shb-oao.ssp.yahoo.com;cdn.p-n.io;cdn.taboola.com;cm.g.doubleclick.net;cms.analytics.yahoo.com;consent.cmp.oath.com;creativecdn.com;cs-server-s2s.yellowblue.io;cs.admanmedia.com;cs.emxdgt.com;cs.iqzone.com;cs.krushmedia.com;cs.media.net;csync.copper6.com;de.tynt.com;dis.criteo.com;display.bidder.taboola.com;dpm.demdex.net;eb2.3lift.com;eus.rubiconproject.com;exchange.kueezrtb.com;fastlane.rubiconproject.com;grid-bidder.criteo.com;guce.yahoo.com;hde.tynt.com;htlb.casalemedia.com;ib.adnxs.com;idx.liadm.com;jadserve.postrelease.com;match.adsrvr.org;match.sharethrough.com;nexus-gateway-prod.media.yahoo.com;noa.yahoo.com;openweb-match.dotomi.com;opus.analytics.yahoo.com;pbs-cs.openwebmp.com;pbs-yahoo-us.ay.delivery;pbs.yahoo.com;pixel-sync.sitescout.com;pixel.tapad.com;prebid.a-mo.net;prebid.media.net;rp.liadm.com;rtb.openx.net;s.seedtag.com;s.yimg.com;sb.scorecardresearch.com;seart.marphezis.com;secure-assets.rubiconproject.com;securepubads.g.doubleclick.net;signal-service.pbs.yahoo.com;ssbsync.smartadserver.com;ssc-cms.33across.com;ssp-sync.criteo.com;stats.g.doubleclick.net;sync.aniview.com;sync.crwdcntrl.net;sync.inmobi.com;sync.pmbmonetize.live;tlx.3lift.com;tr.blismedia.com;tsdtocl.com;uipglob.semasio.net;ups.analytics.yahoo.com;us-trc-events.taboola.com;us-u.openx.net;user-sync.fwmrm.net;video.yahoo.com;visitor-ow.omnitagjs.com;wnsrvbjmeprtfrnfx.ay.delivery;www.googletagmanager.com;www.yahoo.com;x.bidswitch.net
10280,gpt.mail.yahoo.net,4,bcn.fp.yahoo.com;geo.yahoo.com;gpt.mail.yahoo.net;s.yimg.com
10297,word-edit.officeapps.live.com,16,admin.microsoft.com;c.s-microsoft.com;config.edge.skype.com;js.monitor.azure.com;login.live.com;login.microsoftonline.com;logincdn.msauth.net;mem.gfx.ms;res.cdn.office.net;s.clarity.ms;scripts.clarity.ms;uhf.microsoft.com;word-edit.officeapps.live.com;www.clarity.ms;www.microsoft.com;www.office.com
10298,us.incognia.com,4,cdn.lgrckt-in.com;developer.incognia.com;us.incognia.com;welcome.developer.incognia.com
10304,www.gravatar.com,13,analytics.google.com;en.gravatar.com;googleads.g.doubleclick.net;pixel.wp.com;public-api.wordpress.com;s.gravatar.com;s0.wp.com;s1.wp.com;stats.g.doubleclick.net;stats.wp.com;www.google.com;www.googletagmanager.com;www.gravatar.com
10320,narrative.io,3,narrative.io;static.cloudflareinsights.com;www.narrative.io
10344,usabilla.com,45,alb.reddit.com;analytics-ipv6.tiktokw.us;analytics.google.com;analytics.tiktok.com;analytics.twitter.com;bat.bing.com;c.amazon-adsystem.com;cdn.mgln.ai;cdn.smassets.net;cm.g.doubleclick.net;connect.facebook.net;d6tizftlrpuof.cloudfront.net;get.surveymonkey.com;ib.adnxs.com;insight.adsrvr.org;js.adsrvr.org;js.hs-analytics.net;js.hs-banner.com;js.hs-scripts.com;js.zi-scripts.com;kds-pixel.kargo.com;pixel-config.reddit.com;pixel.rubiconproject.com;prod.smassets.net;rum-ingest.us1.signalfx.com;snap.licdn.com;sr-client-cfg.amplitude.com;static.ads-twitter.com;stats.g.doubleclick.net;storage.cloud.kargo.com;t.co;tr.capterra.com;track.hubspot.com;tracking-api.g2.com;tracking.g2crowd.com;trkn.us;usabilla.com;w.usabilla.com;ws-assets.zoominfo.com;ws.zoominfo.com;www.getfeedback.com;www.google.com;www.googletagmanager.com;www.redditstatic.com;www.surveymonkey.com
10346,blueconic.net,32,358-xtm-616.mktoresp.com;a.usbrowserspeed.com;ajax.googleapis.com;analytics.google.com;api.vector.co;bat.bing.com;blueconic.net;c.clarity.ms;cdn.dreamdata.cloud;cdn.prod.website-files.com;cdn.vector.co;cdn.vwam.ai;chat.vwam.ai;d3e54v103j8qbb.cloudfront.net;dogfood.blueconic.com;fonts.googleapis.com;fonts.gstatic.com;googleads.g.doubleclick.net;leadtracker.smartsites.com;marketo.use1-marketplace-1p-apps-prod-red.if.webflow.services;munchkin.marketo.net;pl21.blueconic.com;public.api.tofuhq.com;px.ads.linkedin.com;s.clarity.ms;scripts.clarity.ms;snap.licdn.com;www.blueconic.com;www.clarity.ms;www.google.com;www.googletagmanager.com;www.linkedin.com
10347,mobile.zscalerone.net,5,admin.zscalerone.net;cdn.mxpnl.com;cms.zscaler.com;mobile.zscalerone.net;mobileadmin.zscalerone.net
10364,ampcid.google.com,5,fonts.googleapis.com;fonts.gstatic.com;gstatic.com;www.googletagmanager.com;www.gstatic.com
10365,smrtb.com,9,ajax.googleapis.com;cdn.prod.website-files.com;d3e54v103j8qbb.cloudfront.net;fonts.googleapis.com;fonts.gstatic.com;smrtb.com;uploads-ssl.webflow.com;www.google-analytics.com;www.googletagmanager.com
10378,rs.mail.ru,15,ad.mail.ru;analytics.google.com;googleads.g.doubleclick.net;privacy-cs.mail.ru;px.ads.linkedin.com;rs.mail.ru;snap.licdn.com;target.my.com;target.vk.ru;top-fwz1.mail.ru;vk.com;www.google-analytics.com;www.google.com;www.googletagmanager.com;www.linkedin.com
10383,r2---sn-tn.googlevideo.com,2,r2---sn-tn.googlevideo.com;www.google.com
10384,r3---sn-tn.googlevideo.com,2,r3---sn-tn.googlevideo.com;www.google.com
10385,liveramp.com,34,117645514.intellimizeio.com;accounts.finsweet.com;api.intellimize.co;api.rlcdn.com;browser.sentry-cdn.com;cdn.bizible.com;cdn.bizibly.com;cdn.drda.io;cdn.dreamdata.cloud;cdn.intellimize.co;cdn.jsdelivr.net;cdn.ketchjs.com;cdn.prod.website-files.com;d3e54v103j8qbb.cloudfront.net;di.rlcdn.com;distillery.wistia.com;fast.wistia.com;geo.privacymanager.io;global.ketchcdn.com;liveramp.com;log.intellimize.co;lp.liveramp.com;middleware.rampedup.us;pagead2.googlesyndication.com;pipedream.wistia.com;rc.rlcdn.com;rtp-static.marketo.com;s3.amazonaws.com;scout-cdn.salesloft.com;scout.salesloft.com;sjrtp6-cdn.marketo.com;tag.clearbitscripts.com;www.google-analytics.com;www.googletagmanager.com
10389,c2.piano.io,4,assets.atinternet-solutions.com;auth.piano.io;c2.piano.io;cdn.auth0.com
10394,vid.vidoomy.com,2,vid.vidoomy.com;www.cdn77.com
10410,disneyplus.com,12,analytics.tiktok.com;assets.adobedtm.com;cdn.cookielaw.org;client-sdk-configs.bamgrid.com;cnbl-cdn.bamgrid.com;disney.demdex.net;disney.images.edge.bamgrid.com;disneyplus.com;prod-static.disney-plus.net;sanalytics.disneyplus.com;static-assets.bamgrid.com;www.disneyplus.com
10413,myapps.classlink.com,6,ajax.googleapis.com;cdn.classlink.com;fonts.googleapis.com;fonts.gstatic.com;launchpad.classlink.com;myapps.classlink.com
10415,www.imdb.com,2,1c5c1ecf7303.c0b160fb.us-east-1.token.awswaf.com;www.imdb.com
10424,blizzard.com,19,10163466.fls.doubleclick.net;account.battle.net;ad.doubleclick.net;adservice.google.com;analytics.google.com;baseui.akamaized.net;bat.bing.com;blizzard.com;blz-contentstack-assets.akamaized.net;blz-contentstack-images.akamaized.net;cdn.cookielaw.org;d3ukkjpihy42k4.cloudfront.net;geo.battle.net;images.blz-contentstack.com;navbar.blizzard.com;stats.g.doubleclick.net;www.blizzard.com;www.google.com;www.googletagmanager.com
10429,cdnfonts.com,9,cdn.jsdelivr.net;cdn.materialdesignicons.com;cdnfonts.com;cdnjs.cloudflare.com;code.jquery.com;fonts.cdnfonts.com;static.cloudflareinsights.com;www.google-analytics.com;www.googletagmanager.com
10431,eppo.cloud,3,browser-intake-datadoghq.com;eppo.cloud;snippet.maze.co
10432,ecs.gov.teams.microsoft.us,2,azurefrontdoorpages.azureedge.net;ecs.gov.teams.microsoft.us
10440,r1---sn-tn.googlevideo.com,2,r1---sn-tn.googlevideo.com;www.google.com
10442,config.ecs.gov.teams.microsoft.us,2,azurefrontdoorpages.azureedge.net;config.ecs.gov.teams.microsoft.us
10443,gladly.com,38,665-vxg-269.mktoresp.com;alb.reddit.com;analytics.google.com;c.bing.com;c.clarity.ms;cdn-4.convertexperiments.com;cdn.gladly.com;cdn.sanity.io;cdnjs.cloudflare.com;connect.facebook.net;d.adroll.com;fonts.googleapis.com;gladly.chilipiper.com;gladly.com;googleads.g.doubleclick.net;ingestion.prod.apiarydata.net;lex.33across.com;munchkin.marketo.net;pixel-config.reddit.com;px.ads.linkedin.com;s.adroll.com;s.clarity.ms;s3.amazonaws.com;sc.lfeeder.com;scripts.clarity.ms;site.gladly.com;snap.licdn.com;stats.g.doubleclick.net;tag.unifyintent.com;tr.lfeeder.com;tracking-api.g2.com;tracking.g2crowd.com;www.clarity.ms;www.gladly.ai;www.google.com;www.googletagmanager.com;www.linkedin.com;www.redditstatic.com
10457,bidmatic.io,21,analytics.ahrefs.com;analytics.google.com;bat.bing.com;bidmatic.io;connect.facebook.net;files-service.adtelligent.com;fonts.googleapis.com;fonts.gstatic.com;geo-service.bidmatic.io;googleads.g.doubleclick.net;js-eu1.hs-analytics.net;js-eu1.hs-banner.com;js-eu1.hs-scripts.com;px.ads.linkedin.com;snap.licdn.com;static.cloudflareinsights.com;stats.g.doubleclick.net;track-eu1.hubspot.com;www.google.com;www.googletagmanager.com;www.linkedin.com
10464,time2.google.com,3,ogads-pa.clients6.google.com;play.google.com;www.gstatic.com
10465,api.openweathermap.org,8,analytics.google.com;api.openweathermap.org;fonts.googleapis.com;fonts.gstatic.com;openweathermap.org;stats.g.doubleclick.net;www.google.com;www.googletagmanager.com
10477,scapi.vmware.com,2,scapi.vmware.com;static.cloudflareinsights.com
10496,expo.dev,7,cdn.sanity.io;expo.dev;js.stripe.com;m.stripe.com;sentry.io;static.expo.dev;status.expo.dev
10516,www.taobao.com,26,75rs8m.tdum.alibaba.com;alidt.alicdn.com;at.alicdn.com;bjb3k6.tdum.alibaba.com;cf.aliyun.com;cm.mediav.com;fourier.alibaba.com;fourier.taobao.com;g.alicdn.com;g.aplus.taobao.com;gm.mmstat.com;gw.alicdn.com;h5api.m.taobao.com;img.alicdn.com;log.mmstat.com;login.taobao.com;main.m.tmall.com;o.alicdn.com;pc-growht-rta.taobao.com;push-v1.taobao.com;s-gm.mmstat.com;to2in.tdum.alibaba.com;umdc.taobao.com;www.taobao.com;x.alicdn.com;ynuf.aliapp.org
10518,dns.sb,3,dns.sb;ip.dns.sh;stat.dns.sb
10520,airbnb.com,22,ad.doubleclick.net;adservice.google.com;airbnb.com;analytics.google.com;cm.g.doubleclick.net;ct.pinterest.com;d0a7e.airbnb.com;d34r8q7sht0t9k.cloudfront.net;googleads.g.doubleclick.net;ib.adnxs.com;insight.adsrvr.org;ipv4.pdscrb.com;js.adsrvr.org;pixel.rubiconproject.com;stats.g.doubleclick.net;tr.snapchat.com;verifi.pdscrb.com;www.airbnb.com;www.facebook.com;www.google.com;www.googleadservices.com;www.googletagmanager.com
10521,marriott.com,51,ad.doubleclick.net;adobe-sync.dotomi.com;adobedc.demdex.net;ag.innovid.com;api2.branch.io;app.link;assets.adobedtm.com;c.bing.com;cache.marriott.com;cdn.branch.io;cdn.cookielaw.org;cm.everesttech.net;cm.g.doubleclick.net;cms.analytics.yahoo.com;connect.facebook.net;d2v83son8kay5v.cloudfront.net;dpm.demdex.net;ds-aksb-a.akamaihd.net;ep1.adtrafficquality.google;ep2.adtrafficquality.google;fded9a2a2f9e4f064ae56d5b6ec2bcc5.safeframe.googlesyndication.com;geolocation.onetrust.com;googleads.g.doubleclick.net;idpix.media6degrees.com;js-cdn.dynatrace.com;jvxpxl.marriott.com;marriott.btttag.com;marriott.com;match.adsrvr.org;nam.veta.naver.com;p11.techlab-cdn.com;pagead2.googlesyndication.com;resources.digital-cloud.medallia.com;rtr.innovid.com;s-static.innovid.com;s.yimg.jp;sc-static.net;securepubads.g.doubleclick.net;siteintercept.qualtrics.com;smetrics.marriott.com;ssl.pstatic.net;t1.daumcdn.net;tpc.googlesyndication.com;tr.snapchat.com;ups.analytics.yahoo.com;wcs.naver.net;www.dev-cdn.marriott.com;www.googleadservices.com;www.googletagmanager.com;www.marriott.com;zn1mdx3zmq39jkigz-marriott.siteintercept.qualtrics.com
10538,rocketcyber.com,15,api.weglot.com;browser.sentry-cdn.com;cdn.cookielaw.org;cdn.neverbounce.com;cdn.weglot.com;cdnjs.cloudflare.com;code.jquery.com;distillery.wistia.com;embed-ssl.wistia.com;fast.wistia.com;geolocation.onetrust.com;kit.fontawesome.com;rocketcyber.com;www.googletagmanager.com;www.kaseya.com
10540,www.amazon.co.uk,6,1c5c1ecf7303.a481e94e.us-east-2.token.awswaf.com;fls-eu.amazon.co.uk;images-na.ssl-images-amazon.com;m.media-amazon.com;unagi.amazon.co.uk;www.amazon.co.uk
10544,mailchimp.com,83,6114620.global.siteimproveanalytics.io;9894771.fls.doubleclick.net;aax-eu.amazon-adsystem.com;accdn.lpsnmedia.net;accounts.google.com;ad.doubleclick.net;adservice.google.com;alb.reddit.com;analytics-ipv6.tiktokw.us;analytics.google.com;analytics.tiktok.com;analytics.twitter.com;aorta.clickagy.com;ara.paa-reporting-advertising.amazon;arttrk.com;bat.bing.com;bat.bing.net;c.amazon-adsystem.com;c.go-mpulse.net;cdn.cookielaw.org;cdn.optimizely.com;cdn.pdst.fm;cdn.segment.com;cm.g.doubleclick.net;connect.facebook.net;di.rlcdn.com;e-10220.adzerk.net;edge.fullstory.com;geolocation.onetrust.com;googleads.g.doubleclick.net;ict.infinity-tracking.net;idsync.api.intuit.com;img.en25.com;insight.adsrvr.org;jadserve.postrelease.com;js.adsrvr.org;js.zi-scripts.com;logx.optimizely.com;lpcdn.lpsnmedia.net;lptag.liveperson.net;mailchimp.com;ml314.com;nas.lon.infinity-tracking.com;ob.herbgreencolumn.com;obs.herbgreencolumn.com;pixel-config.reddit.com;pixel.rubiconproject.com;pixels.spotify.com;plugin.intuitcdn.net;px.ads.linkedin.com;rs.fullstory.com;s.pinimg.com;s.yimg.com;s2.go-mpulse.net;schema-cf.bc0a.com;script.infinity-tracking.com;secure.adnxs.com;secure.insightexpressai.com;siteimproveanalytics.com;siteintercept.qualtrics.com;snap.licdn.com;sp.analytics.yahoo.com;static.ads-twitter.com;stats.g.doubleclick.net;t.co;tags.clickagy.com;trk.mailchimp.com;unpkg.com;us-u.openx.net;uxfabric.app.intuit.com;uxfabric.intuitcdn.net;va.v.liveperson.net;vi.ml314.com;ws.zoominfo.com;www.google.com;www.googleadservices.com;www.googletagmanager.com;www.gstatic.com;www.intuit.com;www.linkedin.com;www.mczbf.com;www.redditstatic.com;zncylzuczeq15wxvp-mailchimp.siteintercept.qualtrics.com
10545,doh.dns.sb,4,dns.sb;doh.dns.sb;ip.dns.sh;stat.dns.sb
10548,cdn.judge.me,18,analytics.google.com;api.framer.com;api.judge.me;app.framerstatic.com;c.bing.com;c.clarity.ms;cdn.judge.me;events.framer.com;framer.com;framerusercontent.com;judge.me;s.clarity.ms;scripts.clarity.ms;static.hotjar.com;stats.g.doubleclick.net;www.clarity.ms;www.google.com;www.googletagmanager.com
10550,tripadvisor.com,5,ct.captcha-delivery.com;geo.captcha-delivery.com;static.captcha-delivery.com;tripadvisor.com;www.tripadvisor.com
10551,spoprod-a.akamaihd.net,2,res-1.cdn.office.net;spoprod-a.akamaihd.net
10562,usatoday.com,171,a.sportradarserving.com;a.teads.tv;a.tribalfusion.com;aa.agkn.com;aax-eu.amazon-adsystem.com;aax.amazon-adsystem.com;accounts.google.com;ad.360yield.com;ad.turn.com;ads.betweendigital.com;ads.creative-serving.com;ads.pubmatic.com;ads.yieldmo.com;aorta.clickagy.com;ap.lijit.com;b1sync.outbrain.com;b1sync.zemanta.com;beachfront-match.dotomi.com;beacon.lynx.cognitivlabs.com;bh.contextweb.com;c.amazon-adsystem.com;c1.adform.net;capi.connatix.com;cdn.brandmetrics.com;cdn.confiant-integrations.net;cdn.taboola.com;cdn.undertone.com;ce.lijit.com;ced-ns.sascdn.com;client.aps.amazon-adsystem.com;cm.adform.net;cm.adgrx.com;cm.ctnsnet.com;cm.g.doubleclick.net;cms.quantserve.com;config.aps.amazon-adsystem.com;connectid.analytics.yahoo.com;contextual.media.net;crb.kargo.com;creativecdn.com;cs-server-s2s.yellowblue.io;cs-tam.minutemedia-prebid.com;cs.admanmedia.com;cs.emxdgt.com;cs.iqzone.com;cs.media.net;csync.loopme.me;csync.smartadserver.com;display.bidder.taboola.com;dpm.demdex.net;dsp-2.presage.io;dsp.adkernel.com;dt.adsafeprotected.com;eb2.3lift.com;ep1.adtrafficquality.google;ep2.adtrafficquality.google;eus.rubiconproject.com;exbd.ex.co;f02621f7a68b57fec528a990bfac5f8a.safeframe.googlesyndication.com;fonts.googleapis.com;fonts.gstatic.com;grid-bidder.criteo.com;gum.criteo.com;hbx.media.net;i.liadm.com;ib.adnxs.com;id.rlcdn.com;idpix.media6degrees.com;image2.pubmatic.com;image4.pubmatic.com;image6.pubmatic.com;image8.pubmatic.com;jadserve.postrelease.com;live.primis.tech;match.adsrvr.org;match.deepintent.com;match.marketiq.com;match.prod.bidr.io;match.sharethrough.com;measureadv.com;ms-cookie-sync.presage.io;nep.advangelists.com;onetag-sys.com;p.rfihub.com;pagead2.googlesyndication.com;pippio.com;pixel-eu.rubiconproject.com;pixel-sync.sitescout.com;pixel-us-east.rubiconproject.com;pixel.adsafeprotected.com;pixel.onaudience.com;pixel.rubiconproject.com;pixel.tapad.com;pm-widget.taboola.com;pmp.mxptint.net;pool.liftdsp.com;prebid-match.dotomi.com;prebid.a-mo.net;prg.smartadserver.com;pubmatic-match.dotomi.com;pulsepoint-match.dotomi.com;px.ads.linkedin.com;r.bidswitch.net;reachms.bfmio.com;reporting-api.gannettinnovation.com;rtb-csync.smartadserver.com;rtb.adentifi.com;rtb.gumgum.com;rtb.mfadsrvr.com;rtb.openx.net;rtb2-useast.delivrdsp.ai;s.ad.smaato.net;s.amazon-adsystem.com;s.seedtag.com;sb.scorecardresearch.com;secure-assets.rubiconproject.com;secure.adnxs.com;secure.cdn.fastclick.net;securepubads.g.doubleclick.net;simage2.pubmatic.com;simage4.pubmatic.com;ssbsync-us.smartadserver.com;ssbsync.smartadserver.com;ssc-cms.33across.com;ssp-sync.criteo.com;ssum-sec.casalemedia.com;static.adsafeprotected.com;static.criteo.net;sync-tm.everesttech.net;sync.a-mo.net;sync.bfmio.com;sync.colossusssp.com;sync.cootlogix.com;sync.crwdcntrl.net;sync.go.sonobi.com;sync.inmobi.com;sync.intentiq.com;sync.ipredictive.com;sync.mathtag.com;sync.pmbmonetize.live;sync.richaudience.com;sync.srv.stackadapt.com;sync.trustx.org;t.adx.opera.com;t.oa.opera.com;targeting.unrulymedia.com;token.rubiconproject.com;tr.blismedia.com;trace.mediago.io;tracker.ads-tinyorbit.com;tracookiepixel.xyz;traxex.gannettdigital.com;u.openx.net;uipglob.semasio.net;um.simpli.fi;ums.acuityplatform.com;ups.analytics.yahoo.com;us-trc-events.taboola.com;usatoday.com;user-sync.fwmrm.net;usr.undertone.com;uss.xplosion.de;ut.pubmatic.com;visitor.omnitagjs.com;www.google-analytics.com;www.google.com;www.googletagmanager.com;www.storygize.net;www.temu.com;www.usatoday.com;x.bidswitch.net
10567,euc-word-telemetry.officeapps.live.com,14,browser.events.data.microsoft.com;c.s-microsoft.com;euc-word-telemetry.officeapps.live.com;js.monitor.azure.com;login.live.com;login.microsoftonline.com;mem.gfx.ms;res.cdn.office.net;s.clarity.ms;scripts.clarity.ms;uhf.microsoft.com;www.clarity.ms;www.microsoft.com;www.office.com
10571,unrealengine.com,2,challenges.cloudflare.com;unrealengine.com
10579,www.avito.ru,7,apps.bdimg.com;d0dc22f2b60b.w.hcaptcha.com;d3915fbd6e3f.w.hcaptcha.com;hcaptcha.com;newassets.hcaptcha.com;www.avito.ru;www.avito.st
10581,adtarget.biz,8,adtarget.biz;cdnjs.cloudflare.com;fonts.googleapis.com;fonts.gstatic.com;maps.googleapis.com;maps.gstatic.com;www.adtarget.com.tr;www.google.com
10583,centegix.com,27,analytics.google.com;c.bing.com;c.clarity.ms;cdn-cookieyes.com;centegix.com;fonts.googleapis.com;fonts.gstatic.com;go.centegix.com;i.vimeocdn.com;js.zi-scripts.com;kit.fontawesome.com;log.cookieyes.com;mlq2h1nro0sr.i.optimole.com;player.vimeo.com;px.ads.linkedin.com;s.clarity.ms;scripts.clarity.ms;snap.licdn.com;stats.g.doubleclick.net;tags.srv.stackadapt.com;tools.luckyorange.com;ws.zoominfo.com;www.centegix.com;www.clarity.ms;www.google.com;www.googletagmanager.com;www.linkedin.com
10597,dmed.technology,6,dee-intranet-identity-prod.auth.us-east-1.amazoncognito.com;dee.technology;dmed.technology;login.okta.com;ok2static2.oktacdn.com;sso.myid.disney.com
10602,here.com,32,142-uel-347.mktoresp.com;9565188.fls.doubleclick.net;adservice.google.com;app-ab31.marketo.com;assets.contently.com;assets.vidyard.com;cdn.bizible.com;cdn.bizibly.com;cdn.vidyard.com;cm.everesttech.net;cm.g.doubleclick.net;collect-eu-central-1.tealiumiq.com;datacloud.tealiumiq.com;dpm.demdex.net;eu-api.ipdata.co;googleads.g.doubleclick.net;here.com;images.here.com;js.api.here.com;munchkin.marketo.net;play.vidyard.com;px.ads.linkedin.com;s.ytimg.com;sfirstparty.here.com;tags.tiqcdn.com;track.contently.com;v2.d41.co;visitor-service-eu-central-1.tealiumiq.com;www.google.com;www.googletagmanager.com;www.here.com;www.linkedin.com
10608,doh.cleanbrowsing.org,10,analytics.ahrefs.com;cdn.jsdelivr.net;cdnjs.cloudflare.com;cleanbrowsing.org;doh.cleanbrowsing.org;fonts.googleapis.com;fonts.gstatic.com;plausible.io;www.google-analytics.com;www.googletagmanager.com
10613,trustx.org,13,fonts.googleapis.com;fonts.gstatic.com;id5-sync.com;lb.eu-1-id5-sync.com;lbs.eu-1-id5-sync.com;px.ads.linkedin.com;sigil.symitri.net;snap.licdn.com;static-testing.symitri.net;trustx.org;www.google-analytics.com;www.googletagmanager.com;www.linkedin.com
10616,zopim.com,54,15086586.fls.doubleclick.net;819-rrq-060.mktoresp.com;a.dpmsrv.com;a.usbrowserspeed.com;ad.doubleclick.net;adservice.google.com;analytics.google.com;analytics.twitter.com;api.cr-relay.com;api.segment.io;api.vector.co;app.clearbit.com;b.6sc.co;bat.bing.com;cdn.cookielaw.org;cdn.cr-relay.com;cdn.segment.com;cdn.vector.co;cm.g.doubleclick.net;collector-43043.us.tvsquared.com;connect.facebook.net;d1eipm3vz40hy0.cloudfront.net;d2v83son8kay5v.cloudfront.net;epsilon.6sense.com;geolocation.onetrust.com;ib.adnxs.com;insight.adsrvr.org;ipv6.6sc.co;j.6sc.co;munchkin.marketo.net;o1025743.ingest.sentry.io;pixel.mathtag.com;pixel.rubiconproject.com;px.ads.linkedin.com;rtr.innovid.com;s-static.innovid.com;s.dpmsrv.com;secure.adnxs.com;snap.licdn.com;static.ads-twitter.com;static.hotjar.com;static.zdassets.com;stats.g.doubleclick.net;t.co;tag.clearbitscripts.com;web-assets.zendesk.com;www.google.com;www.googleadservices.com;www.googletagmanager.com;www.linkedin.com;www.zendesk.com;www.zndsk.com;x.clearbitjs.com;zopim.com
10617,stun.cloudflare.com,2,performance.radar.cloudflare.com;stun.cloudflare.com
10618,honeycomb.io,20,analytics.google.com;api.sitelytics.tech;cdn-cookieyes.com;cdn.delivr.ai;cdn.jsdelivr.net;cdn.sanity.io;dev.visualwebsiteoptimizer.com;honeycomb.io;js.hs-banner.com;js.hs-scripts.com;js.hsforms.net;js.qualified.com;js.zi-scripts.com;log.cookieyes.com;pubads.g.doubleclick.net;stats.g.doubleclick.net;tracking-api.g2.com;www.google.com;www.googletagmanager.com;www.honeycomb.io
10623,battle.net,18,10163466.fls.doubleclick.net;account.battle.net;ad.doubleclick.net;ade.googlesyndication.com;adservice.google.com;baseui.akamaized.net;battle.net;blz-contentstack-assets.akamaized.net;blz-contentstack-images.akamaized.net;bnetstorefront.akamaized.net;cdn.cookielaw.org;geo.battle.net;navbar.blizzard.com;oauth.battle.net;us.shop.battle.net;www.google-analytics.com;www.google.com;www.googletagmanager.com
10627,code.visualstudio.com,4,browser.events.data.microsoft.com;code.visualstudio.com;consentdeliveryfd.azurefd.net;js.monitor.azure.com
10629,wshareit.com,14,analytics.google.com;ep1.adtrafficquality.google;ep2.adtrafficquality.google;googleads.g.doubleclick.net;hm.baidu.com;pagead2.googlesyndication.com;receiver-metis.infeng.site;stats.g.doubleclick.net;web.wshareit.com;wshareit.com;www.google.com;www.googletagmanager.com;www.ushareit.com;www.wshareit.com
10631,glip.com,39,075-dtb-715.mktoresp.com;a.dpmsrv.com;adobedc.demdex.net;alb.reddit.com;api-ingest.pocustrack.com;api-tml.ringcentral.com;arttrk.com;cdn.cookielaw.org;cdn.fonts.net;cdn.jsdelivr.net;cm.g.doubleclick.net;connect.facebook.net;dev.visualwebsiteoptimizer.com;dpm.demdex.net;geolocation.onetrust.com;glip.com;googleads.g.doubleclick.net;ib.adnxs.com;insight.adsrvr.org;js.qualified.com;munchkin.marketo.net;pixel-config.reddit.com;pixel.mathtag.com;pixel.rubiconproject.com;pnapi.invoca.net;px.ads.linkedin.com;s.dpmsrv.com;secure.adnxs.com;snap.licdn.com;solutions.invocacdn.com;som.ringcentral.com;tags.srv.stackadapt.com;trk.techtarget.com;trkn.us;www.google.com;www.googletagmanager.com;www.linkedin.com;www.redditstatic.com;www.ringcentral.com
10647,service.force.com,3,c.salesforce.com;login.salesforce.com;service.force.com
10651,s.skimresources.com,2,s.skimresources.com;ssl.google-analytics.com
10653,marketingplatform.google.com,8,ajax.googleapis.com;fonts.googleapis.com;fonts.gstatic.com;googleads.g.doubleclick.net;lh3.googleusercontent.com;www.google.com;www.googletagmanager.com;www.gstatic.com
10658,qualys.eu,8,cdn2.qualys.com;consent.cookiebot.com;consentcdn.cookiebot.com;ik.imagekit.io;qualys.eu;static.cloudflareinsights.com;www.googletagmanager.com;www.qualys.com
10659,youtu.be,8,fonts.googleapis.com;fonts.gstatic.com;googleads.g.doubleclick.net;i.ytimg.com;static.doubleclick.net;www.google.com;www.gstatic.com;youtube.com
10663,home-dual.hulu.com,36,3797690.fls.doubleclick.net;ad.doubleclick.net;adservice.google.com;analytics-ipv6.tiktokw.us;analytics.tiktok.com;apps.rokt.com;assetshuluimcom-a.akamaihd.net;b.videoamp.com;cdn.cookielaw.org;cm.g.doubleclick.net;cnbl-cdn.bamgrid.com;collector-1564.tvsquared.com;connect.facebook.net;d.impactradius-event.com;disney.my.sentry.io;geolocation.onetrust.com;home-dual.hulu.com;img1.hulu.com;img2.hulu.com;img4.hulu.com;insight.adsrvr.org;js.adsrvr.org;metcon.hulu.com;s.yimg.com;sanalytics.disneyplus.com;sc-static.net;sp.analytics.yahoo.com;tag.rmp.rakuten.com;tags.tiqcdn.com;tr.snapchat.com;uconnect.tealiumiq.com;vortex.hulu.com;www.facebook.com;www.google.com;www.googletagmanager.com;www.hulu.com
10664,arlo.com,2,arlo.com;challenges.cloudflare.com
10668,basis.net,65,6399057.fls.doubleclick.net;ad.doubleclick.net;adservice.google.com;analytics.google.com;api.intentiq.com;app.factori.ai;app.lifesight.io;arclight.vimeo.com;assets.trendemon.com;basis.com;basis.net;bh.contextweb.com;c.bing.com;c.clarity.ms;cdn-4.convertexperiments.com;cdn.cookielaw.org;cdn01.basis.net;ce.lijit.com;cm.g.doubleclick.net;connect.facebook.net;d.agkn.com;download-video-ak.vimeocdn.com;dpm.demdex.net;dsum-sec.casalemedia.com;eb2.3lift.com;f.vimeocdn.com;fei.pro-market.net;fonts.googleapis.com;fonts.gstatic.com;geolocation.onetrust.com;googleads.g.doubleclick.net;gtm.basis.com;hello.basis.com;ib.adnxs.com;idsync.rlcdn.com;image2.pubmatic.com;ipv6.6sc.co;j.6sc.co;load77.exelator.com;loadm.exelator.com;pi.pardot.com;pixel-sync.sitescout.com;pixel.sitescout.com;pixel.tapad.com;player.vimeo.com;px.ads.linkedin.com;rtb-csync.smartadserver.com;s.clarity.ms;scripts.clarity.ms;static.hotjar.com;stats.g.doubleclick.net;sync.crwdcntrl.net;tracking-api.g2.com;tracking.g2crowd.com;trackingapi.trendemon.com;unpkg.com;up.pixel.ad;us-u.openx.net;use.fontawesome.com;vimeo.com;www.clarity.ms;www.google.com;www.googleadservices.com;www.googletagmanager.com;www.linkedin.com
10670,panorama.wixapps.net,2,panorama.wixapps.net;static.parastorage.com
10673,pptsgs.officeapps.live.com,17,admin.microsoft.com;browser.events.data.microsoft.com;c.s-microsoft.com;config.edge.skype.com;js.monitor.azure.com;login.live.com;login.microsoftonline.com;logincdn.msauth.net;mem.gfx.ms;pptsgs.officeapps.live.com;res.cdn.office.net;s.clarity.ms;scripts.clarity.ms;uhf.microsoft.com;www.clarity.ms;www.microsoft.com;www.office.com
10684,vudu.com,17,ak.sail-horizon.com;api.vudu.com;apicache.vudu.com;assets.adobedtm.com;athome.fandango.com;cdn.cookielaw.org;cm.everesttech.net;dpm.demdex.net;geolocation.onetrust.com;sb.scorecardresearch.com;siteintercept.qualtrics.com;vudu.com;vudu.demdex.net;vudu.tt.omtrdc.net;vuduwebprod.112.2o7.net;www.vudu.com;zn2mf8aculsihnrgc-fandango.siteintercept.qualtrics.com
10688,api.silica-prod01.io.lens.poly.com,3,api.silica-prod01.io.lens.poly.com;fonts.googleapis.com;fonts.gstatic.com
10702,cdn.celtra.com,2,cache-ssl.celtra.com;cdn.celtra.com
10710,glance.com,24,analytics.google.com;api.hubapi.com;app.factors.ai;connect.facebook.net;flagcdn.com;fonts.googleapis.com;fonts.gstatic.com;glance-web.glance-cdn.com;glance.com;glanceweb-staging.s3.ap-southeast-1.amazonaws.com;js.hs-analytics.net;js.hs-banner.com;js.hs-scripts.com;js.hsadspixel.net;js.hubspot.com;perf-na1.hsforms.com;px.ads.linkedin.com;snap.licdn.com;stats.g.doubleclick.net;track.hubspot.com;web.glance-cdn.com;www.google.com;www.googletagmanager.com;www.linkedin.com
10716,sts.us-east-1.amazonaws.com,27,a.b.cdn.console.awsstatic.com;a0.awsstatic.com;amazonwebservices.d2.sc.omtrdc.net;amazonwebservicesinc.tt.omtrdc.net;aws.amazon.com;aws.demdex.net;cm.everesttech.net;cx0.m.awsstatic.com;d0.m.awsstatic.com;d1.awsstatic.com;d2c.aws.amazon.com;dpm.demdex.net;edge.adobedc.net;fonts.gstatic.com;i.ytimg.com;infra-api.us-east-1.prod.mrc-sunrise.marketing.aws.dev;loader.us-east-1.prod.mrc-sunrise.marketing.aws.dev;prod.log.shortbread.aws.dev;prod.pa.cdn.uis.awsstatic.com;sts.us-east-1.amazonaws.com;t0.m.awsstatic.com;vs.aws.amazon.com;www.google.com;www.gstatic.com;www.youtube-nocookie.com;www.youtube.com;yt3.ggpht.com
10719,www.figma.com,7,cdn.sanity.io;f.vimeocdn.com;featureassets.org;i.vimeocdn.com;player.vimeo.com;vimeo.com;www.figma.com
10720,www.hpdaas.com,6,cdn.pendo.io;metrics.hotjar.io;microui.hpdaas.com;static.hotjar.com;www.hp.com;www.hpdaas.com
10721,aws.amazon.com,19,a.b.cdn.console.awsstatic.com;a0.awsstatic.com;amazonwebservices.d2.sc.omtrdc.net;aws.amazon.com;aws.demdex.net;cm.everesttech.net;cx0.m.awsstatic.com;d0.m.awsstatic.com;d1.awsstatic.com;d2c.aws.amazon.com;dpm.demdex.net;edge.adobedc.net;infra-api.us-east-1.prod.mrc-sunrise.marketing.aws.dev;loader.us-east-1.prod.mrc-sunrise.marketing.aws.dev;prod.log.shortbread.aws.dev;prod.pa.cdn.uis.awsstatic.com;t0.m.awsstatic.com;vs.aws.amazon.com;www.youtube.com
10732,globalsign.net,21,api-cdn.euw2.pure.cloud;apps.euw2.pure.cloud;bam.eu01.nr-data.net;cache.img.gmo.jp;cdn.jsdelivr.net;consent.cookiebot.com;consentcdn.cookiebot.com;fonts.googleapis.com;fonts.gstatic.com;globalsign.com;globalsign.containers.piwik.pro;globalsign.net;globalsign.piwik.pro;js-agent.newrelic.com;s.clarity.ms;scripts.clarity.ms;seal.atlas.globalsign.com;static.cloudflareinsights.com;www.clarity.ms;www.globalsign.com;www.googletagmanager.com
10741,express.adobe.com,14,adobeid-na1.services.adobe.com;app.link;assets.adobedtm.com;auth.services.adobe.com;d1hmet3ucsy3j0.cloudfront.net;dcs.adobedc.net;express.adobe.com;geo2.adobe.com;idg.adobe.com;ims-na1.adobelogin.com;p.typekit.net;server.messaging.adobe.com;sstats.adobe.com;use.typekit.net
10748,usablenet.com,44,a11ystatus.usablenet.com;ajax.googleapis.com;analytics.google.com;aorta.clickagy.com;assets.apollo.io;bat.bing.com;c.6sc.co;cdn.calltrk.com;cdn.loopanalytics.com;cm.g.doubleclick.net;connect.facebook.net;d10lpsik1i8c69.cloudfront.net;fonts.googleapis.com;fonts.gstatic.com;ib.adnxs.com;insight.adsrvr.org;ipv6.6sc.co;j.6sc.co;js.adsrvr.org;js.hs-analytics.net;js.hs-banner.com;js.hs-scripts.com;js.hsadspixel.net;js.hubspot.com;js.usemessages.com;js.zi-scripts.com;perf-na1.hsforms.com;pixel.rubiconproject.com;px.ads.linkedin.com;scout-cdn.salesloft.com;scout.salesloft.com;settings.luckyorange.net;snap.licdn.com;stats.g.doubleclick.net;tags.clickagy.com;track.hubspot.com;unsitesdyd99ehck.devcloud.acquia-sites.com;us-u.openx.net;usablenet.com;ws.zoominfo.com;www.google.com;www.googletagmanager.com;www.linkedin.com;www.loopanalytics.com
10749,jpush.cn,20,analytics.google.com;bj-api.srv.jpush.cn;captcha-stat.engagelab.com;hm.baidu.com;img.jiguang.cn;jpush.cn;metrics.hotjar.io;o.alicdn.com;px.ads.linkedin.com;res.gptbots.ai;snap.licdn.com;sp0.baidu.com;static.hotjar.com;stats.g.doubleclick.net;web-stat.jpush.cn;www.google-analytics.com;www.google.com;www.googletagmanager.com;www.gptbots.ai;zz.bdstatic.com
10752,buzzoola.com,9,analytics.google.com;api.buzzoola.com;buzzoola.com;fonts.googleapis.com;fonts.gstatic.com;mc.yandex.ru;stats.g.doubleclick.net;www.google-analytics.com;www.googletagmanager.com
10764,shopee.ph,12,9554009.fls.doubleclick.net;ad.doubleclick.net;adservice.google.com;analytics.google.com;connect.facebook.net;content.garena.com;deo.shopeemobile.com;down-ph.img.susercontent.com;shopee.ph;stats.g.doubleclick.net;www.google.com;www.googletagmanager.com
10765,fotoscapes.com,37,14367aa81e34a02ef1def0a0e8d3be12.safeframe.googlesyndication.com;ads.servenobid.com;analytics.google.com;api.id5-sync.com;bcp.crwdcntrl.net;btlr.sharethrough.com;cdn.id5-sync.com;cm.g.doubleclick.net;ep1.adtrafficquality.google;ep2.adtrafficquality.google;esp.rtbhouse.com;fotoscapes.com;fundingchoicesmessages.google.com;grid-bidder.criteo.com;gum.criteo.com;hbopenbid.pubmatic.com;htlb.casalemedia.com;ib.adnxs.com;id5-sync.com;image6.pubmatic.com;invstatic101.creativecdn.com;lb.eu-1-id5-sync.com;lbs.eu-1-id5-sync.com;match.adsrvr.org;media.fotoscapes.com;oa.openxcdn.net;pagead2.googlesyndication.com;securepubads.g.doubleclick.net;static.criteo.net;stats.g.doubleclick.net;storage.googleapis.com;tagan.adlightning.com;tags.crwdcntrl.net;widgets.outbrain.com;www.google-analytics.com;www.google.com;www.googletagmanager.com
10785,app.hubspot.com,6,app.hubspot.com;fonts.googleapis.com;js.hs-banner.com;static.hsappstatic.net;wtcfns.hubspot.com;www.hubspot.com
10787,google.com.hk,3,ogads-pa.clients6.google.com;play.google.com;www.gstatic.com
10791,craigslist.org,4,craigslist.org;geo.craigslist.org;norfolk.craigslist.org;www.craigslist.org
10795,time4.google.com,3,ogads-pa.clients6.google.com;play.google.com;www.gstatic.com
10799,c.s-microsoft.com,35,browser.events.data.microsoft.com;c.az.clicktale.net;c.bing.com;c.clarity.ms;c.s-microsoft.com;cdn-dynmedia-1.microsoft.com;cdnssl.clicktale.net;cm.everesttech.net;cm.g.doubleclick.net;dpm.demdex.net;googleads.g.doubleclick.net;ib.adnxs.com;idsync.rlcdn.com;js.monitor.azure.com;login.live.com;login.microsoftonline.com;mem.gfx.ms;mscom.demdex.net;msftenterprise.sc.omtrdc.net;pixel.everesttech.net;px.ads.linkedin.com;rtd-tm.everesttech.net;rtd.tubemogul.com;rum.hlx.page;s.clarity.ms;scripts.clarity.ms;static.hj.contentsquare.net;target.microsoft.com;uhf.microsoft.com;wcpstatic.microsoft.com;www.clarity.ms;www.google.com;www.googletagmanager.com;www.linkedin.com;www.microsoft.com
10800,apnews.com,289,266af4efdc8dfd8d785ab9a2bdbbbdba.safeframe.googlesyndication.com;507b28fb-2ef1-4c34-8bda-ba32030bb199.edge.permutive.app;507b28fb-2ef1-4c34-8bda-ba32030bb199.prmutv.co;a.ad.gt;a.pub.network;a.sportradarserving.com;a.tribalfusion.com;a40.usablenet.com;aa.agkn.com;aax-eu.amazon-adsystem.com;aax.amazon-adsystem.com;ab.dns-finder.com;acdn.adnxs.com;ad-delivery.net;ad.360yield.com;ad.doubleclick.net;ad.turn.com;ads.betweendigital.com;ads.creative-serving.com;ads.pubmatic.com;ads.yieldmo.com;ak.sail-horizon.com;analytics.google.com;aorta.clickagy.com;ap.blueconic.net;ap.lijit.com;apcdp.apnews.com;api.btloader.com;api.id5-sync.com;api.permutive.com;api.riverdrop.com;api.rlcdn.com;api.viafoura.co;api.w.inmobi.com;apnews.com;assets.apnews.com;assets.zephr.com;ats-wrapper.privacymanager.io;b1sync.outbrain.com;b1sync.zemanta.com;bcp.crwdcntrl.net;beachfront-match.dotomi.com;beacon.lynx.cognitivlabs.com;bh.contextweb.com;bidserver.pacvue.com;btloader.com;btlr.sharethrough.com;c.amazon-adsystem.com;c.pub.network;c1.adform.net;c2shb.pubgw.yahoo.com;cdn-ima.33across.com;cdn.cookielaw.org;cdn.hadronid.net;cdn.id5-sync.com;cdn.onesignal.com;cdn.parsely.com;cdn.permutive.com;cdn.undertone.com;cdn.viafoura.net;ce.lijit.com;ced-ns.sascdn.com;check.analytics.rlcdn.com;client.riverdrop.com;cm-mx.advolve.io;cm.adform.net;cm.adgrx.com;cm.g.doubleclick.net;cm.mgid.com;cms.quantserve.com;config.aps.amazon-adsystem.com;connect.facebook.net;contextual.media.net;core.iprom.net;count.schwab.com;cpm.vistarsagency.com;creativecdn.com;cs-tam.minutemedia-prebid.com;cs-tam.yellowblue.io;cs.admanmedia.com;cs.iqzone.com;cs.krushmedia.com;cs.loudecho.ai;cs.media.net;cs.playdigo.com;csync.loopme.me;csync.smartadserver.com;csync.smilewanted.com;d.adroll.com;d.pub.network;d.turn.com;d5p.de17a.com;direct.adsrvr.org;dis.criteo.com;dmp.brand-display.com;dpm.demdex.net;dsp-2.presage.io;dsp-cookie.adfarm1.adition.com;dsp.360yield.com;dsp.adkernel.com;dt.adsafeprotected.com;e1.emxdgt.com;eb2.3lift.com;ep1.adtrafficquality.google;ep2.adtrafficquality.google;eus.rubiconproject.com;evt.undertone.com;ex.ingage.tech;experiments.parsely.com;fastlane.rubiconproject.com;fid.agkn.com;fonts.googleapis.com;fonts.gstatic.com;freestar.solutions.cdn.optable.co;geolocation.onetrust.com;gocm.c.appier.net;grid-bidder.criteo.com;gum.criteo.com;gw-iad-bid.ymmobi.com;hb.trustedstack.com;hb.undertone.com;hb.yellowblue.io;hbopenbid.pubmatic.com;htlb.casalemedia.com;html-load.cc;i.liadm.com;i.viafoura.co;i.w55c.net;ib.adnxs.com;id.hadron.ad.gt;id.rlcdn.com;id5-sync.com;idpix.media6degrees.com;ids.ad.gt;ids4.ad.gt;idx.liadm.com;image2.pubmatic.com;image4.pubmatic.com;image6.pubmatic.com;image8.pubmatic.com;inmobi-match.dotomi.com;ipac.ctnsnet.com;ittpx-us-e.eskimi.com;ittpx.eskimi.com;jadserve.postrelease.com;js-sec.indexww.com;kidpowers.com;launchpad-wrapper.privacymanager.io;launchpad.privacymanager.io;lb.eu-1-id5-sync.com;lbs.eu-1-id5-sync.com;lexicon.33across.com;live.primis.tech;livecomments.viafoura.co;match.adsby.bidtheatre.com;match.adsrvr.org;match.deepintent.com;match.marketiq.com;match.prod.bidr.io;match.sharethrough.com;measureadv.com;metrics.rapidedge.io;ms-cookie-sync.presage.io;na.edge.optable.co;notifications.viafoura.co;ogury-match.dotomi.com;onesignal.com;onetag-sys.com;openx2-match.dotomi.com;optimise.net;oxp.mxptint.net;p.ad.gt;p.rfihub.com;p.typekit.net;p1.parsely.com;pa.openx.net;pagead2.googlesyndication.com;pb-ing.ccgateway.net;pippio.com;pixel-eu.rubiconproject.com;pixel-us-east.rubiconproject.com;pixel.onaudience.com;pixel.rubiconproject.com;pixel.tapad.com;pixels.ad.gt;pmp.mxptint.net;prebid-match.dotomi.com;prebid-server-aws.dianomi.com;prebid-server.rubiconproject.com;prebid.a-mo.net;prebid.media.net;prebid.wurflcloud.com;ps.eyeota.net;pubmatic-match.dotomi.com;pulsepoint-match.dotomi.com;px.ads.linkedin.com;r.bidswitch.net;router.infolinks.com;rp.liadm.com;rtb-csync.smartadserver.com;rtb.adentifi.com;rtb.adstanding.com;rtb.gumgum.com;rtb.mfadsrvr.com;rtb.openx.net;s.ad.smaato.net;s.amazon-adsystem.com;s.c.appier.net;s.company-target.com;s.ntv.io;s.seedtag.com;s0.2mdn.net;s2s.t13.io;sb.scorecardresearch.com;scripts.mf.webcontentassessor.com;secure-assets.rubiconproject.com;secure.cdn.fastclick.net;securepubads.g.doubleclick.net;seg.ad.gt;server.prebid.dianomi.com;sli.apnews.com;sonata-notifications.taptapnetworks.com;ssbsync.smartadserver.com;ssc-cms.33across.com;ssp-sync.criteo.com;ssp.disqus.com;static.cloudflareinsights.com;stats.g.doubleclick.net;stats.prebid.wurflcloud.com;storage.googleapis.com;sync-amz.ads.yieldmo.com;sync-tm.everesttech.net;sync.1rx.io;sync.a-mo.net;sync.adkernel.com;sync.bfmio.com;sync.colossusssp.com;sync.cootlogix.com;sync.driftpixel.live;sync.e-volution.ai;sync.go.sonobi.com;sync.inmobi.com;sync.intentiq.com;sync.ipredictive.com;sync.mathtag.com;sync.p7cloud.net;sync.pinklion.io;sync.pmbmonetize.live;sync.resetdigital.co;sync.richaudience.com;sync.srv.stackadapt.com;sync.taboola.com;syncingbridge.com;t.adx.opera.com;t.oa.opera.com;tag.wknd.ai;tags.crwdcntrl.net;target.digitalaudience.io;thrtle.com;tlx.3lift.com;token.rubiconproject.com;tr.blismedia.com;trace.mediago.io;trace.us.rtbwise.com;tracker-shr.ortb.net;tracookiepixel.xyz;tru.am;tyrion.viafoura.co;u.openx.net;uipglob.semasio.net;um.simpli.fi;um4.eqads.com;ums.acuityplatform.com;ups.analytics.yahoo.com;us.ck-ie.com;use.typekit.net;user-sync.fwmrm.net;usr.undertone.com;uss.xplosion.de;ut.pubmatic.com;visitor-minutemediavideo.omnitagjs.com;wt.rqtrk.eu;www.dianomi.com;www.google.com;www.googletagmanager.com;www.googletagservices.com;www.gstatic.com;www.temu.com;x.bidswitch.net
10804,gdms.cloud,2,account.gdms.cloud;gdms.cloud
10813,plyr.io,4,api.github.com;cdn.jsdelivr.net;cdn.plyr.io;plyr.io
10836,wistia.com,17,app.wistia.com;bat.bing.com;d1wkvjvkgmsn1g.cloudfront.net;d2iok8515ir7ba.cloudfront.net;distillery.wistia.com;embed-cloudfront.wistia.com;embed-ssl.wistia.com;fast.wistia.com;fast.wistia.net;images.ctfassets.net;js-na1.hs-scripts.com;js.hubspot.com;pipedream.wistia.com;tag.clearbitscripts.com;wistia.com;www.google-analytics.com;www.googletagmanager.com
10866,seller.shopee.sg,4,accounts.shopee.sg;content.garena.com;deo.shopeemobile.com;seller.shopee.sg
10868,datagrail.io,42,a.usbrowserspeed.com;ajax.googleapis.com;analytics.google.com;analytics.twitter.com;api-na2.hubapi.com;api.consentjs.datagrail.io;api.vector.co;assets.ubembed.com;b0acf70cfb074f76a2243bd35b524db4.js.ubembed.com;bat.bing.com;cdn.equalweb.com;cdn.jsdelivr.net;cdn.matomo.cloud;cdn.vector.co;connect.facebook.net;datagrail.io;datagrail.matomo.cloud;forms-na2.hsforms.com;forms.hsforms.com;googleads.g.doubleclick.net;js-na2.hs-analytics.net;js-na2.hs-banner.com;js-na2.hsadspixel.net;js-na2.hubspot.com;js.hs-scripts.com;js.hsforms.net;js.zi-scripts.com;perf-na2.hsforms.com;px.ads.linkedin.com;rum-collector-2.pingdom.net;rum-static.pingdom.net;snap.licdn.com;static.ads-twitter.com;stats.g.doubleclick.net;t.co;track-na2.hubspot.com;ws.zoominfo.com;www.datagrail.io;www.google.com;www.googleadservices.com;www.googletagmanager.com;www.linkedin.com
10901,eporner.com,2,eporner.com;static-ca-cdn.eporner.com
10911,www.google.com.tr,3,ogads-pa.clients6.google.com;play.google.com;www.gstatic.com
10946,fandango.com,74,13d0117f157efa9e221842cd4350ed64.safeframe.googlesyndication.com;ad.doubleclick.net;ad.turn.com;ak.sail-horizon.com;app.mps.vsnt.net;assets.adobedtm.com;bcp.crwdcntrl.net;cdn.cookielaw.org;cdn.doubleverify.com;cdn.id5-sync.com;cdn.jsdelivr.net;cdn.jwplayer.com;cm.everesttech.net;cm.g.doubleclick.net;cms.quantserve.com;collector-6425.tvsquared.com;connect.facebook.net;d.agkn.com;dmp.v.fwmrm.net;dpm.demdex.net;dt.adsafeprotected.com;dynamic.criteo.com;ep1.adtrafficquality.google;ep2.adtrafficquality.google;esp.rtbhouse.com;fandango.com;fandango.tt.omtrdc.net;fandangollc.demdex.net;fastlane.rubiconproject.com;fw.adsafeprotected.com;geolocation.onetrust.com;google-bidout-d.openx.net;googleads4.g.doubleclick.net;grid-bidder.criteo.com;gum.criteo.com;hbopenbid.pubmatic.com;id5-sync.com;idsync.rlcdn.com;images.fandango.com;images2.vudu.com;invstatic101.creativecdn.com;krk2.kargo.com;lb.eu-1-id5-sync.com;lbs.eu-1-id5-sync.com;load77.exelator.com;loadm.exelator.com;maps.googleapis.com;match.adsrvr.org;micro.rubiconproject.com;oa.openxcdn.net;oajs.openx.net;os.fandango.com;pagead2.googlesyndication.com;pix.pub;pixel.tapad.com;prebid-a.rubiconproject.com;pt.ispot.tv;pub.doubleverify.com;s0.2mdn.net;sb.scorecardresearch.com;securepubads.g.doubleclick.net;sslwidget.criteo.com;static.adsafeprotected.com;static.criteo.net;storage.googleapis.com;tags.crwdcntrl.net;targeting.unrulymedia.com;tlx.3lift.com;tps.doubleverify.com;ups.analytics.yahoo.com;vtrk.dv.tech;www.fandango.com;www.google.com;www.mczbf.com
10950,cisco.sharepoint.com,5,aadcdn.msftauth.net;aadcdn.msftauthimages.net;cisco.sharepoint.com;login.live.com;login.microsoftonline.com
10952,api.groupme.com,10,api.groupme.com;app.framerstatic.com;browser.events.data.microsoft.com;events.framer.com;fonts.gstatic.com;framer.com;framerusercontent.com;groupme.com;js.monitor.azure.com;wcpstatic.microsoft.com
10955,ws.hotjar.com,41,alb.reddit.com;analytics.google.com;analytics.twitter.com;api.segment.io;aplo-evnt.com;assets.apollo.io;ca.contentsquare.net;cdn.cookielaw.org;cdn.jsdelivr.net;cdn.optimizely.com;cdn.segment.com;cdn.us.heap-api.com;connect.facebook.net;et.eulerian.net;eu.api.fpjs.io;fast.appcues.com;fpjscdn.net;geolocation.onetrust.com;googleads.g.doubleclick.net;grsm.io;images.ctfassets.net;invite.contentsquare.com;invite.hotjar.com;js.partnerstack.com;partnerlinks.io;pixel-config.reddit.com;px.ads.linkedin.com;snap.licdn.com;static.ada.support;static.ads-twitter.com;static.hotjar.com;stats.g.doubleclick.net;t.co;t.contentsquare.net;unpkg.com;ws.hotjar.com;www.google.com;www.googletagmanager.com;www.hotjar.com;www.linkedin.com;www.redditstatic.com
10957,purchasely.io,5,js.userpilot.io;purchasely.io;sr-client-cfg.amplitude.com;stackpath.bootstrapcdn.com;widget.intercom.io
10964,aihelp.net,10,aihelp.net;analytics.google.com;cdn.aihelp.net;connect.facebook.net;platform.twitter.com;stats.g.doubleclick.net;syndication.twitter.com;www.facebook.com;www.google-analytics.com;www.googletagmanager.com
10980,jwplatform.com,27,7052064.fs1.hubspotusercontent-na1.net;api.hubapi.com;app.hubspot.com;assets-jpcust.jwpsrv.com;boards.greenhouse.io;cdn.cookielaw.org;cdn.jwplayer.com;entitlements.jwplayer.com;forms.hsforms.com;geolocation.onetrust.com;js.hs-analytics.net;js.hs-banner.com;js.hsadspixel.net;js.hscollectedforms.net;js.hubspot.com;jwpconnatix.com;jwplatform.com;jwx.com;perf-na1.hsforms.com;prd.jwpltx.com;px.ads.linkedin.com;snap.licdn.com;ssl.p.jwpcdn.com;www.google-analytics.com;www.googletagmanager.com;www.jwplayer.com;www.linkedin.com
10982,mit.edu,4,mit.edu;use.typekit.net;web.mit.edu;www.googletagmanager.com
10992,secureserver.net,12,accdn.lpsnmedia.net;csp.secureserver.net;g.sst.gpl.secureserver.net;img1.wsimg.com;img6.wsimg.com;lpcdn.lpsnmedia.net;lptag.liveperson.net;secureserver.net;va.v.liveperson.net;www.google-analytics.com;www.googletagmanager.com;www.secureserver.net
10994,blogger.com,4,ajax.googleapis.com;blogger.googleusercontent.com;fonts.googleapis.com;fonts.gstatic.com
10996,content.jwplatform.com,27,7052064.fs1.hubspotusercontent-na1.net;api.hubapi.com;app.hubspot.com;assets-jpcust.jwpsrv.com;boards.greenhouse.io;cdn.cookielaw.org;cdn.jwplayer.com;content.jwplatform.com;entitlements.jwplayer.com;forms.hsforms.com;geolocation.onetrust.com;js.hs-analytics.net;js.hs-banner.com;js.hsadspixel.net;js.hscollectedforms.net;js.hubspot.com;jwpconnatix.com;jwplayer.com;jwx.com;perf-na1.hsforms.com;prd.jwpltx.com;px.ads.linkedin.com;snap.licdn.com;ssl.p.jwpcdn.com;www.google-analytics.com;www.googletagmanager.com;www.linkedin.com
10997,google.com.br,3,ogads-pa.clients6.google.com;play.google.com;www.gstatic.com
10999,api-d.dropbox.com,3,api-d.dropbox.com;assets.dropbox.com;cfl.dropboxstatic.com
11003,gateway.zscaler.net,2,gateway.zscaler.net;login.zscaler.net
11005,malwarebytes.com,31,44.238.122.172;alb.reddit.com;analytics.google.com;api.weglot.com;b.applovin.com;bat.bing.com;cdn.cookielaw.org;cdn.taboola.com;cdn.weglot.com;cm.g.doubleclick.net;connect.facebook.net;dev.visualwebsiteoptimizer.com;dx.mountain.com;fonts.googleapis.com;fonts.gstatic.com;geolocation.onetrust.com;googleads.g.doubleclick.net;malwarebytes.com;pixel-config.reddit.com;pixel.adte.com;plausible.io;re.applovin.com;res4.applovin.com;s.axon.ai;sso.malwarebytes.com;stats.g.doubleclick.net;stats.wp.com;tvspix.com;www.google.com;www.googletagmanager.com;www.redditstatic.com
11011,bunny.net,6,bunny-reddit.b-cdn.net;bunny.net;fonts.bunny.net;matomo.bunny.net;posthog2.fluffleinfra.net;widget.trustpilot.com
11030,adn.t-mobile.com,22,adn.t-mobile.com;analytics.google.com;api2.branch.io;app.link;assets.adobedtm.com;cdn.branch.io;cdn.cookielaw.org;cdn.moengage.com;cdn.quantummetric.com;geolocation.onetrust.com;googletagmanager.com;ingest.quantummetric.com;ipinfo.io;match.adsrvr.org;pnapi.invoca.net;rum.hlx.page;smetrics.t-mobile.com;solutions.invocacdn.com;stats.g.doubleclick.net;tmobilees.mpeasylink.com;unpkg.com;www.t-mobile.com
11040,mastercard.com,2,mastercard.com;www.mastercard.com
11041,files.slack.com,44,12632256.fls.doubleclick.net;a.slack-edge.com;a11179690159.cdn.optimizely.com;ad.doubleclick.net;adservice.google.com;alb.reddit.com;analytics.google.com;api.company-target.com;c.contentsquare.net;campaign.slackhq.com;cdn.cookielaw.org;cdn.schemaapp.com;cdn3.optimizely.com;csxd.contentsquare.net;d34u8crftukxnk.cloudfront.net;dc.ads.linkedin.com;dsum-sec.casalemedia.com;files.slack.com;fonts.gstatic.com;geolocation.onetrust.com;googleads.g.doubleclick.net;id.rlcdn.com;logx.optimizely.com;partners.tremorhub.com;pi.pardot.com;pixel-config.reddit.com;pixel.rubiconproject.com;px.ads.linkedin.com;s.company-target.com;segments.company-target.com;slack.com;snap.licdn.com;stats.g.doubleclick.net;t.contentsquare.net;tag-logger.demandbase.com;tag.demandbase.com;trk.techtarget.com;www.google.com;www.googletagmanager.com;www.linkedin.com;www.mczbf.com;www.redditstatic.com;www.youtube-nocookie.com;www.youtube.com
11042,perplexity.ai,3,challenges.cloudflare.com;perplexity.ai;static.cloudflareinsights.com
11053,lunalabs.io,3,luna.is.com;lunalabs.io;unity.com
11057,sift.com,30,526-pcc-974.mktoresp.com;a.usbrowserspeed.com;analytics.google.com;b.6sc.co;cdn.cookielaw.org;cdn.jsdelivr.net;cdn.propensity.com;cdnjs.cloudflare.com;epsilon.6sense.com;geolocation.onetrust.com;googleads.g.doubleclick.net;ipv6.6sc.co;j.6sc.co;js.qualified.com;js.zi-scripts.com;munchkin.marketo.net;pagead2.googlesyndication.com;pages.sift.com;platform.linkedin.com;px.ads.linkedin.com;sift.com;snap.licdn.com;static.licdn.com;stats.g.doubleclick.net;tracking-api.g2.com;ws.zoominfo.com;www.google-analytics.com;www.google.com;www.googletagmanager.com;www.linkedin.com
11060,omappapi.com,6,a.optinmonster.com;omappapi.com;p.typekit.net;use.typekit.net;www.google-analytics.com;www.googletagmanager.com
11061,rtbwise.com,2,cdnjs.cloudflare.com;rtbwise.com
11066,mr.fullstory.com,23,002-ldf-436.mktoresp.com;api.ipify.org;api.thatsnoble.com;ariane.abtasty.com;buyers.thatsnoble.com;cmp.osano.com;dcinfos-cache.abtasty.com;edge.staging.fullstory.com;endpoints.test-the-things.com;fonts.gstatic.com;go2.fullstory.com;googleads.g.doubleclick.net;i.ytimg.com;images.ctfassets.net;mr.fullstory.com;munchkin.marketo.net;rs.fullstory.com;rs.staging.fullstory.com;static.doubleclick.net;try.abtasty.com;www.fullstory.com;www.google.com;www.youtube.com
11070,sliide.com,5,s3.sliide.com;sliide.com;static.srcspot.com;www.google-analytics.com;www.googletagmanager.com
11083,app.rocketcyber.com,3,app.rocketcyber.com;fonts.googleapis.com;fonts.gstatic.com
11100,cdn.pubnative.net,18,cdn.cookielaw.org;cdn.pubnative.net;code.jquery.com;geolocation.onetrust.com;js-na1.hs-scripts.com;js.hs-analytics.net;js.hs-banner.com;js.hubspot.com;js.usemessages.com;perf-na1.hsforms.com;px.ads.linkedin.com;snap.licdn.com;track.hubspot.com;verve-7233653.hs-sites.com;verve.com;www.google-analytics.com;www.googletagmanager.com;www.linkedin.com
11105,shopee.com,7,analytics.google.com;connect.facebook.net;deo.shopeemobile.com;shopee.com;stats.g.doubleclick.net;www.google.com;www.googletagmanager.com
11110,pushd.com,15,api.bigdatacloud.net;api.pushd.com;auraframes.com;bat.bing.com;consent.cookiebot.com;consentcdn.cookiebot.com;dev.visualwebsiteoptimizer.com;js.klarna.com;pagead2.googlesyndication.com;pushd.com;rum-collector-2.pingdom.net;rum-static.pingdom.net;static.pushd.com;www.google-analytics.com;www.googletagmanager.com
11120,aegis.anonymised.io,4,aegis.anonymised.io;cdnjs.cloudflare.com;fonts.cdnfonts.com;fonts.googleapis.com
11125,static.anonymised.io,2,assets.anonymised.io;static.anonymised.io
11127,jd.com,11,corporate.jd.com;jd.com;jdcorporateblog.com;mercury.jd.com;p.typekit.net;sgm-m.jd.com;sgm-static.jd.com;storage.360buyimg.com;stream-outside.jd.com;use.typekit.net;www.jd.com
11134,vkuserphoto.ru,2,ps.userapi.com;vkuserphoto.ru
11144,cadent.app,5,assets.cadent.tv;cadent.app;edge.fullstory.com;rs.fullstory.com;sse.devcycle.com
11154,netdna.bootstrapcdn.com,10,api.github.com;cdn.jsdelivr.net;datum.jsdelivr.com;fonts.googleapis.com;fonts.gstatic.com;github.com;github.githubassets.com;netdna.bootstrapcdn.com;platform.twitter.com;syndication.twitter.com
11163,bluebillywig.com,26,ajax.googleapis.com;analytics.google.com;api.hubapi.com;app.hubspot.com;bluebillywig.com;forms.hsforms.com;googleads.g.doubleclick.net;js.hs-analytics.net;js.hs-banner.com;js.hs-scripts.com;js.hsadspixel.net;js.hscollectedforms.net;js.hubspot.com;js.usemessages.com;kit.fontawesome.com;perf-na1.hsforms.com;px.ads.linkedin.com;snap.licdn.com;static.hotjar.com;static.hsappstatic.net;stats.g.doubleclick.net;www.bluebillywig.com;www.google-analytics.com;www.google.com;www.googletagmanager.com;www.linkedin.com
11175,curseforge.com,2,challenges.cloudflare.com;curseforge.com
11179,chewy.com,3,bf20861wzf.bf.dynatrace.com;chewy.com;js-cdn.dynatrace.com
11184,digitalguardian.com,3,challenges.cloudflare.com;digitalguardian.com;www.digitalguardian.com
11185,squareup.com,20,a8447815042.cdn-pci.optimizely.com;api.squareup.com;campaign-hub-production-f.squarecdn.com;cash-f.squarecdn.com;cdn.cookielaw.org;cdn.jsdelivr.net;images.ctfassets.net;logx.optimizely.com;martech-production-c.squarecdn.com;munchkin.marketo.net;o160250.ingest.us.sentry.io;pw-assets-production-c.squarecdn.com;pw-renderer-production-c.squarecdn.com;pwt-production-c.squarecdn.com;sales-bridge-production-c.squarecdn.com;squareup.com;www.datadoghq-browser-agent.com;www.google-analytics.com;www.googletagmanager.com;xms-production-f.squarecdn.com
11189,app.powerbi.com,4,app.powerbi.com;content.powerapps.com;js.monitor.azure.com;login.microsoftonline.com
11207,superwall.me,21,analytics.twitter.com;api.ipify.org;api.withmesh.com;cdn.getkoala.com;cdn.jsdelivr.net;fonts.googleapis.com;fonts.gstatic.com;googleads.g.doubleclick.net;static.ads-twitter.com;superwall.com;superwall.me;t.co;tag.unifyintent.com;us-assets.i.posthog.com;us.i.posthog.com;widget.intercom.io;widget.usepylon.com;www.google-analytics.com;www.google.com;www.googletagmanager.com;yqagkqabd5.us-east-2.awsapprunner.com
11212,arity.com,29,ad.doubleclick.net;analytics.google.com;aorta.clickagy.com;arity.com;bam.nr-data.net;cdn.cookielaw.org;cm.g.doubleclick.net;extend.vimeocdn.com;geolocation.onetrust.com;googleads.g.doubleclick.net;ib.adnxs.com;insight.adsrvr.org;js-agent.newrelic.com;js.adsrvr.org;js.zi-scripts.com;pixel.rubiconproject.com;pm.geniusmonkey.com;px.ads.linkedin.com;schedule.zoominfo.com;snap.licdn.com;stats.g.doubleclick.net;tags.clickagy.com;urldefense.com;us-u.openx.net;ws-assets.zoominfo.com;ws.zoominfo.com;www.google.com;www.googletagmanager.com;www.linkedin.com
11223,dashlane.com,6,dashlane.com;js.qualified.com;ripleyprd.wpenginepowered.com;www.dashlane.com;www.google-analytics.com;www.googletagmanager.com
11224,security.ubuntu.com,5,assets.ubuntu.com;jspm.dev;security.ubuntu.com;w.usabilla.com;www.ubuntu.com
11225,cyberhaven.io,3,cdn.prod.website-files.com;cyberhaven.io;www.cyberhaven.com
11232,pix-cdn77.phncdn.com,2,error.c.cdn77.org;pix-cdn77.phncdn.com
11237,gotoresolve.com,38,417-klk-478.mktoresp.com;alb.reddit.com;analytics.google.com;ariane.abtasty.com;bat.bing.com;c.6sc.co;cdn.cookielaw.org;cm.g.doubleclick.net;connect.facebook.net;dcinfos-cache.abtasty.com;edge.sitecorecloud.io;epsilon.6sense.com;geolocation.onetrust.com;googleads.g.doubleclick.net;gotoresolve.com;ib.adnxs.com;insight.adsrvr.org;ipv6.6sc.co;j.6sc.co;js.adsrvr.org;js.qualified.com;lmiutilcdn.blob.core.windows.net;munchkin.marketo.net;pixel-config.reddit.com;pixel.rubiconproject.com;px.ads.linkedin.com;secure.adnxs.com;siteintercept.qualtrics.com;snap.licdn.com;stats.g.doubleclick.net;try.abtasty.com;utt.impactcdn.com;www.google.com;www.googletagmanager.com;www.goto.com;www.linkedin.com;www.redditstatic.com;zn1nu7ve8yxy0nawq-logmeinvoc.siteintercept.qualtrics.com
11247,venmo.com,5,browser-intake-us5-datadoghq.com;t.venmo.com;venmo.com;www.paypal.com;www.paypalobjects.com
11252,vzw.com,61,685973.fls.doubleclick.net;analytics.twitter.com;assets.adobedtm.com;c.bing.com;c.clarity.ms;cdn.quantummetric.com;cdn.schemaapp.com;cm.g.doubleclick.net;cms.analytics.yahoo.com;collector-40192.us.tvsquared.com;connect.facebook.net;d.adroll.com;d.turn.com;d2v83son8kay5v.cloudfront.net;dpm.demdex.net;eb2.3lift.com;edge.adobedc.net;googleads.g.doubleclick.net;ib.adnxs.com;idsync.rlcdn.com;ingestusipv4.quantummetric.com;login-ds.dotomi.com;login.dotomi.com;match.adsrvr.org;media.evolv.ai;ml314.com;participants.evolv.ai;pixel.rubiconproject.com;pixel.tapad.com;ps.eyeota.net;resources.xg4ken.com;rtr.innovid.com;s-a.innovid.com;s-static.innovid.com;s.adroll.com;s.amazon-adsystem.com;s.clarity.ms;s.pinimg.com;s7.vzw.com;sanalytics.verizon.com;sc-static.net;scache-ws.vzw.com;scache1.vzw.com;scache2.vzw.com;scripts.clarity.ms;secure.verizon.com;simage2.pubmatic.com;ss7.vzw.com;static.ads-twitter.com;t.co;track.sv.rkdms.com;trc.taboola.com;ups.analytics.yahoo.com;us-u.openx.net;vzw.com;www.clarity.ms;www.google.com;www.googleadservices.com;www.googletagmanager.com;www.verizon.com;zn9nssxmv9itcz7nq-verizoncx.siteintercept.qualtrics.com
11257,api.pushd.com,6,analytics.google.com;api.pushd.com;stats.g.doubleclick.net;www.google-analytics.com;www.google.com;www.googletagmanager.com
11260,t.6sc.co,3,fonts.googleapis.com;fonts.gstatic.com;t.6sc.co
11261,weather.gov,5,dap.digitalgov.gov;weather.gov;www.google-analytics.com;www.googletagmanager.com;www.youtube.com
11265,instacart.com,17,analytics-ipv6.tiktokw.us;analytics.tiktok.com;api2.branch.io;app.link;bat.bing.com;cdn.branch.io;connect.facebook.net;d2guulkeunn7d8.cloudfront.net;instacart.com;js.adsrvr.org;pixel.tapad.com;pt.ispot.tv;sc-static.net;tr.snapchat.com;www.google.com;www.googletagmanager.com;www.instacart.com
11266,cdn77-pic.xvideos-cdn.com,2,cdn77-pic.xvideos-cdn.com;error.c.cdn77.org
11312,bbvms.com,21,api.hubapi.com;bbvms.com;cdn.bluebillywig.com;forms.hsforms.com;googleads.g.doubleclick.net;js.hs-analytics.net;js.hs-banner.com;js.hs-scripts.com;js.hsadspixel.net;js.hscollectedforms.net;js.hubspot.com;js.usemessages.com;maps.googleapis.com;o4504604721020928.ingest.sentry.io;perf-na1.hsforms.com;px.ads.linkedin.com;snap.licdn.com;track.hubspot.com;www.google.com;www.googletagmanager.com;www.linkedin.com
11329,lookaside.fbsbx.com,2,lookaside.fbsbx.com;static.facebook.com
11335,www.bbc.com,49,a1.api.bbc.com;ads.undertone.com;api.permutive.com;browser.covatic.io;buy-eu.piano.io;c2-eu.piano.io;cdn.cxense.com;cdn.doubleverify.com;cdn.optimizely.com;cdn.permutive.com;cdn.privacy-mgmt.com;cdn.tinypass.com;cdn.undertone.com;cdnjs.cloudflare.com;cm.g.doubleclick.net;d2552f88bf68ccc05bd3e52fa70e5d6b.safeframe.googlesyndication.com;e488cdb0-e7cb-4d91-9648-60d437d8e491.prmutv.co;edigitalsurvey.com;emp.bbci.co.uk;ep1.adtrafficquality.google;ep2.adtrafficquality.google;gn-web-assets.api.bbc.com;ib.adnxs.com;ichef.bbci.co.uk;jssdkcdns.mparticle.com;logx.optimizely.com;mobile-cvc-nv-bbc-web.covatic.io;mybbc-analytics.files.bbci.co.uk;p1cluster.cxense.com;pagead2.googlesyndication.com;prebid.the-ozone-project.com;pub.doubleverify.com;rm-script.dotmetrics.net;sb.scorecardresearch.com;scripts.webcontentassessor.com;secure-us.imrworldwide.com;securepubads.g.doubleclick.net;static.bbci.co.uk;static.chartbeat.com;static.files.bbci.co.uk;stats-collector.cxense.com;tpc.googlesyndication.com;tps.doubleverify.com;uk-script.dotmetrics.net;vtrk.dv.tech;web-cdn.api.bbci.co.uk;www.bbc.co.uk;www.bbc.com;www.google.com
11351,log.outbrainimg.com,3,fonts.googleapis.com;fonts.gstatic.com;log.outbrainimg.com
11352,pespn.chartbeat.net,17,chartbeat.com;chartbeat.zendesk.com;cmp.osano.com;ekr.zdassets.com;fonts.googleapis.com;p.typekit.net;pespn.chartbeat.net;pong.chartbeat.net;securepubads.g.doubleclick.net;static.zdassets.com;static2.chartbeat.com;use.typekit.com;www.google.com;www.googleadservices.com;www.googleoptimize.com;www.googletagmanager.com;www.googletagservices.com
11354,fonts.bunny.net,2,bunny.net;fonts.bunny.net
11360,tumblr.com,6,64.media.tumblr.com;assets.tumblr.com;o248881.ingest.sentry.io;pixel.wp.com;s0.wp.com;tumblr.com
11374,console.gotoresolve.com,4,auth.console.gotoresolve.com;authentication.logmeininc.com;console.gotoresolve.com;weblibrary.cdn.getgo.com
11376,login.salesforce.com,2,c.salesforce.com;login.salesforce.com
11390,crl.globalsign.net,21,api-cdn.euw2.pure.cloud;apps.euw2.pure.cloud;bam.eu01.nr-data.net;cache.img.gmo.jp;cdn.jsdelivr.net;consent.cookiebot.com;consentcdn.cookiebot.com;crl.globalsign.net;fonts.googleapis.com;fonts.gstatic.com;globalsign.com;globalsign.containers.piwik.pro;globalsign.piwik.pro;js-agent.newrelic.com;s.clarity.ms;scripts.clarity.ms;seal.atlas.globalsign.com;static.cloudflareinsights.com;www.clarity.ms;www.globalsign.com;www.googletagmanager.com
11400,optimized-by.rubiconproject.com,2,optimized-by.rubiconproject.com;vast.rubiconproject.com
11404,nbcuni.com,10,cdn.cookielaw.org;cdn.printfriendly.com;cdn2.nbcuni.com;geolocation.onetrust.com;nbcuni.com;use.fontawesome.com;www.datadoghq-browser-agent.com;www.google-analytics.com;www.googletagmanager.com;www.nbcuniversal.com
11410,devicetrust.com,22,analytics.twitter.com;assets.adobedtm.com;c.go-mpulse.net;consent.trustarc.com;devicetrust.com;js.zi-scripts.com;prod.static.citrix.com;px.ads.linkedin.com;radar.cedexis.com;s.go-mpulse.net;snap.licdn.com;static.ads-twitter.com;storage.googleapis.com;t.co;titan.citrix.com;unpkg.com;ws.zoominfo.com;www.citrix.com;www.google-analytics.com;www.googletagmanager.com;www.linkedin.com;www.youtube.com
11417,qcloud.com,17,buy.qcloudimg.com;cdn-go.cn;cloud.tencent.com;cloudcache.tencent-cloud.com;cloudcache.tencentcs.com;dscache.tencent-cloud.cn;ewp.cloud.tencent.com;googleads.g.doubleclick.net;helix.cloud.tencent.com;opc.cloud.tencent.com;ping.cloud.tencent.com;qcloud.com;qcloudimg.tencent-cloud.cn;rumt-zh.com;sensors.cloud.tencent.com;www.google.com;www.googletagmanager.com
11422,support.microsoft.com,9,aadcdn.msftauth.net;browser.events.data.microsoft.com;js.monitor.azure.com;login.live.com;login.microsoftonline.com;mem.gfx.ms;res-1.cdn.office.net;uhf.microsoft.com;www.microsoft.com
11424,preferencenail.com,4,ogads-pa.clients6.google.com;play.google.com;preferencenail.com;www.gstatic.com
11426,alice.yandex.ru,8,14735.beacon.alice.yandex.ru;alice.yandex.ru;avatars.mds.yandex.net;mc.yandex.ru;rpc.alice.yandex.ru;top-fwz1.mail.ru;yandex.ru;yastatic.net
11436,smartsheet.com,64,464-onm-149.mktoresp.com;alb.reddit.com;analytics.google.com;analytics.twitter.com;aorta.clickagy.com;bat.bing.com;cdn.amplitude.com;cdn.bizible.com;cdn.bizibly.com;cdn.inspectlet.com;cdn.ketchjs.com;cdn.optimizely.com;cdn3.optimizely.com;cm.g.doubleclick.net;connect.facebook.net;core.thepointyspritesclub.com;d.impactradius-event.com;epsilon.6sense.com;global.ketchcdn.com;googleads.g.doubleclick.net;grsm.io;hat.thepointyspritesclub.com;ib.adnxs.com;insight.adsrvr.org;ipv6.6sc.co;j.6sc.co;js.adsrvr.org;js.driftt.com;js.partnerstack.com;js.zi-scripts.com;logx.optimizely.com;munchkin.marketo.net;partnerlinks.io;pixel-config.reddit.com;pixel.byspotify.com;pixel.rubiconproject.com;pixels.spotify.com;pt.ispot.tv;px.ads.linkedin.com;s.clarity.ms;s.yimg.com;scripts.clarity.ms;smartsheet.com;snap.licdn.com;sp.analytics.yahoo.com;static.ads-twitter.com;stats.g.doubleclick.net;t.co;tags.clickagy.com;tracking-api.g2.com;tracking.g2crowd.com;unpkg.com;us-u.openx.net;ws-assets.zoominfo.com;ws.zoominfo.com;www.clarity.ms;www.google.com;www.googleadservices.com;www.googletagmanager.com;www.gstatic.com;www.linkedin.com;www.redditstatic.com;www.smartsheet.com;www.youtube.com
11437,wordpress.org,6,i0.wp.com;s.w.org;stats.wp.com;wordpress.org;www.google-analytics.com;www.googletagmanager.com
11446,substack.com,14,googleads.g.doubleclick.net;image.mux.com;manifest-oci-us-ashburn-1-vop1.fastly.mux.com;o350427.ingest.sentry.io;static.cloudflareinsights.com;stream.mux.com;substack-video.s3.amazonaws.com;substack.com;substackcdn.com;trkn.us;www.datadoghq-browser-agent.com;www.google-analytics.com;www.google.com;www.googletagmanager.com
11447,dexcom.com,15,cdn.cookielaw.org;cdn.jotfor.ms;cdn.media.amplience.net;cdn.static.amplience.net;code.jquery.com;dev.visualwebsiteoptimizer.com;dexcom.a.bigcontent.io;dexcom.com;dexcom.jotform.com;geolocation.onetrust.com;pagead2.googlesyndication.com;widgets.jotform.io;www.dexcom.com;www.google-analytics.com;www.googletagmanager.com
11459,whiteboard.cloud.microsoft,5,aadcdn.msauth.net;login.live.com;login.microsoftonline.com;login.windows.net;whiteboard.cloud.microsoft
11466,cdn.bncloudfl.com,7,analytics.google.com;cdn.bncloudfl.com;connect.facebook.net;googleads.g.doubleclick.net;stats.g.doubleclick.net;www.google.com;www.googletagmanager.com
11467,siteassets.parastorage.com,3,siteassets.parastorage.com;static.parastorage.com;www.wix.com
11470,meituan.com,9,catfront.dianping.com;img.meituan.net;lx.meituan.net;lx1.meituan.net;meituan.com;p0.meituan.net;s3plus.meituan.net;www.dpfile.com;www.meituan.com
11473,www.citrix.com,21,analytics.twitter.com;assets.adobedtm.com;c.go-mpulse.net;consent.trustarc.com;js.zi-scripts.com;prod.static.citrix.com;px.ads.linkedin.com;radar.cedexis.com;s.go-mpulse.net;snap.licdn.com;static.ads-twitter.com;storage.googleapis.com;t.co;titan.citrix.com;unpkg.com;ws.zoominfo.com;www.citrix.com;www.google-analytics.com;www.googletagmanager.com;www.linkedin.com;www.youtube.com
11475,wal.co,2,wal.co;www.wal.co
11491,rtb-us-east.linkedin.com,2,rtb-us-east.linkedin.com;static.licdn.com
11500,jstor.org,6,cdn.cookielaw.org;geolocation.onetrust.com;jstor.org;static.ithaka.org;www.google-analytics.com;www.googletagmanager.com
11501,redhat.com,9,adobedc.demdex.net;assets.adobedtm.com;consent-pref.trustarc.com;consent-st.trustarc.com;consent.trustarc.com;redhat.com;sso.redhat.com;static.redhat.com;www.redhat.com
11518,powerpointonline.nel.measure.office.net,2,ajax.aspnetcdn.com;powerpointonline.nel.measure.office.net
11519,cdn1.judge.me,15,analytics.google.com;api.judge.me;app.framerstatic.com;c.bing.com;c.clarity.ms;cdn1.judge.me;events.framer.com;framer.com;framerusercontent.com;scripts.clarity.ms;static.hotjar.com;stats.g.doubleclick.net;www.clarity.ms;www.google.com;www.googletagmanager.com
11521,smt.docomo.ne.jp,18,alxc.addlv.smt.docomo.ne.jp;alxd.addlv.smt.docomo.ne.jp;cd.ladsp.com;cfg.smt.docomo.ne.jp;ep1.adtrafficquality.google;ep2.adtrafficquality.google;googleads.g.doubleclick.net;pagead2.googlesyndication.com;rumcdn.geoedge.be;service.smt.docomo.ne.jp;sjs.ssdsp.smt.docomo.ne.jp;smt.docomo.ne.jp;ssl-cache.stream.ne.jp;static.prismpartner.smt.docomo.ne.jp;tracking.prismpartner.smt.docomo.ne.jp;www.google-analytics.com;www.google.com;www.googletagmanager.com
11529,creditkarma.com,22,analytics.google.com;analytics.tiktok.com;bam-cell.nr-data.net;bam.nr-data.net;bat.bing.com;cdn.taboola.com;ck-content.imgix.net;connect.facebook.net;creditkarma.com;creditkarmacdn-a.akamaihd.net;googleads.g.doubleclick.net;js-agent.newrelic.com;ob.youstarsbuilding.com;obs.youstarsbuilding.com;s.pinimg.com;sponge.creditkarma.com;stats.g.doubleclick.net;tags.creditkarma.com;www.creditkarma.com;www.google.com;www.googleadservices.com;www.googletagmanager.com
11538,www.inmobi.com,42,api.company-target.com;az416426.vo.msecnd.net;d.adroll.com;dsum-sec.casalemedia.com;eb2.3lift.com;ib.adnxs.com;id.rlcdn.com;image2.pubmatic.com;js.hs-analytics.net;js.hs-banner.com;js.hs-scripts.com;js.hsadspixel.net;js.hubspot.com;js.zi-scripts.com;lex.33across.com;match.adsrvr.org;ml314.com;pagead2.googlesyndication.com;partners.tremorhub.com;perf-na1.hsforms.com;pippio.com;pixel.rubiconproject.com;pixel.tapad.com;ps.eyeota.net;px.ads.linkedin.com;s.adroll.com;s.company-target.com;segments.company-target.com;snap.licdn.com;static.hotjar.com;sync.outbrain.com;sync.taboola.com;tag.demandbase.com;tags.srv.stackadapt.com;track.hubspot.com;us-u.openx.net;web.inmobicdn.net;www.google-analytics.com;www.googletagmanager.com;www.inmobi.com;www.linkedin.com;x.bidswitch.net
11543,www.blogger.com,3,ajax.googleapis.com;fonts.googleapis.com;fonts.gstatic.com
11544,ieee.org,2,ieee.org;www.ieee.org
11557,thumb-cdn77.xvideos-cdn.com,2,error.c.cdn77.org;thumb-cdn77.xvideos-cdn.com
11560,sg-drive.wps.com,7,analytics.google.com;cloud.cache.wpscdn.com;drive.wps.com;sg-drive.wps.com;stats.g.doubleclick.net;www.googletagmanager.com;www.gstatic.com
11568,uc.cn,7,g.alicdn.com;image.uc.cn;log.mmstat.com;peco-img.uc.cn;px.effirst.com;uc.cn;www.uc.cn
11573,deepl.com,8,challenges.cloudflare.com;clearance.deepl.com;deepl.com;feature-flagging.deepl.com;login-wall.deepl.com;o4509354486530048.ingest.de.sentry.io;voice-proxy.www.deepl.com;www.deepl.com
11575,pull-cmaf-l77-va01.tiktokcdn.com,2,error.c.cdn77.org;pull-cmaf-l77-va01.tiktokcdn.com
11579,s.shopee.co.id,3,deo.shopeemobile.com;s.shopee.co.id;shope.ee
11583,launcher.myapps.microsoft.com,4,aadcdn.msauth.net;launcher.myapps.microsoft.com;login.live.com;login.microsoftonline.com
11591,verifone.com,11,cdn.intellimize.co;cdn.jsdelivr.net;cdn.prod.website-files.com;consent.cookiebot.com;consentcdn.cookiebot.com;d3e54v103j8qbb.cloudfront.net;download-video-ak.vimeocdn.com;player.vimeo.com;verifone.com;www.googletagmanager.com;www.verifone.com
11596,pushnami.com,32,analytics.google.com;analytics.twitter.com;api-na2.hubapi.com;api.pushnami.com;bat.bing.com;cdn.pushnami.com;connect.facebook.net;fonts.googleapis.com;fonts.gstatic.com;forms-na2.hsforms.com;googleads.g.doubleclick.net;js-na2.hs-analytics.net;js-na2.hs-banner.com;js-na2.hs-scripts.com;js-na2.hsadspixel.net;js-na2.hscollectedforms.net;lltrck.com;pi.pardot.com;pushnami.com;px.ads.linkedin.com;snap.licdn.com;static.ads-twitter.com;stats.g.doubleclick.net;t.co;track-na2.hubspot.com;tracking.leadlander.com;w.chatlio.com;ws.zoominfo.com;www.google-analytics.com;www.google.com;www.googletagmanager.com;www.linkedin.com
11609,tawk.to,16,ajax.googleapis.com;analytics.twitter.com;cdn.heapanalytics.com;connect.facebook.net;fonts.googleapis.com;heapanalytics.com;px.ads.linkedin.com;snap.licdn.com;static.ads-twitter.com;static.cloudflareinsights.com;t.co;tawk.to;www.facebook.com;www.googleadservices.com;www.googletagmanager.com;www.linkedin.com
11615,google.com.pr,3,ogads-pa.clients6.google.com;play.google.com;www.gstatic.com
11631,traveloka.com,38,accounts.google.com;alb.reddit.com;analytics-ipv6.tiktokw.us;analytics.google.com;analytics.tiktok.com;appleid.cdn-apple.com;bc.ad.daum.net;cd.ladsp.com;cdn.amplitude.com;cdnjs.cloudflare.com;connect.facebook.net;d.line-scdn.net;d1785e74lyxkqq.cloudfront.net;d9253bf4bdfd.edge.sdk.awswaf.com;dynamic.criteo.com;googleads.g.doubleclick.net;gum.criteo.com;ik.imagekit.io;js.appboycdn.com;karrot-pixel.business.daangn.com;nam.veta.naver.com;pixel-config.reddit.com;s.pinimg.com;s.yimg.jp;ssl.pstatic.net;stats.g.doubleclick.net;t.contentsquare.net;t1.daumcdn.net;tag.flvcdn.net;tags.creativecdn.com;traveloka.com;wcs.naver.net;www.google-analytics.com;www.google.com;www.googletagmanager.com;www.gstatic.com;www.redditstatic.com;www.traveloka.com
11636,trip.com,20,ak-d.tripcdn.com;analytics.twitter.com;aw-s.tripcdn.com;bat.bing.com;dimg04.tripcdn.com;googleads.g.doubleclick.net;images3.c-ctrip.com;nam.veta.naver.com;ssl.pstatic.net;static.ads-twitter.com;t.co;trip.com;wcs.naver.com;wcs.naver.net;webresource.tripcdn.com;widget.trustpilot.com;www.facebook.com;www.google.com;www.googletagmanager.com;www.trip.com
11639,apple-finance.query.yahoo.com,42,ad-delivery.net;ads.pubmatic.com;ads.yieldmo.com;api.rlcdn.com;apple-finance.query.yahoo.com;c2shb-oao.ssp.yahoo.com;cdn.p-n.io;cdn.taboola.com;cm.g.doubleclick.net;consent.cmp.oath.com;d2mqt2joll4fma.cloudfront.net;display.bidder.taboola.com;exchange.kueezrtb.com;fastlane.rubiconproject.com;grid-bidder.criteo.com;guce.yahoo.com;htlb.casalemedia.com;ib.adnxs.com;idx.liadm.com;ncp-gw-frontpage.media.yahoo.com;nexus-gateway-prod.media.yahoo.com;noa.yahoo.com;opus.analytics.yahoo.com;pbs-yahoo-us.ay.delivery;pbs.yahoo.com;prebid-server.rubiconproject.com;prebid.a-mo.net;prebid.media.net;rp.liadm.com;rtb.openx.net;s.seedtag.com;s.yimg.com;sb.scorecardresearch.com;securepubads.g.doubleclick.net;signal-service.pbs.yahoo.com;ssp.disqus.com;tlx.3lift.com;ups.analytics.yahoo.com;us-trc-events.taboola.com;wnsrvbjmeprtfrnfx.ay.delivery;www.googletagmanager.com;www.yahoo.com
11649,workspace.google.com,15,2507573.fls.doubleclick.net;ad.doubleclick.net;adservice.google.com;analytics.google.com;fonts.googleapis.com;fonts.gstatic.com;googleads.g.doubleclick.net;lh3.googleusercontent.com;ssl.google-analytics.com;stats.g.doubleclick.net;storage.googleapis.com;www.google.com;www.googleadservices.com;www.googletagmanager.com;www.gstatic.com
11657,ecwdistribution.eclinicalweb.com,9,api.userway.org;cdn.cookielaw.org;cdn.userway.org;ecwdistribution.eclinicalweb.com;fonts.googleapis.com;googleads.g.doubleclick.net;www.eclinicalworks.com;www.google.com;www.googletagmanager.com
11658,pubmatic.bbvms.com,21,api.hubapi.com;cdn.bluebillywig.com;forms.hsforms.com;googleads.g.doubleclick.net;js.hs-analytics.net;js.hs-banner.com;js.hs-scripts.com;js.hsadspixel.net;js.hscollectedforms.net;js.hubspot.com;js.usemessages.com;maps.googleapis.com;o4504604721020928.ingest.sentry.io;perf-na1.hsforms.com;pubmatic.bbvms.com;px.ads.linkedin.com;snap.licdn.com;track.hubspot.com;www.google.com;www.googletagmanager.com;www.linkedin.com
11678,www.google.com.pr,3,ogads-pa.clients6.google.com;play.google.com;www.gstatic.com
11684,developers.google.com,8,apis.google.com;feedback-pa.clients6.google.com;fonts.googleapis.com;fonts.gstatic.com;gstatic.com;www.google-analytics.com;www.googletagmanager.com;www.gstatic.com
11712,stripecdn.com,42,ad.doubleclick.net;alb.reddit.com;analytics.google.com;analytics.twitter.com;api.company-target.com;attr-td.ml-api.io;b.stripecdn.com;b91.yahoo.co.jp;bat.bing.com;dsum-sec.casalemedia.com;ext.stripe.com;googleads.g.doubleclick.net;id.rlcdn.com;images.stripeassets.com;match.adsrvr.org;munchkin.marketo.net;partners.tremorhub.com;pixel-config.reddit.com;pixel.byspotify.com;pixel.rubiconproject.com;pixels.spotify.com;px.ads.linkedin.com;q.quora.com;q.stripe.com;r.stripe.com;s.company-target.com;s.yimg.jp;segments.company-target.com;snap.licdn.com;static.ads-twitter.com;stripe.com;stripecdn.com;t.co;tag-logger.demandbase.com;tag.demandbase.com;tag.flvcdn.net;www.facebook.com;www.google-analytics.com;www.google.com;www.googletagmanager.com;www.linkedin.com;www.redditstatic.com
11727,vizio.com,20,al-smetrics.vizio.com;apps.bazaarvoice.com;assets.adobedtm.com;cdn.cookielaw.org;cdn.evgnet.com;cdn.jsdelivr.net;cdn.pricespider.com;connect.facebook.net;geolocation.onetrust.com;network-a.bazaarvoice.com;static.cloudflareinsights.com;vizio.com;vizio.tt.omtrdc.net;vizio11116.pcapredict.com;wtbevents.pricespider.com;www.google-analytics.com;www.google.com;www.googletagmanager.com;www.gstatic.com;www.vizio.com
11729,connectcdk.com,6,bam.nr-data.net;connectcdk.com;connectcdk.okta.com;js-agent.newrelic.com;login.connectcdk.com;www.connectcdk.com
11747,ecosia.org,2,challenges.cloudflare.com;ecosia.org
11749,feednews.com,3,feednews.com;news-af.op-mobile.opera.com;static.feednews.com
11752,www.perplexity.ai,2,challenges.cloudflare.com;static.cloudflareinsights.com
11764,citi.com,39,1.a79ab95c1589a13f8a4cab612bc71f9f7.com;1.b406929acabac9b095f124c81bdfcf57f.com;1.c81358859121583b7adf2ace89cb39f44.com;6260004.fls.doubleclick.net;89oebq5kmbvkkvfcekkm6if5uapnjsnca6pa75e54da229a7c765e93bsac.d.aa.online-metrix.net;ad.doubleclick.net;adservice.google.com;aemapi.citi.com;api.rlcdn.com;c.tvpixel.com;c1.rfihub.net;cdn.gbqofs.com;citi.com;citi.demdex.net;citicorpcreditservic.tt.omtrdc.net;cm.everesttech.net;content22.online.citi.com;contents1.00110.citi.com;contents2.00110.citi.com;data.privacy.ensighten.com;dpm.demdex.net;h.online-metrix.net;h64.online-metrix.net;idsync.rlcdn.com;nexus.ensighten.com;online.citi.com;p.rfihub.com;p.tvpixel.com;p11.techlab-cdn.com;prod.report.nacustomerexperience.citi.com;recs-prod.rfihub.com;s.amazon-adsystem.com;sb.scorecardresearch.com;siteintercept.qualtrics.com;tagmanager1.citi.com;www.citi.com;www.google.com;www.googletagmanager.com;zn3vi8kkuds0jjrfc-citifeedback.siteintercept.qualtrics.com
11766,l.instagram.com,4,l.instagram.com;static.cdninstagram.com;www.facebook.com;www.instagram.com
11777,outcomes.net,5,assets.squarespace.com;definitions.sqspcdn.com;outcomes.net;static1.squarespace.com;www.outcomes.net
11787,uservoice.com,8,app.termly.io;cdn.jsdelivr.net;cdn.prod.website-files.com;d3e54v103j8qbb.cloudfront.net;hubspotv2.use1-marketplace-1p-apps-prod-red.if.webflow.services;js.hs-scripts.com;use.typekit.net;uservoice.com
11791,quick-actions.express.adobe.com,8,adobeid-na1.services.adobe.com;assets.adobedtm.com;bam.nr-data.net;dcs.adobedc.net;geo2.adobe.com;quick-actions.express.adobe.com;sstats.adobe.com;use.typekit.net
11793,dstillery.com,17,api.userway.org;cdn.cookielaw.org;cdn.lgrckt-in.com;cdn.userway.org;cdnjs.cloudflare.com;dstillery.chilipiper.com;dstillery.com;fonts.googleapis.com;fonts.gstatic.com;geolocation.onetrust.com;googleads.g.doubleclick.net;i.ytimg.com;static.doubleclick.net;www.bugherd.com;www.google.com;www.googletagmanager.com;www.youtube.com
11794,ivanti.com,33,acq-3pas.admatrix.jp;analytics.google.com;b.6sc.co;bat.bing.com;c.6sc.co;c.clarity.ms;cdn.jsdelivr.net;cdnjs.cloudflare.com;epsilon.6sense.com;googleads.g.doubleclick.net;i.vimeocdn.com;ipv6.6sc.co;ivanti.com;j.6sc.co;js.monitor.azure.com;player.vimeo.com;px.ads.linkedin.com;s.clarity.ms;scripts.clarity.ms;secure.adnxs.com;snap.licdn.com;static.cloudflareinsights.com;static.ivanti.com;stats.g.doubleclick.net;tags.srv.stackadapt.com;transcend-cdn.com;v2.listenloop.com;ws.zoominfo.com;www.clarity.ms;www.google.com;www.googletagmanager.com;www.linkedin.com;www.youtube.com
11795,lsagentrelay.lansweeper.com,2,lsagentrelay.lansweeper.com;static.cloudflareinsights.com
11800,verizonwireless.com,29,analytics.twitter.com;assets.adobedtm.com;c.bing.com;cdn.quantummetric.com;cdn.schemaapp.com;cm.g.doubleclick.net;cms.analytics.yahoo.com;connect.facebook.net;d.turn.com;dpm.demdex.net;edge.adobedc.net;googleads.g.doubleclick.net;idsync.rlcdn.com;match.adsrvr.org;s.amazon-adsystem.com;s7.vzw.com;sanalytics.verizon.com;scache-ws.vzw.com;scache1.vzw.com;scache2.vzw.com;secure.verizon.com;ss7.vzw.com;trc.taboola.com;ups.analytics.yahoo.com;verizonwireless.com;www.google.com;www.googleadservices.com;www.googletagmanager.com;www.verizon.com
11804,action.dstillery.com,2,action.dstillery.com;action.media6degrees.com
11814,iphone.life360.com,2,iphone.life360.com;static.cloudflareinsights.com
11819,cnbc.com,47,10486893.fls.doubleclick.net;8cmfzco0.micpn.com;app.mps.vsnt.net;apps.rokt.com;assets.adobedtm.com;assets.zephr.com;bat.bing.com;c.amazon-adsystem.com;cdn-gl.imrworldwide.com;cdn.cookielaw.org;cdn.cxense.com;cdn.id5-sync.com;cdn.jsdelivr.net;cdn.parsely.com;cdn.tinypass.com;cm.g.doubleclick.net;cnbc.com;config.aps.amazon-adsystem.com;dev.visualwebsiteoptimizer.com;dpm.demdex.net;entitlement.auth.adobe.com;experience.piano.io;gdsapi.cnbc.com;geo.cnbc.com;geolocation.onetrust.com;googleads.g.doubleclick.net;image.cnbcfm.com;js.adsrvr.org;micro.rubiconproject.com;oa.openxcdn.net;os.fandango.com;pub.doubleverify.com;sb.scorecardresearch.com;securepubads.g.doubleclick.net;sp.auth.adobe.com;static-redesign.cnbcfm.com;static.criteo.net;tag.bounceexchange.com;tags.crwdcntrl.net;tru.am;unpkg.com;www.cnbc.com;www.google.com;www.googleadservices.com;www.googletagmanager.com;www.gstatic.com;zephr-templates.cnbc.com
11830,wbd.ms,7,aadcdn.msauth.net;app.whiteboard.microsoft.com;login.live.com;login.microsoftonline.com;login.windows.net;wbd.ms;whiteboard.cloud.microsoft
11839,king.com,5,cdn-ukwest.onetrust.com;king.com;www.google-analytics.com;www.googletagmanager.com;www.king.com
11848,training.knowbe4.com,5,cdn.pendo.io;data.pendo.io;fonts.googleapis.com;fonts.gstatic.com;training.knowbe4.com
11857,auth.life360.com,2,auth.life360.com;static.cloudflareinsights.com
11867,www.chewy.com,3,bf20861wzf.bf.dynatrace.com;js-cdn.dynatrace.com;www.chewy.com
11878,r2.cloudflarestorage.com,5,developers.cloudflare.com;geolocation.onetrust.com;ot.www.cloudflare.com;r2.cloudflarestorage.com;static.cloudflareinsights.com
11883,indianaiot-services.pm.beyondtrustcloud.com,3,esp.aptrinsic.com;indianaiot-services.pm.beyondtrustcloud.com;web-sdk.aptrinsic.com
11891,disneyadvertising.com,14,cdn.cookielaw.org;cdn.espn.com;cdnjs.cloudflare.com;dcf.espn.com;disney.demdex.net;disneyadvertising.com;googleads.g.doubleclick.net;pagead2.googlesyndication.com;sw88.go.com;use.fontawesome.com;www.disneyadvertising.com;www.google.com;www.googleadservices.com;www.googletagmanager.com
11893,www.bbc.co.uk,19,a1.api.bbc.com;cdn.cxense.com;cdn.optimizely.com;cdn.privacy-mgmt.com;cdn.tinypass.com;gn-web-assets.api.bbc.com;ichef.bbci.co.uk;idcta.api.bbc.co.uk;mybbc-analytics.files.bbci.co.uk;pagead2.googlesyndication.com;prebid.the-ozone-project.com;rm-script.dotmetrics.net;sb.scorecardresearch.com;scripts.webcontentassessor.com;securepubads.g.doubleclick.net;static.files.bbci.co.uk;uk-script.dotmetrics.net;web-cdn.api.bbci.co.uk;www.bbc.co.uk
11896,pull-hls-l77-va01.tiktokcdn.com,2,error.c.cdn77.org;pull-hls-l77-va01.tiktokcdn.com
11899,www.google.com.hk,3,ogads-pa.clients6.google.com;play.google.com;www.gstatic.com
11905,www.speedtest.net,173,a.ad.gt;a.sportradarserving.com;aa.agkn.com;aax.amazon-adsystem.com;accounts.google.com;ad-cdn.technoratimedia.com;ad.360yield.com;ad.turn.com;ads.pubmatic.com;ads.servenobid.com;ads.yieldmo.com;analytics.google.com;ap.lijit.com;api.id5-sync.com;appleid.cdn-apple.com;b.cdnst.net;b1sync.outbrain.com;b1sync.zemanta.com;b52489eb7dc9e4b6772d1583e603b82d.safeframe.googlesyndication.com;bcp.crwdcntrl.net;beacon.lynx.cognitivlabs.com;bh.contextweb.com;btlr.sharethrough.com;c.amazon-adsystem.com;c.bing.com;c1.adform.net;c2shb.pubgw.yahoo.com;cdn-gl.imrworldwide.com;cdn-ima.33across.com;cdn.cookielaw.org;cdn.hadronid.net;cdn.id5-sync.com;cdn.static.zdbb.net;cdn.ziffstatic.com;ce.lijit.com;client.aps.amazon-adsystem.com;cm.adform.net;cm.anyrtb.com;cm.g.doubleclick.net;cms.quantserve.com;config.aps.amazon-adsystem.com;contextual.media.net;creativecdn.com;cs-rtb.minutemedia-prebid.com;cs-tam.yellowblue.io;cs.admanmedia.com;cs.iqzone.com;cs.krushmedia.com;cs.media.net;csync.loopme.me;csync.smartadserver.com;d.turn.com;de.tynt.com;diffuser-cdn.app-us1.com;direct.adsrvr.org;dpm.demdex.net;dsp-service.pixad.com.tr;eb2.3lift.com;ep1.adtrafficquality.google;ep2.adtrafficquality.google;et-c-ash.33across.com;eu-rtbstack-cm.admixer.net;eus.rubiconproject.com;fastlane.rubiconproject.com;geolocation.onetrust.com;grid-bidder.criteo.com;gum.criteo.com;gurgle.speedtest.net;gurgle.zdbb.net;hb.trustedstack.com;hb.yellowblue.io;hbopenbid.pubmatic.com;hde.tynt.com;htlb.casalemedia.com;i.liadm.com;ib.adnxs.com;id.rlcdn.com;id5-sync.com;ids.ad.gt;ids4.ad.gt;idx.liadm.com;image2.pubmatic.com;image4.pubmatic.com;image6.pubmatic.com;image8.pubmatic.com;ittpx-us-e.eskimi.com;ittpx.eskimi.com;jadserve.postrelease.com;jogger.zdbb.net;lb.eu-1-id5-sync.com;lbs.eu-1-id5-sync.com;lexicon.33across.com;match.adsrvr.org;match.deepintent.com;match.prod.bidr.io;match.sharethrough.com;measureadv.com;ms-cookie-sync.presage.io;ogury-match.dotomi.com;onetag-sys.com;openads-cdn.adsrvr.org;openads.adsrvr.org;p.ad.gt;pagead2.googlesyndication.com;pbs.optidigital.com;pg.ziffstatic.com;pixel-sync.sitescout.com;pixel-us-east.rubiconproject.com;pixel.33across.com;pixel.rubiconproject.com;pixel.tapad.com;prebid-match.dotomi.com;prebid-server.rubiconproject.com;prebid.a-mo.net;prebid.media.net;prism.app-us1.com;ps.eyeota.net;px.ads.linkedin.com;r.bidswitch.net;rp.liadm.com;rtb-csync.smartadserver.com;rtb.adstanding.com;rtb.gamoshi.io;rtb.gumgum.com;rtb.mfadsrvr.com;rtb.openx.net;s.ad.smaato.net;s.amazon-adsystem.com;s.seedtag.com;sb.scorecardresearch.com;secure-assets.rubiconproject.com;secure-us.imrworldwide.com;secure.adnxs.com;securepubads.g.doubleclick.net;ssbsync-global.smartadserver.com;ssbsync.smartadserver.com;ssc-cms.33across.com;ssp-sync.criteo.com;ssp.api.tappx.com;ssp.disqus.com;synacor-match.dotomi.com;sync-tm.everesttech.net;sync.a-mo.net;sync.adtelligent.com;sync.bfmio.com;sync.go.sonobi.com;sync.ipredictive.com;sync.pmbmonetize.live;sync.sparteo.com;sync.srv.stackadapt.com;sync.taboola.com;sync.technoratimedia.com;syncingbridge.com;t.adx.opera.com;tags.crwdcntrl.net;token.rubiconproject.com;tpc.googlesyndication.com;tr.blismedia.com;trace.us.rtbwise.com;trackcmp.net;u.openx.net;uat-net.technoratimedia.com;ups.analytics.yahoo.com;us4.shb-sync.com;user-sync.fwmrm.net;ut.pubmatic.com;visitor.omnitagjs.com;www.google.com;www.googletagmanager.com;www.speedtest.net;www.temu.com;x.bidswitch.net;zdbb.net
11907,www.expedia.com,4,c.travel-assets.com;geo.captcha-delivery.com;static.captcha-delivery.com;www.expedia.com
11910,jibe.google.com,5,fonts.googleapis.com;fonts.gstatic.com;www.google-analytics.com;www.googletagmanager.com;www.gstatic.com
11912,omni-dex.io,17,ajax.googleapis.com;cdn.prod.website-files.com;d3e54v103j8qbb.cloudfront.net;fonts.googleapis.com;fonts.gstatic.com;forms-eu1.hsforms.com;js-eu1.hs-analytics.net;js-eu1.hs-banner.com;js-eu1.hs-scripts.com;js-eu1.hscollectedforms.net;omni-dex.io;track-eu1.hubspot.com;www.google-analytics.com;www.google.com;www.googletagmanager.com;www.gstatic.com;www.omni-dex.io
11919,programmaticx.ai,7,browser.sentry-cdn.com;frog.wix.com;panorama.wixapps.net;programmaticx.ai;static.parastorage.com;static.wixstatic.com;www.programmaticx.ai
11927,sanity.io,13,api.sanity.io;cdn.sanity.io;chunk-oci-us-ashburn-1-vop1.fastly.mux.com;cmp.osano.com;image.mux.com;manifest-oci-us-ashburn-1-vop1.edgemv.mux.com;measure.sanity.io;pagead2.googlesyndication.com;qzkkn6cg4njg.statuspage.io;sanity.io;stream.mux.com;www.googletagmanager.com;www.sanity.io
11933,anthropic.com,14,117895469.intellimizeio.com;a-api.anthropic.com;a-cdn.anthropic.com;anthropic.com;api.intellimize.co;cdn.intellimize.co;cdn.prod.website-files.com;connect.facebook.net;d3e54v103j8qbb.cloudfront.net;hubspotonwebflow.com;log.intellimize.co;www.anthropic.com;www.google-analytics.com;www.googletagmanager.com
11934,pscp.tv,6,api.amplitude.com;assets.pscp.tv;proxsee.pscp.tv;pscp.tv;www.google-analytics.com;www.pscp.tv
11937,whiteboard.ms,7,aadcdn.msauth.net;app.whiteboard.microsoft.com;login.live.com;login.microsoftonline.com;login.windows.net;whiteboard.cloud.microsoft;whiteboard.ms
11939,paramount.tech,8,cdn.ketchjs.com;cdn.privacy.paramount.com;fonts.googleapis.com;global.ketchcdn.com;paramount.tech;www.google-analytics.com;www.googletagmanager.com;www.paramount.com
11941,anticheatexpert.com,4,anticheatexpert.com;down.anticheatexpert.com;rumt-zh.com;tam.cdn-go.cn
11943,www.att.com,40,20877709p.rfihub.com;6100125.fls.doubleclick.net;68794910.akstat.io;a.rfihub.com;ad.doubleclick.net;adobedc.demdex.net;adservice.google.com;aep.att.com;assets.adobedtm.com;azinsight.adsrvr.org;bat.bing.com;bf03987fss.bf.dynatrace.com;c.go-mpulse.net;cdn.flashtalking.com;cdn.quantummetric.com;cm.g.doubleclick.net;connect.facebook.net;d.agkn.com;d.oracleinfinity.io;dc.oracleinfinity.io;dpm.demdex.net;fid.agkn.com;fls.doubleclick.net;googleads.g.doubleclick.net;ib.adnxs.com;ingestusipv4.quantummetric.com;insight.adsrvr.org;live.rezync.com;s.amazon-adsystem.com;s2.go-mpulse.net;servedby.flashtalking.com;signin.att.com;smetrics.att.com;solutions.invocacdn.com;storage.googleapis.com;ucm-us.verint-cdn.com;www.att.com;www.google.com;www.googleadservices.com;www.googletagmanager.com
11957,geocomply.com,25,ajax.googleapis.com;analytics.google.com;analytics.twitter.com;b.6sc.co;cdnjs.cloudflare.com;consent.trustarc.com;epsilon.6sense.com;fonts.googleapis.com;fonts.gstatic.com;geocomply.com;go.geocomply.com;googleads.g.doubleclick.net;ipv6.6sc.co;j.6sc.co;px.ads.linkedin.com;snap.licdn.com;static.ads-twitter.com;stats.g.doubleclick.net;t.co;tracking-api.g2.com;tracking.g2crowd.com;www.geocomply.com;www.google.com;www.googletagmanager.com;www.linkedin.com
11971,ieonline.microsoft.com,3,ieonline.microsoft.com;r.bing.com;www.bing.com
11974,data.iana.org,5,clients1.google.com;cse.google.com;data.iana.org;www.google.com;www.iana.org
11975,tmdb.org,12,0692f8bdd7b5.b6c9f1fc.us-east-1.captcha.awswaf.com;0692f8bdd7b5.edge.captcha-sdk.awswaf.com;0692f8bdd7b5.edge.sdk.awswaf.com;analytics.google.com;cdn.cookielaw.org;geolocation.onetrust.com;media.themoviedb.org;secure.gravatar.com;stats.g.doubleclick.net;tmdb.org;www.googletagmanager.com;www.themoviedb.org
11980,robinhood.com,26,15324952.fls.doubleclick.net;ad.doubleclick.net;adservice.google.com;alb.reddit.com;app.usercentrics.eu;bat.bing.com;bonfire.robinhood.com;cdn.robinhood.com;collector-47804.us.tvsquared.com;connect.facebook.net;experience.ninetailed.co;googleads.g.doubleclick.net;images.ctfassets.net;o62437.ingest.sentry.io;pixel-config.reddit.com;px.ads.linkedin.com;robinhood.com;sentry.io;snap.licdn.com;stats.g.doubleclick.net;videos.ctfassets.net;web-sdk-cdn.singular.net;www.google-analytics.com;www.google.com;www.googletagmanager.com;www.redditstatic.com
11996,myaccount.nytimes.com,5,ct.captcha-delivery.com;g1.nyt.com;geo.captcha-delivery.com;myaccount.nytimes.com;static.captcha-delivery.com
12001,video-nss.xhpingcdn.com,2,error.c.cdn77.org;video-nss.xhpingcdn.com
12006,grow.me,12,a.delivery.consentmanager.net;api.grow.me;cdn.consentmanager.net;eu-us.consentmanager.net;faves.grow.me;fonts.googleapis.com;fonts.gstatic.com;grow.me;some.growplow.events;www.google-analytics.com;www.googletagmanager.com;www.grow.me
12012,ticketmaster.com,47,a.ad.gt;ad.360yield.com;alb.reddit.com;analytics-ipv6.tiktokw.us;analytics.google.com;analytics.tiktok.com;analytics.twitter.com;bat.bing.com;c.lytics.io;cdn.cookielaw.org;cdn.hadronid.net;cm.g.doubleclick.net;connect.facebook.net;d.t-x.io;d.turn.com;geolocation.onetrust.com;ids.ad.gt;ids4.ad.gt;image2.pubmatic.com;match.adsrvr.org;p.ad.gt;pixel-config.reddit.com;pixel.tapad.com;prismic-images.tmol.io;promoted.ticketmaster.com;resources.xg4ken.com;s1.ticketm.net;s3.us-east-1.amazonaws.com;sc-static.net;secure.adnxs.com;secure.quantserve.com;securepubads.g.doubleclick.net;static.ads-twitter.com;stats.g.doubleclick.net;sync.go.sonobi.com;t.co;t.contentsquare.net;ticketmaster.com;token.rubiconproject.com;tr.snapchat.com;u.openx.net;uk.tmconst.com;www.google.com;www.googletagmanager.com;www.gstatic.com;www.redditstatic.com;www.ticketmaster.com
12023,getui.com,9,cdn-getuigw.getui.com;getui.com;gt-static.getui.com;hm.baidu.com;qiyukf.com;sp0.baidu.com;tracking.getui.com;zxid-api.mobileservice.cn;zz.bdstatic.com
12029,bricks-co.com,14,bricks-co.com;bricksfounders.com;cdn.jsdelivr.net;cdn.prod.website-files.com;corporate.sparteo.com;d3e54v103j8qbb.cloudfront.net;matomo.platform-k8s.bricks-co.com;pbsj.bricks-co.com;sparteo.com;static.fastcmp.com;sync.sparteo.com;t.fastcmp.com;www.google.com;www.gstatic.com
12034,tr-tmc-geo.office.com,4,aadcdn.msftauth.net;login.microsoftonline.com;res.public.onecdn.static.microsoft;tr-tmc-geo.office.com
12036,monetixads.com,8,browser.sentry-cdn.com;frog.wix.com;monetixads.com;panorama.wixapps.net;siteassets.parastorage.com;static.parastorage.com;static.wixstatic.com;www.monetixads.com
12044,adguard.com,4,adguard.com;cdn.adguardcdn.com;st.adguardcdn.com;st2.adguardcdn.com
12050,pb.com,16,app.securiti.ai;assets.adobedtm.com;cdn-prod.securiti.ai;cm.everesttech.net;dpm.demdex.net;pagead2.googlesyndication.com;pb.com;pitneybowes.demdex.net;pitneybowes.sc.omtrdc.net;pitneybowesinc.tt.omtrdc.net;px.ads.linkedin.com;snap.licdn.com;www.googletagmanager.com;www.linkedin.com;www.pb.com;www.pitneybowes.com
12054,image.tmdb.org,2,image.tmdb.org;www.themoviedb.org
12066,prod.weatherfx.com,3,fonts.googleapis.com;fonts.gstatic.com;prod.weatherfx.com
12070,www.craigslist.org,3,geo.craigslist.org;norfolk.craigslist.org;www.craigslist.org
12077,wetest.net,12,app.usercentrics.eu;assets.wetest.net;captcha.gtimg.com;cdn.wetest.net;rumt-us.com;t.captcha.qq.com;uct.service.usercentrics.eu;wetest.net;www.google.com;www.googletagmanager.com;www.gstatic.com;www.wetest.net
12085,passwordreset.microsoftonline.com,3,ajax.aspnetcdn.com;client.ppe.repmap.microsoft.com;passwordreset.microsoftonline.com
12088,loobygamesonline.com,12,euob.iseaskies.com;l.cdn-fileserver.com;loobygamesonline.com;msadsscale.microsoft.com;obseu.iseaskies.com;resultnetsearch.com;resultsfastfind.com;s.cdn-fileserver.com;s.yimg.com;scripts.clarity.ms;static.cloudflareinsights.com;www.loobygamesonline.com
12104,www.hbomax.com,10,beam-images.warnermediacdn.com;braze-images.com;browser.sentry-cdn.com;c.go-mpulse.net;default.any-any.prd.api.hbomax.com;default.beam-amer.prd.api.hbomax.com;lightning.warnermediacdn.com;s.go-mpulse.net;www.googletagmanager.com;www.hbomax.com
12109,trafficjunky.com,12,accounts.google.com;alb.reddit.com;fonts.googleapis.com;pagead2.googlesyndication.com;pixel-config.reddit.com;static.trafficjunky.com;trafficjunky.com;unpkg.com;webassets.trafficjunky.com;www.google-analytics.com;www.googletagmanager.com;www.redditstatic.com
12115,app.whiteboard.microsoft.com,6,aadcdn.msauth.net;app.whiteboard.microsoft.com;login.live.com;login.microsoftonline.com;login.windows.net;whiteboard.cloud.microsoft
12125,yql.yahoo.com,98,3e990078d858005195b0fbea8d17e94f.safeframe.googlesyndication.com;aa.agkn.com;ad-delivery.net;ad.360yield.com;ads.betweendigital.com;ads.pubmatic.com;ads.yieldmo.com;ap.lijit.com;api.rlcdn.com;b1sync.outbrain.com;bb.lijit.com;bh.contextweb.com;c1.adform.net;c2shb-oao.ssp.yahoo.com;cdn.p-n.io;cdn.taboola.com;cm.g.doubleclick.net;cms.analytics.yahoo.com;consent.cmp.oath.com;creativecdn.com;cs.admanmedia.com;cs.emxdgt.com;cs.media.net;csync.loopme.me;csync.smilewanted.com;d2mqt2joll4fma.cloudfront.net;dis.criteo.com;display.bidder.taboola.com;dpm.demdex.net;eb2.3lift.com;ep1.adtrafficquality.google;eus.rubiconproject.com;exchange.kueezrtb.com;fastlane.rubiconproject.com;grid-bidder.criteo.com;guce.yahoo.com;hbopenbid.pubmatic.com;hbx.media.net;htlb.casalemedia.com;ib.adnxs.com;idx.liadm.com;image2.pubmatic.com;image4.pubmatic.com;image8.pubmatic.com;jadserve.postrelease.com;match.adsrvr.org;match.deepintent.com;match.sharethrough.com;measureadv.com;ms-cookie-sync.presage.io;ncp-gw-frontpage.media.yahoo.com;nexus-gateway-prod.media.yahoo.com;noa.yahoo.com;onetag-sys.com;opus.analytics.yahoo.com;pbs-cs.yellowblue.io;pbs-yahoo-us.ay.delivery;pbs.yahoo.com;pixel.rubiconproject.com;pm-widget.taboola.com;prebid-match.dotomi.com;prebid-server.rubiconproject.com;prebid.a-mo.net;prebid.media.net;rp.liadm.com;rtb.gumgum.com;rtb.mfadsrvr.com;rtb.openx.net;s.ad.smaato.net;s.seedtag.com;s.yimg.com;sb.scorecardresearch.com;secure-assets.rubiconproject.com;securepubads.g.doubleclick.net;signal-service.pbs.yahoo.com;ssbsync-global.smartadserver.com;ssbsync.smartadserver.com;ssc-cms.33across.com;ssp-sync.criteo.com;ssp.disqus.com;sync.go.sonobi.com;sync.ipredictive.com;sync.kueezrtb.com;sync.pmbmonetize.live;sync.srv.stackadapt.com;tlx.3lift.com;tsdtocl.com;uipglob.semasio.net;ups.analytics.yahoo.com;us-trc-events.taboola.com;us-u.openx.net;user-sync.fwmrm.net;usersync.gumgum.com;wnsrvbjmeprtfrnfx.ay.delivery;www.googletagmanager.com;www.yahoo.com;x.bidswitch.net;yql.yahoo.com
12132,www.disneyplus.com,22,8397396.fls.doubleclick.net;ad.doubleclick.net;adservice.google.com;analytics-ipv6.tiktokw.us;analytics.tiktok.com;assets.adobedtm.com;bat.bing.com;cdn.cookielaw.org;client-sdk-configs.bamgrid.com;cnbl-cdn.bamgrid.com;disney.demdex.net;disney.images.edge.bamgrid.com;googleads.g.doubleclick.net;prod-static.disney-plus.net;s.yimg.com;sanalytics.disneyplus.com;sc-static.net;static-assets.bamgrid.com;www.disneyplus.com;www.facebook.com;www.google.com;www.googletagmanager.com
12138,kakao.com,9,connect.facebook.net;developers.kakao.com;kakao.com;stat.tiara.kakaocorp.com;t1.daumcdn.net;t1.kakaocdn.net;webid.ad.daum.net;www.googletagmanager.com;www.kakaocorp.com
12142,windowsazure.com,59,a.tribalfusion.com;accdn-vip.lpsnmedia.net;alb.reddit.com;analytics.tiktok.com;analytics.twitter.com;api.company-target.com;assets.adobedtm.com;azure.microsoft.com;bat.bing.com;browser.events.data.microsoft.com;c.go-mpulse.net;c.s-microsoft.com;cdn-dynmedia-1.microsoft.com;cm.everesttech.net;cm.g.doubleclick.net;cms.analytics.yahoo.com;cms.quantserve.com;dc.ads.linkedin.com;dpm.demdex.net;dsum-sec.casalemedia.com;edge.adobedc.net;googleads.g.doubleclick.net;ib.adnxs.com;id.rlcdn.com;idpix.media6degrees.com;jadserve.postrelease.com;js.monitor.azure.com;lptag.liveperson.net;match.adsrvr.org;msftenterprise.sc.omtrdc.net;partners.tremorhub.com;pixel.rubiconproject.com;play.vidyard.com;publisher.liveperson.net;px.owneriq.net;rtd-tm.everesttech.net;rtd.tubemogul.com;rum.hlx.page;s.clarity.ms;s.company-target.com;s.go-mpulse.net;scripts.clarity.ms;segments.company-target.com;servedby.flashtalking.com;signup.azure.com;static-assets.fs.liveperson.com;tag-logger.demandbase.com;tag.demandbase.com;target.microsoft.com;uhf.microsoft.com;ups.analytics.yahoo.com;va-vip.v.liveperson.net;wcpstatic.microsoft.com;windowsazure.com;www.clarity.ms;www.facebook.com;www.google.com;www.linkedin.com;www.microsoft.com
12149,utoken.umeng.com,23,92zfol.tdum.alibaba.com;assets.alicdn.com;at.alicdn.com;cf.aliyun.com;cm.mediav.com;err.taobao.com;error.taobao.com;fourier.taobao.com;fragment.tmall.com;g.alicdn.com;gm.mmstat.com;gtms04.alicdn.com;gw.alicdn.com;h5api.m.taobao.com;img.alicdn.com;log.mmstat.com;o.alicdn.com;pc-growht-rta.taobao.com;pcookie.taobao.com;s-gm.mmstat.com;umdcv4.taobao.com;utoken.umeng.com;ynuf.aliapp.org
12152,r.turn.com,5,assets.amobee.com;login.amobee.com;platform.amobee.com;r.turn.com;www.datadoghq-browser-agent.com
12161,print.microsoft.com,17,assets.adobedtm.com;browser.events.data.microsoft.com;c.s-microsoft.com;cdn-dynmedia-1.microsoft.com;edge.adobedc.net;golf.rendering.prod.mscas.io;js.monitor.azure.com;login.live.com;login.microsoftonline.com;mem.gfx.ms;play.vidyard.com;print.microsoft.com;rum.hlx.page;target.microsoft.com;uhf.microsoft.com;wcpstatic.microsoft.com;www.microsoft.com
12162,cloud.tencent.com,17,act-api.cloud.tencent.com;buy.qcloudimg.com;cdn-go.cn;cloud.tencent.com;cloudcache.tencent-cloud.com;cloudcache.tencentcs.com;dscache.tencent-cloud.cn;ewp.cloud.tencent.com;googleads.g.doubleclick.net;helix.cloud.tencent.com;opc.cloud.tencent.com;ping.cloud.tencent.com;qcloudimg.tencent-cloud.cn;rumt-zh.com;sensors.cloud.tencent.com;www.google.com;www.googletagmanager.com
12179,exponea.com,17,analytics.google.com;api.exponea.com;c.navattic.com;cdn-cookieyes.com;directory.cookieyes.com;exponea.com;fonts.googleapis.com;fonts.gstatic.com;forms-na1.hsforms.com;forms.hsforms.com;js.hsforms.net;log.cookieyes.com;stats.g.doubleclick.net;tour.bloomreach.com;www.bloomreach.com;www.google.com;www.googletagmanager.com
12183,glance.net,46,22036085.fs1.hubspotusercontent-na1.net;22036085.hs-sites.com;alb.reddit.com;api.ipify.org;aplo-evnt.com;app.hubspot.com;assets.anytrack.io;assets.apollo.io;bat.bing.com;browser.sentry-cdn.com;c.clarity.ms;cdn.metadata.io;cdnjs.cloudflare.com;distillery.wistia.com;embed-ssl.wistia.com;fast.wistia.com;fast.wistia.net;glance.net;googleads.g.doubleclick.net;js.hs-analytics.net;js.hs-banner.com;js.hscollectedforms.net;js.hubspot.com;js.zi-scripts.com;perf-na1.hsforms.com;pipedream.wistia.com;pixel-config.reddit.com;px.ads.linkedin.com;s.clarity.ms;scout-cdn.salesloft.com;scout.salesloft.com;scripts.clarity.ms;snap.licdn.com;static.hsappstatic.net;tag.clearbitscripts.com;unpkg.com;ws.zoominfo.com;www.clarity.ms;www.glance.cx;www.glancecdn.net;www.google-analytics.com;www.google.com;www.googleadservices.com;www.googletagmanager.com;www.linkedin.com;www.redditstatic.com
12186,api.hubspot.com,22,53.fs1.hubspotusercontent-na1.net;analytics.google.com;api.hubspot.com;cdn2.hubspot.net;cta-service-cms2.hubspot.com;developers.hubspot.com;fonts.googleapis.com;hubspot.statuspage.io;js.hs-analytics.net;js.hs-banner.com;js.hsadspixel.net;js.hsforms.net;js.hubspotfeedback.com;js.usemessages.com;perf-na1.hsforms.com;static.hsappstatic.net;stats.g.doubleclick.net;wtcfns.hubspot.com;www.google-analytics.com;www.googletagmanager.com;www.hubspot.com;www.wthubspot.com
12200,a0.muscache.com,22,a0.muscache.com;ad.doubleclick.net;adservice.google.com;analytics.google.com;cm.g.doubleclick.net;ct.pinterest.com;d0a7e.airbnb.com;d34r8q7sht0t9k.cloudfront.net;googleads.g.doubleclick.net;ib.adnxs.com;insight.adsrvr.org;ipv4.pdscrb.com;js.adsrvr.org;pixel.rubiconproject.com;stats.g.doubleclick.net;tr.snapchat.com;verifi.pdscrb.com;www.airbnb.com;www.facebook.com;www.google.com;www.googleadservices.com;www.googletagmanager.com
12231,adster.tech,11,adster.tech;analytics.google.com;assets.calendly.com;fonts.googleapis.com;fonts.gstatic.com;googleads.g.doubleclick.net;static.cloudflareinsights.com;stats.g.doubleclick.net;storage.googleapis.com;www.google.com;www.googletagmanager.com
12250,data-na.amazon.com,2,data-na.amazon.com;g-ecx.images-amazon.com
12257,syncf.tubemogul.com,2,syncf-tm.everesttech.net;syncf.tubemogul.com
12258,www.bilibili.com,8,api.bilibili.com;api.live.bilibili.com;data.bilibili.com;i0.hdslb.com;i1.hdslb.com;i2.hdslb.com;s1.hdslb.com;www.bilibili.com
12270,flirtify.com,7,accounts.google.com;flirtify.com;fonts.googleapis.com;fonts.gstatic.com;static.flirtify.com;video.flirtify.com;www.googletagmanager.com
12275,stnvideo.com,20,analytics.google.com;buttons-config.sharethis.com;connect.facebook.net;embed.sendtonews.com;eventer-player.bqstreamer.com;fonts.googleapis.com;fonts.gstatic.com;googleads.g.doubleclick.net;l.sharethis.com;mp.mmvideocdn.com;pi.pardot.com;platform-api.sharethis.com;px.ads.linkedin.com;snap.licdn.com;stnvideo.com;w.chatlio.com;www.google-analytics.com;www.google.com;www.googletagmanager.com;www.linkedin.com
12279,app.smartsheet.com,2,app.smartsheet.com;portal-ui.authn.smartsheet.com
12287,us-west-tlx.3lift.com,4,divp3w86nodu0.cloudfront.net;fonts.googleapis.com;fonts.gstatic.com;us-west-tlx.3lift.com
12298,identity.doordash.com,2,challenges.cloudflare.com;static.cloudflareinsights.com
12306,ca.slack-edge.com,3,a.slack-edge.com;ca.slack-edge.com;slack-infra-latency.slack.com
12311,www.target.com,30,arw46ksdmetpv27uigwkdyperbyx4tlnaaaad656ejy.mcl.io;assets.adobedtm.com;assets.targetimg1.com;cdn.dv.tech;cdn.speedcurve.com;client.px-cloud.net;cm.everesttech.net;collector-pxgwpp4wus.px-cloud.net;dc2b1de2a72a3800aa4bffe5b87b1b37.safeframe.googlesyndication.com;dpm.demdex.net;edge.fullstory.com;ep1.adtrafficquality.google;ep2.adtrafficquality.google;js.mcl.io;lux.speedcurve.com;mcl.spur.us;pagead2.googlesyndication.com;ponos.zeronaught.com;pub.doubleverify.com;pub.dv.tech;resources.digital-cloud.medallia.com;rs.fullstory.com;securepubads.g.doubleclick.net;target.scene7.com;tpc.googlesyndication.com;tps.doubleverify.com;tzm.px-cloud.net;vtrk.dv.tech;www.google.com;www.target.com
12323,vidal.rmm.datto.com,5,auth.datto.com;ka-p.fontawesome.com;kit.fontawesome.com;vidal.rmm.datto.com;walkme.portal.datto.com
12327,vkvideo.ru,42,ad.mail.ru;akashi.vk-portal.net;api.vkvideo.ru;connectivitycheck.gstatic.com;gstatic.com;login.vk.com;mc.yandex.ru;r.mradx.net;st.vkvideo.ru;stats.vk-portal.net;sun9-11.userapi.com;sun9-15.userapi.com;sun9-17.userapi.com;sun9-2.userapi.com;sun9-23.userapi.com;sun9-24.userapi.com;sun9-27.userapi.com;sun9-30.userapi.com;sun9-31.userapi.com;sun9-33.userapi.com;sun9-35.userapi.com;sun9-40.userapi.com;sun9-41.userapi.com;sun9-48.userapi.com;sun9-52.userapi.com;sun9-56.userapi.com;sun9-57.userapi.com;sun9-59.userapi.com;sun9-6.userapi.com;sun9-62.userapi.com;sun9-63.userapi.com;sun9-64.userapi.com;sun9-67.userapi.com;sun9-70.userapi.com;sun9-71.userapi.com;sun9-8.userapi.com;sun9-81.userapi.com;sun9-82.userapi.com;sun9-83.userapi.com;sun9-88.userapi.com;sun9-9.userapi.com;vkvideo.ru
12331,synco.teads.tv,3,fonts.googleapis.com;fonts.gstatic.com;synco.teads.tv
12332,adfinitys.com,5,adfinitys.com;ajax.googleapis.com;fonts.googleapis.com;fonts.gstatic.com;unpkg.com
12342,rebuyengine.com,16,21490690.fs1.hubspotusercontent-na1.net;21490690.hs-sites.com;cta-service-cms2.hubspot.com;fonts.googleapis.com;fonts.gstatic.com;forms-na1.hsforms.com;js.hs-analytics.net;js.hs-banner.com;js.hsadspixel.net;js.hscollectedforms.net;js.hubspot.com;p.typekit.net;perf-na1.hsforms.com;rebuyengine.com;use.typekit.net;www.rebuyengine.com
12349,perchsecurity.com,30,6046319.global.siteimproveanalytics.io;alb.reddit.com;cdn.cookielaw.org;cdn.jsdelivr.net;cdn.optimizely.com;cdn3.optimizely.com;cdnjs.cloudflare.com;challenges.cloudflare.com;connect.facebook.net;fast.wistia.com;geolocation.onetrust.com;googleads.g.doubleclick.net;images.unsplash.com;js.qualified.com;lp.connectwise.com;ob.fishrobotflower.com;obs.fishrobotflower.com;p.typekit.net;page.connectwise.com;perchsecurity.com;pixel-config.reddit.com;s.usea01.idio.episerver.net;siteimproveanalytics.com;use.typekit.net;widget.trustpilot.com;www.connectwise.com;www.google.com;www.googleadservices.com;www.perchsecurity.com;www.redditstatic.com
12362,fast.wistia.com,41,44.228.85.26;alb.reddit.com;analytics-ipv6.tiktokw.us;analytics.tiktok.com;analytics.twitter.com;api.cr-relay.com;app-assets.wistia.com;bat.bing.com;browser.sentry-cdn.com;cdn.cr-relay.com;connect.facebook.net;d1wkvjvkgmsn1g.cloudfront.net;d2iok8515ir7ba.cloudfront.net;distillery.wistia.com;dx.mountain.com;embed-cloudfront.wistia.com;events.fivetran.com;fast.wistia.com;googleads.g.doubleclick.net;grsm.io;js-na1.hs-scripts.com;js.hs-banner.com;js.hubspot.com;js.partnerstack.com;partnerlinks.io;perf-na1.hsforms.com;pipedream.wistia.com;pixel-config.reddit.com;px.ads.linkedin.com;snap.licdn.com;static.ads-twitter.com;t.co;tag.clearbitscripts.com;try.wistia.com;wistia.com;www.facebook.com;www.google-analytics.com;www.google.com;www.googletagmanager.com;www.linkedin.com;www.redditstatic.com
12364,updates.logitech.com,15,cdn.jsdelivr.net;cdn.yellowmessenger.com;cdnjs.cloudflare.com;code.jquery.com;logitechlogitechglobal.112.2o7.net;r4-ym-uploads.s3-us-west-2.amazonaws.com;r4.app.yellow.ai;stackpath.bootstrapcdn.com;static.zdassets.com;support.logi.com;tags.tiqcdn.com;updates.logitech.com;use.fontawesome.com;www.google-analytics.com;www.googletagmanager.com
12365,shopee.vn,8,analytics.google.com;connect.facebook.net;content.garena.com;deo.shopeemobile.com;shopee.vn;stats.g.doubleclick.net;www.google.com;www.googletagmanager.com
12379,cambridge.org,2,cambridge.org;challenges.cloudflare.com
12385,dns.adguard.com,5,adguard-dns.io;cdn.adguardcdn.com;dns.adguard.com;st.adguardcdn.com;st2.adguardcdn.com
12391,ultipro.com,3,performance.radar.cloudflare.com;static.cloudflareinsights.com;ultipro.com
12398,usea1-pax8-03.sentinelone.net,3,cdn.pendo.io;content.pendo.sentinelone.net;usea1-pax8-03.sentinelone.net
12413,video.flirtify.com,2,error.c.cdn77.org;video.flirtify.com
12432,openstreetmap.org,3,matomo.openstreetmap.org;openstreetmap.org;tile.openstreetmap.org
12435,google.co.in,3,ogads-pa.clients6.google.com;play.google.com;www.gstatic.com
12443,nbcnews.com,114,1a8b2fd19fd87c9f0d08b8abb1f21512.safeframe.googlesyndication.com;8168974.fls.doubleclick.net;9f6bc946ffc84f39ba7761ec18f6d85f.mediatailor.us-east-1.amazonaws.com;aamt.nbcnews.com;aax-eu.amazon-adsystem.com;aax.amazon-adsystem.com;ad.doubleclick.net;ad.turn.com;ads.trustx.org;adservice.google.com;ak.sail-horizon.com;api.lightboxcdn.com;assets.adobedtm.com;ats.rlcdn.com;buy.tinypass.com;c.amazon-adsystem.com;c.tvpixel.com;c2.piano.io;capi.connatix.com;cdn.cookielaw.org;cdn.cxense.com;cdn.doubleverify.com;cdn.parsely.com;cdn.taboola.com;ce.lijit.com;client.aps.amazon-adsystem.com;cm-mx.advolve.io;cm.g.doubleclick.net;cms.analytics.yahoo.com;cms.quantserve.com;config.aps.amazon-adsystem.com;cookiesync.mparticle.com;cs.media.net;csync.loopme.me;dpm.demdex.net;ds.reson8.com;entitlements.jwplayer.com;ep1.adtrafficquality.google;ep2.adtrafficquality.google;eus.rubiconproject.com;experience.tinypass.com;experiments.parsely.com;fastlane.rubiconproject.com;fonts.gstatic.com;geo.privacymanager.io;geolocation.onetrust.com;grid-bidder.criteo.com;gum.criteo.com;hbopenbid.pubmatic.com;i.liadm.com;ib.adnxs.com;id.rlcdn.com;image2.pubmatic.com;image4.pubmatic.com;image8.pubmatic.com;jssdkcdns.mparticle.com;jssdks.mparticle.com;krk2.kargo.com;live-oneapp-prd-news.akamaized.net;live.primis.tech;match.adsrvr.org;match.prod.bidr.io;media-cldnry.s-nbcnews.com;micro.rubiconproject.com;mid.rkdms.com;mps.nbcuni.com;mssl.fwmrm.net;nbcnews.com;nbcu.demdex.net;nbcu.track.securedvisit.com;nodeassets.nbcnews.com;p.skimresources.com;p.tvpixel.com;p1.parsely.com;p1cluster.cxense.com;pagead2.googlesyndication.com;pixel-us-east.rubiconproject.com;pixel.rubiconproject.com;platform.iteratehq.com;polarcdn-engine.com;polarcdn-terrax.com;prebid-a.rubiconproject.com;prodamdnewsencoding.akamaized.net;pub.doubleverify.com;px.ads.linkedin.com;r.skimresources.com;reachms.bfmio.com;rtb.openx.net;s.amazon-adsystem.com;s.go-mpulse.net;s.skimresources.com;sb.scorecardresearch.com;securepubads.g.doubleclick.net;ssl.p.jwpcdn.com;ssum.casalemedia.com;static.polarcdn.com;sync.bfmio.com;sync.intentiq.com;t.skimresources.com;tag.researchnow.com;targeting.unrulymedia.com;tlx.3lift.com;token.rubiconproject.com;tpc.googlesyndication.com;tru.am;ups.analytics.yahoo.com;us-trc-events.taboola.com;usasync01.admantx.com;video-ads-module.ad-tech.nbcuni.com;vtrk.dv.tech;www.google.com;www.googletagmanager.com;www.lightboxcdn.com;www.nbcnews.com
12444,google.com.sg,3,ogads-pa.clients6.google.com;play.google.com;www.gstatic.com
12464,smartdeploy.com,50,4epx8ghenz.kameleoon.io;794-hyu-673.mktoresp.com;alb.reddit.com;analytics.google.com;analytics.twitter.com;bat.bing.com;c.clarity.ms;cdn.c360a.salesforce.com;cdn.cookielaw.org;cdn.mouseflow.com;cdn.optimizely.com;connect.facebook.net;dpm.demdex.net;geolocation.onetrust.com;googleads.g.doubleclick.net;h0ygkn30mnrgk9d0g1yw8zlcgm.c360a.salesforce.com;idsync.rlcdn.com;images.ctfassets.net;js.hs-analytics.net;js.hs-banner.com;js.hs-scripts.com;js.usemessages.com;loadm.exelator.com;logx.optimizely.com;munchkin.marketo.net;na-data.kameleoon.io;pixel-a.basis.net;pixel-config.reddit.com;pixel-sync.sitescout.com;pixel.sitescout.com;pixel.tapad.com;px.ads.linkedin.com;s.clarity.ms;scripts.clarity.ms;smartdeploy.com;snap.licdn.com;static.ads-twitter.com;stats.g.doubleclick.net;sync.crwdcntrl.net;t.co;track.hubspot.com;tracking-api.g2.com;up.pixel.ad;www.clarity.ms;www.google-analytics.com;www.google.com;www.googletagmanager.com;www.linkedin.com;www.redditstatic.com;www.smartdeploy.com
12471,proofpoint.com,27,309-rhv-619.mktoresp.com;arclight.vimeo.com;bam.nr-data.net;cdn.cookielaw.org;dev.visualwebsiteoptimizer.com;epsilon.6sense.com;f.vimeocdn.com;fonts.googleapis.com;fonts.gstatic.com;geoip-js.com;geolocation.onetrust.com;googleads.g.doubleclick.net;ipv6.6sc.co;j.6sc.co;js-agent.newrelic.com;js.qualified.com;layer.proofpoint.com;munchkin.marketo.net;player.vimeo.com;proofpoint.com;secure.adnxs.com;vimeo.com;www.google.com;www.googleadservices.com;www.googletagmanager.com;www.proofpoint.com;www.vimeo.com
12486,powerreviews.com,11,analytics.ahrefs.com;cdn-cookieyes.com;directory.cookieyes.com;js.zi-scripts.com;kit.fontawesome.com;log.cookieyes.com;powerreviews.com;pro.fontawesome.com;ws-assets.zoominfo.com;ws.zoominfo.com;www.powerreviews.com
12502,dianping.com,8,cps.dianping.com;dianping.com;lx1.meituan.net;m.dianping.com;s0.meituan.net;s3.meituan.net;www.dianping.com;www.dpfile.com
12556,google.com.co,3,ogads-pa.clients6.google.com;play.google.com;www.gstatic.com
12571,csync-apac.smilewanted.com,142,a.sportradarserving.com;aa.agkn.com;aax-eu.amazon-adsystem.com;ad.360yield.com;ad.turn.com;ads.betweendigital.com;ads.pubmatic.com;ads.yieldmo.com;aorta.clickagy.com;ap.lijit.com;b1sync.outbrain.com;b1sync.zemanta.com;beachfront-match.dotomi.com;bh.contextweb.com;bidder.smartytouch.co;bttrack.com;c1.adform.net;ce.lijit.com;ced-ns.sascdn.com;cm.adform.net;cm.anyrtb.com;cm.g.doubleclick.net;cms.quantserve.com;creativecdn.com;cs.admanmedia.com;cs.iqzone.com;cs.krushmedia.com;cs.media.net;cs.pgammedia.com;cs.playdigo.com;csync-apac.smilewanted.com;csync.loopme.me;csync.smartadserver.com;de.tynt.com;dis.criteo.com;dpm.demdex.net;dsp-service.admatic.de;dsp-service.pixad.com.tr;dsum-sec.casalemedia.com;eb2.3lift.com;equativ-match.dotomi.com;et-c-ash.33across.com;eus.rubiconproject.com;gw-iad-bid.ymmobi.com;hb.trustedstack.com;hbx.media.net;hde.tynt.com;ib.adnxs.com;ice.360yield.com;id.rlcdn.com;id5-sync.com;image2.pubmatic.com;image4.pubmatic.com;image6.pubmatic.com;image8.pubmatic.com;inmobi-match.dotomi.com;ittpx-us-e.eskimi.com;ittpx.eskimi.com;jadserve.postrelease.com;match.adsrvr.org;match.deepintent.com;match.prod.bidr.io;measureadv.com;ms-cookie-sync.presage.io;onetag-sys.com;pbs-cs.yellowblue.io;pippio.com;pixel-eu.rubiconproject.com;pixel-sync.sitescout.com;pixel-us-east.rubiconproject.com;pixel.onaudience.com;pixel.rubiconproject.com;pixel.tapad.com;pool.liftdsp.com;prebid-match.dotomi.com;prebid.a-mo.net;prebid.admatic.com.tr;prebid.admatic.de;prebid.pixad.com.tr;ps.eyeota.net;px.ads.linkedin.com;r.bidswitch.net;rtb.adstanding.com;rtb.gamoshi.io;rtb.gumgum.com;rtb.mfadsrvr.com;rtb.openx.net;s.ad.smaato.net;s.amazon-adsystem.com;s.company-target.com;s.seedtag.com;secure-assets.rubiconproject.com;server.smartytech.io;simage2.pubmatic.com;ssbsync.smartadserver.com;ssc-cms.33across.com;ssp-sync.criteo.com;ssp.disqus.com;static.cdn.admatic.com.tr;static.cdn.admatic.de;static.cdn.pixad.com.tr;sync-tm.everesttech.net;sync.a-mo.net;sync.adtelligent.com;sync.aniview.com;sync.bfmio.com;sync.crwdcntrl.net;sync.e-volution.ai;sync.go.sonobi.com;sync.inmobi.com;sync.ipredictive.com;sync.mathtag.com;sync.pinklion.io;sync.pmbmonetize.live;sync.richaudience.com;sync.smartadserver.com;sync.springserve.com;sync.srv.stackadapt.com;syncingbridge.com;t.adx.opera.com;t.oa.opera.com;tg.socdm.com;token.rubiconproject.com;tr.blismedia.com;trace.us.rtbwise.com;tracker-shr.ortb.net;u-ams.4dex.io;u.openx.net;um.simpli.fi;ums.acuityplatform.com;ups.analytics.yahoo.com;us-u.openx.net;us.ck-ie.com;us4.shb-sync.com;user-sync.fwmrm.net;usersync.gumgum.com;uss.xplosion.de;ut.pubmatic.com;visitor.omnitagjs.com;www.temu.com;x.bidswitch.net;yandex.ru
12580,files-asr.acrobat.com,19,acrobat.adobe.com;acroipm2.adobe.com;adobeid-na1.services.adobe.com;assets.adobedtm.com;auth-light.identity.adobe.com;auth.services.adobe.com;client.messaging.adobe.com;cloud.acrobat.com;dcs.adobedc.net;documentcloud.adobe.com;files-asr.acrobat.com;ims-na1.adobelogin.com;o4505393339695104.ingest.us.sentry.io;p.typekit.net;prod.adobeccstatic.com;shared-components.adobe.com;sstats.adobe.com;use.typekit.net;widget.uservoice.com
12582,tr-tmc-fs.office.com,4,aadcdn.msftauth.net;login.microsoftonline.com;res.public.onecdn.static.microsoft;tr-tmc-fs.office.com
12585,weborama.fr,9,ajax.googleapis.com;api.consentpro.com;cdn.prod.website-files.com;d3e54v103j8qbb.cloudfront.net;fonts.googleapis.com;fonts.gstatic.com;weborama.fr;www.googletagmanager.com;www.weborama.com
12608,a.omappapi.com,25,a.omappapi.com;a.optinmonster.com;a.trstplse.com;analytics.google.com;api.getdrip.com;api.optinmonster.com;bat.bing.com;c.clarity.ms;cdn-4.convertexperiments.com;cdn.optinmonster.com;cdnjs.cloudflare.com;challenges.cloudflare.com;connect.facebook.net;fonts.gstatic.com;googleads.g.doubleclick.net;lantern.roeye.com;lantern.roeyecdn.com;optinmonster.com;s.clarity.ms;scripts.clarity.ms;stats.g.doubleclick.net;tag.getdrip.com;www.clarity.ms;www.google.com;www.googletagmanager.com
12614,usea1-att-managed-security.sentinelone.net,3,cdn.pendo.io;content.pendo.sentinelone.net;usea1-att-managed-security.sentinelone.net
12632,drcedirect.com,7,api-gateway-cloud.drcedirect.com;bf63792rhe.bf.dynatrace.com;drcedirect.com;fonts.googleapis.com;fonts.gstatic.com;js-cdn.dynatrace.com;www.drcedirect.com
12642,use1-api.tplinkra.com,3,cdnjs.cloudflare.com;maxcdn.bootstrapcdn.com;use1-api.tplinkra.com
12650,pingdom.net,2,pingdom.net;www.pingdom.com
12655,remote1.ninite.com,2,ninite.com;remote1.ninite.com
12660,app.box.com,3,app.box.com;assets.adobedtm.com;cdn01.boxcdn.net
12684,otomatis.vip,6,lastfm.freetls.fastly.net;otomatis.vip;s4.anilist.co;static.cloudflareinsights.com;user-images.githubusercontent.com;ws.audioscrobbler.com
12697,www.google.com.sg,3,ogads-pa.clients6.google.com;play.google.com;www.gstatic.com
12699,samsclub.com,12,client.px-cloud.net;collector-pxslc3j22k.px-client.net;collector-pxslc3j22k.px-cloud.net;crcldu.com;fonts.googleapis.com;fst-ec.perimeterx.net;i5.walmartimages.com;js.px-cloud.net;samsclub.com;tzm.px-cloud.net;use.typekit.net;www.samsclub.com
12708,download.mozilla.org,5,download.mozilla.org;transcend-cdn.com;www.google-analytics.com;www.googletagmanager.com;www.mozilla.org
