rank,site,run,strategy,main_dns_ms,total_dns_sum_ms,wall_clock_dns_ms,page_load_ms,unique_domains_resolved,domains_resolved
3840,adrta.com,1,doh,12.322,12.322,12.322,20,1,adrta.com
2936,invstatic101.creativecdn.com,1,doh,12.991,12.991,12.991,456.6000000089407,1,invstatic101.creativecdn.com
3678,lge.com,1,doh,213.17,2200.35,1367.8250000000003,7429.70000000298,122,8531376.fls.doubleclick.net;acdn.adnxs.com;ad.doubleclick.net;adservice.google.com;alb.reddit.com;analytics-ipv6.tiktokw.us;analytics.audioeye.com;analytics.cloud.coveo.com;analytics.google.com;analytics.tiktok.com;analytics.twitter.com;api.zaius.com;ara.paa-reporting-advertising.amazon;assets.brandswap.com;bat.bing.com;browser-intake-datadoghq.com;c.amazon-adsystem.com;c.clarity.ms;c.go-mpulse.net;c616071049e743958aea4e9c5a641d81-0be2584242e5.cdn.forter.com;cdn.attn.tv;cdn.id5-sync.com;cdn.optimizely.com;cdn.pricespider.com;cdn.transcend.io;cdn0.forter.com;cdn3.forter.com;cdn3.optimizely.com;cdn6.forter.com;cm.g.doubleclick.net;connect.facebook.net;conv-pix.adstk.io;d.adroll.com;d1igp3oop3iho5.cloudfront.net;ddjpc.lg.com;dsum-sec.casalemedia.com;dynamic.criteo.com;eb2.3lift.com;edge.fullstory.com;ep1.adtrafficquality.google;ep2.adtrafficquality.google;fonts.googleapis.com;getrockerbox.com;gum.criteo.com;halc.iadvize.com;id5-sync.com;idsync.rlcdn.com;image2.pubmatic.com;insight.adsrvr.org;js.adstk.io;js.audiohook.com;labs.iadvize.com;lb.eu-1-id5-sync.com;lbs.eu-1-id5-sync.com;lex.33across.com;lg-us.attn.tv;lge.com;lgeprod.uswe01.productrecs.episerver.net;live-chat-static.sprinklr.com;logx.optimizely.com;match.prod.bidr.io;media.us.lg.com;ml314.com;ob.youstarsbuilding.com;obs.youstarsbuilding.com;pagead2.googlesyndication.com;pippio.com;pixel-config.reddit.com;pixel.rubiconproject.com;pixel.tapad.com;prod-live-chat.sprinklr.com;ps.eyeota.net;px.ads.linkedin.com;rbj3smbh.lg.com;retail.googleapis.com;rs.fullstory.com;rt.udmserve.net;s.adroll.com;s.amazon-adsystem.com;s.clarity.ms;s.go-mpulse.net;s.pinimg.com;sc-static.net;scripts.clarity.ms;secure.adnxs.com;segment.prod.bidr.io;siteintercept.qualtrics.com;snap.licdn.com;sprcdn-assets.sprinklr.com;sslwidget.criteo.com;static.ads-twitter.com;static.cloud.coveo.com;stats.g.doubleclick.net;sync.outbrain.com;sync.taboola.com;t.co;tags.creativecdn.com;tags.srv.stackadapt.com;tags.w55c.net;tapi.optimizely.com;tr.snapchat.com;transcend-cdn.com;tvspix.com;undefined.cdn4.forter.com;us-u.openx.net;us.connextra.com;us.creativecdn.com;wsmcdn.audioeye.com;wsv3cdn.audioeye.com;www.clarity.ms;www.datadoghq-browser-agent.com;www.google.com;www.googleadservices.com;www.googletagmanager.com;www.gstatic.com;www.lg.com;www.lge.com;www.linkedin.com;www.mczbf.com;www.redditstatic.com;x.bidswitch.net;zn2axi2dsrg02wsi2-lgelectronics.siteintercept.qualtrics.com
3943,ny1-bid.adsrvr.org,1,doh,12.581,12.581,12.581,98.40000000596046,1,ny1-bid.adsrvr.org
3024,brave.com,1,doh,19.6,248.84799999999998,248.84800000000004,707.4000000059605,2,analytics.brave.com;brave.com
2980,news.iadsdk.apple.com,1,doh,22.226,22.226,22.226,215.3999999910593,1,news.iadsdk.apple.com
3711,ssum.casalemedia.com,1,doh,14.365,14.365,14.365,105.79999999701977,1,ssum.casalemedia.com
2867,thumbnails.roblox.com,1,doh,15.535,15.535,15.535,268.09999999403954,1,thumbnails.roblox.com
3671,pixel.onaudience.com,1,doh,13.706,13.706,13.706,316.70000000298023,1,pixel.onaudience.com
3076,tr-ooc-acdc.office.com,1,doh,22.577,68.772,68.77200000000005,680.1000000089407,4,aadcdn.msftauth.net;login.microsoftonline.com;res.public.onecdn.static.microsoft;tr-ooc-acdc.office.com
2895,krk2.kargo.com,1,doh,12.89,12.89,12.89,92.6000000089407,1,krk2.kargo.com
3828,eset.com,1,doh,12.118,1086.2549999999999,644.1629999999997,5820.5,61,8117415.fls.doubleclick.net;ad.doubleclick.net;adservice.google.com;affiliates.eset.com;alb.reddit.com;api.buy.eset.com;api.eset.com;assets.ubembed.com;bat.bing.com;bd89567e8d1d4727932403fd80578a58.js.ubembed.com;c.bing.com;c.clarity.ms;cdn-account.optimonk.com;cdn-asset.optimonk.com;cdn-limit.optimonk.com;cdn.esetstatic.com;cdn.jsdelivr.net;cdn1.esetstatic.com;cm.everesttech.net;connect.facebook.net;dpm.demdex.net;dx.mountain.com;eset.com;eset.demdex.net;eset.tt.omtrdc.net;front.optimonk.com;googleads.g.doubleclick.net;grsm.io;gs-cdn.optimonk.com;img.en25.com;invitejs.trustpilot.com;jfapiprod.optimonk.com;js.zi-scripts.com;onsite.optimonk.com;p.veritone-ce.com;partnerlinks.io;pixel-config.reddit.com;px.ads.linkedin.com;refer.eset.com;s.clarity.ms;s786665.t.eloqua.com;scout-cdn.salesloft.com;scout.salesloft.com;scripts.clarity.ms;sgtm.eset.com;sgtmg.eset.com;snap.licdn.com;ssitecat.eset.com;static.hotjar.com;tr.capterra.com;tracking-api.g2.com;visitor.technologyadvice.com;web-assets.eset.com;ws.zoominfo.com;www.clarity.ms;www.eset.com;www.google.com;www.googletagmanager.com;www.linkedin.com;www.mczbf.com;www.redditstatic.com
3773,excelonline.nel.measure.office.net,1,doh,15.412,28.378,28.377999999999894,1416.7999999970198,2,ajax.aspnetcdn.com;excelonline.nel.measure.office.net
3852,visualwebsiteoptimizer.com,1,doh,14.241,331.863,219.9710000000003,3790.3999999910593,19,007-hhd-895.mktoresp.com;bat.bing.com;cdn.cookielaw.org;dev.visualwebsiteoptimizer.com;geolocation.onetrust.com;js.sentry-cdn.com;munchkin.marketo.net;pagead2.googlesyndication.com;platform.linkedin.com;pulse.vwo.io;research.vwo.com;static.licdn.com;static.wingify.com;visualwebsiteoptimizer.com;vwo.com;widget.intercom.io;www.google-analytics.com;www.googletagmanager.com;www.linkedin.com
2990,mediavine.com,1,doh,16.244,98.986,98.98599999999995,1134,6,eu-us-cdn.consentmanager.net;eu-us.consentmanager.net;mediavine.com;www.google-analytics.com;www.googletagmanager.com;www.mediavine.com
3696,p16-sign.tiktokcdn-us.com,1,doh,15.055,15.055,15.055,215.3999999910593,1,p16-sign.tiktokcdn-us.com
3751,log22-normal-alisg.tiktokv.com,1,doh,13.757,13.757,13.757,326.40000000596046,1,log22-normal-alisg.tiktokv.com
3471,rakuten.com,1,doh,14.024,138.789,106.0619999999999,2569.4000000059605,8,cdn.jsdelivr.net;connect.facebook.net;events.engager.ecbsn.com;rakuten.com;static.rakuten.com;www.datadoghq-browser-agent.com;www.facebook.com;www.rakuten.com
2746,auth.split.io,1,doh,14.818,14.818,14.818,88.70000000298023,1,auth.split.io
2906,pm.w55c.net,1,doh,13.127,125.6,125.60000000000001,271.5,2,pm.w55c.net;www.w55c.net
2704,kochava.com,1,doh,24.667,340.05999999999995,247.6549999999999,1387.699999988079,17,analytics.google.com;api.cmp.inmobi.com;assets.kochava.com;cdn.jsdelivr.net;cdn.matomo.cloud;cloud.typography.com;cmp.inmobi.com;global.localizecdn.com;googleads.g.doubleclick.net;kochava.com;s34035.pcdn.co;stats.g.doubleclick.net;storage.googleapis.com;www.google-analytics.com;www.google.com;www.googletagmanager.com;www.kochava.com
3758,eventstreamfwgw.prod.v2.gws.ring.amazon.dev,1,doh,14.703,14.703,14.703,86.30000001192093,1,eventstreamfwgw.prod.v2.gws.ring.amazon.dev
3889,vistarsagency.com,1,doh,16.366,212.95099999999996,162.90400000000005,3137.3999999910593,15,cdn-cookieyes.com;containers.vistarsagency.com;csp.secureserver.net;fonts.googleapis.com;fonts.gstatic.com;img1.wsimg.com;invitejs.trustpilot.com;log.cookieyes.com;sync.spoutroserve.com;sync.vistarsagency.com;visitor-vistarmedia.omnitagjs.com;vistarsagency.com;widget.trustpilot.com;www.google-analytics.com;www.googletagmanager.com
2870,t8.dropbox.com,1,doh,15.058,15.058,15.058,79.20000000298023,1,t8.dropbox.com
3115,amp-api.music.apple.com,1,doh,15.189,15.189,15.189,181.20000000298023,1,amp-api.music.apple.com
3887,force.com,1,doh,16.338,32.3,32.29999999999999,787.5,2,force.com;www.salesforce.com
3866,apps.samsung.com,1,doh,271.38,297.611,297.611,2436.9000000059605,3,account.samsung.com;apps.samsung.com;www.samsung.com
3396,p19-comment-sign-useast8.tiktokcdn-us.com,1,doh,13.841,13.841,13.841,85.5,1,p19-comment-sign-useast8.tiktokcdn-us.com
2920,clienttracing-pa.googleapis.com,1,doh,0.0,13.44,13.439999999999998,165.70000000298023,1,www.google.com
3379,adroll.com,1,doh,16.751,1050.467,560.6860000000004,4754.9000000059605,66,964-wfu-818.mktoresp.com;adroll.com;api.segment.io;app.clearbit.com;b2bjsstore.s3.us-west-2.amazonaws.com;c.bing.com;c.clarity.ms;c.contentsquare.net;cdn.dreamdata.cloud;cdn.heapanalytics.com;cdn.jsdelivr.net;cdn.madkudu.com;cdn.segment.com;cm.g.doubleclick.net;collector-53697.us.tvsquared.com;connect.facebook.net;d.adroll.com;dev.visualwebsiteoptimizer.com;dsum-sec.casalemedia.com;eb2.3lift.com;forms-na2.hsforms.com;googleads.g.doubleclick.net;heapanalytics.com;ib.adnxs.com;idsync.rlcdn.com;image2.pubmatic.com;images.g2crowd.com;js-na2.hs-analytics.net;js-na2.hs-banner.com;js-na2.hs-scripts.com;js-na2.hscollectedforms.net;js.qualified.com;k-aus1.contentsquare.net;kit.fontawesome.com;lex.33across.com;match.adsrvr.org;ml314.com;munchkin.marketo.net;pippio.com;pixel.rubiconproject.com;pixel.tapad.com;ps.eyeota.net;px.ads.linkedin.com;reveal.clearbit.com;s.adroll.com;s.clarity.ms;scripts.clarity.ms;snap.licdn.com;sync.outbrain.com;sync.taboola.com;t.contentsquare.net;tag.clearbitscripts.com;tag.unifyintent.com;track-na2.hubspot.com;tracking-api.g2.com;unpkg.com;us-u.openx.net;ws.zoominfo.com;www.clarity.ms;www.g2.com;www.google-analytics.com;www.google.com;www.googletagmanager.com;www.linkedin.com;x.bidswitch.net;x.clearbitjs.com
3019,config.uca.cloud.unity3d.com,1,doh,13.256,13.256,13.256,97.1000000089407,1,config.uca.cloud.unity3d.com
2801,iqm.com,1,doh,28.537,501.389,252.45999999999984,1517.7000000029802,31,aorta.clickagy.com;aplo-evnt.com;assets.apollo.io;bpi.rtactivate.com;cdn.cookielaw.org;cdn.pxl.iqm.com;cm.g.doubleclick.net;cs.media.net;dsum-sec.casalemedia.com;geolocation.onetrust.com;idsync.rlcdn.com;image6.pubmatic.com;iqm.com;js.zi-scripts.com;partners.tremorhub.com;pippio.com;px.ads.linkedin.com;pxl.iqm.com;rtb-csync.smartadserver.com;s.ad.smaato.net;simage2.pubmatic.com;sync.aniview.com;sync.bfmio.com;sync.outbrain.com;sync.taboola.com;tags.clickagy.com;us-u.openx.net;ws.zoominfo.com;wt.rqtrk.eu;www.google-analytics.com;www.googletagmanager.com
3292,secure-gl.imrworldwide.com,1,doh,14.902,14.902,14.902,119,1,secure-gl.imrworldwide.com
3769,title.mgt.xboxlive.com,1,doh,18.501,18.501,18.501,119,1,title.mgt.xboxlive.com
3968,api.lab.amplitude.com,1,doh,13.503,13.503,13.503,81.5,1,api.lab.amplitude.com
3932,userpresence.xboxlive.com,1,doh,12.383,12.383,12.383,253.1000000089407,1,userpresence.xboxlive.com
3146,bazaarvoice.com,1,doh,15.174,325.0250000000001,203.68600000000015,1942.5,22,848-pgd-174.mktoresp.com;analytics.google.com;api.lever.co;bam.nr-data.net;bazaarvoice.com;cdn.cookielaw.org;cdn.endorsal.io;cdnjs.cloudflare.com;edge.curalate.com;geolocation.onetrust.com;googleads.g.doubleclick.net;js-agent.newrelic.com;js.zi-scripts.com;media.bazaarvoice.com;munchkin.marketo.net;resources.bazaarvoice.com;stats.g.doubleclick.net;use.typekit.net;ws-assets.zoominfo.com;ws.zoominfo.com;www.google.com;www.googletagmanager.com
2925,wp.com,1,doh,13.534,219.82499999999996,138.46100000000004,1429.5999999940395,17,accounts.google.com;bat.bing.com;cdn.parsely.com;connect.facebook.net;googleads.g.doubleclick.net;p1.parsely.com;public-api.wordpress.com;refer.wordpress.com;s0.wp.com;static.hotjar.com;stats.wp.com;wordpress.com;wp.com;wpcom.files.wordpress.com;www.google-analytics.com;www.google.com;www.googletagmanager.com
3417,fw-eventstream.prod.gws.ring.amazon.dev,1,doh,13.701,13.701,13.701,124.3999999910593,1,fw-eventstream.prod.gws.ring.amazon.dev
3808,pull-flv-l1-va01.tiktokcdn.com,1,doh,15.018,15.018,15.018,81.8999999910593,1,pull-flv-l1-va01.tiktokcdn.com
3589,pbs-cs.yellowblue.io,1,doh,13.496,13.496,13.496,95.29999999701977,1,pbs-cs.yellowblue.io
3081,calendarsync-pa.googleapis.com,1,doh,0.0,12.268,12.268,159.80000001192093,1,www.google.com
2897,cp-rp16-normal-useast5.tiktokv.us,1,doh,12.312,12.312,12.312,115.79999999701977,1,cp-rp16-normal-useast5.tiktokv.us
3201,p16-comment-sign.tiktokcdn-us.com,1,doh,16.182,16.182,16.182,99.70000000298023,1,p16-comment-sign.tiktokcdn-us.com
3322,autodesk.com,1,doh,28.145,46.071,46.071,214.5,2,autodesk.com;www.autodesk.com
3026,m.adnxs.com,1,doh,14.538,14.538,14.538,107.70000000298023,1,m.adnxs.com
3570,api.samsungconsent.com,1,doh,14.591,14.591,14.591,96.1000000089407,1,api.samsungconsent.com
3964,optable.co,1,doh,18.423,414.564,211.56199999999987,2755.5999999940395,26,ajax.googleapis.com;analytics.google.com;cdn.jsdelivr.net;cdn.prod.website-files.com;cdn.weglot.com;d3e54v103j8qbb.cloudfront.net;fonts.googleapis.com;fonts.gstatic.com;forms-na1.hsforms.com;forms.hsforms.com;googleads.g.doubleclick.net;js.hs-analytics.net;js.hs-banner.com;js.hs-scripts.com;js.hscollectedforms.net;js.hsforms.net;optable.co;px.ads.linkedin.com;snap.licdn.com;stats.g.doubleclick.net;track.hubspot.com;www.google-analytics.com;www.google.com;www.googletagmanager.com;www.linkedin.com;www.optable.co
3010,e.reddit.com,1,doh,14.693,14.693,14.693,79.3999999910593,1,e.reddit.com
3844,ss-prod-ue1-ns.aws.adobess.com,1,doh,13.764,13.764,13.764,84.40000000596046,1,ss-prod-ue1-ns.aws.adobess.com
2832,app-ads-services.com,1,doh,0.0,14.392,14.392000000000053,571.2000000029802,3,ogads-pa.clients6.google.com;play.google.com;www.gstatic.com
2914,androidwearcloudsync-pa.googleapis.com,1,doh,0.0,11.975,11.974999999999994,157.3999999910593,1,www.google.com
3878,ts.itunes.apple.com,1,doh,25.351,25.351,25.351,107.19999998807907,1,ts.itunes.apple.com
3883,sas.pcms.apple.com,1,doh,14.524,14.524,14.524,327.40000000596046,1,sas.pcms.apple.com
3851,p.tvpixel.com,1,doh,14.876,14.876,14.876,81.79999999701977,1,p.tvpixel.com
3405,ced-ns.sascdn.com,1,doh,13.149,13.149,13.149,591,1,ced-ns.sascdn.com
3348,ims-na1.adobelogin.com,1,doh,14.164,14.164,14.164,99.5,1,ims-na1.adobelogin.com
3058,tapestry.tapad.com,1,doh,15.157,15.157,15.157,110.20000000298023,1,tapestry.tapad.com
2919,ms-cookie-sync.presage.io,1,doh,14.95,14.95,14.95,89.80000001192093,1,ms-cookie-sync.presage.io
3221,www.canva.com,1,doh,0.0,29.961,29.961000000000013,362.45499999821186,2,challenges.cloudflare.com;static.cloudflareinsights.com
3701,brandmetrics.com,1,doh,17.661,43.573,30.812000000000012,1632.6000000089407,2,brandmetrics.com;cdnjs.cloudflare.com
3073,capi.samsungcloud.com,1,doh,13.326,13.326,13.326,307.59999999403954,1,capi.samsungcloud.com
3647,photos.googleapis.com,1,doh,0.0,12.771,12.771000000000015,245.69999998807907,1,www.google.com
2843,gue1-dealer.g2.spotify.com,1,doh,16.654,16.654,16.654,102.59999999403954,1,gue1-dealer.g2.spotify.com
3150,mssdk16-normal-useast5.tiktokv.us,1,doh,15.458,15.458,15.458,88.69999998807907,1,mssdk16-normal-useast5.tiktokv.us
3211,vimeo.com,1,doh,12.371,321.849,215.44199999999955,2399,13,arclight.vimeo.com;browser-intake-datadoghq.com;download-video-ak.vimeocdn.com;edge-assets.wirewax.com;edge-player5.wirewax.video;embedder-sdk.wirewax.video;f.vimeocdn.com;fonts.googleapis.com;player.vimeo.com;static.elfsight.com;transcend-cdn.com;vimeo.bynder.com;vimeo.com
3116,quake-pa.googleapis.com,1,doh,0.0,12.46,12.45999999999998,324.5,1,www.google.com
3698,admixer.net,1,doh,16.78,301.44700000000006,180.20600000000005,2230.5,18,admixer.com;admixer.net;cdn.admixer.net;cdn.getkoala.com;challenges.cloudflare.com;cm.g.doubleclick.net;forms-eu1.hsforms.com;inv-dmp.admixer.net;inv-nets-nyc-s1.admixer.net;inv-nets.admixer.net;js-eu1.hs-analytics.net;js-eu1.hs-banner.com;js-eu1.hs-scripts.com;js-eu1.hscollectedforms.net;rawgit.com;sc.lfeeder.com;tr-rc.lfeeder.com;track-eu1.hubspot.com
2808,tr-ooc-atm.office.com,1,doh,19.897,60.685,60.68499999999995,593.3999999910593,4,aadcdn.msauth.net;login.microsoftonline.com;res.public.onecdn.static.microsoft;tr-ooc-atm.office.com
3770,widgets.outbrain.com,1,doh,14.087,14.087,14.087,180.3999999910593,1,widgets.outbrain.com
3372,firebaseappcheck.googleapis.com,1,doh,0.0,13.613,13.613,149.6000000089407,1,www.google.com
3382,doh.familyshield.opendns.com,1,doh,15.083,15.083,15.083,86.09999999403954,1,doh.familyshield.opendns.com
3232,cs.krushmedia.com,1,doh,13.226,13.226,13.226,109.90000000596046,1,cs.krushmedia.com
2985,www.microsoft365.com,1,doh,13.396,217.49500000000003,138.21300000000008,1377.2999999970198,16,admin.microsoft.com;browser.events.data.microsoft.com;c.s-microsoft.com;config.edge.skype.com;js.monitor.azure.com;login.live.com;login.microsoftonline.com;logincdn.msauth.net;mem.gfx.ms;res.cdn.office.net;s.clarity.ms;scripts.clarity.ms;uhf.microsoft.com;www.clarity.ms;www.microsoft.com;www.microsoft365.com
3084,suggestqueries-clients6.youtube.com,1,doh,0.0,12.45,12.449999999999989,243,1,www.google.com
3087,w3-reporting-nel.reddit.com,1,doh,12.969,12.969,12.969,90.1000000089407,1,w3-reporting-nel.reddit.com
3085,openxcdn.net,1,doh,17.743,17.743,17.743,88.3999999910593,1,openxcdn.net
3872,s3t3d2y1.afcdn.net,1,doh,20.689,43.359,43.358999999998254,22506.69999998808,2,error.c.cdn77.org;s3t3d2y1.afcdn.net
3816,i.l-new.inmobicdn.net,1,doh,12.546,12.546,12.546,125.40000000596046,1,i.l-new.inmobicdn.net
3483,eu-u.openx.net,1,doh,12.494,12.494,12.494,90.8999999910593,1,eu-u.openx.net
3667,aga.web.us-east-1.prod.diagnostic.networking.aws.dev,1,doh,13.417,13.417,13.417,86.29999999701977,1,aga.web.us-east-1.prod.diagnostic.networking.aws.dev
3905,cdn-exp-sg-recommend.pt.xiaomi.com,1,doh,15.343,15.343,15.343,1314.5,1,cdn-exp-sg-recommend.pt.xiaomi.com
3422,v16m.tiktokcdn.com,1,doh,15.916,15.916,15.916,99.40000000596046,1,v16m.tiktokcdn.com
3151,api.intentiq.com,1,doh,14.947,14.947,14.947,221,1,api.intentiq.com
3442,p16-pu-sign-useast8.tiktokcdn-us.com,1,doh,13.62,13.62,13.62,88.29999999701977,1,p16-pu-sign-useast8.tiktokcdn-us.com
3290,lbmdm.mosyle.com,1,doh,17.892,17.892,17.892,185.70000000298023,1,lbmdm.mosyle.com
3263,pull-cmaf-f77-tt01.tiktokcdn-us.com,1,doh,16.055,16.055,16.055,86.79999999701977,1,pull-cmaf-f77-tt01.tiktokcdn-us.com
3763,login.yahoo.com,1,doh,14.426,1798.9100000000012,726.0509999999999,1511.6000000089407,107,0a17aa652a90dbca2af776247ec36d9d.safeframe.googlesyndication.com;aa.agkn.com;aax-eu.amazon-adsystem.com;ad.360yield.com;ad.turn.com;ads.creative-serving.com;ads.pubmatic.com;ads.servenobid.com;ads.yieldmo.com;ap.lijit.com;api.taboola.com;b1sync.outbrain.com;bb.lijit.com;beachfront-match.dotomi.com;bh.contextweb.com;c1.adform.net;cadmus.script.ac;capi.connatix.com;ced-ns.sascdn.com;cm.adform.net;cm.g.doubleclick.net;cms.analytics.yahoo.com;consent.cmp.oath.com;contextual.media.net;creativecdn.com;cs.admanmedia.com;cs.media.net;csync.smartadserver.com;dis.criteo.com;dpm.demdex.net;eb2.3lift.com;ep1.adtrafficquality.google;ep2.adtrafficquality.google;eus.rubiconproject.com;gpt.mail.yahoo.net;guce.yahoo.com;id.rlcdn.com;idx.liadm.com;image2.pubmatic.com;image6.pubmatic.com;image8.pubmatic.com;jadserve.postrelease.com;live.primis.tech;login.yahoo.com;match.adsrvr.org;match.deepintent.com;match.prod.bidr.io;match.sharethrough.com;measureadv.com;ms-cookie-sync.presage.io;onetag-sys.com;opus.analytics.yahoo.com;pagead2.googlesyndication.com;pbs-cs.yellowblue.io;pbs.yahoo.com;pippio.com;pixel-eu.rubiconproject.com;pixel-us-east.rubiconproject.com;pixel.rubiconproject.com;pixel.tapad.com;prebid-match.dotomi.com;prebid.a-mo.net;px.ads.linkedin.com;rp.liadm.com;rtb.gumgum.com;rtb.mfadsrvr.com;rtb.openx.net;s.ad.smaato.net;s.amazon-adsystem.com;s.seedtag.com;s.yimg.com;secure-assets.rubiconproject.com;secure.adnxs.com;securepubads.g.doubleclick.net;signal-service.pbs.yahoo.com;ssbsync-global.smartadserver.com;ssbsync.smartadserver.com;ssc-cms.33across.com;ssp-sync.criteo.com;ssp.disqus.com;sync.bfmio.com;sync.go.sonobi.com;sync.intentiq.com;sync.ipredictive.com;sync.pmbmonetize.live;sync.smartadserver.com;sync.srv.stackadapt.com;t.adx.opera.com;tg.socdm.com;token.rubiconproject.com;tr.blismedia.com;tsdtocl.com;udc.yahoo.com;uipglob.semasio.net;um.simpli.fi;ups.analytics.yahoo.com;us-u.openx.net;user-sync.fwmrm.net;usersync.gumgum.com;uss.xplosion.de;ut.pubmatic.com;visitor.omnitagjs.com;www.google-analytics.com;www.google.com;www.googletagmanager.com;www.temu.com;x.bidswitch.net
3909,roughtime.sandbox.google.com,1,doh,0.0,13.623,13.62299999999999,247.79999999701977,1,www.google.com
2880,monitoring.us-east-1.amazonaws.com,1,doh,14.11,14.11,14.11,159.80000001192093,1,monitoring.us-east-1.amazonaws.com
3814,libra16-normal-useast8.tiktokv.us,1,doh,14.956,14.956,14.956,142.69999998807907,1,libra16-normal-useast8.tiktokv.us
3359,evidon.com,1,doh,23.317,374.468,218.66199999999975,2988.3999999910593,22,457-tsj-193.mktoresp.com;analytics.google.com;c.evidon.com;evidon.com;fonts.gstatic.com;js.qualified.com;l.evidon.com;munchkin.marketo.net;pagead2.googlesyndication.com;px.ads.linkedin.com;scout-cdn.salesloft.com;scout.salesloft.com;snap.licdn.com;stats.g.doubleclick.net;track.gaconnector.com;ws.zoominfo.com;www.crownpeak.com;www.evidon.com;www.google-analytics.com;www.google.com;www.googletagmanager.com;www.linkedin.com
3944,api64.ipify.org,1,doh,11.472,11.472,11.472,262.79999999701977,1,api64.ipify.org
3776,protechts.net,1,doh,17.555,17.555,17.555,117.5,1,protechts.net
3953,cookies.nextmillmedia.com,1,doh,12.253,12.253,12.253,91.70000000298023,1,cookies.nextmillmedia.com
2826,webcast-ws16-normal-useast8.tiktokv.us,1,doh,17.386,17.386,17.386,133.20000000298023,1,webcast-ws16-normal-useast8.tiktokv.us
2768,cdn-settings.segment.com,1,doh,16.371,16.371,16.371,291.20000000298023,1,cdn-settings.segment.com
3825,alibaba.com,1,doh,14.101,1180.3050000000003,1082.6659999999997,2771.3999999910593,26,891dg8.tdum.alibaba.com;accounts.google.com;acs.h.alibaba.com;aeis.alicdn.com;alibaba.com;aplus.alibaba.com;assets.alicdn.com;cashier.alibaba.com;fourier.alibaba.com;fourier.taobao.com;g.alicdn.com;gw.alicdn.com;img.alicdn.com;insights.alibaba.com;login.alibaba.com;o.alicdn.com;onetalk.alibaba.com;open-s.alibaba.com;px-intl.ucweb.com;px.effirst.com;s.alicdn.com;sc01.alicdn.com;ug.alibaba.com;us.ynuf.aliapp.org;www.alibaba.com;ynuf.aliapp.org
3687,external-preview.redd.it,1,doh,14.006,27.248,27.248000000000005,74.69999998807907,2,external-preview.redd.it;www.reddit.com
3583,realtime-signalr.roblox.com,1,doh,15.698,15.698,15.698,84.09999999403954,1,realtime-signalr.roblox.com
3406,gtracenep.admaster.cc,1,doh,12.104,12.104,12.104,170.6000000089407,1,gtracenep.admaster.cc
3951,cdn.js7k.com,1,doh,14.184,74.182,50.55499999999999,213.70000000298023,4,bcn.fp.yahoo.com;cdn.js7k.com;geo.yahoo.com;s.yimg.com
2806,pxl.iqm.com,1,doh,12.472,12.472,12.472,86.79999999701977,1,pxl.iqm.com
3252,trace.mediago.io,1,doh,13.903,13.903,13.903,172.09999999403954,1,trace.mediago.io
3870,us-east-tlx.3lift.com,1,doh,13.586,75.27,75.26999999999998,261.5,4,divp3w86nodu0.cloudfront.net;fonts.googleapis.com;fonts.gstatic.com;us-east-tlx.3lift.com
2735,blismedia.com,1,doh,20.663,32.186,32.18600000000002,316.5900000035763,2,blismedia.com;challenges.cloudflare.com
2807,cdn.forter.com,1,doh,22.836,22.836,22.836,96.20000000298023,1,cdn.forter.com
2715,symantec.com,1,doh,11.814,210.73299999999998,202.71999999999989,2105.3999999910593,12,cdn.cookielaw.org;geolocation.onetrust.com;house-fastly-signed-us-east-1-prod.brightcovecdn.com;images.sw.broadcom.com;img.en25.com;metrics.brightcove.com;players.brightcove.net;secure.sw.broadcom.com;symantec.com;www.broadcom.com;www.google-analytics.com;www.googletagmanager.com
2994,segments.company-target.com,1,doh,12.059,12.059,12.059,85,1,segments.company-target.com
3946,tzm.protechts.net,1,doh,14.178,14.178,14.178,149.20000000298023,1,tzm.protechts.net
2946,cdn.confiant-integrations.net,1,doh,12.255,12.255,12.255,134.6000000089407,1,cdn.confiant-integrations.net
2965,data.amazon.com,1,doh,13.415,38.807,38.806999999999995,157,2,data.amazon.com;g-ecx.images-amazon.com
3295,uber.com,1,doh,13.388,134.21,100.311,1224.3999999910593,8,accounts.google.com;cn-geo1.uber.com;d4p17acsd5wyj.cloudfront.net;mobile-content.uber.com;tags.tiqcdn.com;tb-static.uber.com;uber.com;www.uber.com
3187,analytics.avcdn.net,1,doh,11.182,11.182,11.182,89.20000000298023,1,analytics.avcdn.net
2682,subscriptionsfirstparty-pa.googleapis.com,1,doh,0.0,12.544,12.544000000000011,168.79999999701977,1,www.google.com
2822,hotapi16-normal-useast5.tiktokv.us,1,doh,16.158,16.158,16.158,107.20000000298023,1,hotapi16-normal-useast5.tiktokv.us
3757,dual-s-0005-office.config.skype.com,1,doh,13.485,13.485,13.485,114.59999999403954,1,dual-s-0005-office.config.skype.com
3544,bugly.qq.com,1,doh,192.751,220.786,206.9569999999999,4549.20000000298,3,bugly.qq.com;vm.gtimg.cn;wp.qiye.qq.com
2817,ml314.com,1,doh,15.931,15.931,15.931,97.3999999910593,1,ml314.com
3398,enterprise.slack.com,1,doh,23.729,95.52199999999999,79.93299999999999,1638.5,5,a.slack-edge.com;cdn.cookielaw.org;enterprise-renamed.slack.com;enterprise.slack.com;geolocation.onetrust.com
3901,excess.duolingo.com,1,doh,12.997,12.997,12.997,84,1,excess.duolingo.com
3291,data.mail.yahoo.com,1,doh,12.577,577.728,271.42800000000045,1185.5,47,ad-delivery.net;ad.turn.com;ads.pubmatic.com;ads.yieldmo.com;api.rlcdn.com;c2shb-oao.ssp.yahoo.com;cadmus.script.ac;cdn.p-n.io;cdn.taboola.com;cm.g.doubleclick.net;consent.cmp.oath.com;data.mail.yahoo.com;display.bidder.taboola.com;exchange.kueezrtb.com;fastlane.rubiconproject.com;grid-bidder.criteo.com;guce.yahoo.com;htlb.casalemedia.com;ib.adnxs.com;idx.liadm.com;match.adsrvr.org;ncp-gw-frontpage.media.yahoo.com;nexus-gateway-prod.media.yahoo.com;noa.yahoo.com;opus.analytics.yahoo.com;pbs-cs.openwebmp.com;pbs-yahoo-us.ay.delivery;pbs.yahoo.com;prebid-server.rubiconproject.com;prebid.media.net;rp.liadm.com;rtb.openx.net;s.seedtag.com;s.yimg.com;sb.scorecardresearch.com;seart.marphezis.com;securepubads.g.doubleclick.net;signal-service.pbs.yahoo.com;tlx.3lift.com;tr.blismedia.com;tsdtocl.com;u.openx.net;ups.analytics.yahoo.com;us-trc-events.taboola.com;wnsrvbjmeprtfrnfx.ay.delivery;www.googletagmanager.com;www.yahoo.com
3529,o-adq.mediation.unity3d.com,1,doh,13.446,13.446,13.446,109.59999999403954,1,o-adq.mediation.unity3d.com
2781,beacons3.gvt2.com,1,doh,0.0,12.503,12.502999999999986,244.6000000089407,1,www.google.com
2857,api.ring.com,1,doh,12.285,12.285,12.285,68.5,1,api.ring.com
3056,gslb-2.demdex.net,1,doh,15.278,15.278,15.278,130.5,1,gslb-2.demdex.net
2762,androidpay-users-pa.googleapis.com,1,doh,0.0,11.688,11.687999999999988,700.5,3,ogads-pa.clients6.google.com;play.google.com;www.gstatic.com
2932,rs.fullstory.com,1,doh,13.571,331.5129999999999,275.8050000000001,4267,23,002-ldf-436.mktoresp.com;api.ipify.org;api.thatsnoble.com;ariane.abtasty.com;buyers.thatsnoble.com;cmp.osano.com;dcinfos-cache.abtasty.com;edge.staging.fullstory.com;endpoints.test-the-things.com;fonts.gstatic.com;go2.fullstory.com;googleads.g.doubleclick.net;i.ytimg.com;images.ctfassets.net;js.qualified.com;munchkin.marketo.net;rs.fullstory.com;rs.staging.fullstory.com;static.doubleclick.net;try.abtasty.com;www.fullstory.com;www.google.com;www.youtube.com
3231,b-api.facebook.com,1,doh,12.825,12.825,12.825,132.3999999910593,1,b-api.facebook.com
2889,olx.biz.id,1,doh,22.322,697.5590000000001,466.8419999999995,4072.199999988079,22,advm.brznetwork.com;cdn.ampproject.org;cdn.enkosa.com;cdn1.sharemyimage.com;codice.shinystat.com;codicebusiness.shinystat.com;ep1.adtrafficquality.google;ep2.adtrafficquality.google;fonts.googleapis.com;fonts.gstatic.com;fundingchoicesmessages.google.com;googleads.g.doubleclick.net;mc.yandex.ru;olx.biz.id;pagead2.googlesyndication.com;s13.shinystat.com;static.cloudflareinsights.com;storiess.enkosa.com;webstoriess.enkosa.com;www.enkosa.com;www.google.com;www.gstatic.com
3627,i-adq.mediation.unity3d.com,1,doh,13.885,13.885,13.885,107.90000000596046,1,i-adq.mediation.unity3d.com
3491,activate.agent-common.prod.us002-prod.arcticwolf.net,1,doh,13.606,13.606,13.606,160.40000000596046,1,activate.agent-common.prod.us002-prod.arcticwolf.net
3365,sf19.tiktokcdn-us.com,1,doh,14.4,14.4,14.4,85.3999999910593,1,sf19.tiktokcdn-us.com
3510,manageengine.com,1,doh,15.721,247.44299999999998,116.22900000000038,2308,16,accounts.zoho.ae;accounts.zoho.com;accounts.zoho.com.au;accounts.zoho.eu;accounts.zoho.in;accounts.zoho.jp;accounts.zoho.uk;accounts.zohocloud.ca;cdn.manageengine.com;css.zohocdn.com;js.zohocdn.com;manageengine.com;salesiq.zoho.in;salesiq.zohopublic.in;widgets.zohosalesiq.com;www.manageengine.com
3725,goguardian.com,1,doh,13.392,804.02,385.93800000000033,1902.7000000029802,52,analytics-ipv6.tiktokw.us;analytics.google.com;analytics.tiktok.com;analytics.twitter.com;api.hubapi.com;app.optibase.io;bat.bing.com;cdn.jsdelivr.net;cdn.prod.website-files.com;cm.g.doubleclick.net;connect.facebook.net;cookie-cdn.cookiepro.com;d1eoo1tco6rr5e.cloudfront.net;d3e54v103j8qbb.cloudfront.net;dpm.demdex.net;forms-na1.hsforms.com;forms.hsforms.com;geolocation.onetrust.com;goguardian.com;googleads.g.doubleclick.net;hubspotv2.use1-marketplace-1p-apps-prod-red.if.webflow.services;ib.adnxs.com;idsync.rlcdn.com;insight.adsrvr.org;js.hs-analytics.net;js.hs-banner.com;js.hs-scripts.com;js.hsadspixel.net;js.hsforms.net;js.hubspot.com;load77.exelator.com;loadm.exelator.com;perf-na1.hsforms.com;pixel-sync.sitescout.com;pixel.rubiconproject.com;pixel.sitescout.com;pixel.tapad.com;px.ads.linkedin.com;snap.licdn.com;static.ads-twitter.com;static.hotjar.com;stats.g.doubleclick.net;sync.crwdcntrl.net;t.co;track.hubspot.com;up.pixel.ad;use.typekit.net;www.goguardian.com;www.google.com;www.googleadservices.com;www.googletagmanager.com;www.linkedin.com
3615,he.lijit.com,1,doh,14.328,14.328,14.328,467.09999999403954,1,he.lijit.com
2983,siriusxm.com,1,doh,13.667,416.78100000000006,234.96300000000008,640.4000000059605,33,9170879.fls.doubleclick.net;analytics.twitter.com;assets.adobedtm.com;bat.bing.com;cdn.bizible.com;cdn.cookielaw.org;cdn.evgnet.com;cdn.quantummetric.com;cm.g.doubleclick.net;d.agkn.com;dpm.demdex.net;geolocation.onetrust.com;googleads.g.doubleclick.net;img.youtube.com;ingest.quantummetric.com;insight.adsrvr.org;js.adsrvr.org;pixel.rubiconproject.com;s.pinimg.com;s.yimg.com;sierra.chat;siriusxm.com;siriusxmradioinc.us-6.evergage.com;sp.analytics.yahoo.com;static.ads-twitter.com;storage.googleapis.com;t.co;www.datadoghq-browser-agent.com;www.google-analytics.com;www.google.com;www.googleadservices.com;www.googletagmanager.com;www.siriusxm.com
2892,client-upgrade-a.wbx2.com,1,doh,48.719,48.719,48.719,202.69999998807907,1,client-upgrade-a.wbx2.com
3750,api16-core-c-alisg.tiktokv.com,1,doh,15.227,15.227,15.227,325.69999998807907,1,api16-core-c-alisg.tiktokv.com
3234,known-issues.apple.com,1,doh,13.13,13.13,13.13,144.70000000298023,1,known-issues.apple.com
3950,edge.adobedc.net,1,doh,14.663,14.663,14.663,85.20000000298023,1,edge.adobedc.net
3520,ums.acuityplatform.com,1,doh,17.689,17.689,17.689,92.90000000596046,1,ums.acuityplatform.com
3587,dev.virtualearth.net,1,doh,14.589,14.589,14.589,120,1,dev.virtualearth.net
2949,styles.redditmedia.com,1,doh,12.962,12.962,12.962,115,1,styles.redditmedia.com
3470,brightcloud.com,1,doh,14.32,666.6260000000001,401.17200000000037,1252.5,38,128-239-2-78_s-23-215-0-5_ts-1776302871-clienttons-s.akamaihd.net;analytics.google.com;app.gatedcontent.com;assets.ot.digital;brightcloud.com;c.go-mpulse.net;cdn.cookielaw.org;cm.g.doubleclick.net;epsilon.6sense.com;geolocation.onetrust.com;googleads.g.doubleclick.net;ib.adnxs.com;img.en25.com;insight.adsrvr.org;insitez.blob.core.windows.net;ipv6.6sc.co;j.6sc.co;js.adsrvr.org;js.qualified.com;origin.marketinghub.opentext.com;pixel.rubiconproject.com;px.ads.linkedin.com;qdxqettimfkrw2pahmlq-prhk99-9b23f8d56-clientnsv4-s.akamaihd.net;resources.opentext.com;s.clarity.ms;s.go-mpulse.net;scripts.clarity.ms;secure.marketinghub.opentext.com;snap.licdn.com;stats.g.doubleclick.net;trial-eum-clientnsv4-s.akamaihd.net;trial-eum-clienttons-s.akamaihd.net;wisepops.net;www.clarity.ms;www.google.com;www.googletagmanager.com;www.linkedin.com;www.opentext.com
3440,q419zmlyfb4fa0.na.api.amazonvideo.com,1,doh,15.906,15.906,15.906,97.70000000298023,1,q419zmlyfb4fa0.na.api.amazonvideo.com
2890,log16-normal-useast5.tiktokv.us,1,doh,14.696,14.696,14.696,137.19999998807907,1,log16-normal-useast5.tiktokv.us
3362,det-ta-g7g.amazon.com,1,doh,16.107,16.107,16.107,97.5,1,det-ta-g7g.amazon.com
2955,notification.m365.svc.cloud.microsoft,1,doh,15.171,15.171,15.171,236,1,notification.m365.svc.cloud.microsoft
3349,tags.srv.stackadapt.com,1,doh,12.812,12.812,12.812,81.8999999910593,1,tags.srv.stackadapt.com
3564,www.fbsbx.com,1,doh,15.321,15.321,15.321,201.20000000298023,1,www.fbsbx.com
3450,geo2.adobe.com,1,doh,12.796,12.796,12.796,83.59999999403954,1,geo2.adobe.com
3453,pull-f5-sg01.tiktokcdn.com,1,doh,13.237,13.237,13.237,91.1000000089407,1,pull-f5-sg01.tiktokcdn.com
2725,grid.bidswitch.net,1,doh,12.887,12.887,12.887,90.5,1,grid.bidswitch.net
3880,redirector.gvt1.com,1,doh,0.0,12.005,12.004999999999995,149,1,www.google.com
3594,player.vimeo.com,1,doh,14.541,198.90599999999998,102.92200000000057,2163,11,browser-intake-datadoghq.com;cdn.builder.io;download-video-ak.vimeocdn.com;f.vimeocdn.com;fonts.googleapis.com;player.vimeo.com;static.elfsight.com;transcend-cdn.com;vimeo.bynder.com;vimeo.com;www.googletagmanager.com
3113,region1.google-analytics.com,1,doh,0.0,14.51,14.509999999999991,492.1000000089407,1,www.google.com
2700,cdn.hadronid.net,1,doh,12.552,24.021,24.020999999999994,194.59999999403954,2,cdn.hadronid.net;static.cloudflareinsights.com
3877,gboxlab.com,1,doh,19.801,53.311,42.986999999999924,675.2000000029802,4,cdn.staticfile.org;gboxlab.com;www.google-analytics.com;www.googletagmanager.com
3409,gateway.prod.us-east-1.forester.a2z.com,1,doh,12.951,12.951,12.951,87.09999999403954,1,gateway.prod.us-east-1.forester.a2z.com
3194,secure.quantserve.com,1,doh,12.676,12.676,12.676,83.20000000298023,1,secure.quantserve.com
3077,events.mapbox.com,1,doh,11.826,11.826,11.826,126.20000000298023,1,events.mapbox.com
3186,rules.quantcount.com,1,doh,15.44,15.44,15.44,83.79999999701977,1,rules.quantcount.com
3367,pull-flv-l77-tt02.tiktokcdn-us.com,1,doh,15.077,15.077,15.077,85,1,pull-flv-l77-tt02.tiktokcdn-us.com
3710,img.doppiocdn.com,1,doh,13.543,13.543,13.543,240.20000000298023,1,img.doppiocdn.com
2899,sdk-events.inner-active.mobi,1,doh,13.129,13.129,13.129,111.20000000298023,1,sdk-events.inner-active.mobi
3684,google.us,1,doh,0.0,13.972999999999999,13.9729999999999,635.5999999940395,3,ogads-pa.clients6.google.com;play.google.com;www.gstatic.com
3141,agents.amsua0502.manage.microsoft.com,1,doh,0.015,0.015,0.015,335.40000000596046,1,agents.amsua0502.manage.microsoft.com
3567,vop.sundaysky.com,1,doh,11.964,11.964,11.964,88.40000000596046,1,vop.sundaysky.com
3827,applecommerce-pa.googleapis.com,1,doh,0.0,13.234,13.234000000000009,178.69999998807907,1,www.google.com
3065,pull-flv-l1-sg01.tiktokcdn.com,1,doh,14.398,14.398,14.398,182.09999999403954,1,pull-flv-l1-sg01.tiktokcdn.com
2708,et-eus.w.inmobi.com,1,doh,13.526,13.526,13.526,91.40000000596046,1,et-eus.w.inmobi.com
3331,config-cd-dmgz.bamgrid.com,1,doh,13.688,13.688,13.688,352.90000000596046,1,config-cd-dmgz.bamgrid.com
3820,google.co.uk,1,doh,0.0,13.814,13.814000000000135,816.7000000029802,3,ogads-pa.clients6.google.com;play.google.com;www.gstatic.com
3673,mmg.whatsapp.net,1,doh,14.294,14.294,14.294,79.20000000298023,1,mmg.whatsapp.net
3092,gspe21-ssl.ls.apple.com,1,doh,17.647,17.647,17.647,172.30000001192093,1,gspe21-ssl.ls.apple.com
3697,gecko31-normal-alisg.tiktokv.com,1,doh,14.206,14.206,14.206,773.6000000089407,1,gecko31-normal-alisg.tiktokv.com
3163,mssdk16-normal-useast8.tiktokv.us,1,doh,14.245,14.245,14.245,128.69999998807907,1,mssdk16-normal-useast8.tiktokv.us
2912,wikipedia.com,1,doh,12.58,24.121000000000002,24.120999999999995,501,2,wikipedia.com;www.wikipedia.org
2903,betweendigital.com,1,doh,82.412,390.60699999999997,377.90700000000004,5356.0999999940395,5,api.betweendigital.com;betweendigital.com;cp.betweendigital.com;fonts.googleapis.com;fonts.gstatic.com
3581,walmart.com,1,doh,13.479,168.53099999999998,168.53100000000063,4348,14,b.wal.co;b.www.walmart.com;client.px-cloud.net;collector-pxu6b0qd2s.px-cloud.net;crcldu.com;fonts.googleapis.com;fst-ec.perimeterx.net;gum.criteo.com;i5.walmartimages.com;idsync.rlcdn.com;tpc.googlesyndication.com;tzm.px-cloud.net;walmart.com;www.walmart.com
3850,session.mshopbugsnag.irm.amazon.dev,1,doh,12.067,12.067,12.067,277.90000000596046,1,session.mshopbugsnag.irm.amazon.dev
2795,ajs-assets.ftstatic.com,1,doh,13.743,13.743,13.743,186.09999999403954,1,ajs-assets.ftstatic.com
3706,img.applovin.com,1,doh,17.299,17.299,17.299,87.5,1,img.applovin.com
3830,ios.prod.ftl.netflix.com,1,doh,17.482,17.482,17.482,117.90000000596046,1,ios.prod.ftl.netflix.com
3771,device-metrics-us.amazon.com,1,doh,12.924,12.924,12.924,88.70000000298023,1,device-metrics-us.amazon.com
3768,eventstreamfwgw.us-east-1.prod.v2.gws.ring.amazon.dev,1,doh,13.866,13.866,13.866,95.70000000298023,1,eventstreamfwgw.us-east-1.prod.v2.gws.ring.amazon.dev
3480,friend.gc.apple.com,1,doh,13.045,13.045,13.045,162.79999999701977,1,friend.gc.apple.com
2909,se2.itunes.apple.com,1,doh,14.107,14.107,14.107,154.5,1,se2.itunes.apple.com
2845,api.stores.us-east-1.prod.paets.advertising.amazon.dev,1,doh,14.915,14.915,14.915,87.29999999701977,1,api.stores.us-east-1.prod.paets.advertising.amazon.dev
3579,api.mapbox.com,1,doh,13.494,13.494,13.494,87.40000000596046,1,api.mapbox.com
3060,id.hadron.ad.gt,1,doh,13.275,13.275,13.275,98.79999999701977,1,id.hadron.ad.gt
3606,media.discordapp.net,1,doh,13.438,13.438,13.438,137.8999999910593,1,media.discordapp.net
2714,liveintent.com,1,doh,21.936,370.683,255.62099999999973,1044,24,analytics.twitter.com;b-code.liadm.com;bat.bing.com;cdn.cookielaw.org;cdn.pdst.fm;connect.facebook.net;d.liadm.com;fonts.googleapis.com;geolocation.onetrust.com;googleads.g.doubleclick.net;i.liadm.com;liveintent.com;pixels.spotify.com;px.ads.linkedin.com;rp.liadm.com;sli.liveintent.com;snap.licdn.com;static.ads-twitter.com;t.co;www.google-analytics.com;www.google.com;www.googletagmanager.com;www.linkedin.com;www.liveintent.com
2941,esxdos.org,1,doh,13.333,13.333,13.333,580.5999999940395,1,esxdos.org
3127,mdp-appconf-sg.heytapdl.com,1,doh,13.738,13.738,13.738,331.20000000298023,1,mdp-appconf-sg.heytapdl.com
3036,kidsmanagement-pa.googleapis.com,1,doh,0.0,15.385,15.385000000000005,161.40000000596046,1,www.google.com
3199,pull-flv-l11-sg01.tiktokcdn.com,1,doh,86.256,86.256,86.256,443.70000000298023,1,pull-flv-l11-sg01.tiktokcdn.com
3353,sync-t1.taboola.com,1,doh,12.434,12.434,12.434,113.40000000596046,1,sync-t1.taboola.com
3764,data.ad-score.com,1,doh,13.619,13.619,13.619,157.09999999403954,1,data.ad-score.com
3665,matrix.redditspace.com,1,doh,13.687,13.687,13.687,100.1000000089407,1,matrix.redditspace.com
3155,discord.media,1,doh,16.637,16.637,16.637,170.40000000596046,1,discord.media
3609,code.createjs.com,1,doh,23.119,62.75,62.749999999999915,2006,4,code.createjs.com;use.typekit.net;www.google-analytics.com;www.googletagmanager.com
2702,cacerts.digicert.com,1,doh,15.245,15.245,15.245,109.29999999701977,1,cacerts.digicert.com
2987,px.mountain.com,1,doh,14.455,14.455,14.455,111.1000000089407,1,px.mountain.com
3539,vortex.data.microsoft.com,1,doh,13.314,13.314,13.314,1106.699999988079,1,vortex.data.microsoft.com
3063,cloudinary.com,1,doh,22.014,749.0169999999999,427.5170000000008,1638.2999999970198,45,10042940.metrics.convertexperiments.com;6582dcf7f428a5cef679cbd8.services.infinigrow.com;796-xwl-496.mktoresp.com;api.cr-proxy.com;app.infinigrow.com;cdn-4.convertexperiments.com;cdn.cookielaw.org;cdn.cr-proxy.com;cdn.debugbear.com;cdn.jsdelivr.net;cloudinary.com;cm.g.doubleclick.net;connect.facebook.net;d.adroll.com;ddzuuyx7zj81k.cloudfront.net;dss6ntp5q2r0o.cloudfront.net;dsum-sec.casalemedia.com;eb2.3lift.com;fonts.googleapis.com;fonts.gstatic.com;geolocation.onetrust.com;googleads.g.doubleclick.net;gtm.cloudinary.com;ib.adnxs.com;idsync.rlcdn.com;image2.pubmatic.com;logs.convertexperiments.com;match.adsrvr.org;ml314.com;munchkin.marketo.net;pixel.rubiconproject.com;pixel.tapad.com;ps.eyeota.net;px.ads.linkedin.com;res.cloudinary.com;s.adroll.com;snap.licdn.com;static.ads-twitter.com;sync.outbrain.com;sync.taboola.com;tracking-api.g2.com;us-u.openx.net;www.google.com;www.googletagmanager.com;x.bidswitch.net
3400,qvdt3feo.com,1,doh,14.334,14.334,14.334,82.79999999701977,1,qvdt3feo.com
3247,sync.e-volution.ai,1,doh,21.671,21.671,21.671,394.70000000298023,1,sync.e-volution.ai
2982,samplicio.us,1,doh,39.458,39.458,39.458,59.099999994039536,1,samplicio.us
2940,d.dropbox.com,1,doh,12.596,55.105000000000004,43.079999999999984,458.20000000298023,3,assets.dropbox.com;cfl.dropboxstatic.com;d.dropbox.com
3550,qagpublic.qg2.apps.qualys.com,1,doh,17.618,17.618,17.618,312.40000000596046,1,qagpublic.qg2.apps.qualys.com
3714,cms.analytics.yahoo.com,1,doh,12.655,12.655,12.655,90.3999999910593,1,cms.analytics.yahoo.com
3513,c.evidon.com,1,doh,13.644,13.644,13.644,89.59999999403954,1,c.evidon.com
3035,api.apptentive.com,1,doh,17.331,17.331,17.331,91.79999999701977,1,api.apptentive.com
2883,voledevice-pa.googleapis.com,1,doh,0.0,15.857,15.857,210.40000000596046,1,www.google.com
3289,dsum.casalemedia.com,1,doh,14.909,14.909,14.909,167.6000000089407,1,dsum.casalemedia.com
3472,log32-normal-sg.capcutapi.com,1,doh,12.27,12.27,12.27,764.6999999880791,1,log32-normal-sg.capcutapi.com
3801,p16-oec-va.ibyteimg.com,1,doh,15.943,15.943,15.943,418,1,p16-oec-va.ibyteimg.com
3717,shalltry.com,1,doh,27.589,27.589,27.589,346.90000000596046,1,shalltry.com
3161,pay.google.com,1,doh,0.0,17.737,17.736999999999966,675.7999999970198,1,ssl.gstatic.com
3325,sync.adotmob.com,1,doh,13.084,13.084,13.084,366.8999999910593,1,sync.adotmob.com
3032,www.office.com,1,doh,13.889,297.73,169.67999999999972,876.9000000059605,15,admin.microsoft.com;browser.events.data.microsoft.com;c.s-microsoft.com;config.edge.skype.com;js.monitor.azure.com;login.live.com;login.microsoftonline.com;mem.gfx.ms;res.cdn.office.net;s.clarity.ms;scripts.clarity.ms;uhf.microsoft.com;www.clarity.ms;www.microsoft.com;www.office.com
3709,aggr19-normal.tiktokv.com,1,doh,13.939,13.939,13.939,83.90000000596046,1,aggr19-normal.tiktokv.com
3729,groups.roblox.com,1,doh,18.29,18.29,18.29,123,1,groups.roblox.com
3068,www.telecommandsvc.microsoft.com,1,doh,14.168,14.168,14.168,334.79999999701977,1,www.telecommandsvc.microsoft.com
3617,aga.web.ap-northeast-1.prod.diagnostic.networking.aws.dev,1,doh,14.184,14.184,14.184,531.1000000089407,1,aga.web.ap-northeast-1.prod.diagnostic.networking.aws.dev
2862,live.primis.tech,1,doh,12.567,12.567,12.567,78.90000000596046,1,live.primis.tech
3925,crl.globalsign.com,1,doh,13.307,340.04600000000005,281.42700000000013,1500.699999988079,21,api-cdn.euw2.pure.cloud;apps.euw2.pure.cloud;bam.eu01.nr-data.net;cache.img.gmo.jp;cdn.jsdelivr.net;consent.cookiebot.com;consentcdn.cookiebot.com;crl.globalsign.com;fonts.googleapis.com;fonts.gstatic.com;globalsign.com;globalsign.containers.piwik.pro;globalsign.piwik.pro;js-agent.newrelic.com;s.clarity.ms;scripts.clarity.ms;seal.atlas.globalsign.com;static.cloudflareinsights.com;www.clarity.ms;www.globalsign.com;www.googletagmanager.com
3553,int08h.com,1,doh,16.622,43.662,30.840999999999994,193.1000000089407,3,cdnjs.cloudflare.com;int08h.com;www.google-analytics.com
2766,sf16-ies-music-va.tiktokcdn.com,1,doh,15.937,15.937,15.937,107.19999998807907,1,sf16-ies-music-va.tiktokcdn.com
3420,sharethis.com,1,doh,28.758,201.334,155.02099999999996,1135.5999999940395,13,buttons-config.sharethis.com;cdn.weglot.com;cmp.osano.com;count-server.sharethis.com;fonts.googleapis.com;fonts.gstatic.com;gdpr-api.sharethis.com;l.sharethis.com;platform-api.sharethis.com;platform-cdn.sharethis.com;sharethis.com;sharethis.imgix.net;www.googletagmanager.com
3818,vk.ru,1,doh,13.486,292.87800000000004,251.50999999999988,6307.5,13,ads.vk.com;akashi.vk-portal.net;api.vk.ru;login.vk.ru;privacy-cs.mail.ru;r0.mradx.net;st.vk.ru;stacks.vk-portal.net;stats.vk-portal.net;tns-counter.ru;top-fwz1.mail.ru;vk.ru;www.tns-counter.ru
3474,cdn-content.ampproject.org,1,doh,0.0,13.55,13.550000000000011,240.40000000596046,1,www.google.com
3439,p19-comment-sign.tiktokcdn-us.com,1,doh,14.175,14.175,14.175,79.20000000298023,1,p19-comment-sign.tiktokcdn-us.com
2712,spot.im,1,doh,16.611,38.620000000000005,38.620000000000005,165.70000000298023,2,spot.im;www.spot.im
2814,s.company-target.com,1,doh,15.4,15.4,15.4,87.79999999701977,1,s.company-target.com
3312,paa-reporting-advertising.amazon,1,doh,17.865,17.865,17.865,147.6000000089407,1,paa-reporting-advertising.amazon
2864,www.outlook.com,1,doh,50.464,240.25,186.66600000000037,0,13,c.s-microsoft.com;cdn-dynmedia-1.microsoft.com;eu-office.events.data.microsoft.com;login.live.com;login.microsoftonline.com;outlook.live.com;play.vidyard.com;res.public.onecdn.static.microsoft;rum.hlx.page;uhf.microsoft.com;wcpstatic.microsoft.com;www.microsoft.com;www.outlook.com
2683,eetee.huntress.io,1,doh,11.697,11.697,11.697,98.69999998807907,1,eetee.huntress.io
3089,yastatic.net,1,doh,15.688,109.66300000000001,89.78099999999968,5238.70000000298,7,adfstat.yandex.ru;api.yandex.ru;captcha-backgrounds.s3.yandex.net;cdnrhkgfkkpupuotntfj.svc.cdn.yandex.net;mc.yandex.ru;yandex.ru;yastatic.net
3467,sb-ssl.google.com,1,doh,0.0,12.952,12.951999999999998,235.90000000596046,1,www.google.com
3274,verkada.com,1,doh,30.743,499.96,274.02200000000016,754.2999999970198,29,acdn.adnxs.com;alb.reddit.com;analytics.sayprimer.com;api-js.mixpanel.com;assets.apollo.io;bat.bing.com;browser.sentry-cdn.com;cdn.cookielaw.org;cdn.jsdelivr.net;cdn.verkada.com;connect.facebook.net;d2hrivdxn8ekm8.cloudfront.net;distillery.wistia.com;embed-cloudfront.wistia.com;embed-ssl.wistia.com;fast.wistia.com;geolocation.onetrust.com;munchkin.marketo.net;pipedream.wistia.com;pixel-config.reddit.com;snap.licdn.com;tag.demandbase.com;tracking.g2crowd.com;verkada.com;ws.zoominfo.com;www.google.com;www.googletagmanager.com;www.redditstatic.com;www.verkada.com
3344,vast.zefrdata.com,1,doh,12.74,12.74,12.74,168.1000000089407,1,vast.zefrdata.com
3132,adx.ads.vungle.com,1,doh,15.29,15.29,15.29,80.29999999701977,1,adx.ads.vungle.com
3210,epicgames.dev,1,doh,16.654,31.456999999999997,31.456999999999997,592.6750000119209,2,challenges.cloudflare.com;epicgames.dev
3800,core.threatlocker.com,1,doh,14.074,14.074,14.074,254.70000000298023,1,core.threatlocker.com
3607,pandora.com,1,doh,13.014,184.05,108.73899999999989,890.1000000089407,9,browser-intake-datadoghq.com;cdn.cookielaw.org;client.px-cloud.net;collector-pxxljwhhue.px-cloud.net;geolocation.onetrust.com;pandora.com;tzm.px-cloud.net;web-cdn.pandora.com;www.pandora.com
2938,gsp9-ssl.apple.com,1,doh,12.333,12.333,12.333,286.3999999910593,1,gsp9-ssl.apple.com
3412,pull-flv-l77-tt01.tiktokcdn-us.com,1,doh,16.403,16.403,16.403,74.90000000596046,1,pull-flv-l77-tt01.tiktokcdn-us.com
3548,a.media-amazon.com,1,doh,15.704,15.704,15.704,126.20000000298023,1,a.media-amazon.com
3048,cs.openwebmp.com,1,doh,19.519,19.519,19.519,102,1,cs.openwebmp.com
2717,teams.live.com,1,doh,14.16,87.645,77.2049999999995,0,5,login.live.com;login.microsoftonline.com;statics.teams.cdn.live.net;teams.live.com;wcpstatic.microsoft.com
2844,jsconfig.adsafeprotected.com,1,doh,13.857,13.857,13.857,110.8999999910593,1,jsconfig.adsafeprotected.com
3205,editor.svc.cloud.microsoft,1,doh,20.959,20.959,20.959,101,1,editor.svc.cloud.microsoft
3404,client-sdk-configs.bamgrid.com,1,doh,13.272,13.272,13.272,110.6000000089407,1,client-sdk-configs.bamgrid.com
3059,example.org,1,doh,15.051,15.051,15.051,129.1000000089407,1,example.org
3094,manage.agent-cluster1.prod.us001-prod.arcticwolf.net,1,doh,15.446,15.446,15.446,311.29999999701977,1,manage.agent-cluster1.prod.us001-prod.arcticwolf.net
3317,economy.roblox.com,1,doh,12.977,12.977,12.977,78.09999999403954,1,economy.roblox.com
2944,cdn4.forter.com,1,doh,14.943,14.943,14.943,94,1,cdn4.forter.com
3445,crs.cr.adobe.com,1,doh,13.506,13.506,13.506,420.29999999701977,1,crs.cr.adobe.com
3526,latency.discord.media,1,doh,16.816,16.816,16.816,171.5,1,latency.discord.media
3175,acuityplatform.com,1,doh,15.262,15.262,15.262,370.5,1,acuityplatform.com
3926,go-eu.trouter.teams.microsoft.com,1,doh,18.769,18.769,18.769,497.59999999403954,1,go-eu.trouter.teams.microsoft.com
3608,createjs.com,1,doh,22.994,192.864,132.50000000000023,2314.9000000059605,11,cdnjs.cloudflare.com;code.createjs.com;createjs.com;fonts.googleapis.com;fonts.gstatic.com;p.typekit.net;platform.twitter.com;syndication.twitter.com;use.typekit.net;www.google-analytics.com;www.googletagmanager.com
3333,rtbhouse.com,1,doh,16.714,247.10200000000003,178.88599999999977,1056.9000000059605,16,cdn.usefathom.com;cta-eu1.hubspot.com;fonts.googleapis.com;fonts.gstatic.com;js-eu1.hs-analytics.net;js-eu1.hs-banner.com;js-eu1.hs-scripts.com;js-eu1.hsadspixel.net;js-eu1.hubspot.com;perf-eu1.hsforms.com;rtbhouse.com;track-eu1.hubspot.com;www.datocms-assets.com;www.google-analytics.com;www.googletagmanager.com;www.rtbhouse.com
2745,friends.roblox.com,1,doh,15.383,15.383,15.383,88.79999999701977,1,friends.roblox.com
3296,ubuntu.com,1,doh,14.699,303.083,215.90300000000155,14699.5,7,assets.ubuntu.com;jspm.dev;pagead2.googlesyndication.com;res.cloudinary.com;ubuntu.com;w.usabilla.com;www.googletagmanager.com
3057,exchange.mediavine.com,1,doh,17.789,17.789,17.789,88.70000000298023,1,exchange.mediavine.com
2999,pushmessage.samsung.com,1,doh,16.082,74.349,74.34900000000005,1400.5999999940395,3,account.samsung.com;d1u97w8go7pqqh.cloudfront.net;pushmessage.samsung.com
3018,virtualearth.net,1,doh,15.507,96.92999999999999,84.14400000000026,626.5999999940395,5,dev.virtualearth.net;r.bing.com;t.ssl.ak.dynamic.tiles.virtualearth.net;virtualearth.net;www.bing.com
3309,wikimedia.org,1,doh,15.892,15.892,15.892,256.8999999910593,1,wikimedia.org
2823,connectivitycheck.cbg-app.huawei.com,1,doh,99.739,99.739,99.739,479.79999999701977,1,connectivitycheck.cbg-app.huawei.com
2922,securitydomain-pa.googleapis.com,1,doh,0.0,13.581,13.581000000000003,152.29999999701977,1,www.google.com
3080,startup.mobile.yandex.net,1,doh,13.686,13.686,13.686,683.4000000059605,1,startup.mobile.yandex.net
3882,csdm-a.wbx2.com,1,doh,39.591,39.591,39.591,188.40000000596046,1,csdm-a.wbx2.com
2934,espressif.com,1,doh,26.973,399.352,257.68900000000036,3147.7000000029802,24,04848b7ca598.w.hcaptcha.com;07dbabdb3ed2.w.hcaptcha.com;c.bing.com;c.clarity.ms;cdnjs.cloudflare.com;espressif.com;hm.baidu.com;js-na2.hs-analytics.net;js-na2.hs-banner.com;js.hcaptcha.com;js.hs-scripts.com;metrics.kapa.ai;newassets.hcaptcha.com;px.ads.linkedin.com;s.clarity.ms;scripts.clarity.ms;snap.licdn.com;track-na2.hubspot.com;widget.kapa.ai;www.clarity.ms;www.espressif.com;www.google-analytics.com;www.googletagmanager.com;www.linkedin.com
2777,gateway.discord.gg,1,doh,13.439,13.439,13.439,120.5,1,gateway.discord.gg
3265,nrdp.prod.dradis.netflix.com,1,doh,14.365,14.365,14.365,162.40000000596046,1,nrdp.prod.dradis.netflix.com
3766,collabrtc.officeapps.live.com,1,doh,16.489,16.489,16.489,105.3999999910593,1,collabrtc.officeapps.live.com
2836,iot.us-east-1.amazonaws.com,1,doh,19.637,19.637,19.637,91.8999999910593,1,iot.us-east-1.amazonaws.com
2789,a.ad.gt,1,doh,13.617,13.617,13.617,178.79999999701977,1,a.ad.gt
3967,cadmus.script.ac,1,doh,11.582,11.582,11.582,90.20000000298023,1,cadmus.script.ac
2923,china-1day-bucket.obs.cn-south-1.myhuaweicloud.com,1,doh,241.825,241.825,241.825,1135.0999999940395,1,china-1day-bucket.obs.cn-south-1.myhuaweicloud.com
2968,sq-tungsten-ts.amazon-adsystem.com,1,doh,13.652,13.652,13.652,91.09999999403954,1,sq-tungsten-ts.amazon-adsystem.com
2731,pixel-us-east.rubiconproject.com,1,doh,14.358,14.358,14.358,84.40000000596046,1,pixel-us-east.rubiconproject.com
3956,datadoghq.com,1,doh,29.281,1266.131,634.8200000000005,2082.8999999910593,75,875-uvy-685.mktoresp.com;8b61d74c.datadoghq.com;a.quora.com;a.usbrowserspeed.com;alb.reddit.com;analytics.google.com;analytics.twitter.com;api.company-target.com;api.cr-relay.com;api.vector.co;bat.bing.com;c.clarity.ms;cdn.calibermind.com;cdn.cr-relay.com;cdn.vector.co;cdn.zeroclick.ai;cdnjs.cloudflare.com;click.prod.mplat-ppcprotect.com;client.prod.mplat-ppcprotect.com;cm.g.doubleclick.net;connect.facebook.net;corp.dd-static.net;d.adroll.com;d1eoo1tco6rr5e.cloudfront.net;datadoghq.com;dpm.demdex.net;dsum-sec.casalemedia.com;e.calibermind.com;eb2.3lift.com;googleads.g.doubleclick.net;ib.adnxs.com;id.rlcdn.com;image2.pubmatic.com;imgix.datadoghq.com;in.ml314.com;insight.adsrvr.org;lex.33across.com;lp.datadoghq.com;ml314.com;munchkin.marketo.net;nexus.ensighten.com;partners.tremorhub.com;pippio.com;pixel-config.reddit.com;pixel.rubiconproject.com;pixel.tapad.com;ps.eyeota.net;px.ads.linkedin.com;s.adroll.com;s.clarity.ms;s.company-target.com;s.yimg.jp;scripts.clarity.ms;segments.company-target.com;snap.licdn.com;static.ads-twitter.com;stats.g.doubleclick.net;sync.outbrain.com;sync.taboola.com;t.co;t.influ2.com;tag-logger.demandbase.com;tag.demandbase.com;transcend-cdn.com;us-u.openx.net;webops-gtm.datadoghq.com;www.clarity.ms;www.datadoghq.com;www.google-analytics.com;www.google.com;www.googletagmanager.com;www.influ2.com;www.linkedin.com;www.redditstatic.com;x.bidswitch.net
2770,m.hotmail.com,1,doh,17.234,135.959,135.95499999999998,1575.5,8,df.cfp.microsoft.com;fpt.live.com;login.live.com;login.microsoftonline.com;logincdn.msauth.net;m.hotmail.com;outlook.office365.com;res.public.onecdn.static.microsoft
2744,redditmedia.com,1,doh,28,40.863,40.863,116.59999999403954,2,redditmedia.com;www.reddit.com
3582,api16-dual-event-sg2.pangle.io,1,doh,17.979,17.979,17.979,360,1,api16-dual-event-sg2.pangle.io
2757,track.capitaloneshopping.com,1,doh,14.995,14.995,14.995,193.3999999910593,1,track.capitaloneshopping.com
2866,dl.duosecurity.com,1,doh,15.145,1150.9749999999995,579.559999999999,870.5,59,12979078.fls.doubleclick.net;ad.doubleclick.net;adservice.google.com;alb.reddit.com;analytics.tiktok.com;analytics.twitter.com;api.ipify.org;bat.bing.com;browser.sentry-cdn.com;c.6sc.co;c.contentsquare.net;cdn.bizible.com;cdn.cookielaw.org;cdn.metadata.io;cdn.optimizely.com;cdn1.adoberesources.net;cisco-tags.cisco.com;cm.g.doubleclick.net;cms.analytics.yahoo.com;connect.facebook.net;csxd.contentsquare.net;datacollect.cisco.com;distillery.wistia.com;dl.duosecurity.com;dpm.demdex.net;dsum-sec.casalemedia.com;duo.com;embed-cloudfront.wistia.com;fast.wistia.com;fast.wistia.net;geolocation.onetrust.com;ib.adnxs.com;id.cisco.com;img.en25.com;insight.adsrvr.org;ipv6.6sc.co;j.6sc.co;js.adsrvr.org;js.qualified.com;js.zi-scripts.com;pipedream.wistia.com;pixel-config.reddit.com;pixel.byspotify.com;pixel.rubiconproject.com;px.ads.linkedin.com;s2991720.t.eloqua.com;s4673582.t.eloqua.com;s860818199.t.eloqua.com;smetrics.cisco.com;snap.licdn.com;t.contentsquare.net;tags.tiqcdn.com;ups.analytics.yahoo.com;www.cisco.com;www.google-analytics.com;www.google.com;www.googletagmanager.com;www.linkedin.com;www.redditstatic.com
2989,fg.tscdn.m365.static.microsoft,1,doh,18.932,18.932,18.932,352.59999999403954,1,fg.tscdn.m365.static.microsoft
3195,adition.com,1,doh,26.909,86.32900000000001,86.32899999999984,24758.5,4,adition.com;policy.app.cookieinformation.com;vm.containers.piwik.pro;vm.piwik.pro
3389,beacon-iad6.rubiconproject.com,1,doh,14.7,14.7,14.7,88.1000000089407,1,beacon-iad6.rubiconproject.com
3862,dataservice.protection.outlook.com,1,doh,0.012,0.012,0.012,203.69999998807907,1,dataservice.protection.outlook.com
3378,pixels.ad.gt,1,doh,15.776,15.776,15.776,174.59999999403954,1,pixels.ad.gt
3114,ipinfo.io,1,doh,12.612,621.451,265.96700000000044,884.5,43,a.quora.com;alb.reddit.com;analytics.google.com;analytics.twitter.com;api.hubapi.com;api.iconify.design;app.termly.io;bat.bing.com;c.clarity.ms;cdn-4.convertexperiments.com;connect.facebook.net;forms.hsforms.com;googleads.g.doubleclick.net;ipinfo.io;js.hs-analytics.net;js.hs-banner.com;js.hs-scripts.com;js.hsadspixel.net;js.hscollectedforms.net;js.hsforms.net;js.hubspot.com;my.g2.com;p.typekit.net;perf-na1.hsforms.com;pixel-config.reddit.com;px.ads.linkedin.com;scripts.clarity.ms;snap.licdn.com;static.ads-twitter.com;stats.g.doubleclick.net;t.co;track.hubspot.com;tracking-api.g2.com;tracking.g2crowd.com;use.typekit.net;v.ipinfo.io;website-cdn.assets.ipinfo.io;www.clarity.ms;www.google.com;www.googleadservices.com;www.googletagmanager.com;www.linkedin.com;www.redditstatic.com
2996,wps.com,1,doh,21.087,187.76500000000001,143.25299999999993,1284.7999999970198,10,analytics.google.com;fonts.googleapis.com;fonts.gstatic.com;global-static.wpscdn.com;global.wps.com;stats.g.doubleclick.net;wps.com;www.google.com;www.googletagmanager.com;www.wps.com
3565,honzik.avcdn.net,1,doh,16.711,16.711,16.711,270.79999999701977,1,honzik.avcdn.net
3015,chartbeat.com,1,doh,14.702,267.37300000000005,195.1320000000003,6050.899999991059,18,api.hubapi.com;cdnjs.cloudflare.com;chartbeat.com;cmp.osano.com;forms-na1.hsforms.com;forms.hsforms.com;js.hs-analytics.net;js.hs-banner.com;js.hs-scripts.com;js.hsadspixel.net;js.hsforms.net;js.hubspot.com;perf-na1.hsforms.com;ping.chartbeat.net;static2.chartbeat.com;track.hubspot.com;www.google.com;www.googletagmanager.com
3021,scar.unityads.unity3d.com,1,doh,23.715,23.715,23.715,123.70000000298023,1,scar.unityads.unity3d.com
3000,sdk.pushmessage.samsung.com,1,doh,16.308,16.308,16.308,340.59999999403954,1,sdk.pushmessage.samsung.com
3826,rustore.ru,1,doh,141.106,394.20399999999995,345.48199999999997,5124.29999999702,10,ad.mail.ru;imgs2.imgsmail.ru;mc.yandex.ru;omicron.rustore.ru;privacy-cs.mail.ru;rustore.ru;static.rustore.ru;top-fwz1.mail.ru;trk.mail.ru;xray.mail.ru
3028,hulu.com,1,doh,17.483,560.22,312.62199999999996,3006.6000000089407,37,3797690.fls.doubleclick.net;ad.doubleclick.net;adservice.google.com;analytics-ipv6.tiktokw.us;analytics.tiktok.com;apps.rokt.com;assetshuluimcom-a.akamaihd.net;b.videoamp.com;cdn.cookielaw.org;cm.g.doubleclick.net;cnbl-cdn.bamgrid.com;collector-1564.tvsquared.com;connect.facebook.net;d.impactradius-event.com;di.rlcdn.com;disney.my.sentry.io;geolocation.onetrust.com;hulu.com;img1.hulu.com;img2.hulu.com;img4.hulu.com;insight.adsrvr.org;js.adsrvr.org;metcon.hulu.com;s.yimg.com;sanalytics.disneyplus.com;sc-static.net;sp.analytics.yahoo.com;tag.rmp.rakuten.com;tags.tiqcdn.com;tr.snapchat.com;uconnect.tealiumiq.com;vortex.hulu.com;www.facebook.com;www.google.com;www.googletagmanager.com;www.hulu.com
3966,telemetry.sdk.inmobi.com,1,doh,14.931,14.931,14.931,135.5,1,telemetry.sdk.inmobi.com
3050,aliyun.com,1,doh,86.521,2606.674000000001,1947.797,4992.4000000059605,33,accounts.google.com;alioth.alicdn.com;aliyun.com;analytics.tiktok.com;assets.alicdn.com;at.alicdn.com;bat.bing.com;cloud-assets.alicdn.com;consent.trustarc.com;cws.alicdn.com;fecs.console.alibabacloud.com;fourier.alibaba.com;fourier.taobao.com;free.aliyun.com;g.alicdn.com;googleads.g.doubleclick.net;helps.live;laz-g-cdn.alicdn.com;merak-intl.alicdn.com;page.aliyun.com;privacy-policy.truste.com;px.ads.linkedin.com;q.quora.com;s754876867.t.eloqua.com;sg.mmstat.com;snap.licdn.com;website.alcasset.com;www.alibabacloud.com;www.aliyun.com;www.facebook.com;www.google.com;www.googletagmanager.com;www.linkedin.com
3523,outlook.live.com,1,doh,14.544,135.045,107.07799999999968,0,8,eu-office.events.data.microsoft.com;login.live.com;login.microsoftonline.com;outlook.live.com;res.public.onecdn.static.microsoft;rum.hlx.page;uhf.microsoft.com;www.microsoft.com
3110,e-volution.ai,1,doh,16.929,30.921,30.921000000000017,966.7999999970198,2,e-volution.ai;qtrypzzcjebvfcihiynt.supabase.co
3858,ad.adsrvr.org,1,doh,16.586,16.586,16.586,109.5,1,ad.adsrvr.org
3284,sr-client-cfg.amplitude.com,1,doh,13.885,13.885,13.885,182,1,sr-client-cfg.amplitude.com
3759,api.browser.yandex.net,1,doh,16.596,16.596,16.596,668.5,1,api.browser.yandex.net
3469,r.casalemedia.com,1,doh,11.841,11.841,11.841,106.40000000596046,1,r.casalemedia.com
2917,edge.fullstory.com,1,doh,15.092,15.092,15.092,416.5,1,edge.fullstory.com
3959,main.vscode-cdn.net,1,doh,14.821,14.821,14.821,365.90000000596046,1,main.vscode-cdn.net
2828,img-resize-cdn-prod.samsungnyc.com,1,doh,16.283,31.088,31.088000000000008,187,2,img-resize-cdn-prod.samsungnyc.com;static.cloudflareinsights.com
3720,dsp-cookie.adfarm1.adition.com,1,doh,13.768,13.768,13.768,341.5,1,dsp-cookie.adfarm1.adition.com
3326,iosantiabuse-pa.googleapis.com,1,doh,0.0,13.351,13.350999999999999,149.09999999403954,1,www.google.com
3144,dsadata.intel.com,1,doh,12.819,198.82999999999998,174.10899999999987,1844,10,cdn.cookielaw.org;cm.g.doubleclick.net;consumer.intel.com;dogo.intel.com;dsadata.intel.com;geolocation.onetrust.com;pagead2.googlesyndication.com;siteintercept.qualtrics.com;www.intel.com;zn3vonk1wgpmvfrmg-inteldotcomvoc.siteintercept.qualtrics.com
3023,pi.ispot.tv,1,doh,14.735,14.735,14.735,87,1,pi.ispot.tv
2697,cdn-f.adsmoloco.com,1,doh,16.846,16.846,16.846,93.59999999403954,1,cdn-f.adsmoloco.com
3727,eventstreamfwgw.prod.gws.ring.amazon.dev,1,doh,17.452,17.452,17.452,88.29999999701977,1,eventstreamfwgw.prod.gws.ring.amazon.dev
2918,api.espn.com,1,doh,29.579,29.579,29.579,331,1,api.espn.com
3007,api.iterable.com,1,doh,15.27,106.186,62.1669999999999,1971.3999999910593,7,api.iterable.com;cdnjs.cloudflare.com;code.jquery.com;p.typekit.net;stackpath.bootstrapcdn.com;use.fontawesome.com;use.typekit.net
2718,mads.amazon-adsystem.com,1,doh,13.93,13.93,13.93,89.30000001192093,1,mads.amazon-adsystem.com
3537,client.aps.amazon-adsystem.com,1,doh,14.891,14.891,14.891,171,1,client.aps.amazon-adsystem.com
3708,rokt.com,1,doh,27.891,955.2710000000003,486.16699999999923,3980.4000000059605,61,117983191.intellimizeio.com;acq-3pas.admatrix.jp;analytics.google.com;api.intellimize.co;browser.sentry-cdn.com;c.6sc.co;cdn.cookielaw.org;cdn.embed.ly;cdn.embedly.com;cdn.intellimize.co;cdn.jsdelivr.net;cdn.prod.website-files.com;cm.g.doubleclick.net;connect.facebook.net;d.adroll.com;d3e54v103j8qbb.cloudfront.net;distillery.wistia.com;dsum-sec.casalemedia.com;eb2.3lift.com;embed-cloudfront.wistia.com;fast.wistia.com;fast.wistia.net;geolocation.onetrust.com;googleads.g.doubleclick.net;hubspotonwebflow.com;ib.adnxs.com;idsync.rlcdn.com;image2.pubmatic.com;ipv6.6sc.co;j.6sc.co;js.hs-analytics.net;js.hs-banner.com;js.hs-scripts.com;lex.33across.com;lib-3pas.admatrix.jp;log.intellimize.co;match.adsrvr.org;ml314.com;pipedream.wistia.com;pippio.com;pixel.rubiconproject.com;pixel.tapad.com;ps.eyeota.net;px.ads.linkedin.com;rokt.com;s.adroll.com;secure.adnxs.com;serving-pa.admatrix.jp;snap.licdn.com;stats.g.doubleclick.net;sync.outbrain.com;sync.taboola.com;track.hubspot.com;unpkg.com;us-u.openx.net;www.analytics.sales-marker.jp;www.google.com;www.googletagmanager.com;www.linkedin.com;www.rokt.com;x.bidswitch.net
3504,nf.smartscreen.microsoft.com,1,doh,22.254,22.254,22.254,127.79999999701977,1,nf.smartscreen.microsoft.com
3250,games.roblox.com,1,doh,13.888,13.888,13.888,87.59999999403954,1,games.roblox.com
3009,google-bidout-d.openx.net,1,doh,16.071,16.071,16.071,105,1,google-bidout-d.openx.net
3209,track.activemetering.com,1,doh,16.073,16.073,16.073,109.09999999403954,1,track.activemetering.com
3254,content-storage-download.googleapis.com,1,doh,28.089,28.089,28.089,128.59999999403954,1,content-storage-download.googleapis.com
3476,sync.itunes.apple.com,1,doh,16.91,16.91,16.91,180.20000000298023,1,sync.itunes.apple.com
3159,oajs.openx.net,1,doh,14.649,14.649,14.649,93.19999998807907,1,oajs.openx.net
2799,save-pa.googleapis.com,1,doh,0.0,13.156,13.156000000000006,192.8999999910593,1,www.google.com
3532,vision.fn-pz.com,1,doh,12.177,12.177,12.177,80.3999999910593,1,vision.fn-pz.com
3343,bitdefender.com,1,doh,14.457,760.2349999999998,430.9849999999998,828.3000000119209,55,100.20.58.101;ad.doubleclick.net;adobedc.demdex.net;alb.reddit.com;analytics-ipv6.tiktokw.us;analytics.google.com;analytics.tiktok.com;analytics.twitter.com;api.company-target.com;bat.bing.com;bat.bing.net;bitdefender.com;bitdefender.f9tmep.net;c.az.contentsquare.net;c.clarity.ms;cdn.bizible.com;cdn.bizibly.com;connect.facebook.net;dsum-sec.casalemedia.com;dx.mountain.com;fast.ssqt.io;get.bitdefender.com;googleads.g.doubleclick.net;grsm.io;js.hsforms.net;js.partnerstack.com;lasteventf-tm.everesttech.net;partnerlinks.io;partners.tremorhub.com;pixel-config.reddit.com;pixel.rubiconproject.com;px.ads.linkedin.com;s.clarity.ms;s.company-target.com;scripts.clarity.ms;server-side-tagging-252547276999.europe-west1.run.app;snap.licdn.com;sstats.bitdefender.com;static.ads-twitter.com;static.hotjar.com;stats.g.doubleclick.net;t.co;t.contentsquare.net;tag-logger.demandbase.com;tag.demandbase.com;utt.impactcdn.com;v1.api.service.cmp.usercentrics.eu;web.cmp.usercentrics.eu;www.bitdefender.com;www.clarity.ms;www.everestjs.net;www.google.com;www.googletagmanager.com;www.linkedin.com;www.redditstatic.com
3939,p16-comment-va-sign.tiktokcdn-us.com,1,doh,15.249,15.249,15.249,93.6000000089407,1,p16-comment-va-sign.tiktokcdn-us.com
2793,sync.springserve.com,1,doh,15.286,15.286,15.286,84.40000000596046,1,sync.springserve.com
3859,joinhoney.com,1,doh,18.334,137.42399999999998,88.59599999999983,2450.9000000059605,12,accounts.google.com;appleid.cdn-apple.com;b.stats.paypal.com;c6.paypal.com;cdn.honey.io;cdn.joinhoney.com;connect.facebook.net;joinhoney.com;s.joinhoney.com;slc.stats.paypal.com;www.paypal.com;www.paypalobjects.com
3430,aol.com,1,doh,13.805,842.9759999999998,421.516,1994.4000000059605,57,3p-udc.yahoo.com;aa.agkn.com;ad.turn.com;ads.yieldmo.com;aol.com;bam.nr-data.net;bats.video.yahoo.com;bcp.crwdcntrl.net;c2shb-oao.ssp.yahoo.com;cdn.id5-sync.com;cdn.jsdelivr.net;cdn.taboola.com;cm.g.doubleclick.net;cms.analytics.yahoo.com;consent.cmp.oath.com;display.bidder.taboola.com;dpm.demdex.net;esp.rtbhouse.com;exchange.kueezrtb.com;fastlane.rubiconproject.com;google-bidout-d.openx.net;grid-bidder.criteo.com;guce.aol.com;hbopenbid.pubmatic.com;htlb.casalemedia.com;ib.adnxs.com;idx.liadm.com;invstatic101.creativecdn.com;js-agent.newrelic.com;match.adsrvr.org;membernotifications.aol.com;oa.openxcdn.net;oajs.openx.net;opus.analytics.yahoo.com;pbs-yahoo-us.ay.delivery;pbs.www.aol.com;pbs.yahoo.com;prebid.media.net;rp.liadm.com;rtb.openx.net;s.seedtag.com;s.yimg.com;securepubads.g.doubleclick.net;signal-service.pbs.www.aol.com;static.criteo.net;sync-tm.everesttech.net;tags.crwdcntrl.net;tlx.3lift.com;tsdtocl.com;uipglob.semasio.net;ups.analytics.aol.com;ups.analytics.yahoo.com;wnsrvbjmeprtfrnfx.ay.delivery;www.aol.com;www.google-analytics.com;www.googletagmanager.com;yahoo-match.dotomi.com
2964,ocws.officeapps.live.com,1,doh,17.223,17.223,17.223,117.29999999701977,1,ocws.officeapps.live.com
3806,identity.mparticle.com,1,doh,14.504,14.504,14.504,84.70000000298023,1,identity.mparticle.com
2730,canva.com,1,doh,26.279,51.676,51.67599999999993,445.11500000953674,3,canva.com;challenges.cloudflare.com;static.cloudflareinsights.com
3542,hubspot.com,1,doh,15.398,843.9879999999999,417.4040000000008,2233.2000000029802,56,11620487.fls.doubleclick.net;18.210.229.244;53.fs1.hubspotusercontent-na1.net;ad.doubleclick.net;adservice.google.com;analytics-ipv6.tiktokw.us;analytics.google.com;analytics.tiktok.com;analytics.twitter.com;ara.paa-reporting-advertising.amazon;arttrk.com;bat.bing.com;bat.bing.net;c.amazon-adsystem.com;cdn.pdst.fm;cdn.veritonic.com;cdn1.hubspot.net;collector-54224.us.tvsquared.com;connect.facebook.net;d.impactradius-event.com;dx.mountain.com;fast.ssqt.io;fonts.googleapis.com;go.try-hubspot.com;googleads.g.doubleclick.net;hubspot.com;ip.veritonicmetrics.com;js.hs-analytics.net;js.hs-banner.com;js.hsadspixel.net;js.hubspotfeedback.com;js.usemessages.com;ob.greencolumnart.com;obs.greencolumnart.com;perf-na1.hsforms.com;pixel.byspotify.com;pixel.tapad.com;pixels.spotify.com;px.ads.linkedin.com;s.amazon-adsystem.com;sca-1113-adswizz.attribution.adswizz.com;snap.licdn.com;static.ads-twitter.com;static.hotjar.com;static.hsappstatic.net;static2cdn.hubspot.com;stats.g.doubleclick.net;t.co;tags.pw.adn.cloud;trkn.us;wtcfns.hubspot.com;www.google.com;www.googleadservices.com;www.googletagmanager.com;www.hubspot.com;www.linkedin.com
3505,system-monitor.com,1,doh,14.7,172.881,128.07699999999994,2207,11,ajax.aspnetcdn.com;ajax.googleapis.com;fonts.googleapis.com;fonts.gstatic.com;maxcdn.bootstrapcdn.com;sso.navigatorlogin.com;stats.g.doubleclick.net;system-monitor.com;www.google-analytics.com;www.googletagmanager.com;www.system-monitor.com
3895,youtube.googleapis.com,1,doh,0.0,13.179,13.179000000000002,171.79999999701977,1,www.gstatic.com
3739,sdk-api-v1.singular.net,1,doh,14.652,14.652,14.652,153.59999999403954,1,sdk-api-v1.singular.net
2736,tr.blismedia.com,1,doh,12.788,12.788,12.788,85.6000000089407,1,tr.blismedia.com
3779,c21lg-d.media.net,1,doh,14.574,14.574,14.574,261.5,1,c21lg-d.media.net
3960,abs.twimg.com,1,doh,13.215,13.215,13.215,106.79999999701977,1,abs.twimg.com
3487,region1.analytics.google.com,1,doh,0.0,15.321,15.321000000000026,498.6000000089407,1,www.google.com
2954,sslwidget.criteo.com,1,doh,20.804,20.804,20.804,94.79999999701977,1,sslwidget.criteo.com
2711,weixin.qq.com,1,doh,14.789,80.665,29.305000000000078,3935.699999988079,2,res.wx.qq.com;weixin.qq.com
3716,cdn.prod.uidapi.com,1,doh,15.454,15.454,15.454,123.20000000298023,1,cdn.prod.uidapi.com
2835,gravatar.com,1,doh,14.623,172.29500000000002,96.8889999999999,875,12,analytics.google.com;googleads.g.doubleclick.net;gravatar.com;pixel.wp.com;public-api.wordpress.com;s.gravatar.com;s0.wp.com;s1.wp.com;stats.g.doubleclick.net;stats.wp.com;www.google.com;www.googletagmanager.com
2972,ats-wrapper.privacymanager.io,1,doh,15.118,15.118,15.118,158.90000000596046,1,ats-wrapper.privacymanager.io
2874,aes.us-east.3px.axp.amazon-adsystem.com,1,doh,16.64,16.64,16.64,74.5,1,aes.us-east.3px.axp.amazon-adsystem.com
3644,pghub.io,1,doh,20.684,20.684,20.684,170,1,pghub.io
2921,sstats.adobe.com,1,doh,14.387,14.387,14.387,83.5,1,sstats.adobe.com
3574,osb-ussvc-v2.samsungqbe.com,1,doh,14.169,14.169,14.169,121.5,1,osb-ussvc-v2.samsungqbe.com
3345,static.chartbeat.com,1,doh,16.543,16.543,16.543,106.70000000298023,1,static.chartbeat.com
3650,img.kwcdn.com,1,doh,14.98,14.98,14.98,102.3999999910593,1,img.kwcdn.com
3876,alipay.com,1,doh,15.006,1356.104,1324.9939999999997,3767.6000000089407,4,alipay.com;gw.alipayobjects.com;render-intl.alipayobjects.com;www.alipay.com
3749,box.com,1,doh,14.783,809.3779999999999,542.9449999999999,1175.9000000059605,47,107-coj-713.mktoresp.com;action.dstillery.com;action.media6degrees.com;ade.googlesyndication.com;api.segment.io;assets.adobedtm.com;assets.box.com;b.6sc.co;bat.bing.com;box.com;boxinc.tt.omtrdc.net;c.6sc.co;carddealer.knotch.com;cdn.segment.com;cm.everesttech.net;cm.g.doubleclick.net;configs.knotch.com;consent.trustarc.com;dpm.demdex.net;dsum-sec.casalemedia.com;frontdoor.knotch.it;googleads.g.doubleclick.net;idsync.rlcdn.com;insight.adsrvr.org;ipv6.6sc.co;j.6sc.co;js.adsrvr.org;ml314.com;munchkin.marketo.net;pagead2.googlesyndication.com;pixel.rubiconproject.com;ps.eyeota.net;px.ads.linkedin.com;q.quora.com;sanalytics.box.com;secure.adnxs.com;segment-box.com;simage2.pubmatic.com;snap.licdn.com;tags.srv.stackadapt.com;td.doubleclick.net;www.box.com;www.facebook.com;www.google.com;www.googletagmanager.com;www.knotch-cdn.com;www.linkedin.com
2937,chat.openai.com,1,doh,15.68,30.698,30.69800000000003,424.09999999403954,2,challenges.cloudflare.com;chat.openai.com
3448,dns.weixin.qq.com.cn,1,doh,15.709,15.709,15.709,374.20000000298023,1,dns.weixin.qq.com.cn
3705,tunnel.rmm.datto.com,1,doh,14.154,14.154,14.154,157.5,1,tunnel.rmm.datto.com
3783,t.contentsquare.net,1,doh,15.321,15.321,15.321,311,1,t.contentsquare.net
3042,assetdelivery.roblox.com,1,doh,13.995,13.995,13.995,293.5,1,assetdelivery.roblox.com
3485,browser.yandex.ru,1,doh,0.0,183.542,160.3030000000001,6419.79999999702,5,cdn.jsdelivr.net;download-paranja.yandex.net;mc.yandex.ru;yandex.ru;yastatic.net
3380,fitness.googleapis.com,1,doh,0.0,14.285,14.284999999999997,159.79999999701977,1,www.google.com
3958,twitch.tv,1,doh,16.231,188.474,159.36599999999962,1302.7000000029802,14,assets.twitch.tv;edge.ads.twitch.tv;gql.twitch.tv;k.twitchcdn.net;passport.twitch.tv;player.stats.live-video.net;s.amazon-adsystem.com;sb.scorecardresearch.com;spade.twitch.tv;static-cdn.jtvnw.net;twitch.tv;usher.ttvnw.net;www.gstatic.com;www.twitch.tv
3418,swdist.apple.com,1,doh,14.786,14.786,14.786,315.59999999403954,1,swdist.apple.com
3384,fyber.com,1,doh,21.759,227.45499999999998,133.66100000000023,1134.9000000059605,12,241839045.fs1.hubspotusercontent-na2.net;cdn-cookieyes.com;cdn.prod.website-files.com;connect.facebook.net;d3e54v103j8qbb.cloudfront.net;forms-na2.hsforms.com;fyber.com;js-na2.hsforms.net;log.cookieyes.com;static.hsappstatic.net;www.digitalturbine.com;www.googletagmanager.com
3636,intuit.com,1,doh,22.357,595.8360000000001,427.02800000000036,2732.4000000059605,45,1996823.fls.doubleclick.net;2796.global.siteimproveanalytics.io;8344993.fls.doubleclick.net;acdn.adnxs.com;ad.doubleclick.net;adservice.google.com;c.go-mpulse.net;consent.freecreditkarmatax.com;consent.intuit.com;consent.intuit.quickbooksconnect.com;consent.intuit.tsheets.com;consent.mailchimp.com;consent.www.firmofthefuture.com;data.adxcel-ec2.com;digitalasset.intuit.com;dpm.demdex.net;edge.fullstory.com;eventbus.intuit.com;geolocation.onetrust.com;googleads.g.doubleclick.net;ib.adnxs.com;insight.adsrvr.org;intuit.com;ivid-prod.intuit.com;lib.intuitcdn.net;pixel.tapad.com;privacy-cdn.a.intuit.com;pt.ispot.tv;px.ads.linkedin.com;rs.fullstory.com;s.go-mpulse.net;sc-static.net;sci.intuit.com;segment.intuitcdn.net;siteimproveanalytics.com;tags.tiqcdn.com;tr.snapchat.com;uxfabric.intuitcdn.net;www.google-analytics.com;www.google.com;www.googleadservices.com;www.googletagmanager.com;www.intuit.com;www.linkedin.com;zn_3siux5otvvf1mct-intuit.siteintercept.qualtrics.com
3911,noti-us.adsmoloco.com,1,doh,16.026,16.026,16.026,116.09999999403954,1,noti-us.adsmoloco.com
3135,ingest.quantummetric.com,1,doh,14.372,14.372,14.372,93.30000001192093,1,ingest.quantummetric.com
3434,p16-sg.tiktokcdn.com,1,doh,16.044,16.044,16.044,111.19999998807907,1,p16-sg.tiktokcdn.com
3249,push.prod.us-east-2.internal.dradis.netflix.com,1,doh,15.992,15.992,15.992,127.09999999403954,1,push.prod.us-east-2.internal.dradis.netflix.com
3124,lf-static.tiktokpangle-cdn-us.com,1,doh,15.824,15.824,15.824,280.30000001192093,1,lf-static.tiktokpangle-cdn-us.com
3304,sync.colossusssp.com,1,doh,13.124,13.124,13.124,10455.5,1,sync.colossusssp.com
3842,bluecava.com,1,doh,22.251,82.08300000000001,55.57500000000002,1257.699999988079,4,adstradata.com;bluecava.com;fonts.googleapis.com;sync.graph.bluecava.com
3896,dns.google.com,1,doh,0.0,39.825,26.62299999999999,346.29999999701977,3,fonts.googleapis.com;fonts.gstatic.com;www.google.com
2840,rmm.datto.com,1,doh,20.921,103.757,78.18799999999993,747,7,cdn.cookielaw.org;cdnjs.cloudflare.com;code.jquery.com;global.localizecdn.com;rmm.datto.com;www.datto.com;www.googletagmanager.com
3794,gw.geoedge.be,1,doh,15.588,15.588,15.588,94.29999999701977,1,gw.geoedge.be
3802,alphonso.tv,1,doh,18.065,533.3570000000002,263.67099999999976,854.7000000029802,36,360-xjz-500.mktoresp.com;alphonso.tv;analytics.google.com;api.segment.io;app.pendo.io;cdn.pendo.io;cdn.segment.com;cm.g.doubleclick.net;connect.facebook.net;d.adroll.com;dsum-sec.casalemedia.com;eb2.3lift.com;fast.appcues.com;fonts.googleapis.com;fonts.gstatic.com;ib.adnxs.com;idsync.rlcdn.com;image2.pubmatic.com;lex.33across.com;match.adsrvr.org;ml314.com;munchkin.marketo.net;pippio.com;pixel.rubiconproject.com;pixel.tapad.com;ps.eyeota.net;s.adroll.com;stats.g.doubleclick.net;sync.outbrain.com;sync.taboola.com;t.visitorqueue.com;tn.alphonso.tv;us-u.openx.net;www.google-analytics.com;www.googletagmanager.com;x.bidswitch.net
3803,sgepodownload.mediatek.com,1,doh,15.261,15.261,15.261,600.3000000119209,1,sgepodownload.mediatek.com
3712,notifications.roblox.com,1,doh,16.046,16.046,16.046,295.1000000089407,1,notifications.roblox.com
3918,s.update.adsrvr.org,1,doh,15.733,15.733,15.733,92.69999998807907,1,s.update.adsrvr.org
3625,usercentrics.eu,1,doh,16.476,524.102,319.75999999999976,2834.5,30,alb.reddit.com;analytics.google.com;api.livechatinc.com;app.factors.ai;cdn.amplitude.com;cdn.dreamdata.cloud;cdn.livechatinc.com;connect.facebook.net;fonts.gstatic.com;googleads.g.doubleclick.net;i.ytimg.com;pixel-config.reddit.com;privacy-proxy-server.usercentrics.eu;px.ads.linkedin.com;snap.licdn.com;sst.usercentrics.com;static.doubleclick.net;static.hotjar.com;stats.g.doubleclick.net;tracking-api.g2.com;tracking.g2crowd.com;usercentrics.com;usercentrics.eu;v1.api.service.cmp.usercentrics.eu;web.cmp.usercentrics.eu;www.google.com;www.googletagmanager.com;www.linkedin.com;www.redditstatic.com;www.youtube.com
3873,dashboard.meraki.com,1,doh,72.527,156.859,156.85899999999998,1089,7,cdn.cookielaw.org;clientstream.launchdarkly.com;dashboard.meraki.com;geolocation.onetrust.com;n88.dashboard.meraki.com;www.cisco.com;www.googletagmanager.com
3669,identify.prod.nam.csc.cisco.com,1,doh,33.543,33.543,33.543,115.09999999403954,1,identify.prod.nam.csc.cisco.com
2878,zendesk.com,1,doh,14.11,1065.228,606.861000000001,2810.7000000029802,58,15086586.fls.doubleclick.net;819-rrq-060.mktoresp.com;a.dpmsrv.com;a.usbrowserspeed.com;ad.doubleclick.net;adservice.google.com;analytics.google.com;analytics.twitter.com;api.cr-relay.com;api.segment.io;api.vector.co;app.clearbit.com;b.6sc.co;bat.bing.com;browser.sentry-cdn.com;c.6sc.co;cdn.cookielaw.org;cdn.cr-relay.com;cdn.segment.com;cdn.vector.co;collector-43043.us.tvsquared.com;connect.facebook.net;d2v83son8kay5v.cloudfront.net;distillery.wistia.com;embed-ssl.wistia.com;epsilon.6sense.com;fast.wistia.com;geolocation.onetrust.com;googleads.g.doubleclick.net;ib.adnxs.com;insight.adsrvr.org;ipv6.6sc.co;j.6sc.co;munchkin.marketo.net;o1025743.ingest.sentry.io;pipedream.wistia.com;px.ads.linkedin.com;rtr.innovid.com;s-static.innovid.com;s.dpmsrv.com;secure.adnxs.com;snap.licdn.com;static.ads-twitter.com;static.hotjar.com;static.zdassets.com;stats.g.doubleclick.net;t.co;tag.clearbitscripts.com;unpkg.com;web-assets.zendesk.com;www.google.com;www.googleadservices.com;www.googletagmanager.com;www.linkedin.com;www.zendesk.com;www.zndsk.com;x.clearbitjs.com;zendesk.com
3502,pacman.prod.nam.csc.cisco.com,1,doh,16.029,16.029,16.029,94.8999999910593,1,pacman.prod.nam.csc.cisco.com
2969,platform.twitter.com,1,doh,16.083,16.083,16.083,125.70000000298023,1,platform.twitter.com
2776,ltwebstatic.com,1,doh,27.542,27.542,27.542,340,1,ltwebstatic.com
2687,media4.giphy.com,1,doh,19.1,19.1,19.1,2159.5,1,media4.giphy.com
3522,salesforce.com,1,doh,15.123,36.509,36.508999999999965,809.3999999910593,2,salesforce.com;www.salesforce.com
2709,player.aniview.com,1,doh,18.541,18.541,18.541,219.3999999910593,1,player.aniview.com
3200,occ.a.nflxso.net,1,doh,16.506,16.506,16.506,87.5,1,occ.a.nflxso.net
3142,gecko16-normal-useast5.tiktokv.us,1,doh,17.444,17.444,17.444,113.6000000089407,1,gecko16-normal-useast5.tiktokv.us
3631,beacon-nf.rubiconproject.com,1,doh,13.754,13.754,13.754,84.40000000596046,1,beacon-nf.rubiconproject.com
2915,ads.betweendigital.com,1,doh,12.427,12.427,12.427,82.70000000298023,1,ads.betweendigital.com
3562,odf.app-ads-services.com,1,doh,0.0,15.607,15.607,236.59999999403954,1,www.google.com
2754,ad-score.com,1,doh,23.561,23.561,23.561,163,1,ad-score.com
3573,navvy.media.net,1,doh,14.655,14.655,14.655,98.20000000298023,1,navvy.media.net
3246,datarouter.ol.epicgames.com,1,doh,12.905,12.905,12.905,84,1,datarouter.ol.epicgames.com
3335,esp.rtbhouse.com,1,doh,16.063,16.063,16.063,176.5,1,esp.rtbhouse.com
3595,p.ad.gt,1,doh,13.555,13.555,13.555,217.5,1,p.ad.gt
3788,scripts.webcontentassessor.com,1,doh,14.459,14.459,14.459,146.70000000298023,1,scripts.webcontentassessor.com
3079,config.inmobi.com,1,doh,15.444,15.444,15.444,95.70000000298023,1,config.inmobi.com
3029,syncv4.intentiq.com,1,doh,12.439,12.439,12.439,196.59999999403954,1,syncv4.intentiq.com
3233,uschi7.icloud-content.com,1,doh,15.448,15.448,15.448,130,1,uschi7.icloud-content.com
3884,go-updater.brave.com,1,doh,16.632,16.632,16.632,312.20000000298023,1,go-updater.brave.com
3360,beacons-handoff.gcp.gvt2.com,1,doh,17.533,17.533,17.533,92.29999999701977,1,beacons-handoff.gcp.gvt2.com
3266,socdm.com,1,doh,13.414,13.414,13.414,196.5,1,socdm.com
3611,www.tizen.org,1,doh,14.166,38.455,27.892999999999976,1891.9000000059605,3,cdn.jsdelivr.net;code.jquery.com;www.tizen.org
2959,qsearch-a.akamaihd.net,1,doh,13.398,13.398,13.398,149.40000000596046,1,qsearch-a.akamaihd.net
3767,cs.seedtag.com,1,doh,14.783,14.783,14.783,218.19999998807907,1,cs.seedtag.com
3569,aggr19-normal.tiktokv.us,1,doh,12.055,12.055,12.055,81.80000001192093,1,aggr19-normal.tiktokv.us
3188,feedback-pa.googleapis.com,1,doh,0.0,12.281,12.281000000000006,156.20000000298023,1,www.google.com
3664,ea.com,1,doh,18.336,274.25,173.23600000000022,1529.2000000029802,20,3879194.fls.doubleclick.net;ad.doubleclick.net;adservice.google.com;analytics.google.com;bam-cell.nr-data.net;cdnjs.cloudflare.com;consent.trustarc.com;d.agkn.com;ea.com;js-agent.newrelic.com;media.contentapi.ea.com;p.typekit.net;pl.ea.com;privacy-policy.truste.com;stats.g.doubleclick.net;unpkg.com;use.typekit.net;w.soundcloud.com;www.google.com;www.googletagmanager.com
3904,tse1.mm.bing.net,1,doh,13.056,13.056,13.056,103.79999999701977,1,tse1.mm.bing.net
3473,nrb.ybp.yahoo.com,1,doh,12.969,12.969,12.969,126.30000001192093,1,nrb.ybp.yahoo.com
3784,deff.nelreports.net,1,doh,13.636,13.636,13.636,287.09999999403954,1,deff.nelreports.net
3197,gtrace.mediago.io,1,doh,15.756,15.756,15.756,173.79999999701977,1,gtrace.mediago.io
2995,csync.smartadserver.com,1,doh,12.28,12.28,12.28,745.4000000059605,1,csync.smartadserver.com
3287,m.taobao.com,1,doh,245.229,5233.112,4049.3780000000006,10616.300000011921,26,1gjl8m.tdum.alibaba.com;277gdo.tdum.alibaba.com;3ygiq2.tdum.alibaba.com;alidt.alicdn.com;at.alicdn.com;aup20c.tdum.alibaba.com;cf.aliyun.com;cm.mediav.com;fourier.alibaba.com;fourier.taobao.com;g.alicdn.com;g.aplus.taobao.com;gm.mmstat.com;gw.alicdn.com;h5api.m.taobao.com;img.alicdn.com;log.mmstat.com;login.taobao.com;m.taobao.com;o.alicdn.com;pc-growht-rta.taobao.com;push-v1.taobao.com;umdc.taobao.com;www.taobao.com;x.alicdn.com;ynuf.aliapp.org
3580,avatars.mds.yandex.net,1,doh,13.54,13.54,13.54,696.2000000029802,1,avatars.mds.yandex.net
3039,android-safebrowsing.google.com,1,doh,0.0,13.058,13.057999999999993,243.40000000596046,1,www.google.com
2962,pusher.com,1,doh,14.984,217.59,123.66500000000025,460.79999999701977,15,api.hubapi.com;api.segment.io;cdn.segment.com;dotcom.messagebird.com;images.prismic.io;js.hs-analytics.net;js.hs-banner.com;js.hs-scripts.com;js.hsadspixel.net;pubads.g.doubleclick.net;pusher-website.cdn.prismic.io;pusher-website.prismic.io;pusher.com;static.cdn.prismic.io;track.hubspot.com
2763,restrictedapps-pa.googleapis.com,1,doh,0.0,12.894,12.894000000000005,153.3999999910593,1,www.google.com
3137,tr.rbxcdn.com,1,doh,16.335,16.335,16.335,152.70000000298023,1,tr.rbxcdn.com
2997,go.com,1,doh,14.236,176.154,149.84899999999996,790.3999999910593,11,cdn.cookielaw.org;cdn.espn.com;cdn.matterhorn.app;dcf.espn.com;go.com;lumiere-a.akamaihd.net;sb.scorecardresearch.com;sw88.go.com;tag.researchnow.com;www.datadoghq-browser-agent.com;www.go.com
3286,licensing.m365.svc.cloud.microsoft,1,doh,14.77,212.73899999999998,149.5000000000001,1713.5999999940395,16,admin.microsoft.com;browser.events.data.microsoft.com;c.s-microsoft.com;config.edge.skype.com;js.monitor.azure.com;licensing.m365.svc.cloud.microsoft;login.live.com;login.microsoftonline.com;mem.gfx.ms;res.cdn.office.net;s.clarity.ms;scripts.clarity.ms;uhf.microsoft.com;www.clarity.ms;www.microsoft.com;www.office.com
3518,i6.liadm.com,1,doh,13.577,13.577,13.577,94.20000000298023,1,i6.liadm.com
2751,cadmus2.script.ac,1,doh,12.334,12.334,12.334,87.90000000596046,1,cadmus2.script.ac
3799,api.control.verkada.com,1,doh,12.166,12.166,12.166,321.29999999701977,1,api.control.verkada.com
3590,d.adroll.com,1,doh,14.347,14.347,14.347,88.6000000089407,1,d.adroll.com
2820,ringcentral.com,1,doh,12.534,480.0279999999999,281.15799999999973,1313.7999999970198,34,075-dtb-715.mktoresp.com;a.dpmsrv.com;adobedc.demdex.net;alb.reddit.com;api-ingest.pocustrack.com;api-tml.ringcentral.com;arttrk.com;booking.chilipiper.com;cdn.cookielaw.org;cdn.fonts.net;cdn.jsdelivr.net;connect.facebook.net;dev.visualwebsiteoptimizer.com;dpm.demdex.net;geolocation.onetrust.com;googleads.g.doubleclick.net;js.qualified.com;js.zi-scripts.com;munchkin.marketo.net;pixel-config.reddit.com;pnapi.invoca.net;px.ads.linkedin.com;ringcentral.com;s.dpmsrv.com;snap.licdn.com;solutions.invocacdn.com;som.ringcentral.com;tags.srv.stackadapt.com;trk.techtarget.com;trkn.us;www.google.com;www.googletagmanager.com;www.linkedin.com;www.redditstatic.com
2911,cp-rp16-normal-useast8.tiktokv.us,1,doh,13.285,13.285,13.285,132.1000000089407,1,cp-rp16-normal-useast8.tiktokv.us
3691,www.google.us,1,doh,0.0,12.325,12.325000000000102,597.2000000029802,3,ogads-pa.clients6.google.com;play.google.com;www.gstatic.com
3323,aptrinsic.com,1,doh,12.923,93.202,93.20199999999988,915,7,aptrinsic.com;fonts.gstatic.com;gainsight.com;js.qualified.com;nitroscripts.com;to.getnitropack.com;www.gainsight.com
3354,i.sng.link,1,doh,16.145,16.145,16.145,156.90000000596046,1,i.sng.link
3377,ios.prod.cloud.netflix.com,1,doh,15.05,15.05,15.05,137.09999999403954,1,ios.prod.cloud.netflix.com
3634,apps.threatlocker.com,1,doh,14.488,14.488,14.488,224.79999999701977,1,apps.threatlocker.com
3277,stats.gc.apple.com,1,doh,11.661,11.661,11.661,151.6000000089407,1,stats.gc.apple.com
2761,ssl.com,1,doh,21.087,417.8879999999999,220.12299999999993,2254.800000011921,26,analytics.google.com;aplo-evnt.com;assets.apollo.io;assets.mymarketingreports.com;bat.bing.com;c.clarity.ms;calls.mymarketingreports.com;fonts.googleapis.com;googleads.g.doubleclick.net;js.zi-scripts.com;kit.fontawesome.com;px.ads.linkedin.com;s.clarity.ms;scripts.clarity.ms;snap.licdn.com;ssl.com;t.contentsquare.net;widget.intercom.io;ws.zoominfo.com;www.clarity.ms;www.google-analytics.com;www.google.com;www.googleoptimize.com;www.googletagmanager.com;www.gstatic.com;www.linkedin.com
3181,tracing.roblox.com,1,doh,10.506,10.506,10.506,91.6000000089407,1,tracing.roblox.com
3449,sdk.iad-03.braze.com,1,doh,14.232,14.232,14.232,122.29999999701977,1,sdk.iad-03.braze.com
3869,gameswhitelisted.googleapis.com,1,doh,0.0,11.712,11.711999999999989,180,1,www.google.com
3838,protected-by.clarium.io,1,doh,13.76,13.76,13.76,77.8999999910593,1,protected-by.clarium.io
3213,adfarm1.adition.com,1,doh,15.114,15.114,15.114,358.29999999701977,1,adfarm1.adition.com
3675,syndication.twitter.com,1,doh,12.658,12.658,12.658,109.09999999403954,1,syndication.twitter.com
3123,oa.openxcdn.net,1,doh,12.016,12.016,12.016,87.3999999910593,1,oa.openxcdn.net
3778,client-telemetry.roblox.com,1,doh,12.488,12.488,12.488,208,1,client-telemetry.roblox.com
3672,metrics.roblox.com,1,doh,12.404,12.404,12.404,137.1000000089407,1,metrics.roblox.com
3355,api-js.mixpanel.com,1,doh,12.839,12.839,12.839,112,1,api-js.mixpanel.com
3868,mqtt-mini.facebook.com,1,doh,13.131,13.131,13.131,72.29999999701977,1,mqtt-mini.facebook.com
3693,secure.espncdn.com,1,doh,15.373,260.69200000000006,144.59499999999997,0,15,a.espncdn.com;a1.espncdn.com;a2.espncdn.com;a4.espncdn.com;cdn.cookielaw.org;cdn.espn.com;chui-assets-cdn.espn.com;dcf.espn.com;espn.go.com;micro.rubiconproject.com;pinpoint.espn.com;scripts.webcontentassessor.com;secure.espncdn.com;www.espn.com;www.googletagservices.com
3064,chromereporting-pa.googleapis.com,1,doh,0.0,12.541,12.540999999999997,168.5,1,www.google.com
3704,portal.office.com,1,doh,13.704,66.26300000000002,60.32100000000006,672.5,5,aadcdn.msftauth.net;login.live.com;login.microsoftonline.com;portal.office.com;www.microsoft365.com
3682,www.srmdata-us.com,1,doh,14.598,14.598,14.598,285.40000000596046,1,www.srmdata-us.com
2696,client.dropbox.com,1,doh,13.38,50.806,38.36900000000001,338.79999999701977,3,assets.dropbox.com;cfl.dropboxstatic.com;client.dropbox.com
2786,combine.urbanairship.com,1,doh,11.493,11.493,11.493,100.1000000089407,1,combine.urbanairship.com
3090,ib.3lift.com,1,doh,13.346,81.614,81.614,354.70000000298023,4,divp3w86nodu0.cloudfront.net;fonts.googleapis.com;fonts.gstatic.com;ib.3lift.com
3387,api.spotify.com,1,doh,12.163,105.801,105.7889999999998,1525.800000011921,7,api.spotify.com;apresolve.spotify.com;cdn.cookielaw.org;developer-assets.spotifycdn.com;encore.scdn.co;geolocation.onetrust.com;www.googletagmanager.com
3839,diagnostics.office.com,1,doh,24.033,173.006,156.88600000000014,1432.7000000029802,13,aadcdn.msftauth.net;aka.ms;browser.events.data.microsoft.com;cxcs.cdn.office.net;cxcs.microsoft.net;diagnostics.office.com;js.monitor.azure.com;login.live.com;login.microsoftonline.com;mem.gfx.ms;support.content.office.net;uhf.microsoft.com;www.microsoft.com
2963,stocks-data-service.apple.com,1,doh,14.635,14.635,14.635,77.80000001192093,1,stocks-data-service.apple.com
2796,reqhfg-launches.appsflyersdk.com,1,doh,11.678,11.678,11.678,105.40000000596046,1,reqhfg-launches.appsflyersdk.com
3795,app.printercloud.com,1,doh,27.15,27.15,27.15,382.19999998807907,1,app.printercloud.com
3947,gameinternationalization.roblox.com,1,doh,14.105,14.105,14.105,84.70000000298023,1,gameinternationalization.roblox.com
3891,static-forms.klaviyo.com,1,doh,12.82,12.82,12.82,320.09999999403954,1,static-forms.klaviyo.com
2720,cm.everesttech.net,1,doh,13.241,13.241,13.241,126.69999998807907,1,cm.everesttech.net
2966,microsoft365.com,1,doh,13.943,217.21,154.18499999999997,1768,16,admin.microsoft.com;browser.events.data.microsoft.com;c.s-microsoft.com;config.edge.skype.com;js.monitor.azure.com;login.live.com;login.microsoftonline.com;mem.gfx.ms;microsoft365.com;res.cdn.office.net;s.clarity.ms;scripts.clarity.ms;uhf.microsoft.com;www.clarity.ms;www.microsoft.com;www.microsoft365.com
3707,ad-events.flashtalking.com,1,doh,12.987,12.987,12.987,79.5,1,ad-events.flashtalking.com
2978,tnc0-normal-alisg.tiktokv.com,1,doh,18.269,18.269,18.269,328.20000000298023,1,tnc0-normal-alisg.tiktokv.com
3226,www.yahoo.com,1,doh,11.494,486.869,241.04099999999985,1113.800000011921,39,ad-delivery.net;ads.pubmatic.com;ads.yieldmo.com;api.rlcdn.com;c2shb-oao.ssp.yahoo.com;cdn.p-n.io;cdn.taboola.com;cm.g.doubleclick.net;consent.cmp.oath.com;d2mqt2joll4fma.cloudfront.net;display.bidder.taboola.com;exchange.kueezrtb.com;fastlane.rubiconproject.com;grid-bidder.criteo.com;guce.yahoo.com;htlb.casalemedia.com;ib.adnxs.com;idx.liadm.com;ncp-gw-frontpage.media.yahoo.com;nexus-gateway-prod.media.yahoo.com;noa.yahoo.com;opus.analytics.yahoo.com;pbs-yahoo-us.ay.delivery;pbs.yahoo.com;prebid-server.rubiconproject.com;prebid.media.net;rp.liadm.com;rtb.openx.net;s.seedtag.com;s.yimg.com;sb.scorecardresearch.com;securepubads.g.doubleclick.net;signal-service.pbs.yahoo.com;tlx.3lift.com;ups.analytics.yahoo.com;us-trc-events.taboola.com;wnsrvbjmeprtfrnfx.ay.delivery;www.googletagmanager.com;www.yahoo.com
3062,oath.com,1,doh,15.149,356.93100000000004,275.75499999999977,2010.8999999910593,22,118-oew-181.mktoresp.com;880-jwe-358.mktoresp.com;ajax.googleapis.com;cdn.cookielaw.org;cdn.prod.website-files.com;csp.yahoo.com;d3e54v103j8qbb.cloudfront.net;fonts.googleapis.com;fonts.gstatic.com;geolocation.onetrust.com;munchkin.marketo.net;oath.com;px.ads.linkedin.com;snap.licdn.com;sp.analytics.yahoo.com;static.hotjar.com;www.advertising.yahooinc.com;www.google-analytics.com;www.googletagmanager.com;www.linkedin.com;www.oath.com;www.yahooinc.com
3240,usc-excel.officeapps.live.com,1,doh,15.104,15.104,15.104,112.5,1,usc-excel.officeapps.live.com
3495,aes.us-east.ono.axp.amazon-adsystem.com,1,doh,17.666,17.666,17.666,87.5,1,aes.us-east.ono.axp.amazon-adsystem.com
3395,ecs.nel.measure.office.net,1,doh,15.851,29.090000000000003,29.090000000000032,1881.0999999940395,2,ajax.aspnetcdn.com;ecs.nel.measure.office.net
3610,ice.360yield.com,1,doh,13.393,13.393,13.393,83.69999998807907,1,ice.360yield.com
3273,ids.ad.gt,1,doh,16.372,16.372,16.372,180,1,ids.ad.gt
3403,amazon.co.uk,1,doh,12.925,106.728,78.55800000000004,1064.4000000059605,7,1c5c1ecf7303.a481e94e.us-east-2.token.awswaf.com;amazon.co.uk;fls-eu.amazon.co.uk;images-na.ssl-images-amazon.com;m.media-amazon.com;unagi.amazon.co.uk;www.amazon.co.uk
2887,jwplayer.com,1,doh,22.845,409.1719999999999,310.2360000000003,2603,26,7052064.fs1.hubspotusercontent-na1.net;api.hubapi.com;app.hubspot.com;assets-jpcust.jwpsrv.com;boards.greenhouse.io;cdn.cookielaw.org;cdn.jwplayer.com;entitlements.jwplayer.com;forms.hsforms.com;geolocation.onetrust.com;js.hs-analytics.net;js.hs-banner.com;js.hsadspixel.net;js.hscollectedforms.net;js.hubspot.com;jwpconnatix.com;jwplayer.com;jwx.com;perf-na1.hsforms.com;prd.jwpltx.com;px.ads.linkedin.com;snap.licdn.com;ssl.p.jwpcdn.com;www.google-analytics.com;www.googletagmanager.com;www.linkedin.com
3861,tubemogul.com,1,doh,13.525,89.708,83.95800000000008,621.6000000089407,6,advertising.adobe.com;bam.nr-data.net;js-agent.newrelic.com;p.typekit.net;tubemogul.com;use.typekit.net
3516,i.l.inmobicdn.net,1,doh,13.318,13.318,13.318,145.29999999701977,1,i.l.inmobicdn.net
3930,pull-flv-l10-sg01.tiktokcdn.com,1,doh,14.255,14.255,14.255,761.7000000029802,1,pull-flv-l10-sg01.tiktokcdn.com
3219,config.officeapps.live.com,1,doh,18.689,18.689,18.689,309.79999999701977,1,config.officeapps.live.com
2852,safesearch.googleapis.com,1,doh,0.0,11.903,11.903000000000006,157.5,1,www.google.com
3288,events.mobile.crashtracking.prod.ring.com,1,doh,13.679,13.679,13.679,307.90000000596046,1,events.mobile.crashtracking.prod.ring.com
3373,newsbreak.com,1,doh,27.962,514.433,349.2430000000003,1807.2999999970198,32,02e85f4af60b25717b2a76a92949a3c6.safeframe.googlesyndication.com;accounts.google.com;b-code.liadm.com;cd.connatix.com;cdn.amplitude.com;cds.connatix.com;cm.g.doubleclick.net;eb2.3lift.com;ep1.adtrafficquality.google;ep2.adtrafficquality.google;fonts.gstatic.com;gum.criteo.com;i.liadm.com;id-msp.newsbreak.com;image6.pubmatic.com;img.particlenews.com;match.adsrvr.org;msp.newsbreak.com;newsbreak.com;pagead2.googlesyndication.com;pixel.rubiconproject.com;px.ads.linkedin.com;rp.liadm.com;securepubads.g.doubleclick.net;sli.digest.newsbreak.com;sli.national.newsbreak.com;sli.newsbreak.com;static.newsbreak.com;sync.srv.stackadapt.com;ups.analytics.yahoo.com;www.google.com;www.newsbreak.com
3340,xsts.auth.xboxlive.com,1,doh,12.53,12.53,12.53,119.3999999910593,1,xsts.auth.xboxlive.com
3724,cm.adgrx.com,1,doh,21.017,21.017,21.017,142.29999999701977,1,cm.adgrx.com
2686,hblg.media.net,1,doh,14.608,14.608,14.608,189.80000001192093,1,hblg.media.net
3689,ip-api.com,1,doh,12.308,158.111,124.92499999999998,161.09999999403954,4,cache.ip-api.com;demo.ip-api.com;ip-api.com;lqv4s0msjpdm76sq4qh7gv1i3bdt0jwm.edns.ip-api.com
3718,rendering.sharethrough.com,1,doh,18.033,18.033,18.033,92.79999999701977,1,rendering.sharethrough.com
3893,mi.com,1,doh,13.2,33.988,33.988000000000014,1012.2000000029802,2,mi.com;www.mi.com
2756,customerevents.netflix.com,1,doh,13.306,13.306,13.306,136.80000001192093,1,customerevents.netflix.com
3356,registerdisney.go.com,1,doh,12.964,12.964,12.964,87.5,1,registerdisney.go.com
2765,cdn.indexww.com,1,doh,12.968,12.968,12.968,105.3999999910593,1,cdn.indexww.com
3781,v77.tiktokcdn.com,1,doh,23.59,44.954,44.95400000000001,158.90000000596046,2,error.c.cdn77.org;v77.tiktokcdn.com
3248,ids4.ad.gt,1,doh,12.735,12.735,12.735,306.90000000596046,1,ids4.ad.gt
3045,sdk.iad-06.braze.com,1,doh,13.84,13.84,13.84,139.30000001192093,1,sdk.iad-06.braze.com
3747,beacon.lynx.cognitivlabs.com,1,doh,11.405,11.405,11.405,81.5,1,beacon.lynx.cognitivlabs.com
2833,webcast-ws16-normal-useast5.tiktokv.us,1,doh,14.514,14.514,14.514,119.8999999910593,1,webcast-ws16-normal-useast5.tiktokv.us
3034,storygize.net,1,doh,25.18,25.18,25.18,294,1,storygize.net
2929,adswizz.com,1,doh,28.607,363.72299999999996,258.14799999999934,3950.5999999940395,23,adswizz.com;cdn.cookielaw.org;cdnjs.cloudflare.com;fonts.googleapis.com;geolocation.onetrust.com;js.hs-analytics.net;js.hs-banner.com;js.hs-scripts.com;js.hsadspixel.net;js.hscollectedforms.net;js.hubspot.com;perf-na1.hsforms.com;player.vimeo.com;px.ads.linkedin.com;s.w.org;snap.licdn.com;track.hubspot.com;www.adswizz.com;www.google-analytics.com;www.google.com;www.googletagmanager.com;www.gstatic.com;www.linkedin.com
3654,web-chat-e2ee.facebook.com,1,doh,15.14,52.389,52.38900000000005,1288.0999999940395,4,static.xx.fbcdn.net;web-chat-e2ee.facebook.com;www.facebook.com;www.instagram.com
3278,api.epicgames.dev,1,doh,0.0,15.666,15.666000000000054,472.7549999952316,1,challenges.cloudflare.com
3022,t-mobile.com,1,doh,13.191,365.467,261.4199999999998,1771.6000000089407,27,accdn.lpsnmedia.net;analytics.google.com;api2.branch.io;app.link;assets.adobedtm.com;cdn.branch.io;cdn.cookielaw.org;cdn.moengage.com;cdn.quantummetric.com;geolocation.onetrust.com;googletagmanager.com;ingest.quantummetric.com;ipinfo.io;lpcdn.lpsnmedia.net;lptag.liveperson.net;match.adsrvr.org;pnapi.invoca.net;rum.hlx.page;smetrics.t-mobile.com;solutions.invocacdn.com;stats.g.doubleclick.net;t-mobile.com;t-mobile.scene7.com;tmo-assets.fs.liveperson.com;unpkg.com;va.v.liveperson.net;www.t-mobile.com
3482,cs.iqzone.com,1,doh,11.203,11.203,11.203,106.80000001192093,1,cs.iqzone.com
3908,elb.the-ozone-project.com,1,doh,12.663,25.043,25.042999999999996,196.29999999701977,2,elb.the-ozone-project.com;static.cloudflareinsights.com
2805,api.taboola.com,1,doh,15.362,15.362,15.362,118.5,1,api.taboola.com
3845,api16-normal-c-useast1a.tiktokv.com,1,doh,13.864,13.864,13.864,94.40000000596046,1,api16-normal-c-useast1a.tiktokv.com
2842,remote-data.urbanairship.com,1,doh,11.696,11.696,11.696,107,1,remote-data.urbanairship.com
3003,raw.githubusercontent.com,1,doh,16.913,70.54500000000002,70.52700000000009,1516.9000000059605,6,api.github.com;collector.github.com;github.com;github.githubassets.com;images.ctfassets.net;raw.githubusercontent.com
3330,cdn.segment.com,1,doh,11.765,11.765,11.765,296,1,cdn.segment.com
3025,cm.mgid.com,1,doh,11.934,11.934,11.934,86.1000000089407,1,cm.mgid.com
2684,users.roblox.com,1,doh,12.373,12.373,12.373,167.3999999910593,1,users.roblox.com
3170,gecko16-normal-useast8.tiktokv.us,1,doh,15.841,15.841,15.841,171,1,gecko16-normal-useast8.tiktokv.us
3917,update.adsrvr.org,1,doh,17.083,17.083,17.083,149.59999999403954,1,update.adsrvr.org
3336,discovery.meethue.com,1,doh,13.44,13.44,13.44,99.80000001192093,1,discovery.meethue.com
3324,www.paypalobjects.com,1,doh,14.875,14.875,14.875,86.3999999910593,1,www.paypalobjects.com
3775,gamejoin.roblox.com,1,doh,13.272,13.272,13.272,221,1,gamejoin.roblox.com
3293,nest.com,1,doh,12.629,164.18299999999996,119.9100000000004,3944.300000011921,15,2542116.fls.doubleclick.net;ad.doubleclick.net;adservice.google.com;fonts.gstatic.com;googleads.g.doubleclick.net;lh3.googleusercontent.com;nest.com;ogads-pa.clients6.google.com;play.google.com;ssl.gstatic.com;storage.googleapis.com;www.google-analytics.com;www.google.com;www.googletagmanager.com;www.gstatic.com
2981,st-v3-univ-srs-win-3801-g3.api.splashtop.com,1,doh,37.132,37.132,37.132,274.70000000298023,1,st-v3-univ-srs-win-3801-g3.api.splashtop.com
3136,hblg-nv.media.net,1,doh,13.133,13.133,13.133,116.40000000596046,1,hblg-nv.media.net
3955,cpm.vistarsagency.com,1,doh,12.364,12.364,12.364,1057.0999999940395,1,cpm.vistarsagency.com
3831,static.cdninstagram.com,1,doh,13.565,13.565,13.565,285.40000000596046,1,static.cdninstagram.com
2838,pixel-eu.rubiconproject.com,1,doh,13.088,13.088,13.088,359.20000000298023,1,pixel-eu.rubiconproject.com
3069,xga-serving-pa.googleapis.com,1,doh,0.0,12.699,12.698999999999998,146.70000000298023,1,www.google.com
3948,exchange.kueezrtb.com,1,doh,12.835,12.835,12.835,111.5,1,exchange.kueezrtb.com
2928,hackaday.com,1,doh,14.05,423.83299999999986,252.66699999999986,1414.5,23,analytics.supplyframe.com;connect.facebook.net;googleads.g.doubleclick.net;hackaday.com;i0.wp.com;ib.adnxs.com;idsync.rlcdn.com;images.ads.supplyframe.com;match.adsrvr.org;ml314.com;p.typekit.net;ps.eyeota.net;rv-ads.supplyframe.com;rv-images.ads.supplyframe.com;stats.g.doubleclick.net;stats.wp.com;tags.srv.stackadapt.com;use.typekit.net;v1.api.service.cmp.usercentrics.eu;web.cmp.usercentrics.eu;www.google-analytics.com;www.google.com;www.googletagmanager.com
3158,insights.static.microsoft,1,doh,28.303,72.868,72.868,818.2000000029802,3,insights.cloud.microsoft;insights.static.microsoft;login.microsoftonline.com
3033,usersync.gumgum.com,1,doh,11.278,11.278,11.278,80.3999999910593,1,usersync.gumgum.com
2737,gsp57-ssl-locus.ls.apple.com,1,doh,15.461,15.461,15.461,135.70000000298023,1,gsp57-ssl-locus.ls.apple.com
3238,upload2.fp.measure.office.com,1,doh,21.328,21.328,21.328,401.6000000089407,1,upload2.fp.measure.office.com
3481,f.media-amazon.com,1,doh,16.73,16.73,16.73,89.40000000596046,1,f.media-amazon.com
3071,manage.agent-cluster3.prod.us001-prod.arcticwolf.net,1,doh,14.251,14.251,14.251,309.59999999403954,1,manage.agent-cluster3.prod.us001-prod.arcticwolf.net
2719,mobile.adsafeprotected.com,1,doh,13.236,13.236,13.236,123.70000000298023,1,mobile.adsafeprotected.com
3363,familyshield.opendns.com,1,doh,14.486,14.486,14.486,85.90000000596046,1,familyshield.opendns.com
3215,stocks-edge.apple.com,1,doh,16.9,16.9,16.9,163.09999999403954,1,stocks-edge.apple.com
3527,speed.cloudflare.com,1,doh,15.87,39.467,39.46700000000016,1312.800000011921,2,platform.dash.cloudflare.com;speed.cloudflare.com
2851,static.klaviyo.com,1,doh,12.616,12.616,12.616,122.1000000089407,1,static.klaviyo.com
3441,agents.msua09.manage.microsoft.com,1,doh,0.013,0.013,0.013,517.5999999940395,1,agents.msua09.manage.microsoft.com
3899,lakesidesoftware.com,1,doh,20.905,214.45999999999998,159.9500000000001,1464.0999999940395,15,674-dsf-359.mktoresp.com;analytics.google.com;cdn-cookieyes.com;directory.cookieyes.com;fonts.googleapis.com;fonts.gstatic.com;lakesidesoftware.com;log.cookieyes.com;munchkin.marketo.net;stats.g.doubleclick.net;trk.techtarget.com;www.google-analytics.com;www.google.com;www.googletagmanager.com;www.lakesidesoftware.com
3374,tg.socdm.com,1,doh,13.286,13.286,13.286,617.2999999970198,1,tg.socdm.com
2988,us-east-eb2.3lift.com,1,doh,13.322,13.322,13.322,85.3999999910593,1,us-east-eb2.3lift.com
2811,log16-normal-useast8.tiktokv.us,1,doh,12.632,12.632,12.632,168.1000000089407,1,log16-normal-useast8.tiktokv.us
3913,v16-cla.tiktokcdn.com,1,doh,16.76,16.76,16.76,96.70000000298023,1,v16-cla.tiktokcdn.com
2939,oec16-normal-useast8.tiktokv.us,1,doh,13.017,13.017,13.017,124.70000000298023,1,oec16-normal-useast8.tiktokv.us
2975,locationhistoryaggregates-pa.googleapis.com,1,doh,0.0,11.675,11.675000000000011,192.6000000089407,1,www.google.com
2680,copilot.microsoft.com,1,doh,12.286,52.522999999999996,52.522999999999854,811.2000000029802,5,browser.events.data.microsoft.com;copilot.microsoft.com;login.live.com;login.microsoftonline.com;o4508134825000960.ingest.us.sentry.io
3753,shepherd.avcdn.net,1,doh,11.251,11.251,11.251,97,1,shepherd.avcdn.net
3679,streaming.split.io,1,doh,14.838,14.838,14.838,117.3999999910593,1,streaming.split.io
3049,admaster.cc,1,doh,72.075,269.602,226.68000000000006,1073.7000000029802,8,admaster.cc;browser.sentry-cdn.com;bundler-velo.parastorage.com;frog.wix.com;panorama.wixapps.net;static.parastorage.com;static.wixstatic.com;www.admaster.cc
2830,content.lifecycle.office.net,1,doh,13.165,13.165,13.165,168.6000000089407,1,content.lifecycle.office.net
3658,aga.web.eu-west-1.prod.diagnostic.networking.aws.dev,1,doh,12.578,12.578,12.578,289.79999999701977,1,aga.web.eu-west-1.prod.diagnostic.networking.aws.dev
3212,gspe85-ssl.ls.apple.com,1,doh,14.177,14.177,14.177,90.29999999701977,1,gspe85-ssl.ls.apple.com
3477,static-tracking.klaviyo.com,1,doh,13.197,13.197,13.197,117.30000001192093,1,static-tracking.klaviyo.com
3642,p.ravm.tv,1,doh,12.594,12.594,12.594,88.59999999403954,1,p.ravm.tv
3824,playstation.com,1,doh,21.647,409.43999999999994,346.99999999999983,2755.9000000059605,28,10049583.fls.doubleclick.net;ad.doubleclick.net;adobedc.demdex.net;adservice.google.com;assets.adobedtm.com;cdn.cookielaw.org;cdn.decibelinsight.net;cdn.evgnet.com;cdn.schemaapp.com;connect.facebook.net;fast.fonts.net;geolocation.onetrust.com;gmedia.playstation.com;googleads.g.doubleclick.net;io.playstation.com;playstation.com;resources.digital-cloud.medallia.eu;smetrics.aem.playstation.com;social.playstation.com;sonyinteractiveent.us-5.evergage.com;static.ads-twitter.com;static.playstation.com;web-commerce-anywhere.playstation.com;web-toolbar.playstation.com;web.np.playstation.com;www.google.com;www.googletagmanager.com;www.playstation.com
3616,metadata.templates.cdn.office.net,1,doh,14.758,14.758,14.758,116.79999999701977,1,metadata.templates.cdn.office.net
3173,filedownload.lenovo.com,1,doh,11.488,11.488,11.488,594.0999999940395,1,filedownload.lenovo.com
3952,kaspersky.com,1,doh,14.501,981.2769999999997,673.1789999999999,2699.1000000089407,47,12346775.fls.doubleclick.net;7foxepcf7f.kameleoon.io;ad.doubleclick.net;adservice.google.com;alb.reddit.com;analytics.google.com;api-router.kaspersky-labs.com;api.mindbox.ru;bat.bing.com;c.clarity.ms;c1001.report.gbss.io;cdn.air360tracker.net;cdn.gbqofs.com;cdn.taboola.com;connect.facebook.net;content.kaspersky-labs.com;dynamic.criteo.com;eu-data.kameleoon.io;googleads.g.doubleclick.net;gum.criteo.com;js.go2sdk.com;kaspersky.com;kasperskycom.push4site.com;mc.yandex.com;pixel-config.reddit.com;pubads.g.doubleclick.net;px.ads.linkedin.com;pxv31ld8xe1nnyzw.air360tracker.net;resources.xg4ken.com;s.clarity.ms;s.yimg.jp;scripts.clarity.ms;sgtm.kaspersky.com;sgtm.kaspersky.de;snap.licdn.com;sslwidget.criteo.com;stats.g.doubleclick.net;storage.yandexcloud.net;track.omguk.com;widget.as.criteo.com;www.clarity.ms;www.google.com;www.googleadservices.com;www.googletagmanager.com;www.kaspersky.com;www.linkedin.com;www.redditstatic.com
2910,pagead2.googleadservices.com,1,doh,0.0,11.816999999999998,11.816999999999894,572.2999999970198,3,ogads-pa.clients6.google.com;play.google.com;www.gstatic.com
3425,cdn.registerdisney.go.com,1,doh,14.093,14.093,14.093,88.80000001192093,1,cdn.registerdisney.go.com
3815,fa000000124.resources.office.net,1,doh,13.854,13.854,13.854,401.79999999701977,1,fa000000124.resources.office.net
2695,cdn.samsungcloudsolution.com,1,doh,12.804,12.804,12.804,97.90000000596046,1,cdn.samsungcloudsolution.com
3245,identrust.com,1,doh,12.038,149.041,101.38499999999986,1643.4000000059605,11,analytics.google.com;cdn.cookielaw.org;cdn.voiceflow.com;cm4-production-assets.s3.amazonaws.com;geolocation.onetrust.com;identrust.com;p.typekit.net;stats.g.doubleclick.net;use.typekit.net;widget.trustpilot.com;www.googletagmanager.com
3648,ssl.p.jwpcdn.com,1,doh,11.62,11.62,11.62,85.40000000596046,1,ssl.p.jwpcdn.com
2691,wyze.com,1,doh,14.031,208.63499999999996,145.45500000000024,2003.2000000029802,15,api.copilot.livex.ai;backend.alia-prod.com;chatbox.copilot.livex.ai;cmp.osano.com;fonts.googleapis.com;monorail-edge.shopifysvc.com;otlp-http-production.shopifysvc.com;shop.app;ssl.kaptcha.com;static.cloudflareinsights.com;static.klaviyo.com;static.rechargecdn.com;store-app.figpii.com;www.wyze.com;wyze.com
3645,census-app-x.scorecardresearch.com,1,doh,11.437,11.437,11.437,279.90000000596046,1,census-app-x.scorecardresearch.com
2893,ow.pubmatic.com,1,doh,11.573,11.573,11.573,93.30000001192093,1,ow.pubmatic.com
3737,p16-comment-sg-sign.tiktokcdn-us.com,1,doh,14.38,14.38,14.38,100.19999998807907,1,p16-comment-sg-sign.tiktokcdn-us.com
3160,addin.insights.static.microsoft,1,doh,13.28,13.28,13.28,411.20000000298023,1,addin.insights.static.microsoft
3933,fw-snaps.prod.gws.ring.amazon.dev,1,doh,15.15,15.15,15.15,83.70000000298023,1,fw-snaps.prod.gws.ring.amazon.dev
2798,notifications-ueeshp-pa.googleapis.com,1,doh,0.0,12.229,12.229,146.6000000089407,1,www.google.com
3612,gravityzone.bitdefender.com,1,doh,15.075,53.74799999999999,53.74800000000003,560.1000000089407,4,adobedc.demdex.net;assets.adobedtm.com;gravityzone.bitdefender.com;sstats.bitdefender.com
3722,eventfnt-us.dsp-api.moloco.com,1,doh,12.186,12.186,12.186,115.59999999403954,1,eventfnt-us.dsp-api.moloco.com
3700,pickasso.spotifycdn.com,1,doh,12.006,12.006,12.006,85.80000001192093,1,pickasso.spotifycdn.com
3229,csync.copper6.com,1,doh,13.319,13.319,13.319,127.29999999701977,1,csync.copper6.com
3742,launchpad-wrapper.privacymanager.io,1,doh,13.763,13.763,13.763,401.09999999403954,1,launchpad-wrapper.privacymanager.io
2904,locale.roblox.com,1,doh,13.572,13.572,13.572,204.59999999403954,1,locale.roblox.com
2688,prg.smartadserver.com,1,doh,14.069,14.069,14.069,89.5,1,prg.smartadserver.com
3941,pixels.spotify.com,1,doh,14.231,14.231,14.231,102.5,1,pixels.spotify.com
3444,kinesis.us-west-2.amazonaws.com,1,doh,12.99,12.99,12.99,394.70000000298023,1,kinesis.us-west-2.amazonaws.com
3117,ipv4.cws.conviva.com,1,doh,13.96,13.96,13.96,273.6000000089407,1,ipv4.cws.conviva.com
3743,s-static.innovid.com,1,doh,12.147,12.147,12.147,255.5,1,s-static.innovid.com
3459,media6degrees.com,1,doh,51.197,286.777,227.60099999999994,2948.6000000089407,18,api.userway.org;cdn.cookielaw.org;cdn.lgrckt-in.com;cdn.userway.org;cdnjs.cloudflare.com;dstillery.chilipiper.com;dstillery.com;fonts.googleapis.com;fonts.gstatic.com;geolocation.onetrust.com;googleads.g.doubleclick.net;i.ytimg.com;media6degrees.com;static.doubleclick.net;www.bugherd.com;www.google.com;www.googletagmanager.com;www.youtube.com
3308,smres.zdxcloud.net,1,doh,12.671,12.671,12.671,511.40000000596046,1,smres.zdxcloud.net
3557,resolver.msg.global.xiaomi.net,1,doh,12.003,12.003,12.003,307.5,1,resolver.msg.global.xiaomi.net
2824,guc3-dealer.g2.spotify.com,1,doh,13.018,13.018,13.018,111.70000000298023,1,guc3-dealer.g2.spotify.com
3934,ads.mozilla.org,1,doh,12.899,73.007,73.00700000000012,1440.1000000089407,5,ads.mozilla.org;transcend-cdn.com;www.google-analytics.com;www.googletagmanager.com;www.mozilla.org
3660,ib.isappcloud.com,1,doh,13.317,13.317,13.317,89.5,1,ib.isappcloud.com
3242,emxdgt.com,1,doh,30.203,285.062,206.65400000000005,0,18,ajax.googleapis.com;cadent.com;cdn-cookieyes.com;cdn.jsdelivr.net;cdn.prod.website-files.com;cdn.tailwindcss.com;d3e54v103j8qbb.cloudfront.net;emxdgt.com;fonts.googleapis.com;fonts.gstatic.com;forms-na1.hsforms.com;forms.hsforms.com;js.hsforms.net;log.cookieyes.com;thenewcadent.com;www.cadent.com;www.google.com;www.gstatic.com
2803,api.dropbox.com,1,doh,12.125,56.315,43.07599999999999,412.29999999701977,3,api.dropbox.com;assets.dropbox.com;cfl.dropboxstatic.com
2856,res1.applovin.com,1,doh,12.407,12.407,12.407,351.59999999403954,1,res1.applovin.com
2876,launchpad.privacymanager.io,1,doh,12.514,12.514,12.514,399.79999999701977,1,launchpad.privacymanager.io
3138,calendarpushsubscription-pa.googleapis.com,1,doh,0.0,11.68,11.680000000000007,156.40000000596046,1,www.google.com
3961,mapsmobilesdks-pa.googleapis.com,1,doh,0.0,14.78,14.780000000000001,156.20000000298023,1,www.google.com
3314,prod.pinterest.global.map.fastly.net,1,doh,12.313,12.313,12.313,90.1000000089407,1,prod.pinterest.global.map.fastly.net
3332,thaka.bing.com,1,doh,19.043,19.043,19.043,154.1000000089407,1,thaka.bing.com
3339,tpsc-uw1.doubleverify.com,1,doh,11.971,11.971,11.971,155,1,tpsc-uw1.doubleverify.com
2679,proximity-a.wbx2.com,1,doh,12.625,12.625,12.625,159.09999999403954,1,proximity-a.wbx2.com
3819,images-mercury.mzstatic.com,1,doh,16.106,16.106,16.106,88.5,1,images-mercury.mzstatic.com
3130,p16-comment-sign-useast8.tiktokcdn-us.com,1,doh,12.601,12.601,12.601,94.09999999403954,1,p16-comment-sign-useast8.tiktokcdn-us.com
3903,tracker.samplicio.us,1,doh,11.861,11.861,11.861,84.79999999701977,1,tracker.samplicio.us
2953,bb.lijit.com,1,doh,13.16,13.16,13.16,130.5,1,bb.lijit.com
2792,mug.criteo.com,1,doh,12.515,12.515,12.515,90.09999999403954,1,mug.criteo.com
2898,gql-fed.reddit.com,1,doh,15.643,15.643,15.643,233.6000000089407,1,gql-fed.reddit.com
3038,ping-signals.urs.microsoft.com,1,doh,21.14,21.14,21.14,151.09999999403954,1,ping-signals.urs.microsoft.com
3798,ftp.hp.com,1,doh,13.272,13.272,13.272,1765.5,1,ftp.hp.com
2759,digitalassetlinks.googleapis.com,1,doh,0.0,11.658,11.657999999999987,195.8999999910593,1,www.google.com
3549,mid.rkdms.com,1,doh,14.064,14.064,14.064,223.09999999403954,1,mid.rkdms.com
2815,lamssettings-pa.googleapis.com,1,doh,0.0,2.325,2.3249999999999886,183.09999999403954,1,www.google.com
3298,paypalobjects.com,1,doh,12.426,26.622999999999998,26.623000000000005,156.5,2,paypalobjects.com;www.paypalobjects.com
3547,voice.roblox.com,1,doh,13.766,13.766,13.766,142.6000000089407,1,voice.roblox.com
3681,presence.roblox.com,1,doh,12.712,12.712,12.712,142.8999999910593,1,presence.roblox.com
2819,hotapi16-normal-useast8.tiktokv.us,1,doh,16.285,16.285,16.285,266,1,hotapi16-normal-useast8.tiktokv.us
3183,connectid.analytics.yahoo.com,1,doh,13.141,358.72799999999995,272.08399999999983,1972.0999999940395,21,118-oew-181.mktoresp.com;ajax.googleapis.com;cdn.cookielaw.org;cdn.prod.website-files.com;cdnjs.cloudflare.com;connectid.analytics.yahoo.com;csp.yahoo.com;d3e54v103j8qbb.cloudfront.net;fonts.googleapis.com;fonts.gstatic.com;geolocation.onetrust.com;munchkin.marketo.net;px.ads.linkedin.com;snap.licdn.com;static.hotjar.com;www.adtech.yahooinc.com;www.advertising.yahooinc.com;www.google-analytics.com;www.googletagmanager.com;www.linkedin.com;www.yahooinc.com
3804,libra16-normal-useast5.tiktokv.us,1,doh,14.63,14.63,14.63,120,1,libra16-normal-useast5.tiktokv.us
2942,streetviewpixels-pa.googleapis.com,1,doh,0.0,11.926,11.926000000000002,154.5,1,www.google.com
3030,identity.nel.measure.office.net,1,doh,13.794,25.676000000000002,25.676000000000062,1314.2999999970198,2,ajax.aspnetcdn.com;identity.nel.measure.office.net
3922,sync.graph.bluecava.com,1,doh,13.151,13.151,13.151,209.1000000089407,1,sync.graph.bluecava.com
3429,bsync.tiktokv.us,1,doh,15.248,15.248,15.248,121.40000000596046,1,bsync.tiktokv.us
3833,mobilefuse.com,1,doh,26.652,213.02799999999996,168.56700000000006,1263.0999999940395,13,ad.mobilefuse.com;download-video-ak.vimeocdn.com;mobilefuse.com;pagead2.googlesyndication.com;player.vimeo.com;px.ads.linkedin.com;snap.licdn.com;t.mobilefuse.com;trkn.us;www.google-analytics.com;www.google.com;www.googletagmanager.com;www.linkedin.com
3075,onelink.me,1,doh,19.55,706.719,330.27599999999825,3222.9000000059605,54,108-avt-732.mktoresp.com;52.22.50.55;a.omappapi.com;a.quora.com;a.usbrowserspeed.com;alb.reddit.com;api.company-target.com;api.omappapi.com;bat.bing.com;browser.sentry-cdn.com;cdn.cookielaw.org;cdn.jsdelivr.net;cdn.mxpnl.com;cdnjs.cloudflare.com;connect.facebook.net;dsum-sec.casalemedia.com;dx.mountain.com;fast.wistia.com;fonts.googleapis.com;fonts.gstatic.com;geolocation.onetrust.com;go.appsflyer.com;googleads.g.doubleclick.net;id.rlcdn.com;js.navattic.com;munchkin.marketo.net;onelink.me;partners.tremorhub.com;pixel-config.reddit.com;pixel.rubiconproject.com;px.ads.linkedin.com;rum-collector-2.pingdom.net;rum-static.pingdom.net;s.company-target.com;sdk.getlimy.ai;segments.company-target.com;snap.licdn.com;t.influ2.com;tag-logger.demandbase.com;tag.demandbase.com;tracking-api.g2.com;tracking.g2crowd.com;unpkg.com;wa.appsflyersdk.com;wa.onelink.me;websdk.appsflyer.com;www.appsflyer.com;www.google-analytics.com;www.google.com;www.googletagmanager.com;www.influ2.com;www.linkedin.com;www.redditstatic.com;www.youtube.com
2771,census-app.scorecardresearch.com,1,doh,12.79,12.79,12.79,117.30000001192093,1,census-app.scorecardresearch.com
3777,clevertap-prod.com,1,doh,12.536,12.536,12.536,150.90000000596046,1,clevertap-prod.com
3900,vcs-sg.tiktokv.com,1,doh,16.244,16.244,16.244,362.19999998807907,1,vcs-sg.tiktokv.com
2839,geo.privacymanager.io,1,doh,12.568,12.568,12.568,88.29999999701977,1,geo.privacymanager.io
3419,webcast16-normal-c-alisg.tiktokv.com,1,doh,18.328,18.328,18.328,332,1,webcast16-normal-c-alisg.tiktokv.com
2935,config2.mparticle.com,1,doh,14.847,14.847,14.847,86.3999999910593,1,config2.mparticle.com
2738,uipglob.semasio.net,1,doh,13.84,13.84,13.84,272.20000000298023,1,uipglob.semasio.net
3628,images.sr.roku.com,1,doh,12.416,27.348,27.348000000000003,208.19999998807907,2,images-svc.sr.roku.com;images.sr.roku.com
3421,iqzone.com,1,doh,20.773,313.46000000000004,163.08500000000004,617.7999999970198,24,cm.g.doubleclick.net;connect.facebook.net;d.adroll.com;dsum-sec.casalemedia.com;eb2.3lift.com;fonts.googleapis.com;fonts.gstatic.com;ib.adnxs.com;idsync.rlcdn.com;image2.pubmatic.com;iqzone.com;lex.33across.com;match.adsrvr.org;ml314.com;pippio.com;pixel.rubiconproject.com;pixel.tapad.com;ps.eyeota.net;px.ads.linkedin.com;s.adroll.com;sync.outbrain.com;sync.taboola.com;us-u.openx.net;x.bidswitch.net
3261,sync.kueezrtb.com,1,doh,13.23,13.23,13.23,103.5,1,sync.kueezrtb.com
3351,manage.agent-cluster1.prod.us002-prod.arcticwolf.net,1,doh,12.488,12.488,12.488,132.90000000596046,1,manage.agent-cluster1.prod.us002-prod.arcticwolf.net
2775,auth.xboxlive.com,1,doh,18.619,18.619,18.619,457.29999999701977,1,auth.xboxlive.com
3728,usea1-019.sentinelone.net,1,doh,14.89,41.108000000000004,41.108000000000075,1490.5,3,cdn.pendo.io;content.pendo.sentinelone.net;usea1-019.sentinelone.net
3719,chartboost.com,1,doh,27.085,275.321,181.031,2103.2000000029802,19,ajax.googleapis.com;cdn.cookielaw.org;cdnjs.cloudflare.com;chartboost.com;forms-na1.hsforms.com;forms.hsforms.com;js.hs-analytics.net;js.hs-scripts.com;js.hsadspixel.net;js.hscollectedforms.net;js.hsforms.net;loopme.com;maps.googleapis.com;px.ads.linkedin.com;snap.licdn.com;track.hubspot.com;www.google-analytics.com;www.googletagmanager.com;www.linkedin.com
3001,apptentive.com,1,doh,26.337,461.5870000000001,298.87400000000076,3498.1000000089407,35,100.20.58.101;ade.googlesyndication.com;alb.reddit.com;alchemer.my.salesforce-scrt.com;alchemer.my.site.com;analytics.silktide.com;apptentive.com;bat.bing.com;c.clarity.ms;connect.facebook.net;consent.cookiebot.com;consentcdn.cookiebot.com;dx.mountain.com;go.alchemer.com;js.chilipiper.com;js.zi-scripts.com;p.typekit.net;pagead2.googlesyndication.com;pi.pardot.com;pixel-config.reddit.com;px.ads.linkedin.com;s.clarity.ms;scripts.clarity.ms;snap.licdn.com;tr.capterra.com;tracking-api.g2.com;tracking.g2crowd.com;use.typekit.net;ws.zoominfo.com;www.alchemer.com;www.clarity.ms;www.google-analytics.com;www.googletagmanager.com;www.linkedin.com;www.redditstatic.com
3255,colossusssp.com,1,doh,14.589,14.589,14.589,84.20000000298023,1,colossusssp.com
2753,cma.itunes.apple.com,1,doh,13.29,13.29,13.29,273.6000000089407,1,cma.itunes.apple.com
3812,dss-na.amazon.com,1,doh,14.682,14.682,14.682,103,1,dss-na.amazon.com
3397,us2.api.endpoint.ingress.rapid7.com,1,doh,12.302,12.302,12.302,134.1000000089407,1,us2.api.endpoint.ingress.rapid7.com
3676,weatherapi.intl.xiaomi.com,1,doh,15.062,15.062,15.062,764,1,weatherapi.intl.xiaomi.com
3506,api.browser.yandex.ru,1,doh,12.168,12.168,12.168,678.5,1,api.browser.yandex.ru
3414,edge.safedk.com,1,doh,13.584,13.584,13.584,101.40000000596046,1,edge.safedk.com
2884,search.us.namequery.com,1,doh,16.294,16.294,16.294,321.40000000596046,1,search.us.namequery.com
2729,us4-dms.zoho.com,1,doh,13.314,13.314,13.314,294.8999999910593,1,us4-dms.zoho.com
3571,warp.media.net,1,doh,13.696,13.696,13.696,87.09999999403954,1,warp.media.net
3099,huntress-rio.s3.amazonaws.com,1,doh,14.216,14.216,14.216,115.70000000298023,1,huntress-rio.s3.amazonaws.com
3167,sdk.iad-05.braze.com,1,doh,12.884,12.884,12.884,115.90000000596046,1,sdk.iad-05.braze.com
2685,bolt.dropbox.com,1,doh,13.228,13.228,13.228,89.79999999701977,1,bolt.dropbox.com
3107,manage.agent-cluster2.prod.us001-prod.arcticwolf.net,1,doh,14.11,14.11,14.11,312.90000000596046,1,manage.agent-cluster2.prod.us001-prod.arcticwolf.net
3593,fei.pro-market.net,1,doh,12.325,12.325,12.325,188.69999998807907,1,fei.pro-market.net
3423,gld.push.samsungosp.com,1,doh,12.07,12.07,12.07,427.3999999910593,1,gld.push.samsungosp.com
3432,bsync16-normal-useast8.tiktokv.us,1,doh,13.403,13.403,13.403,148.40000000596046,1,bsync16-normal-useast8.tiktokv.us
3622,a.espncdn.com,1,doh,14.668,206.99199999999996,113.31600000000014,0,15,a.espncdn.com;a1.espncdn.com;a3.espncdn.com;a4.espncdn.com;cdn.cookielaw.org;cdn.espn.com;chui-assets-cdn.espn.com;dcf.espn.com;espn.go.com;micro.rubiconproject.com;pinpoint.espn.com;scripts.webcontentassessor.com;secure.espn.com;www.espn.com;www.googletagservices.com
3051,tr-ooc-atmv6.office.com,1,doh,13.986,56.863,56.86300000000007,610.0999999940395,4,aadcdn.msftauth.net;login.microsoftonline.com;res.public.onecdn.static.microsoft;tr-ooc-atmv6.office.com
3726,rl.quantummetric.com,1,doh,13.864,13.864,13.864,162.29999999701977,1,rl.quantummetric.com
3601,tizen.org,1,doh,27.839,56.052,43.182000000000016,703.5999999940395,3,cdn.jsdelivr.net;code.jquery.com;tizen.org
3942,dev.visualwebsiteoptimizer.com,1,doh,14.643,14.643,14.643,91.20000000298023,1,dev.visualwebsiteoptimizer.com
3755,tps-dn-ue1.doubleverify.com,1,doh,12.302,12.302,12.302,176.90000000596046,1,tps-dn-ue1.doubleverify.com
2873,mobile.yandex.net,1,doh,15.506,15.506,15.506,703.5,1,mobile.yandex.net
3319,region1.app-measurement.com,1,doh,0.0,12.042,12.041999999999973,394.79999999701977,1,www.google.com
3760,eventstreamfwgw-alb.us-east-1.prod.v2.gws.ring.amazon.dev,1,doh,15.413,15.413,15.413,131,1,eventstreamfwgw-alb.us-east-1.prod.v2.gws.ring.amazon.dev
3807,ns1p.net,1,doh,15.078,15.078,15.078,128,1,ns1p.net
