rank,site,run,strategy,main_dns_ms,total_dns_sum_ms,wall_clock_dns_ms,page_load_ms,unique_domains_resolved,domains_resolved
10627,code.visualstudio.com,1,doh,14.988,52.176,39.20099999999991,694.1999999880791,4,browser.events.data.microsoft.com;code.visualstudio.com;consentdeliveryfd.azurefd.net;js.monitor.azure.com
10818,pbs-cs.openwebmp.com,1,doh,12.78,12.78,12.78,89.90000000596046,1,pbs-cs.openwebmp.com
10704,cdn.tinypass.com,1,doh,14.049,14.049,14.049,209.3999999910593,1,cdn.tinypass.com
10655,prod-video-cms-amp-microsoft-com.akamaized.net,1,doh,15.931,15.931,15.931,126.20000000298023,1,prod-video-cms-amp-microsoft-com.akamaized.net
11303,unity.com,1,doh,15.382,15.382,15.382,123.40000000596046,1,unity.com
10804,gdms.cloud,1,doh,12.033,12.043999999999999,12.043999999999967,1390.5,2,account.gdms.cloud;gdms.cloud
11355,cdn.dynamicyield.com,1,doh,12.962,12.962,12.962,141.79999999701977,1,cdn.dynamicyield.com
11442,ucm-us.verint-cdn.com,1,doh,31.757,31.757,31.757,2393,1,ucm-us.verint-cdn.com
11000,southcentralus1-1.pushnp.svc.ms,1,doh,19.666,19.666,19.666,238.90000000596046,1,southcentralus1-1.pushnp.svc.ms
10986,assets.striiiipst.com,1,doh,14.593,14.593,14.593,203.79999999701977,1,assets.striiiipst.com
10302,tagsrvcs.com,1,doh,13.114,13.114,13.114,91.79999999701977,1,tagsrvcs.com
10744,vcs16-normal-no1a.tiktokv.eu,1,doh,16.14,16.14,16.14,478.1000000089407,1,vcs16-normal-no1a.tiktokv.eu
10306,aba.gumgum.com,1,doh,15.112,15.112,15.112,162.8999999910593,1,aba.gumgum.com
11018,agents.amsua0702.manage.microsoft.com,1,doh,0.013,0.013,0.013,166.5,1,agents.amsua0702.manage.microsoft.com
11113,otelrules-bzhndjfje8dvh5fd.z01.azurefd.net,1,doh,24.379,24.379,24.379,153.5,1,otelrules-bzhndjfje8dvh5fd.z01.azurefd.net
10613,trustx.org,1,doh,17.489,195.39199999999997,136.53700000000012,1680.5999999940395,13,fonts.googleapis.com;fonts.gstatic.com;id5-sync.com;lb.eu-1-id5-sync.com;lbs.eu-1-id5-sync.com;px.ads.linkedin.com;sigil.symitri.net;snap.licdn.com;static-testing.symitri.net;trustx.org;www.google-analytics.com;www.googletagmanager.com;www.linkedin.com
10800,apnews.com,1,doh,18.548,4060.0550000000007,2004.8219999999922,29333.80000001192,289,266af4efdc8dfd8d785ab9a2bdbbbdba.safeframe.googlesyndication.com;507b28fb-2ef1-4c34-8bda-ba32030bb199.edge.permutive.app;507b28fb-2ef1-4c34-8bda-ba32030bb199.prmutv.co;a.ad.gt;a.pub.network;a.sportradarserving.com;a.tribalfusion.com;a40.usablenet.com;aa.agkn.com;aax-eu.amazon-adsystem.com;aax.amazon-adsystem.com;ab.dns-finder.com;acdn.adnxs.com;ad-delivery.net;ad.360yield.com;ad.doubleclick.net;ad.turn.com;ads.betweendigital.com;ads.creative-serving.com;ads.pubmatic.com;ads.yieldmo.com;ak.sail-horizon.com;analytics.google.com;aorta.clickagy.com;ap.blueconic.net;ap.lijit.com;apcdp.apnews.com;api.btloader.com;api.id5-sync.com;api.permutive.com;api.riverdrop.com;api.rlcdn.com;api.viafoura.co;api.w.inmobi.com;apnews.com;assets.apnews.com;assets.zephr.com;ats-wrapper.privacymanager.io;b1sync.outbrain.com;b1sync.zemanta.com;bcp.crwdcntrl.net;beachfront-match.dotomi.com;beacon.lynx.cognitivlabs.com;bh.contextweb.com;bidserver.pacvue.com;btloader.com;btlr.sharethrough.com;c.amazon-adsystem.com;c.pub.network;c1.adform.net;c2shb.pubgw.yahoo.com;cdn-ima.33across.com;cdn.cookielaw.org;cdn.hadronid.net;cdn.id5-sync.com;cdn.onesignal.com;cdn.parsely.com;cdn.permutive.com;cdn.undertone.com;cdn.viafoura.net;ce.lijit.com;ced-ns.sascdn.com;check.analytics.rlcdn.com;client.riverdrop.com;cm-mx.advolve.io;cm.adform.net;cm.adgrx.com;cm.g.doubleclick.net;cm.mgid.com;cms.quantserve.com;config.aps.amazon-adsystem.com;connect.facebook.net;contextual.media.net;core.iprom.net;count.schwab.com;cpm.vistarsagency.com;creativecdn.com;cs-tam.minutemedia-prebid.com;cs-tam.yellowblue.io;cs.admanmedia.com;cs.iqzone.com;cs.krushmedia.com;cs.loudecho.ai;cs.media.net;cs.playdigo.com;csync.loopme.me;csync.smartadserver.com;csync.smilewanted.com;d.adroll.com;d.pub.network;d.turn.com;d5p.de17a.com;direct.adsrvr.org;dis.criteo.com;dmp.brand-display.com;dpm.demdex.net;dsp-2.presage.io;dsp-cookie.adfarm1.adition.com;dsp.360yield.com;dsp.adkernel.com;dt.adsafeprotected.com;e1.emxdgt.com;eb2.3lift.com;ep1.adtrafficquality.google;ep2.adtrafficquality.google;eus.rubiconproject.com;evt.undertone.com;ex.ingage.tech;experiments.parsely.com;fastlane.rubiconproject.com;fid.agkn.com;fonts.googleapis.com;fonts.gstatic.com;freestar.solutions.cdn.optable.co;geolocation.onetrust.com;gocm.c.appier.net;grid-bidder.criteo.com;gum.criteo.com;gw-iad-bid.ymmobi.com;hb.trustedstack.com;hb.undertone.com;hb.yellowblue.io;hbopenbid.pubmatic.com;htlb.casalemedia.com;html-load.cc;i.liadm.com;i.viafoura.co;i.w55c.net;ib.adnxs.com;id.hadron.ad.gt;id.rlcdn.com;id5-sync.com;idpix.media6degrees.com;ids.ad.gt;ids4.ad.gt;idx.liadm.com;image2.pubmatic.com;image4.pubmatic.com;image6.pubmatic.com;image8.pubmatic.com;inmobi-match.dotomi.com;ipac.ctnsnet.com;ittpx-us-e.eskimi.com;ittpx.eskimi.com;jadserve.postrelease.com;js-sec.indexww.com;kidpowers.com;launchpad-wrapper.privacymanager.io;launchpad.privacymanager.io;lb.eu-1-id5-sync.com;lbs.eu-1-id5-sync.com;lexicon.33across.com;live.primis.tech;livecomments.viafoura.co;match.adsby.bidtheatre.com;match.adsrvr.org;match.deepintent.com;match.marketiq.com;match.prod.bidr.io;match.sharethrough.com;measureadv.com;metrics.rapidedge.io;ms-cookie-sync.presage.io;na.edge.optable.co;notifications.viafoura.co;ogury-match.dotomi.com;onesignal.com;onetag-sys.com;openx2-match.dotomi.com;optimise.net;oxp.mxptint.net;p.ad.gt;p.rfihub.com;p.typekit.net;p1.parsely.com;pa.openx.net;pagead2.googlesyndication.com;pb-ing.ccgateway.net;pippio.com;pixel-eu.rubiconproject.com;pixel-us-east.rubiconproject.com;pixel.onaudience.com;pixel.rubiconproject.com;pixel.tapad.com;pixels.ad.gt;pmp.mxptint.net;prebid-match.dotomi.com;prebid-server-aws.dianomi.com;prebid-server.rubiconproject.com;prebid.a-mo.net;prebid.media.net;prebid.wurflcloud.com;ps.eyeota.net;pubmatic-match.dotomi.com;pulsepoint-match.dotomi.com;px.ads.linkedin.com;r.bidswitch.net;router.infolinks.com;rp.liadm.com;rtb-csync.smartadserver.com;rtb.adentifi.com;rtb.adstanding.com;rtb.gumgum.com;rtb.mfadsrvr.com;rtb.openx.net;s.ad.smaato.net;s.amazon-adsystem.com;s.c.appier.net;s.company-target.com;s.ntv.io;s.seedtag.com;s0.2mdn.net;s2s.t13.io;sb.scorecardresearch.com;scripts.mf.webcontentassessor.com;secure-assets.rubiconproject.com;secure.cdn.fastclick.net;securepubads.g.doubleclick.net;seg.ad.gt;server.prebid.dianomi.com;sli.apnews.com;sonata-notifications.taptapnetworks.com;ssbsync.smartadserver.com;ssc-cms.33across.com;ssp-sync.criteo.com;ssp.disqus.com;static.cloudflareinsights.com;stats.g.doubleclick.net;stats.prebid.wurflcloud.com;storage.googleapis.com;sync-amz.ads.yieldmo.com;sync-tm.everesttech.net;sync.1rx.io;sync.a-mo.net;sync.adkernel.com;sync.bfmio.com;sync.colossusssp.com;sync.cootlogix.com;sync.driftpixel.live;sync.e-volution.ai;sync.go.sonobi.com;sync.inmobi.com;sync.intentiq.com;sync.ipredictive.com;sync.mathtag.com;sync.p7cloud.net;sync.pinklion.io;sync.pmbmonetize.live;sync.resetdigital.co;sync.richaudience.com;sync.srv.stackadapt.com;sync.taboola.com;syncingbridge.com;t.adx.opera.com;t.oa.opera.com;tag.wknd.ai;tags.crwdcntrl.net;target.digitalaudience.io;thrtle.com;tlx.3lift.com;token.rubiconproject.com;tr.blismedia.com;trace.mediago.io;trace.us.rtbwise.com;tracker-shr.ortb.net;tracookiepixel.xyz;tru.am;tyrion.viafoura.co;u.openx.net;uipglob.semasio.net;um.simpli.fi;um4.eqads.com;ums.acuityplatform.com;ups.analytics.yahoo.com;us.ck-ie.com;use.typekit.net;user-sync.fwmrm.net;usr.undertone.com;uss.xplosion.de;ut.pubmatic.com;visitor-minutemediavideo.omnitagjs.com;wt.rqtrk.eu;www.dianomi.com;www.google.com;www.googletagmanager.com;www.googletagservices.com;www.gstatic.com;www.temu.com;x.bidswitch.net
10952,api.groupme.com,1,doh,13.407,119.92,104.79799999999993,802.5,10,api.groupme.com;app.framerstatic.com;browser.events.data.microsoft.com;events.framer.com;fonts.gstatic.com;framer.com;framerusercontent.com;groupme.com;js.monitor.azure.com;wcpstatic.microsoft.com
11392,relay-iad.sentry.insops.net,1,doh,30.228,30.228,30.228,146.20000000298023,1,relay-iad.sentry.insops.net
10280,gpt.mail.yahoo.net,1,doh,16.133,86.26899999999999,53.66,175.1000000089407,4,bcn.fp.yahoo.com;geo.yahoo.com;gpt.mail.yahoo.net;s.yimg.com
10785,app.hubspot.com,1,doh,13.844,91.734,67.2899999999999,803.1000000089407,6,app.hubspot.com;fonts.googleapis.com;js.hs-banner.com;static.hsappstatic.net;wtcfns.hubspot.com;www.hubspot.com
11105,shopee.com,1,doh,38.839,118.59,81.39600000000002,1042.3999999910593,7,analytics.google.com;connect.facebook.net;deo.shopeemobile.com;shopee.com;stats.g.doubleclick.net;www.google.com;www.googletagmanager.com
11337,ktpx-eu-south-2.amazon.com,1,doh,23.674,23.674,23.674,207.40000000596046,1,ktpx-eu-south-2.amazon.com
10821,archive.ubuntu.com,1,doh,14.174,14.174,14.174,670.5,1,archive.ubuntu.com
11295,js.zi-scripts.com,1,doh,14.224,14.224,14.224,124.1000000089407,1,js.zi-scripts.com
10292,ringapigw.us-east-1.prod.gws.ring.amazon.dev,1,doh,21.409,21.409,21.409,90.29999999701977,1,ringapigw.us-east-1.prod.gws.ring.amazon.dev
10634,gamedot.afafb.com,1,doh,13.186,13.186,13.186,135.20000000298023,1,gamedot.afafb.com
11259,gsspat.jp,1,doh,17.414,17.414,17.414,602.8999999910593,1,gsspat.jp
10349,img.alicdn.com,1,doh,15.122,15.122,15.122,110.09999999403954,1,img.alicdn.com
11319,cdn.fastly.steamstatic.com,1,doh,15.411,15.411,15.411,91,1,cdn.fastly.steamstatic.com
10303,m365cdn-sdp-public.azurefd.net,1,doh,16.744,16.744,16.744,167.8999999910593,1,m365cdn-sdp-public.azurefd.net
11422,support.microsoft.com,1,doh,0.0,124.517,84.83699999999993,1389.6000000089407,9,aadcdn.msftauth.net;browser.events.data.microsoft.com;js.monitor.azure.com;login.live.com;login.microsoftonline.com;mem.gfx.ms;res-1.cdn.office.net;uhf.microsoft.com;www.microsoft.com
10844,api.smartthings.com,1,doh,15.296,15.296,15.296,85.20000000298023,1,api.smartthings.com
11426,alice.yandex.ru,1,doh,13.008,175.024,162.37500000000006,1552.7000000029802,8,14735.beacon.alice.yandex.ru;alice.yandex.ru;avatars.mds.yandex.net;mc.yandex.ru;rpc.alice.yandex.ru;top-fwz1.mail.ru;yandex.ru;yastatic.net
11421,pbxai.com,1,doh,27.546,27.546,27.546,159.20000000298023,1,pbxai.com
10997,google.com.br,1,doh,0.0,12.529,12.529000000000053,642.2000000029802,3,ogads-pa.clients6.google.com;play.google.com;www.gstatic.com
11300,vg-ali-ad-mof-sdk.mtgglobals.com,1,doh,14.729,14.729,14.729,99,1,vg-ali-ad-mof-sdk.mtgglobals.com
10831,b.px-cdn.net,1,doh,13.533,13.533,13.533,111.29999999701977,1,b.px-cdn.net
10483,subscriptionsfirstparty-pa.clients6.google.com,1,doh,0.0,12.326,12.325999999999993,162.59999999403954,1,www.google.com
11432,cnbl-cdn.bamgrid.com,1,doh,16.272,16.272,16.272,236.80000001192093,1,cnbl-cdn.bamgrid.com
11481,https-api.bigolive.tv,1,doh,15.207,15.207,15.207,330.09999999403954,1,https-api.bigolive.tv
11305,onprem-ipv4.cws.conviva.com,1,doh,17.025,17.025,17.025,133.30000001192093,1,onprem-ipv4.cws.conviva.com
10499,watch-cdn.product.api.espn.com,1,doh,16.557,16.557,16.557,135.5,1,watch-cdn.product.api.espn.com
10546,sync.missena.io,1,doh,14.393,14.393,14.393,118.5,1,sync.missena.io
11290,fa000000096.resources.office.net,1,doh,15.075,15.075,15.075,180,1,fa000000096.resources.office.net
11212,arity.com,1,doh,41.675,486.8599999999999,365.7740000000006,839.8999999910593,29,ad.doubleclick.net;analytics.google.com;aorta.clickagy.com;arity.com;bam.nr-data.net;cdn.cookielaw.org;cm.g.doubleclick.net;extend.vimeocdn.com;geolocation.onetrust.com;googleads.g.doubleclick.net;ib.adnxs.com;insight.adsrvr.org;js-agent.newrelic.com;js.adsrvr.org;js.zi-scripts.com;pixel.rubiconproject.com;pm.geniusmonkey.com;px.ads.linkedin.com;schedule.zoominfo.com;snap.licdn.com;stats.g.doubleclick.net;tags.clickagy.com;urldefense.com;us-u.openx.net;ws-assets.zoominfo.com;ws.zoominfo.com;www.google.com;www.googletagmanager.com;www.linkedin.com
10684,vudu.com,1,doh,14.752,272.06199999999995,210.2979999999997,2308.4000000059605,17,ak.sail-horizon.com;api.vudu.com;apicache.vudu.com;assets.adobedtm.com;athome.fandango.com;cdn.cookielaw.org;cm.everesttech.net;dpm.demdex.net;geolocation.onetrust.com;sb.scorecardresearch.com;siteintercept.qualtrics.com;vudu.com;vudu.demdex.net;vudu.tt.omtrdc.net;vuduwebprod.112.2o7.net;www.vudu.com;zn2mf8aculsihnrgc-fandango.siteintercept.qualtrics.com
10982,mit.edu,1,doh,17.098,58.139,58.10599999999992,1060.3999999910593,4,mit.edu;use.typekit.net;web.mit.edu;www.googletagmanager.com
11160,idm.iot.mi.com,1,doh,14.143,14.143,14.143,818.4000000059605,1,idm.iot.mi.com
10566,xflight.xboxlive.com,1,doh,15.439,15.439,15.439,131,1,xflight.xboxlive.com
11328,p19-pu-sign-no.tiktokcdn-eu.com,1,doh,14.203,14.203,14.203,89.80000001192093,1,p19-pu-sign-no.tiktokcdn-eu.com
10534,cvws-h2.icloud-content.com,1,doh,14.616,14.616,14.616,89.3999999910593,1,cvws-h2.icloud-content.com
11005,malwarebytes.com,1,doh,14.524,403.93,230.00899999999987,2332.4000000059605,31,44.238.122.172;alb.reddit.com;analytics.google.com;api.weglot.com;b.applovin.com;bat.bing.com;cdn.cookielaw.org;cdn.taboola.com;cdn.weglot.com;cm.g.doubleclick.net;connect.facebook.net;dev.visualwebsiteoptimizer.com;dx.mountain.com;fonts.googleapis.com;fonts.gstatic.com;geolocation.onetrust.com;googleads.g.doubleclick.net;malwarebytes.com;pixel-config.reddit.com;pixel.adte.com;plausible.io;re.applovin.com;res4.applovin.com;s.axon.ai;sso.malwarebytes.com;stats.g.doubleclick.net;stats.wp.com;tvspix.com;www.google.com;www.googletagmanager.com;www.redditstatic.com
11473,www.citrix.com,1,doh,17.893,257.413,149.08999999999995,1233.3999999910593,21,analytics.twitter.com;assets.adobedtm.com;c.go-mpulse.net;consent.trustarc.com;js.zi-scripts.com;prod.static.citrix.com;px.ads.linkedin.com;radar.cedexis.com;s.go-mpulse.net;snap.licdn.com;static.ads-twitter.com;storage.googleapis.com;t.co;titan.citrix.com;unpkg.com;ws.zoominfo.com;www.citrix.com;www.google-analytics.com;www.googletagmanager.com;www.linkedin.com;www.youtube.com
10522,content.googleapis.com,1,doh,0.0,16.372,16.372000000000014,253.5,1,www.google.com
11354,fonts.bunny.net,1,doh,15.11,30.336000000000002,30.335999999999984,488.6000000089407,2,bunny.net;fonts.bunny.net
10576,cdn.gladly.com,1,doh,14.843,14.843,14.843,184.29999999701977,1,cdn.gladly.com
10287,st001vw.instabug.com,1,doh,15.606,15.606,15.606,167.8999999910593,1,st001vw.instabug.com
10412,api-spotlight-ause2b.smoot.apple.com,1,doh,14.588,14.588,14.588,134.29999999701977,1,api-spotlight-ause2b.smoot.apple.com
10344,usabilla.com,1,doh,27.005,738.8900000000002,460.61600000000067,1353.8999999910593,45,alb.reddit.com;analytics-ipv6.tiktokw.us;analytics.google.com;analytics.tiktok.com;analytics.twitter.com;bat.bing.com;c.amazon-adsystem.com;cdn.mgln.ai;cdn.smassets.net;cm.g.doubleclick.net;connect.facebook.net;d6tizftlrpuof.cloudfront.net;get.surveymonkey.com;ib.adnxs.com;insight.adsrvr.org;js.adsrvr.org;js.hs-analytics.net;js.hs-banner.com;js.hs-scripts.com;js.zi-scripts.com;kds-pixel.kargo.com;pixel-config.reddit.com;pixel.rubiconproject.com;prod.smassets.net;rum-ingest.us1.signalfx.com;snap.licdn.com;sr-client-cfg.amplitude.com;static.ads-twitter.com;stats.g.doubleclick.net;storage.cloud.kargo.com;t.co;tr.capterra.com;track.hubspot.com;tracking-api.g2.com;tracking.g2crowd.com;trkn.us;usabilla.com;w.usabilla.com;ws-assets.zoominfo.com;ws.zoominfo.com;www.getfeedback.com;www.google.com;www.googletagmanager.com;www.redditstatic.com;www.surveymonkey.com
10989,ngx.download.nvidia.com,1,doh,14.466,14.466,14.466,528.5,1,ngx.download.nvidia.com
10562,usatoday.com,1,doh,15.081,2570.897,1146.804000000002,19366.19999998808,171,a.sportradarserving.com;a.teads.tv;a.tribalfusion.com;aa.agkn.com;aax-eu.amazon-adsystem.com;aax.amazon-adsystem.com;accounts.google.com;ad.360yield.com;ad.turn.com;ads.betweendigital.com;ads.creative-serving.com;ads.pubmatic.com;ads.yieldmo.com;aorta.clickagy.com;ap.lijit.com;b1sync.outbrain.com;b1sync.zemanta.com;beachfront-match.dotomi.com;beacon.lynx.cognitivlabs.com;bh.contextweb.com;c.amazon-adsystem.com;c1.adform.net;capi.connatix.com;cdn.brandmetrics.com;cdn.confiant-integrations.net;cdn.taboola.com;cdn.undertone.com;ce.lijit.com;ced-ns.sascdn.com;client.aps.amazon-adsystem.com;cm.adform.net;cm.adgrx.com;cm.ctnsnet.com;cm.g.doubleclick.net;cms.quantserve.com;config.aps.amazon-adsystem.com;connectid.analytics.yahoo.com;contextual.media.net;crb.kargo.com;creativecdn.com;cs-server-s2s.yellowblue.io;cs-tam.minutemedia-prebid.com;cs.admanmedia.com;cs.emxdgt.com;cs.iqzone.com;cs.media.net;csync.loopme.me;csync.smartadserver.com;display.bidder.taboola.com;dpm.demdex.net;dsp-2.presage.io;dsp.adkernel.com;dt.adsafeprotected.com;eb2.3lift.com;ep1.adtrafficquality.google;ep2.adtrafficquality.google;eus.rubiconproject.com;exbd.ex.co;f02621f7a68b57fec528a990bfac5f8a.safeframe.googlesyndication.com;fonts.googleapis.com;fonts.gstatic.com;grid-bidder.criteo.com;gum.criteo.com;hbx.media.net;i.liadm.com;ib.adnxs.com;id.rlcdn.com;idpix.media6degrees.com;image2.pubmatic.com;image4.pubmatic.com;image6.pubmatic.com;image8.pubmatic.com;jadserve.postrelease.com;live.primis.tech;match.adsrvr.org;match.deepintent.com;match.marketiq.com;match.prod.bidr.io;match.sharethrough.com;measureadv.com;ms-cookie-sync.presage.io;nep.advangelists.com;onetag-sys.com;p.rfihub.com;pagead2.googlesyndication.com;pippio.com;pixel-eu.rubiconproject.com;pixel-sync.sitescout.com;pixel-us-east.rubiconproject.com;pixel.adsafeprotected.com;pixel.onaudience.com;pixel.rubiconproject.com;pixel.tapad.com;pm-widget.taboola.com;pmp.mxptint.net;pool.liftdsp.com;prebid-match.dotomi.com;prebid.a-mo.net;prg.smartadserver.com;pubmatic-match.dotomi.com;pulsepoint-match.dotomi.com;px.ads.linkedin.com;r.bidswitch.net;reachms.bfmio.com;reporting-api.gannettinnovation.com;rtb-csync.smartadserver.com;rtb.adentifi.com;rtb.gumgum.com;rtb.mfadsrvr.com;rtb.openx.net;rtb2-useast.delivrdsp.ai;s.ad.smaato.net;s.amazon-adsystem.com;s.seedtag.com;sb.scorecardresearch.com;secure-assets.rubiconproject.com;secure.adnxs.com;secure.cdn.fastclick.net;securepubads.g.doubleclick.net;simage2.pubmatic.com;simage4.pubmatic.com;ssbsync-us.smartadserver.com;ssbsync.smartadserver.com;ssc-cms.33across.com;ssp-sync.criteo.com;ssum-sec.casalemedia.com;static.adsafeprotected.com;static.criteo.net;sync-tm.everesttech.net;sync.a-mo.net;sync.bfmio.com;sync.colossusssp.com;sync.cootlogix.com;sync.crwdcntrl.net;sync.go.sonobi.com;sync.inmobi.com;sync.intentiq.com;sync.ipredictive.com;sync.mathtag.com;sync.pmbmonetize.live;sync.richaudience.com;sync.srv.stackadapt.com;sync.trustx.org;t.adx.opera.com;t.oa.opera.com;targeting.unrulymedia.com;token.rubiconproject.com;tr.blismedia.com;trace.mediago.io;tracker.ads-tinyorbit.com;tracookiepixel.xyz;traxex.gannettdigital.com;u.openx.net;uipglob.semasio.net;um.simpli.fi;ums.acuityplatform.com;ups.analytics.yahoo.com;us-trc-events.taboola.com;usatoday.com;user-sync.fwmrm.net;usr.undertone.com;uss.xplosion.de;ut.pubmatic.com;visitor.omnitagjs.com;www.google-analytics.com;www.google.com;www.googletagmanager.com;www.storygize.net;www.temu.com;www.usatoday.com;x.bidswitch.net
10824,normandy.tombstone.experimenter.prod.webservices.mozgcp.net,1,doh,14.184,14.184,14.184,133.90000000596046,1,normandy.tombstone.experimenter.prod.webservices.mozgcp.net
11058,prod.y-medialink.com,1,doh,14.504,14.504,14.504,171.8999999910593,1,prod.y-medialink.com
11197,stats.mainroll.com,1,doh,16.648,16.648,16.648,93.70000000298023,1,stats.mainroll.com
11459,whiteboard.cloud.microsoft,1,doh,31.97,90.14900000000002,84.4010000000001,1089.9000000059605,5,aadcdn.msauth.net;login.live.com;login.microsoftonline.com;login.windows.net;whiteboard.cloud.microsoft
10447,eu-irl-00001.s3.dualstack.eu-west-1.amazonaws.com,1,doh,99.232,99.232,99.232,436.59999999403954,1,eu-irl-00001.s3.dualstack.eu-west-1.amazonaws.com
10909,pull-c5-tt04.tiktokcdn.com,1,doh,14.334,14.334,14.334,175.5,1,pull-c5-tt04.tiktokcdn.com
10699,dl-edge.smartscreen.microsoft.com,1,doh,24.925,24.925,24.925,138.70000000298023,1,dl-edge.smartscreen.microsoft.com
10782,pull-flv-f58-tt04.tiktokcdn.com,1,doh,15.319,15.319,15.319,142.09999999403954,1,pull-flv-f58-tt04.tiktokcdn.com
11271,metrics.dt.hihonorcloud.com,1,doh,14.792,14.792,14.792,761.4000000059605,1,metrics.dt.hihonorcloud.com
10547,eastus1-2.pushnp.svc.ms,1,doh,17.225,17.225,17.225,108.3999999910593,1,eastus1-2.pushnp.svc.ms
10827,nova.collect.igodigital.com,1,doh,15.361,15.361,15.361,130,1,nova.collect.igodigital.com
10944,management.azure.com,1,doh,13.929,13.929,13.929,104.79999999701977,1,management.azure.com
10469,ssc.33across.com,1,doh,13.321,13.321,13.321,80.19999998807907,1,ssc.33across.com
10511,p.mrktmtrcs.net,1,doh,15.348,15.348,15.348,176.40000000596046,1,p.mrktmtrcs.net
11165,southcentralus1-5.pushnp.svc.ms,1,doh,18.061,18.061,18.061,202.3999999910593,1,southcentralus1-5.pushnp.svc.ms
10502,cp-t-usw2.s3.us-west-2.amazonaws.com,1,doh,17.457,17.457,17.457,338.79999999701977,1,cp-t-usw2.s3.us-west-2.amazonaws.com
11400,optimized-by.rubiconproject.com,1,doh,14.242,33.515,33.515,154.5,2,optimized-by.rubiconproject.com;vast.rubiconproject.com
10298,us.incognia.com,1,doh,15.423,100.374,100.37399999999995,960.2000000029802,4,cdn.lgrckt-in.com;developer.incognia.com;us.incognia.com;welcome.developer.incognia.com
11320,agentsn.amsua0102.manage.microsoft.com,1,doh,30.214,30.214,30.214,155.90000000596046,1,agentsn.amsua0102.manage.microsoft.com
10916,sdk.fra-02.braze.eu,1,doh,12.809,12.809,12.809,273.8999999910593,1,sdk.fra-02.braze.eu
11110,pushd.com,1,doh,24.587,249.598,156.37900000000013,1320.5999999940395,15,api.bigdatacloud.net;api.pushd.com;auraframes.com;bat.bing.com;consent.cookiebot.com;consentcdn.cookiebot.com;dev.visualwebsiteoptimizer.com;js.klarna.com;pagead2.googlesyndication.com;pushd.com;rum-collector-2.pingdom.net;rum-static.pingdom.net;static.pushd.com;www.google-analytics.com;www.googletagmanager.com
10841,commimg.kwcdn.com,1,doh,13.939,13.939,13.939,98.20000000298023,1,commimg.kwcdn.com
11447,dexcom.com,1,doh,19.551,241.921,191.23000000000047,3507,15,cdn.cookielaw.org;cdn.jotfor.ms;cdn.media.amplience.net;cdn.static.amplience.net;code.jquery.com;dev.visualwebsiteoptimizer.com;dexcom.a.bigcontent.io;dexcom.com;dexcom.jotform.com;geolocation.onetrust.com;pagead2.googlesyndication.com;widgets.jotform.io;www.dexcom.com;www.google-analytics.com;www.googletagmanager.com
10548,cdn.judge.me,1,doh,13.713,266.853,197.76900000000037,3933.5,18,analytics.google.com;api.framer.com;api.judge.me;app.framerstatic.com;c.bing.com;c.clarity.ms;cdn.judge.me;events.framer.com;framer.com;framerusercontent.com;judge.me;s.clarity.ms;scripts.clarity.ms;static.hotjar.com;stats.g.doubleclick.net;www.clarity.ms;www.google.com;www.googletagmanager.com
10630,chimpstatic.com,1,doh,13.562,13.562,13.562,365.70000000298023,1,chimpstatic.com
10686,merchantpool1.linkedin.com,1,doh,15.006,15.006,15.006,127.5,1,merchantpool1.linkedin.com
10692,skyoverride-euw1.webrootcloudav.com,1,doh,26.212,26.212,26.212,347.70000000298023,1,skyoverride-euw1.webrootcloudav.com
10806,event-ingestor.judy.pnap.aditude.cloud,1,doh,17.087,17.087,17.087,95,1,event-ingestor.judy.pnap.aditude.cloud
11286,static-cdn.spot.im,1,doh,23.761,23.761,23.761,169.79999999701977,1,static-cdn.spot.im
10394,vid.vidoomy.com,1,doh,13.145,42.489999999999995,42.489999999999995,184,2,vid.vidoomy.com;www.cdn77.com
10353,cdn-tinkoff.ru,1,doh,15.037,15.037,15.037,960,1,cdn-tinkoff.ru
11299,msdk.shopee.sg,1,doh,38.311,38.311,38.311,774.2999999970198,1,msdk.shopee.sg
10594,otheve.beacon.qq.com,1,doh,14.035,14.035,14.035,733.3999999910593,1,otheve.beacon.qq.com
10803,aijscdn2-bwfdfxezdubebtb0.z01.azurefd.net,1,doh,16.654,16.654,16.654,424.40000000596046,1,aijscdn2-bwfdfxezdubebtb0.z01.azurefd.net
11367,pull-lls-l11.tiktokcdn.com,1,doh,13.182,13.182,13.182,182.69999998807907,1,pull-lls-l11.tiktokcdn.com
10795,time4.google.com,1,doh,0.0,14.254,14.254000000000019,592,3,ogads-pa.clients6.google.com;play.google.com;www.gstatic.com
10308,lng.xiaohongshu.com,1,doh,13.492,13.492,13.492,444.5,1,lng.xiaohongshu.com
11251,pull-cmaf-f16-va01.tiktokcdn.com,1,doh,17.657,17.657,17.657,222.29999999701977,1,pull-cmaf-f16-va01.tiktokcdn.com
11480,server.comet.yahoo.com,1,doh,14.533,14.533,14.533,96.6000000089407,1,server.comet.yahoo.com
11409,pull-flv-f77-tt03.tiktokcdn.com,1,doh,15.884,15.884,15.884,84.79999999701977,1,pull-flv-f77-tt03.tiktokcdn.com
11253,voipfinderliveplay.wxqcloud.qq.com,1,doh,90.757,90.757,90.757,221.8999999910593,1,voipfinderliveplay.wxqcloud.qq.com
10307,csync-us.smartadserver.com,1,doh,15.45,15.45,15.45,670.0999999940395,1,csync-us.smartadserver.com
10491,sonar.script.ac,1,doh,14.37,14.37,14.37,91,1,sonar.script.ac
11314,mpc-prod-16-s6uit34pua-uk.a.run.app,1,doh,0.0,0.0,0.0,105.3999999910593,0,
11261,weather.gov,1,doh,17.18,65.938,58.221,639.3999999910593,5,dap.digitalgov.gov;weather.gov;www.google-analytics.com;www.googletagmanager.com;www.youtube.com
11142,use1.smartadserver.com,1,doh,13.93,13.93,13.93,86.40000000596046,1,use1.smartadserver.com
10297,word-edit.officeapps.live.com,1,doh,13.543,244.98799999999997,180.0440000000001,1086.300000011921,16,admin.microsoft.com;c.s-microsoft.com;config.edge.skype.com;js.monitor.azure.com;login.live.com;login.microsoftonline.com;logincdn.msauth.net;mem.gfx.ms;res.cdn.office.net;s.clarity.ms;scripts.clarity.ms;uhf.microsoft.com;word-edit.officeapps.live.com;www.clarity.ms;www.microsoft.com;www.office.com
10482,ics.travelaudience.com,1,doh,13.056,13.056,13.056,166,1,ics.travelaudience.com
11168,mobile-gw.spot.im,1,doh,33.493,33.493,33.493,135.29999999701977,1,mobile-gw.spot.im
11356,b.trueanthem.com,1,doh,15.046,15.046,15.046,97.5,1,b.trueanthem.com
11475,wal.co,1,doh,16.962,35.137,35.137000000000015,760.5,2,wal.co;www.wal.co
10600,iprom.net,1,doh,14.084,14.084,14.084,547.9000000059605,1,iprom.net
10913,appconf-ocs-sgp.heytapdl.com,1,doh,14.661,14.661,14.661,2904.5,1,appconf-ocs-sgp.heytapdl.com
11380,tag.crsspxl.com,1,doh,14.2,14.2,14.2,152.29999999701977,1,tag.crsspxl.com
10461,fscdn.eppo.cloud,1,doh,15.932,15.932,15.932,87.40000000596046,1,fscdn.eppo.cloud
10313,prdw-envproxy-use1.prd.rings.solutions,1,doh,15.841,15.841,15.841,98.90000000596046,1,prdw-envproxy-use1.prd.rings.solutions
11448,use2.smartadserver.com,1,doh,13.125,13.125,13.125,89.1000000089407,1,use2.smartadserver.com
11146,sync.clearnview.com,1,doh,19.881,19.881,19.881,112.40000000596046,1,sync.clearnview.com
10579,www.avito.ru,1,doh,14.459,108.11,81.09900000000005,1977.8999999910593,7,apps.bdimg.com;d0dc22f2b60b.w.hcaptcha.com;d3915fbd6e3f.w.hcaptcha.com;hcaptcha.com;newassets.hcaptcha.com;www.avito.ru;www.avito.st
11131,cdn01.basis.net,1,doh,14.895,14.895,14.895,116.8999999910593,1,cdn01.basis.net
10329,mparticle.weather.com,1,doh,15.571,15.571,15.571,82.3999999910593,1,mparticle.weather.com
10424,blizzard.com,1,doh,21.732,299.543,232.86900000000063,2997.5,19,10163466.fls.doubleclick.net;account.battle.net;ad.doubleclick.net;adservice.google.com;analytics.google.com;baseui.akamaized.net;bat.bing.com;blizzard.com;blz-contentstack-assets.akamaized.net;blz-contentstack-images.akamaized.net;cdn.cookielaw.org;d3ukkjpihy42k4.cloudfront.net;geo.battle.net;images.blz-contentstack.com;navbar.blizzard.com;stats.g.doubleclick.net;www.blizzard.com;www.google.com;www.googletagmanager.com
10607,guide-acs.m.taobao.com,1,doh,322.774,322.774,322.774,1030.8999999910593,1,guide-acs.m.taobao.com
10930,ms-cookie-sync.prod.cloud.ogury.io,1,doh,22.576,22.576,22.576,90.79999999701977,1,ms-cookie-sync.prod.cloud.ogury.io
11375,lfodown01-gyr-maverick.cloudsink.net,1,doh,14.546,14.546,14.546,310.79999999701977,1,lfodown01-gyr-maverick.cloudsink.net
11247,venmo.com,1,doh,15.284,83.444,74.57699999999997,610.6000000089407,5,browser-intake-us5-datadoghq.com;t.venmo.com;venmo.com;www.paypal.com;www.paypalobjects.com
11461,pull-flv-f58-tt01.tiktokcdn.com,1,doh,18.022,18.022,18.022,149.1000000089407,1,pull-flv-f58-tt01.tiktokcdn.com
11479,voipfinderrdsliveplay2.wxqcloud.qq.com,1,doh,84.268,84.268,84.268,209.59999999403954,1,voipfinderrdsliveplay2.wxqcloud.qq.com
10540,www.amazon.co.uk,1,doh,13.794,134.285,107.46800000000015,1099.0999999940395,6,1c5c1ecf7303.a481e94e.us-east-2.token.awswaf.com;fls-eu.amazon.co.uk;images-na.ssl-images-amazon.com;m.media-amazon.com;unagi.amazon.co.uk;www.amazon.co.uk
11427,lightning.warnermediacdn.com,1,doh,24.764,24.764,24.764,184.8999999910593,1,lightning.warnermediacdn.com
11244,document-export.canva.com,1,doh,15.925,15.925,15.925,153.20000000298023,1,document-export.canva.com
10920,onedriveclubprodbn20046.blob.core.windows.net,1,doh,23.34,23.34,23.34,149.29999999701977,1,onedriveclubprodbn20046.blob.core.windows.net
11054,pull-flv-f58-sg01.tiktokcdn.com,1,doh,14.48,14.48,14.48,143.79999999701977,1,pull-flv-f58-sg01.tiktokcdn.com
10769,acs-m.lazada.sg,1,doh,243.706,243.706,243.706,1002.7000000029802,1,acs-m.lazada.sg
11090,voipfinderliveplaythird.wxqcloud.qq.com,1,doh,14.181,14.181,14.181,153.79999999701977,1,voipfinderliveplaythird.wxqcloud.qq.com
11358,checkpoint.com,1,doh,13.468,13.468,13.468,78,1,checkpoint.com
10761,us.statusapi.micloud.xiaomi.net,1,doh,14.918,14.918,14.918,811.2000000029802,1,us.statusapi.micloud.xiaomi.net
11270,disk.akamaized.net,1,doh,17.472,17.472,17.472,1239.4000000059605,1,disk.akamaized.net
10850,track4.aniview.com,1,doh,0.0,0.0,0.0,110.59999999403954,0,
10775,cont-1.p-cdn.us,1,doh,14.335,14.335,14.335,170.40000000596046,1,cont-1.p-cdn.us
11254,ccext.adobecces.com,1,doh,14.716,14.716,14.716,121.30000001192093,1,ccext.adobecces.com
11417,qcloud.com,1,doh,16.116,1029.876,896.1130000000006,4439.20000000298,17,buy.qcloudimg.com;cdn-go.cn;cloud.tencent.com;cloudcache.tencent-cloud.com;cloudcache.tencentcs.com;dscache.tencent-cloud.cn;ewp.cloud.tencent.com;googleads.g.doubleclick.net;helix.cloud.tencent.com;opc.cloud.tencent.com;ping.cloud.tencent.com;qcloud.com;qcloudimg.tencent-cloud.cn;rumt-zh.com;sensors.cloud.tencent.com;www.google.com;www.googletagmanager.com
11222,pull-flv-f11-tt04.tiktokcdn.com,1,doh,15.248,15.248,15.248,371.79999999701977,1,pull-flv-f11-tt04.tiktokcdn.com
10836,wistia.com,1,doh,13.404,362.02199999999993,259.7379999999998,468.29999999701977,17,app.wistia.com;bat.bing.com;d1wkvjvkgmsn1g.cloudfront.net;d2iok8515ir7ba.cloudfront.net;distillery.wistia.com;embed-cloudfront.wistia.com;embed-ssl.wistia.com;fast.wistia.com;fast.wistia.net;images.ctfassets.net;js-na1.hs-scripts.com;js.hubspot.com;pipedream.wistia.com;tag.clearbitscripts.com;wistia.com;www.google-analytics.com;www.googletagmanager.com
11293,pull-q5-va01.tiktokcdn.com,1,doh,19.901,19.901,19.901,88.19999998807907,1,pull-q5-va01.tiktokcdn.com
10935,ct.sendgrid.net,1,doh,15.933,15.933,15.933,150.5,1,ct.sendgrid.net
10406,sf-ssp.tiktokcdn-eu.com,1,doh,14.762,14.762,14.762,880.7999999970198,1,sf-ssp.tiktokcdn-eu.com
10545,doh.dns.sb,1,doh,13.874,87.751,87.75099999999995,1712.300000011921,4,dns.sb;doh.dns.sb;ip.dns.sh;stat.dns.sb
10442,config.ecs.gov.teams.microsoft.us,1,doh,22.4,49.024,49.02400000000002,505,2,azurefrontdoorpages.azureedge.net;config.ecs.gov.teams.microsoft.us
10430,displayf-tm.everesttech.net,1,doh,13.032,13.032,13.032,89.19999998807907,1,displayf-tm.everesttech.net
10643,web.hb.ad.cpe.dotomi.com,1,doh,15.401,15.401,15.401,94.70000000298023,1,web.hb.ad.cpe.dotomi.com
11053,lunalabs.io,1,doh,16.84,57.342,57.34200000000001,250.90000000596046,3,luna.is.com;lunalabs.io;unity.com
10787,google.com.hk,1,doh,0.0,12.300999999999998,12.300999999999874,585.8999999910593,3,ogads-pa.clients6.google.com;play.google.com;www.gstatic.com
10927,va-trk.smadex.com,1,doh,13.306,13.306,13.306,80.5,1,va-trk.smadex.com
11010,agentsn.msua08.manage.microsoft.com,1,doh,26.298,26.298,26.298,127.5,1,agentsn.msua08.manage.microsoft.com
10605,h.clarity.ms,1,doh,12.726,12.726,12.726,89.30000001192093,1,h.clarity.ms
11134,vkuserphoto.ru,1,doh,138.599,278.895,278.89500000000004,1064.3999999910593,2,ps.userapi.com;vkuserphoto.ru
11364,s-cs.rmp.rakuten.com,1,doh,13.698,13.698,13.698,93.5,1,s-cs.rmp.rakuten.com
10675,api.tappx.com,1,doh,18.397,18.397,18.397,183.70000000298023,1,api.tappx.com
11308,mpc-prod-18-s6uit34pua-uc.a.run.app,1,doh,0.0,0.0,0.0,139.09999999403954,0,
10455,vidstatb.taboola.com,1,doh,13.787,13.787,13.787,146.90000000596046,1,vidstatb.taboola.com
10781,ota.nvidia.com,1,doh,12.876,12.876,12.876,268.1000000089407,1,ota.nvidia.com
11117,events.brightline.tv,1,doh,20.369,20.369,20.369,130.70000000298023,1,events.brightline.tv
11382,pull-o5-va01.tiktokcdn.com,1,doh,20.406,20.406,20.406,91.5,1,pull-o5-va01.tiktokcdn.com
11039,fe-static.xhscdn.com,1,doh,15.119,15.119,15.119,289.09999999403954,1,fe-static.xhscdn.com
10322,io.narrative.io,1,doh,12.981,12.981,12.981,96.20000000298023,1,io.narrative.io
10656,beacon.riskified.com,1,doh,11.757,11.757,11.757,82.70000000298023,1,beacon.riskified.com
10612,cuento.cpc.dmed.technology,1,doh,14.359,14.359,14.359,250.40000000596046,1,cuento.cpc.dmed.technology
11153,api.oneme.ru,1,doh,12.294,12.294,12.294,466.20000000298023,1,api.oneme.ru
11032,pull-flv-q10-sg01.tiktokcdn.com,1,doh,14.614,14.614,14.614,264.09999999403954,1,pull-flv-q10-sg01.tiktokcdn.com
10571,unrealengine.com,1,doh,24.225,35.79200000000001,35.79200000000001,404.5549999922514,2,challenges.cloudflare.com;unrealengine.com
11346,tracenep.bidnest.cc,1,doh,17.372,17.372,17.372,163.29999999701977,1,tracenep.bidnest.cc
11414,pull-a5-va01.tiktokcdn.com,1,doh,14.823,14.823,14.823,169.1000000089407,1,pull-a5-va01.tiktokcdn.com
10726,commvod.kwcdn.com,1,doh,14.615,14.615,14.615,179.29999999701977,1,commvod.kwcdn.com
10376,northamerica-1.object-storage.apple.com,1,doh,17.374,17.374,17.374,105.5,1,northamerica-1.object-storage.apple.com
10687,scus-azsc-config.officeapps.live.com,1,doh,20.782,20.782,20.782,266,1,scus-azsc-config.officeapps.live.com
10347,mobile.zscalerone.net,1,doh,15.463,283.683,283.68300000000005,687.9000000059605,5,admin.zscalerone.net;cdn.mxpnl.com;cms.zscaler.com;mobile.zscalerone.net;mobileadmin.zscalerone.net
10661,gslb.xiaohongshu.com,1,doh,24.163,24.163,24.163,770.1999999880791,1,gslb.xiaohongshu.com
10672,search-prod.creativecloud.adobe.com,1,doh,16.661,16.661,16.661,120.70000000298023,1,search-prod.creativecloud.adobe.com
11100,cdn.pubnative.net,1,doh,15.972,256.548,173.80599999999993,967.3000000119209,18,cdn.cookielaw.org;cdn.pubnative.net;code.jquery.com;geolocation.onetrust.com;js-na1.hs-scripts.com;js.hs-analytics.net;js.hs-banner.com;js.hubspot.com;js.usemessages.com;perf-na1.hsforms.com;px.ads.linkedin.com;snap.licdn.com;track.hubspot.com;verve-7233653.hs-sites.com;verve.com;www.google-analytics.com;www.googletagmanager.com;www.linkedin.com
11187,ru.resolver.msg.global.xiaomi.net,1,doh,14.718,14.718,14.718,485.79999999701977,1,ru.resolver.msg.global.xiaomi.net
10668,basis.net,1,doh,22.926,937.7919999999998,478.15699999999913,1824.3999999910593,65,6399057.fls.doubleclick.net;ad.doubleclick.net;adservice.google.com;analytics.google.com;api.intentiq.com;app.factori.ai;app.lifesight.io;arclight.vimeo.com;assets.trendemon.com;basis.com;basis.net;bh.contextweb.com;c.bing.com;c.clarity.ms;cdn-4.convertexperiments.com;cdn.cookielaw.org;cdn01.basis.net;ce.lijit.com;cm.g.doubleclick.net;connect.facebook.net;d.agkn.com;download-video-ak.vimeocdn.com;dpm.demdex.net;dsum-sec.casalemedia.com;eb2.3lift.com;f.vimeocdn.com;fei.pro-market.net;fonts.googleapis.com;fonts.gstatic.com;geolocation.onetrust.com;googleads.g.doubleclick.net;gtm.basis.com;hello.basis.com;ib.adnxs.com;idsync.rlcdn.com;image2.pubmatic.com;ipv6.6sc.co;j.6sc.co;load77.exelator.com;loadm.exelator.com;pi.pardot.com;pixel-sync.sitescout.com;pixel.sitescout.com;pixel.tapad.com;player.vimeo.com;px.ads.linkedin.com;rtb-csync.smartadserver.com;s.clarity.ms;scripts.clarity.ms;static.hotjar.com;stats.g.doubleclick.net;sync.crwdcntrl.net;tracking-api.g2.com;tracking.g2crowd.com;trackingapi.trendemon.com;unpkg.com;up.pixel.ad;us-u.openx.net;use.fontawesome.com;vimeo.com;www.clarity.ms;www.google.com;www.googleadservices.com;www.googletagmanager.com;www.linkedin.com
10710,glance.com,1,doh,18.103,428.1249999999999,212.19699999999983,2224.199999988079,24,analytics.google.com;api.hubapi.com;app.factors.ai;connect.facebook.net;flagcdn.com;fonts.googleapis.com;fonts.gstatic.com;glance-web.glance-cdn.com;glance.com;glanceweb-staging.s3.ap-southeast-1.amazonaws.com;js.hs-analytics.net;js.hs-banner.com;js.hs-scripts.com;js.hsadspixel.net;js.hubspot.com;perf-na1.hsforms.com;px.ads.linkedin.com;snap.licdn.com;stats.g.doubleclick.net;track.hubspot.com;web.glance-cdn.com;www.google.com;www.googletagmanager.com;www.linkedin.com
11014,analytics16-normal-useast8.tiktokw.us,1,doh,12.261,12.261,12.261,106.20000000298023,1,analytics16-normal-useast8.tiktokw.us
11120,aegis.anonymised.io,1,doh,12.744,46.407000000000004,36.489000000000004,975.0999999940395,4,aegis.anonymised.io;cdnjs.cloudflare.com;fonts.cdnfonts.com;fonts.googleapis.com
10690,imagedelivery.net,1,doh,12.968,12.968,12.968,99.19999998807907,1,imagedelivery.net
11062,forms.hscollectedforms.net,1,doh,14.382,14.382,14.382,114.6000000089407,1,forms.hscollectedforms.net
11127,jd.com,1,doh,246.333,2796.773,1990.8029999999994,4028.5999999940395,11,corporate.jd.com;jd.com;jdcorporateblog.com;mercury.jd.com;p.typekit.net;sgm-m.jd.com;sgm-static.jd.com;storage.360buyimg.com;stream-outside.jd.com;use.typekit.net;www.jd.com
10911,www.google.com.tr,1,doh,0.0,12.562,12.561999999999898,621.2000000029802,3,ogads-pa.clients6.google.com;play.google.com;www.gstatic.com
11436,smartsheet.com,1,doh,13.476,859.2980000000001,498.1030000000011,5022.5,64,464-onm-149.mktoresp.com;alb.reddit.com;analytics.google.com;analytics.twitter.com;aorta.clickagy.com;bat.bing.com;cdn.amplitude.com;cdn.bizible.com;cdn.bizibly.com;cdn.inspectlet.com;cdn.ketchjs.com;cdn.optimizely.com;cdn3.optimizely.com;cm.g.doubleclick.net;connect.facebook.net;core.thepointyspritesclub.com;d.impactradius-event.com;epsilon.6sense.com;global.ketchcdn.com;googleads.g.doubleclick.net;grsm.io;hat.thepointyspritesclub.com;ib.adnxs.com;insight.adsrvr.org;ipv6.6sc.co;j.6sc.co;js.adsrvr.org;js.driftt.com;js.partnerstack.com;js.zi-scripts.com;logx.optimizely.com;munchkin.marketo.net;partnerlinks.io;pixel-config.reddit.com;pixel.byspotify.com;pixel.rubiconproject.com;pixels.spotify.com;pt.ispot.tv;px.ads.linkedin.com;s.clarity.ms;s.yimg.com;scripts.clarity.ms;smartsheet.com;snap.licdn.com;sp.analytics.yahoo.com;static.ads-twitter.com;stats.g.doubleclick.net;t.co;tags.clickagy.com;tracking-api.g2.com;tracking.g2crowd.com;unpkg.com;us-u.openx.net;ws-assets.zoominfo.com;ws.zoominfo.com;www.clarity.ms;www.google.com;www.googleadservices.com;www.googletagmanager.com;www.gstatic.com;www.linkedin.com;www.redditstatic.com;www.smartsheet.com;www.youtube.com
10681,sf77-ies-music-sg.tiktokcdn.com,1,doh,20.635,20.635,20.635,178.40000000596046,1,sf77-ies-music-sg.tiktokcdn.com
10278,api.rudderstack.com,1,doh,16.671,16.671,16.671,153.09999999403954,1,api.rudderstack.com
10756,u.expo.dev,1,doh,12.646,12.646,12.646,137.79999999701977,1,u.expo.dev
11343,a-ring.msedge.net,1,doh,13.235,13.235,13.235,103.8999999910593,1,a-ring.msedge.net
10496,expo.dev,1,doh,14.282,134.72099999999998,117.58500000000011,1657.7000000029802,7,cdn.sanity.io;expo.dev;js.stripe.com;m.stripe.com;sentry.io;static.expo.dev;status.expo.dev
10890,pre-usermatch.targeting.unrulymedia.com,1,doh,16.299,16.299,16.299,2654.2000000029802,1,pre-usermatch.targeting.unrulymedia.com
11203,static.kueezrtb.com,1,doh,13.488,13.488,13.488,150.29999999701977,1,static.kueezrtb.com
10538,rocketcyber.com,1,doh,22.109,203.87599999999998,141.6230000000002,1895.3999999910593,15,api.weglot.com;browser.sentry-cdn.com;cdn.cookielaw.org;cdn.neverbounce.com;cdn.weglot.com;cdnjs.cloudflare.com;code.jquery.com;distillery.wistia.com;embed-ssl.wistia.com;fast.wistia.com;geolocation.onetrust.com;kit.fontawesome.com;rocketcyber.com;www.googletagmanager.com;www.kaseya.com
10583,centegix.com,1,doh,14.43,455.20599999999996,289.1379999999997,2120.7000000029802,27,analytics.google.com;c.bing.com;c.clarity.ms;cdn-cookieyes.com;centegix.com;fonts.googleapis.com;fonts.gstatic.com;go.centegix.com;i.vimeocdn.com;js.zi-scripts.com;kit.fontawesome.com;log.cookieyes.com;mlq2h1nro0sr.i.optimole.com;player.vimeo.com;px.ads.linkedin.com;s.clarity.ms;scripts.clarity.ms;snap.licdn.com;stats.g.doubleclick.net;tags.srv.stackadapt.com;tools.luckyorange.com;ws.zoominfo.com;www.centegix.com;www.clarity.ms;www.google.com;www.googletagmanager.com;www.linkedin.com
11397,pixel-us.onaudience.com,1,doh,16.101,16.101,16.101,125.1000000089407,1,pixel-us.onaudience.com
10515,panther.goguardian.com,1,doh,13.695,13.695,13.695,308.40000000596046,1,panther.goguardian.com
10940,proxy.telemetry.us-ashburn-1.oci.oraclecloud.com,1,doh,12.738,12.738,12.738,92.40000000596046,1,proxy.telemetry.us-ashburn-1.oci.oraclecloud.com
10646,wa.appsflyer.com,1,doh,28.509,28.509,28.509,310,1,wa.appsflyer.com
10598,neighbors-api.ring.com,1,doh,24.67,24.67,24.67,94.90000000596046,1,neighbors-api.ring.com
10354,mssdk.volces.com,1,doh,222.312,222.312,222.312,657.3000000119209,1,mssdk.volces.com
10500,concord-agent-notifications.centrastage.net,1,doh,17.995,17.995,17.995,96.5,1,concord-agent-notifications.centrastage.net
10847,ninite.com,1,doh,16.153,16.153,16.153,275.29999999701977,1,ninite.com
10301,slb-apisnd-in.heytapmobile.com,1,doh,13.708,13.708,13.708,773.8999999910593,1,slb-apisnd-in.heytapmobile.com
10929,gue1-dealer-ssl.spotify.com,1,doh,13.616,13.616,13.616,101.1000000089407,1,gue1-dealer-ssl.spotify.com
10487,eastus1-3.pushnp.svc.ms,1,doh,31.966,31.966,31.966,131.59999999403954,1,eastus1-3.pushnp.svc.ms
10868,datagrail.io,1,doh,18.518,605.267,309.74200000000076,2582.0999999940395,42,a.usbrowserspeed.com;ajax.googleapis.com;analytics.google.com;analytics.twitter.com;api-na2.hubapi.com;api.consentjs.datagrail.io;api.vector.co;assets.ubembed.com;b0acf70cfb074f76a2243bd35b524db4.js.ubembed.com;bat.bing.com;cdn.equalweb.com;cdn.jsdelivr.net;cdn.matomo.cloud;cdn.vector.co;connect.facebook.net;datagrail.io;datagrail.matomo.cloud;forms-na2.hsforms.com;forms.hsforms.com;googleads.g.doubleclick.net;js-na2.hs-analytics.net;js-na2.hs-banner.com;js-na2.hsadspixel.net;js-na2.hubspot.com;js.hs-scripts.com;js.hsforms.net;js.zi-scripts.com;perf-na2.hsforms.com;px.ads.linkedin.com;rum-collector-2.pingdom.net;rum-static.pingdom.net;snap.licdn.com;static.ads-twitter.com;stats.g.doubleclick.net;t.co;track-na2.hubspot.com;ws.zoominfo.com;www.datagrail.io;www.google.com;www.googleadservices.com;www.googletagmanager.com;www.linkedin.com
11334,media-public.canva.com,1,doh,11.328,11.328,11.328,159.5,1,media-public.canva.com
10372,w.usabilla.com,1,doh,12.455,12.455,12.455,72,1,w.usabilla.com
10749,jpush.cn,1,doh,225.588,1912.998,1568.4859999999999,4733,20,analytics.google.com;bj-api.srv.jpush.cn;captcha-stat.engagelab.com;hm.baidu.com;img.jiguang.cn;jpush.cn;metrics.hotjar.io;o.alicdn.com;px.ads.linkedin.com;res.gptbots.ai;snap.licdn.com;sp0.baidu.com;static.hotjar.com;stats.g.doubleclick.net;web-stat.jpush.cn;www.google-analytics.com;www.google.com;www.googletagmanager.com;www.gptbots.ai;zz.bdstatic.com
11350,idr.cdnwidget.com,1,doh,12.321,12.321,12.321,113.3999999910593,1,idr.cdnwidget.com
10273,applet-bundles.grammarly.net,1,doh,12.998,12.998,12.998,83.70000000298023,1,applet-bundles.grammarly.net
11306,lg3.media.net,1,doh,13.893,13.893,13.893,299,1,lg3.media.net
11030,adn.t-mobile.com,1,doh,14.365,318.4650000000001,232.89999999999986,1190.0999999940395,22,adn.t-mobile.com;analytics.google.com;api2.branch.io;app.link;assets.adobedtm.com;cdn.branch.io;cdn.cookielaw.org;cdn.moengage.com;cdn.quantummetric.com;geolocation.onetrust.com;googletagmanager.com;ingest.quantummetric.com;ipinfo.io;match.adsrvr.org;pnapi.invoca.net;rum.hlx.page;smetrics.t-mobile.com;solutions.invocacdn.com;stats.g.doubleclick.net;tmobilees.mpeasylink.com;unpkg.com;www.t-mobile.com
10554,qcc.qualcomm.com,1,doh,14.601,14.601,14.601,300.59999999403954,1,qcc.qualcomm.com
11124,prebid.sv.rkdms.com,1,doh,15.71,15.71,15.71,135.1000000089407,1,prebid.sv.rkdms.com
10523,mboxedge35.tt.omtrdc.net,1,doh,13.243,13.243,13.243,320.90000000596046,1,mboxedge35.tt.omtrdc.net
10700,api-spotlight-ause1a.smoot.apple.com,1,doh,14.076,14.076,14.076,86.20000000298023,1,api-spotlight-ause1a.smoot.apple.com
10910,authbe.sec.intl.miui.com,1,doh,12.034,12.034,12.034,779.3999999910593,1,authbe.sec.intl.miui.com
11470,meituan.com,1,doh,17.329,818.266,778.7180000000003,2587,9,catfront.dianping.com;img.meituan.net;lx.meituan.net;lx1.meituan.net;meituan.com;p0.meituan.net;s3plus.meituan.net;www.dpfile.com;www.meituan.com
10389,c2.piano.io,1,doh,12.854,120.862,105.64299999999996,988.5999999940395,4,assets.atinternet-solutions.com;auth.piano.io;c2.piano.io;cdn.auth0.com
10568,onedriveclubproddm20035.blob.core.windows.net,1,doh,25.952,25.952,25.952,229.8999999910593,1,onedriveclubproddm20035.blob.core.windows.net
11395,api-android.wildberries.ru,1,doh,13.961,13.961,13.961,528,1,api-android.wildberries.ru
10582,mybbc-analytics.files.bbci.co.uk,1,doh,17.79,17.79,17.79,338.1000000089407,1,mybbc-analytics.files.bbci.co.uk
11029,ssb-use2.smartadserver.com,1,doh,12.343,12.343,12.343,88.29999999701977,1,ssb-use2.smartadserver.com
11477,pull-cmaf-l16-sg01.tiktokcdn.com,1,doh,16.695,16.695,16.695,596.8000000119209,1,pull-cmaf-l16-sg01.tiktokcdn.com
11178,dcs.adobedc.net,1,doh,14.354,14.354,14.354,110.3999999910593,1,dcs.adobedc.net
10971,thumb-nss.xhpingcdn.com,1,doh,24.123,24.123,24.123,114.5,1,thumb-nss.xhpingcdn.com
10603,mobile-bank.cdn-tinkoff.ru,1,doh,16.154,16.154,16.154,572,1,mobile-bank.cdn-tinkoff.ru
11428,pull-hls-f77-sg01.tiktokcdn.com,1,doh,12.061,12.061,12.061,380.8999999910593,1,pull-hls-f77-sg01.tiktokcdn.com
10688,api.silica-prod01.io.lens.poly.com,1,doh,14.019,37.980000000000004,37.98000000000001,976.6999999880791,3,api.silica-prod01.io.lens.poly.com;fonts.googleapis.com;fonts.gstatic.com
11347,c-t-usw2.s3.us-west-2.amazonaws.com,1,doh,12.505,12.505,12.505,331.70000000298023,1,c-t-usw2.s3.us-west-2.amazonaws.com
11301,apmplus.volces.com,1,doh,16.98,16.98,16.98,331.69999998807907,1,apmplus.volces.com
11440,img.cdn.house,1,doh,15.924,15.924,15.924,424.79999999701977,1,img.cdn.house
10897,onedriveclubproddm20030.blob.core.windows.net,1,doh,29.41,29.41,29.41,272.8999999910593,1,onedriveclubproddm20030.blob.core.windows.net
10730,p19-lemon8-sign-useast5.tiktokcdn-us.com,1,doh,14.421,14.421,14.421,84,1,p19-lemon8-sign-useast5.tiktokcdn-us.com
10365,smrtb.com,1,doh,17.209,119.90599999999999,81.48400000000007,781.4000000059605,9,ajax.googleapis.com;cdn.prod.website-files.com;d3e54v103j8qbb.cloudfront.net;fonts.googleapis.com;fonts.gstatic.com;smrtb.com;uploads-ssl.webflow.com;www.google-analytics.com;www.googletagmanager.com
10448,download.nvidia.com,1,doh,21.663,21.663,21.663,223.5,1,download.nvidia.com
10864,api.anonymised.io,1,doh,13.095,13.095,13.095,172.5,1,api.anonymised.io
11415,videos-cloudfront-usp.jwpsrv.com,1,doh,13.444,13.444,13.444,85.6000000089407,1,videos-cloudfront-usp.jwpsrv.com
11183,sync.bidmatic.io,1,doh,14.517,14.517,14.517,414.79999999701977,1,sync.bidmatic.io
11324,rmonitor.qq.com,1,doh,12.593,12.593,12.593,755.5,1,rmonitor.qq.com
10843,onedriveclubproddm20054.blob.core.windows.net,1,doh,17.044,17.044,17.044,218.59999999403954,1,onedriveclubproddm20054.blob.core.windows.net
10955,ws.hotjar.com,1,doh,18.394,922.462,623.2559999999997,2826.7000000029802,41,alb.reddit.com;analytics.google.com;analytics.twitter.com;api.segment.io;aplo-evnt.com;assets.apollo.io;ca.contentsquare.net;cdn.cookielaw.org;cdn.jsdelivr.net;cdn.optimizely.com;cdn.segment.com;cdn.us.heap-api.com;connect.facebook.net;et.eulerian.net;eu.api.fpjs.io;fast.appcues.com;fpjscdn.net;geolocation.onetrust.com;googleads.g.doubleclick.net;grsm.io;images.ctfassets.net;invite.contentsquare.com;invite.hotjar.com;js.partnerstack.com;partnerlinks.io;pixel-config.reddit.com;px.ads.linkedin.com;snap.licdn.com;static.ada.support;static.ads-twitter.com;static.hotjar.com;stats.g.doubleclick.net;t.co;t.contentsquare.net;unpkg.com;ws.hotjar.com;www.google.com;www.googletagmanager.com;www.hotjar.com;www.linkedin.com;www.redditstatic.com
10532,content.hotjar.io,1,doh,13.98,13.98,13.98,340.59999999403954,1,content.hotjar.io
10878,onedriveclubproddm20048.blob.core.windows.net,1,doh,21.641,21.641,21.641,226.80000001192093,1,onedriveclubproddm20048.blob.core.windows.net
11128,us-wf.taboola.com,1,doh,14.347,14.347,14.347,110,1,us-wf.taboola.com
10715,aqfer.lijit.com,1,doh,15.05,15.05,15.05,156.59999999403954,1,aqfer.lijit.com
10891,onedriveclubprodbn20045.blob.core.windows.net,1,doh,24.133,24.133,24.133,132.20000000298023,1,onedriveclubprodbn20045.blob.core.windows.net
10950,cisco.sharepoint.com,1,doh,19.776,77.597,73.29100000000004,1063.5999999940395,5,aadcdn.msftauth.net;aadcdn.msftauthimages.net;cisco.sharepoint.com;login.live.com;login.microsoftonline.com
10872,onedriveclubprodbn20048.blob.core.windows.net,1,doh,16.355,16.355,16.355,147,1,onedriveclubprodbn20048.blob.core.windows.net
10340,pix.cdnwidget.com,1,doh,13.37,13.37,13.37,108.70000000298023,1,pix.cdnwidget.com
10867,onedriveclubproddm20047.blob.core.windows.net,1,doh,17.522,17.522,17.522,260.3999999910593,1,onedriveclubproddm20047.blob.core.windows.net
11177,www.webex.com,1,doh,13.895,13.895,13.895,89.20000000298023,1,www.webex.com
11234,api.antibanads.com,1,doh,18.211,18.211,18.211,314.09999999403954,1,api.antibanads.com
10516,www.taobao.com,1,doh,16.149,2849.063,2414.2320000000013,8840.79999999702,26,75rs8m.tdum.alibaba.com;alidt.alicdn.com;at.alicdn.com;bjb3k6.tdum.alibaba.com;cf.aliyun.com;cm.mediav.com;fourier.alibaba.com;fourier.taobao.com;g.alicdn.com;g.aplus.taobao.com;gm.mmstat.com;gw.alicdn.com;h5api.m.taobao.com;img.alicdn.com;log.mmstat.com;login.taobao.com;main.m.tmall.com;o.alicdn.com;pc-growht-rta.taobao.com;push-v1.taobao.com;s-gm.mmstat.com;to2in.tdum.alibaba.com;umdc.taobao.com;www.taobao.com;x.alicdn.com;ynuf.aliapp.org
11175,curseforge.com,1,doh,16.262,29.643000000000004,29.642999999999972,344.0300000011921,2,challenges.cloudflare.com;curseforge.com
10606,api.naea1.uds.lenovo.com,1,doh,16.102,16.102,16.102,148,1,api.naea1.uds.lenovo.com
11288,prod.adobeccstatic.com,1,doh,14.541,14.541,14.541,296.09999999403954,1,prod.adobeccstatic.com
10777,out053a3bejgh7t0phqa0csou.litix.io,1,doh,13.01,13.01,13.01,85.79999999701977,1,out053a3bejgh7t0phqa0csou.litix.io
11071,tnc16-normal-useastred.tiktokv.eu,1,doh,16.845,16.845,16.845,127.20000000298023,1,tnc16-normal-useastred.tiktokv.eu
10402,cdn.revjet.com,1,doh,13.515,13.515,13.515,298.29999999701977,1,cdn.revjet.com
11456,pull-g5-tt03.tiktokcdn.com,1,doh,14.78,14.78,14.78,79.1000000089407,1,pull-g5-tt03.tiktokcdn.com
10362,assetsconfigcdn.org,1,doh,12.194,12.194,12.194,98.3999999910593,1,assetsconfigcdn.org
10636,assa.ouraring.com,1,doh,13.283,13.283,13.283,361,1,assa.ouraring.com
11086,pull-g5-tt04.tiktokcdn.com,1,doh,13.896,13.896,13.896,89.8999999910593,1,pull-g5-tt04.tiktokcdn.com
11437,wordpress.org,1,doh,14.975,91.61,51.518999999999956,744.5,6,i0.wp.com;s.w.org;stats.wp.com;wordpress.org;www.google-analytics.com;www.googletagmanager.com
11115,trafficstars.com,1,doh,14.174,14.174,14.174,1182.8999999910593,1,trafficstars.com
10525,comcast.demdex.net,1,doh,12.677,12.677,12.677,69.79999999701977,1,comcast.demdex.net
11066,mr.fullstory.com,1,doh,15.248,442.4170000000001,367.70699999999863,4777.0999999940395,23,002-ldf-436.mktoresp.com;api.ipify.org;api.thatsnoble.com;ariane.abtasty.com;buyers.thatsnoble.com;cmp.osano.com;dcinfos-cache.abtasty.com;edge.staging.fullstory.com;endpoints.test-the-things.com;fonts.gstatic.com;go2.fullstory.com;googleads.g.doubleclick.net;i.ytimg.com;images.ctfassets.net;mr.fullstory.com;munchkin.marketo.net;rs.fullstory.com;rs.staging.fullstory.com;static.doubleclick.net;try.abtasty.com;www.fullstory.com;www.google.com;www.youtube.com
10383,r2---sn-tn.googlevideo.com,1,doh,16.708,29.746,29.74600000000001,177.79999999701977,2,r2---sn-tn.googlevideo.com;www.google.com
10569,mon22-normal-useast1a.tiktokv.com,1,doh,18.878,18.878,18.878,110.29999999701977,1,mon22-normal-useast1a.tiktokv.com
10648,cdn-scripts.signifyd.com,1,doh,13.231,13.231,13.231,147.5,1,cdn-scripts.signifyd.com
11126,www.xboxab.com,1,doh,19.83,19.83,19.83,117.20000000298023,1,www.xboxab.com
10716,sts.us-east-1.amazonaws.com,1,doh,13.456,685.7849999999999,498.57699999999977,3499.5999999940395,27,a.b.cdn.console.awsstatic.com;a0.awsstatic.com;amazonwebservices.d2.sc.omtrdc.net;amazonwebservicesinc.tt.omtrdc.net;aws.amazon.com;aws.demdex.net;cm.everesttech.net;cx0.m.awsstatic.com;d0.m.awsstatic.com;d1.awsstatic.com;d2c.aws.amazon.com;dpm.demdex.net;edge.adobedc.net;fonts.gstatic.com;i.ytimg.com;infra-api.us-east-1.prod.mrc-sunrise.marketing.aws.dev;loader.us-east-1.prod.mrc-sunrise.marketing.aws.dev;prod.log.shortbread.aws.dev;prod.pa.cdn.uis.awsstatic.com;sts.us-east-1.amazonaws.com;t0.m.awsstatic.com;vs.aws.amazon.com;www.google.com;www.gstatic.com;www.youtube-nocookie.com;www.youtube.com;yt3.ggpht.com
11077,tk.mosspf.net,1,doh,17.392,17.392,17.392,775.0999999940395,1,tk.mosspf.net
10617,stun.cloudflare.com,1,doh,11.965,24.536,24.536000000000026,452.69999998807907,2,performance.radar.cloudflare.com;stun.cloudflare.com
10682,public-api.uxfeedback.ru,1,doh,16.429,16.429,16.429,496.29999999701977,1,public-api.uxfeedback.ru
11315,browser-intake-datadoghq.eu,1,doh,14.923,14.923,14.923,259.8999999910593,1,browser-intake-datadoghq.eu
10551,spoprod-a.akamaihd.net,1,doh,18.953,36.098,36.098,440.20000000298023,2,res-1.cdn.office.net;spoprod-a.akamaihd.net
11208,b-ring.msedge.net,1,doh,14.539,14.539,14.539,107.29999999701977,1,b-ring.msedge.net
10685,i2.ytimg.com,1,doh,0.0,0.0,0.0,89.5,0,
10611,u-las.4dex.io,1,doh,14.216,14.216,14.216,278.59999999403954,1,u-las.4dex.io
11281,ncp-gw-frontpage.media.yahoo.com,1,doh,14.627,14.627,14.627,155.5,1,ncp-gw-frontpage.media.yahoo.com
10968,southcentralus1-3.pushnp.svc.ms,1,doh,16.548,16.548,16.548,144.70000000298023,1,southcentralus1-3.pushnp.svc.ms
11241,s-ring.msedge.net,1,doh,13.991,13.991,13.991,102.20000000298023,1,s-ring.msedge.net
10437,fa000000195.resources.office.net,1,doh,19.753,19.753,19.753,310.5,1,fa000000195.resources.office.net
10936,ratt.juno.ea.com,1,doh,12.856,12.856,12.856,204,1,ratt.juno.ea.com
10635,msp-platform.newsbreak.com,1,doh,17.012,17.012,17.012,314.29999999701977,1,msp-platform.newsbreak.com
11019,cdn.permutive.app,1,doh,12.807,12.807,12.807,224.90000000596046,1,cdn.permutive.app
11205,vi.ml314.com,1,doh,16.285,16.285,16.285,123.6000000089407,1,vi.ml314.com
10638,sg1.clevertap-prod.com,1,doh,27.826,27.826,27.826,321.1000000089407,1,sg1.clevertap-prod.com
10472,uds-zpln-ps5.np.rds.s0.playstation.net,1,doh,14.934,14.934,14.934,286.6000000089407,1,uds-zpln-ps5.np.rds.s0.playstation.net
11289,app-gamma.glip.com,1,doh,16.124,16.124,16.124,134,1,app-gamma.glip.com
10506,mcias-va7.cloud.adobe.io,1,doh,21.194,21.194,21.194,106,1,mcias-va7.cloud.adobe.io
10869,ffs-provisioner-config.amazon-dss.com,1,doh,14.802,14.802,14.802,87.29999999701977,1,ffs-provisioner-config.amazon-dss.com
10722,p16-webcast-row-useast5.tiktokcdn-us.com,1,doh,15.608,15.608,15.608,386.09999999403954,1,p16-webcast-row-useast5.tiktokcdn-us.com
10812,aliycdn.flv.wxqcloud.qq.com,1,doh,16.213,16.213,16.213,2329.9000000059605,1,aliycdn.flv.wxqcloud.qq.com
10537,eastus1-0.pushnp.svc.ms,1,doh,88.143,88.143,88.143,188.09999999403954,1,eastus1-0.pushnp.svc.ms
10315,log.drdrab.com,1,doh,19.609,19.609,19.609,1185.1000000089407,1,log.drdrab.com
10701,onedriveclubprodbn20055.blob.core.windows.net,1,doh,29.221,29.221,29.221,155.40000000596046,1,onedriveclubprodbn20055.blob.core.windows.net
10397,secure-sdk.imrworldwide.com,1,doh,21.168,21.168,21.168,140.80000001192093,1,secure-sdk.imrworldwide.com
11048,southcentralus1-6.pushnp.svc.ms,1,doh,23.134,23.134,23.134,170.29999999701977,1,southcentralus1-6.pushnp.svc.ms
10366,amx1.net,1,doh,19.704,19.704,19.704,112.5,1,amx1.net
10788,atsod.launch.liveramp.com,1,doh,16.821,16.821,16.821,1017.0999999940395,1,atsod.launch.liveramp.com
11154,netdna.bootstrapcdn.com,1,doh,15.693,145.061,96.05400000000002,525,10,api.github.com;cdn.jsdelivr.net;datum.jsdelivr.com;fonts.googleapis.com;fonts.gstatic.com;github.com;github.githubassets.com;netdna.bootstrapcdn.com;platform.twitter.com;syndication.twitter.com
10895,aks-prod-westeurope.access-point.cloudmessaging.edge.microsoft.com,1,doh,29.155,29.155,29.155,340.59999999403954,1,aks-prod-westeurope.access-point.cloudmessaging.edge.microsoft.com
11357,pcugw-geo.prod.gws.ring.amazon.dev,1,doh,16.471,16.471,16.471,84.40000000596046,1,pcugw-geo.prod.gws.ring.amazon.dev
11330,x.everestop.io,1,doh,17.588,17.588,17.588,125.90000000596046,1,x.everestop.io
10317,usersub-r.wbx2.com,1,doh,14.847,14.847,14.847,412.29999999701977,1,usersub-r.wbx2.com
11402,q.clarity.ms,1,doh,15.158,15.158,15.158,93.5,1,q.clarity.ms
10957,purchasely.io,1,doh,18.529,86.709,70.97299999999996,523.2000000029802,5,js.userpilot.io;purchasely.io;sr-client-cfg.amplitude.com;stackpath.bootstrapcdn.com;widget.intercom.io
10776,api16-core-c-useast1a.tiktokv.com,1,doh,18.258,18.258,18.258,143,1,api16-core-c-useast1a.tiktokv.com
11277,docomo.ne.jp,1,doh,193.053,193.053,193.053,694.6000000089407,1,docomo.ne.jp
11202,beyondwickedmapping.org,1,doh,12.916,12.916,12.916,79,1,beyondwickedmapping.org
11302,arc-emea.msn.com,1,doh,29.969,29.969,29.969,361.5,1,arc-emea.msn.com
10386,census-web.scorecardresearch.com,1,doh,14.449,14.449,14.449,128.5,1,census-web.scorecardresearch.com
10702,cdn.celtra.com,1,doh,14.962,18.875,18.874999999999996,125.09999999403954,2,cache-ssl.celtra.com;cdn.celtra.com
10815,pull-flv-f11-va01.tiktokcdn.com,1,doh,94.43,94.43,94.43,442.79999999701977,1,pull-flv-f11-va01.tiktokcdn.com
10837,video-edge-47127a.sjc05.hls.live-video.net,1,doh,15.159,15.159,15.159,133.79999999701977,1,video-edge-47127a.sjc05.hls.live-video.net
11189,app.powerbi.com,1,doh,20.022,62.562,54.839999999999925,434.3999999910593,4,app.powerbi.com;content.powerapps.com;js.monitor.azure.com;login.microsoftonline.com
10859,uts-front.line-apps.com,1,doh,13.753,13.753,13.753,586.0999999940395,1,uts-front.line-apps.com
11067,southcentralus1-7.pushnp.svc.ms,1,doh,122.862,122.862,122.862,394.19999998807907,1,southcentralus1-7.pushnp.svc.ms
11184,digitalguardian.com,1,doh,16.339,42.492999999999995,42.49300000000001,465.69999998807907,3,challenges.cloudflare.com;digitalguardian.com;www.digitalguardian.com
11224,security.ubuntu.com,1,doh,15.846,178.321,152.92899999999975,5023.5,5,assets.ubuntu.com;jspm.dev;security.ubuntu.com;w.usabilla.com;www.ubuntu.com
10357,provisioning.metrics.us-west-2.prd.cdo.system-monitor.com,1,doh,17.073,17.073,17.073,313,1,provisioning.metrics.us-west-2.prd.cdo.system-monitor.com
10946,fandango.com,1,doh,16.938,1221.9979999999996,768.5490000000007,2760.2999999970198,74,13d0117f157efa9e221842cd4350ed64.safeframe.googlesyndication.com;ad.doubleclick.net;ad.turn.com;ak.sail-horizon.com;app.mps.vsnt.net;assets.adobedtm.com;bcp.crwdcntrl.net;cdn.cookielaw.org;cdn.doubleverify.com;cdn.id5-sync.com;cdn.jsdelivr.net;cdn.jwplayer.com;cm.everesttech.net;cm.g.doubleclick.net;cms.quantserve.com;collector-6425.tvsquared.com;connect.facebook.net;d.agkn.com;dmp.v.fwmrm.net;dpm.demdex.net;dt.adsafeprotected.com;dynamic.criteo.com;ep1.adtrafficquality.google;ep2.adtrafficquality.google;esp.rtbhouse.com;fandango.com;fandango.tt.omtrdc.net;fandangollc.demdex.net;fastlane.rubiconproject.com;fw.adsafeprotected.com;geolocation.onetrust.com;google-bidout-d.openx.net;googleads4.g.doubleclick.net;grid-bidder.criteo.com;gum.criteo.com;hbopenbid.pubmatic.com;id5-sync.com;idsync.rlcdn.com;images.fandango.com;images2.vudu.com;invstatic101.creativecdn.com;krk2.kargo.com;lb.eu-1-id5-sync.com;lbs.eu-1-id5-sync.com;load77.exelator.com;loadm.exelator.com;maps.googleapis.com;match.adsrvr.org;micro.rubiconproject.com;oa.openxcdn.net;oajs.openx.net;os.fandango.com;pagead2.googlesyndication.com;pix.pub;pixel.tapad.com;prebid-a.rubiconproject.com;pt.ispot.tv;pub.doubleverify.com;s0.2mdn.net;sb.scorecardresearch.com;securepubads.g.doubleclick.net;sslwidget.criteo.com;static.adsafeprotected.com;static.criteo.net;storage.googleapis.com;tags.crwdcntrl.net;targeting.unrulymedia.com;tlx.3lift.com;tps.doubleverify.com;ups.analytics.yahoo.com;vtrk.dv.tech;www.fandango.com;www.google.com;www.mczbf.com
11216,scar-shared.unityads.unity3d.com,1,doh,17.767,17.767,17.767,116.59999999403954,1,scar-shared.unityads.unity3d.com
10856,shealth-api.samsunghealth.com,1,doh,18.453,18.453,18.453,175.5,1,shealth-api.samsunghealth.com
10902,anycast.ftl.netflix.com,1,doh,14.613,14.613,14.613,111.6000000089407,1,anycast.ftl.netflix.com
11174,jsapi.login.yahoo.com,1,doh,17.369,17.369,17.369,136,1,jsapi.login.yahoo.com
11001,southcentralus1-4.pushnp.svc.ms,1,doh,16.579,16.579,16.579,163.20000000298023,1,southcentralus1-4.pushnp.svc.ms
10992,secureserver.net,1,doh,16.662,203.59899999999996,149.16000000000008,1056.4000000059605,12,accdn.lpsnmedia.net;csp.secureserver.net;g.sst.gpl.secureserver.net;img1.wsimg.com;img6.wsimg.com;lpcdn.lpsnmedia.net;lptag.liveperson.net;secureserver.net;va.v.liveperson.net;www.google-analytics.com;www.googletagmanager.com;www.secureserver.net
11351,log.outbrainimg.com,1,doh,17.011,49.617000000000004,49.61699999999999,190.90000000596046,3,fonts.googleapis.com;fonts.gstatic.com;log.outbrainimg.com
11121,msft-ssp.adnxs.com,1,doh,13.774,13.774,13.774,84.59999999403954,1,msft-ssp.adnxs.com
10717,edge.curalate.com,1,doh,16.273,16.273,16.273,189.5,1,edge.curalate.com
10459,eastus1-1.pushnp.svc.ms,1,doh,27.15,27.15,27.15,123.6000000089407,1,eastus1-1.pushnp.svc.ms
11003,gateway.zscaler.net,1,doh,16.18,35.869,35.86899999999999,213.79999999701977,2,gateway.zscaler.net;login.zscaler.net
10481,amp-account.itunes.apple.com,1,doh,14.565,14.565,14.565,126.20000000298023,1,amp-account.itunes.apple.com
10647,service.force.com,1,doh,14.788,45.417,45.411,328.3999999910593,3,c.salesforce.com;login.salesforce.com;service.force.com
11449,v16-cla.tiktokcdn-eu.com,1,doh,17.872,17.872,17.872,103.70000000298023,1,v16-cla.tiktokcdn-eu.com
10452,crcdn01.adnxs-simple.com,1,doh,16.633,16.633,16.633,198.29999999701977,1,crcdn01.adnxs-simple.com
10770,memfault.com,1,doh,17.273,17.273,17.273,474.29999999701977,1,memfault.com
10415,www.imdb.com,1,doh,16.335,35.346000000000004,35.346000000000025,51.6000000089407,2,1c5c1ecf7303.c0b160fb.us-east-1.token.awswaf.com;www.imdb.com
11220,adv.sec.intl.miui.com,1,doh,14.113,14.113,14.113,816.6000000089407,1,adv.sec.intl.miui.com
10450,content.powerapps.com,1,doh,36.542,36.542,36.542,142.40000000596046,1,content.powerapps.com
10433,analytics.mobile.walmart.com,1,doh,19.963,19.963,19.963,108,1,analytics.mobile.walmart.com
10423,api.cld.dtvce.com,1,doh,15.443,15.443,15.443,293.29999999701977,1,api.cld.dtvce.com
10802,onedriveclubproddm20052.blob.core.windows.net,1,doh,14.805,14.805,14.805,204.5,1,onedriveclubproddm20052.blob.core.windows.net
11164,expressapisv2.net,1,doh,28.869,28.869,28.869,102.3999999910593,1,expressapisv2.net
10719,www.figma.com,1,doh,13.223,166.10600000000002,83.27700000000003,784.6000000089407,7,cdn.sanity.io;f.vimeocdn.com;featureassets.org;i.vimeocdn.com;player.vimeo.com;vimeo.com;www.figma.com
10279,galleryapi.micloud.xiaomi.net,1,doh,15.777,15.777,15.777,960.3000000119209,1,galleryapi.micloud.xiaomi.net
10926,onedriveclubprodbn20037.blob.core.windows.net,1,doh,13.713,13.713,13.713,137.8999999910593,1,onedriveclubprodbn20037.blob.core.windows.net
10912,aruba.brightcloud.com,1,doh,16.898,16.898,16.898,103.70000000298023,1,aruba.brightcloud.com
11353,eus2-azsc-config.officeapps.live.com,1,doh,21.983,21.983,21.983,131.79999999701977,1,eus2-azsc-config.officeapps.live.com
10711,onedriveclubproddm20020.blob.core.windows.net,1,doh,14.716,14.716,14.716,257.1000000089407,1,onedriveclubproddm20020.blob.core.windows.net
10625,core.iprom.net,1,doh,19.906,19.906,19.906,553.7000000029802,1,core.iprom.net
10977,ecx.images-amazon.com,1,doh,13.506,13.506,13.506,84.8999999910593,1,ecx.images-amazon.com
11401,a2.adform.net,1,doh,14.83,14.83,14.83,107.40000000596046,1,a2.adform.net
11179,chewy.com,1,doh,14.641,41.319,41.31900000000005,1003.5,3,bf20861wzf.bf.dynatrace.com;chewy.com;js-cdn.dynatrace.com
10535,doh.xfinity.com,1,doh,14.647,14.647,14.647,136.79999999701977,1,doh.xfinity.com
10425,tru.am,1,doh,16.433,16.433,16.433,396.90000000596046,1,tru.am
11272,fastcast.semfs.engsvc.go.com,1,doh,15.646,15.646,15.646,87.29999999701977,1,fastcast.semfs.engsvc.go.com
11268,pull-cmaf-f77-tt04.tiktokcdn-us.com,1,doh,24.266,24.266,24.266,94.5,1,pull-cmaf-f77-tt04.tiktokcdn-us.com
10311,drdrab.com,1,doh,23.799,23.799,23.799,778.7999999970198,1,drdrab.com
11064,mpc-prod-17-s6uit34pua-wl.a.run.app,1,doh,0.0,0.0,0.0,168.79999999701977,0,
10457,bidmatic.io,1,doh,15.77,331.794,196.09500000000025,2207.5,21,analytics.ahrefs.com;analytics.google.com;bat.bing.com;bidmatic.io;connect.facebook.net;files-service.adtelligent.com;fonts.googleapis.com;fonts.gstatic.com;geo-service.bidmatic.io;googleads.g.doubleclick.net;js-eu1.hs-analytics.net;js-eu1.hs-banner.com;js-eu1.hs-scripts.com;px.ads.linkedin.com;snap.licdn.com;static.cloudflareinsights.com;stats.g.doubleclick.net;track-eu1.hubspot.com;www.google.com;www.googletagmanager.com;www.linkedin.com
11095,trace.us.rtbwise.com,1,doh,13.716,13.716,13.716,86.79999999701977,1,trace.us.rtbwise.com
10378,rs.mail.ru,1,doh,14.47,947.15,844.428,8347.39999999106,15,ad.mail.ru;analytics.google.com;googleads.g.doubleclick.net;privacy-cs.mail.ru;px.ads.linkedin.com;rs.mail.ru;snap.licdn.com;target.my.com;target.vk.ru;top-fwz1.mail.ru;vk.com;www.google-analytics.com;www.google.com;www.googletagmanager.com;www.linkedin.com
11210,collector.github.com,1,doh,14.851,14.851,14.851,115.29999999701977,1,collector.github.com
10885,static1.squarespace.com,1,doh,14.535,14.535,14.535,168.70000000298023,1,static1.squarespace.com
10550,tripadvisor.com,1,doh,30.155,83.596,83.596,698.2999999970198,5,ct.captcha-delivery.com;geo.captcha-delivery.com;static.captcha-delivery.com;tripadvisor.com;www.tripadvisor.com
11457,pull-w5-va01.tiktokcdn.com,1,doh,24.84,24.84,24.84,190.29999999701977,1,pull-w5-va01.tiktokcdn.com
11102,s.pemsrv.com,1,doh,12.712,12.712,12.712,96.29999999701977,1,s.pemsrv.com
11331,mpc2-prod-28-is5qnl632q-ue.a.run.app,1,doh,0.0,0.0,0.0,97.59999999403954,0,
11292,fa000000111.resources.office.net,1,doh,17.652,17.652,17.652,384.09999999403954,1,fa000000111.resources.office.net
10908,ftvr-na.amazon.com,1,doh,15.606,15.606,15.606,99,1,ftvr-na.amazon.com
10705,storage.mds.yandex.net,1,doh,13.236,13.236,13.236,716.4000000059605,1,storage.mds.yandex.net
10438,locations-prod.tile-api.com,1,doh,14.91,14.91,14.91,130.40000000596046,1,locations-prod.tile-api.com
10691,p.cquotient.com,1,doh,14.339,14.339,14.339,86.79999999701977,1,p.cquotient.com
11087,video.primis.tech,1,doh,15.142,15.142,15.142,91.20000000298023,1,video.primis.tech
10519,geoip.youversionapi.com,1,doh,15.483,15.483,15.483,84.59999999403954,1,geoip.youversionapi.com
10618,honeycomb.io,1,doh,16.037,288.86499999999995,171.1349999999997,669.3999999910593,20,analytics.google.com;api.sitelytics.tech;cdn-cookieyes.com;cdn.delivr.ai;cdn.jsdelivr.net;cdn.sanity.io;dev.visualwebsiteoptimizer.com;honeycomb.io;js.hs-banner.com;js.hs-scripts.com;js.hsforms.net;js.qualified.com;js.zi-scripts.com;log.cookieyes.com;pubads.g.doubleclick.net;stats.g.doubleclick.net;tracking-api.g2.com;www.google.com;www.googletagmanager.com;www.honeycomb.io
10689,ios-db.lsfilter.com,1,doh,14.318,14.318,14.318,307.20000000298023,1,ios-db.lsfilter.com
10557,pull-flv-f77-tt02-tt03.fcdn.eu.tiktokcdn.com,1,doh,43.679,43.679,43.679,111.90000000596046,1,pull-flv-f77-tt02-tt03.fcdn.eu.tiktokcdn.com
10567,euc-word-telemetry.officeapps.live.com,1,doh,14.762,194.625,144.68899999999985,1253.1000000089407,14,browser.events.data.microsoft.com;c.s-microsoft.com;euc-word-telemetry.officeapps.live.com;js.monitor.azure.com;login.live.com;login.microsoftonline.com;mem.gfx.ms;res.cdn.office.net;s.clarity.ms;scripts.clarity.ms;uhf.microsoft.com;www.clarity.ms;www.microsoft.com;www.office.com
10552,osb-v1-ussvc.samsungqbe.com,1,doh,15.438,15.438,15.438,116.29999999701977,1,osb-v1-ussvc.samsungqbe.com
10760,lf16-tiktok-web.tiktokcdn-us.com,1,doh,15.714,15.714,15.714,241.69999998807907,1,lf16-tiktok-web.tiktokcdn-us.com
11260,t.6sc.co,1,doh,16.782,48.715,48.71499999999999,351.20000000298023,3,fonts.googleapis.com;fonts.gstatic.com;t.6sc.co
11193,cn-neg.cfe.uber.com,1,doh,15.548,15.548,15.548,141.8999999910593,1,cn-neg.cfe.uber.com
11185,squareup.com,1,doh,15.444,404.367,283.7310000000007,1082.2999999970198,20,a8447815042.cdn-pci.optimizely.com;api.squareup.com;campaign-hub-production-f.squarecdn.com;cash-f.squarecdn.com;cdn.cookielaw.org;cdn.jsdelivr.net;images.ctfassets.net;logx.optimizely.com;martech-production-c.squarecdn.com;munchkin.marketo.net;o160250.ingest.us.sentry.io;pw-assets-production-c.squarecdn.com;pw-renderer-production-c.squarecdn.com;pwt-production-c.squarecdn.com;sales-bridge-production-c.squarecdn.com;squareup.com;www.datadoghq-browser-agent.com;www.google-analytics.com;www.googletagmanager.com;xms-production-f.squarecdn.com
11060,omappapi.com,1,doh,19.051,87.761,64.28900000000006,967.5,6,a.optinmonster.com;omappapi.com;p.typekit.net;use.typekit.net;www.google-analytics.com;www.googletagmanager.com
10941,hulu.playback.edge.bamgrid.com,1,doh,14.464,14.464,14.464,95.90000000596046,1,hulu.playback.edge.bamgrid.com
11446,substack.com,1,doh,20.688,204.22099999999998,170.56900000000013,2016.5,14,googleads.g.doubleclick.net;image.mux.com;manifest-oci-us-ashburn-1-vop1.fastly.mux.com;o350427.ingest.sentry.io;static.cloudflareinsights.com;stream.mux.com;substack-video.s3.amazonaws.com;substack.com;substackcdn.com;trkn.us;www.datadoghq-browser-agent.com;www.google-analytics.com;www.google.com;www.googletagmanager.com
10323,use-bid-openpath-1.adsrvr.org,1,doh,14.337,14.337,14.337,99,1,use-bid-openpath-1.adsrvr.org
10740,bats.video.yahoo.com,1,doh,13.693,13.693,13.693,99.79999999701977,1,bats.video.yahoo.com
10351,clubhub.xboxlive.com,1,doh,14.389,14.389,14.389,420.1000000089407,1,clubhub.xboxlive.com
11046,rixengine.com,1,doh,16.758,16.758,16.758,403.90000000596046,1,rixengine.com
10987,pull-flv-w10-sg01.tiktokcdn.com,1,doh,14.017,14.017,14.017,254.20000000298023,1,pull-flv-w10-sg01.tiktokcdn.com
10549,prebid.production.adthrive.com,1,doh,12.959,12.959,12.959,296.09999999403954,1,prebid.production.adthrive.com
10428,bam-cell.nr-data.net,1,doh,14.632,14.632,14.632,155.29999999701977,1,bam-cell.nr-data.net
10860,api-0f7bbb82-3d8f-4f04-b7e6-3f51c0e4da04.sendbird.com,1,doh,15.863,15.863,15.863,317.20000000298023,1,api-0f7bbb82-3d8f-4f04-b7e6-3f51c0e4da04.sendbird.com
11176,datacloud.tealiumiq.com,1,doh,19.372,19.372,19.372,130.79999999701977,1,datacloud.tealiumiq.com
10401,munchkin.marketo.net,1,doh,13.903,13.903,13.903,441.40000000596046,1,munchkin.marketo.net
10813,plyr.io,1,doh,17.472,54.096,43.27200000000003,677.5,4,api.github.com;cdn.jsdelivr.net;cdn.plyr.io;plyr.io
11082,hw.flv.wxqcloud.qq.com,1,doh,15.038,15.038,15.038,744.4000000059605,1,hw.flv.wxqcloud.qq.com
11218,cdp.customer.io,1,doh,12.883,12.883,12.883,112.6000000089407,1,cdp.customer.io
10413,myapps.classlink.com,1,doh,13.413,91.076,79.46599999999982,704.5,6,ajax.googleapis.com;cdn.classlink.com;fonts.googleapis.com;fonts.gstatic.com;launchpad.classlink.com;myapps.classlink.com
10752,buzzoola.com,1,doh,132.87,483.37500000000006,444.3009999999998,3596.0999999940395,9,analytics.google.com;api.buzzoola.com;buzzoola.com;fonts.googleapis.com;fonts.gstatic.com;mc.yandex.ru;stats.g.doubleclick.net;www.google-analytics.com;www.googletagmanager.com
11057,sift.com,1,doh,16.16,416.7700000000001,234.0950000000001,1408.2000000029802,30,526-pcc-974.mktoresp.com;a.usbrowserspeed.com;analytics.google.com;b.6sc.co;cdn.cookielaw.org;cdn.jsdelivr.net;cdn.propensity.com;cdnjs.cloudflare.com;epsilon.6sense.com;geolocation.onetrust.com;googleads.g.doubleclick.net;ipv6.6sc.co;j.6sc.co;js.qualified.com;js.zi-scripts.com;munchkin.marketo.net;pagead2.googlesyndication.com;pages.sift.com;platform.linkedin.com;px.ads.linkedin.com;sift.com;snap.licdn.com;static.licdn.com;stats.g.doubleclick.net;tracking-api.g2.com;ws.zoominfo.com;www.google-analytics.com;www.google.com;www.googletagmanager.com;www.linkedin.com
11322,als-svc.nytimes.com,1,doh,13.256,13.256,13.256,131.29999999701977,1,als-svc.nytimes.com
11313,eventer-player.bqstreamer.com,1,doh,14.267,14.267,14.267,144,1,eventer-player.bqstreamer.com
10741,express.adobe.com,1,doh,34.436,175.41199999999998,155.15200000000007,1420.7000000029802,14,adobeid-na1.services.adobe.com;app.link;assets.adobedtm.com;auth.services.adobe.com;d1hmet3ucsy3j0.cloudfront.net;dcs.adobedc.net;express.adobe.com;geo2.adobe.com;idg.adobe.com;ims-na1.adobelogin.com;p.typekit.net;server.messaging.adobe.com;sstats.adobe.com;use.typekit.net
11372,pull-c5-va01.tiktokcdn.com,1,doh,14.771,14.771,14.771,372.20000000298023,1,pull-c5-va01.tiktokcdn.com
11035,eastus-global.in.applicationinsights.azure.com,1,doh,43.363,43.363,43.363,139,1,eastus-global.in.applicationinsights.azure.com
10432,ecs.gov.teams.microsoft.us,1,doh,43.082,70.201,70.20100000000002,629.2999999970198,2,azurefrontdoorpages.azureedge.net;ecs.gov.teams.microsoft.us
10959,api-events.taboola.com,1,doh,15.338,15.338,15.338,120.90000000596046,1,api-events.taboola.com
11157,pix-fl.phncdn.com,1,doh,15.044,15.044,15.044,85.20000000298023,1,pix-fl.phncdn.com
11139,asia-comort-stsdk.vivoglobal.com,1,doh,14.613,14.613,14.613,770.7999999970198,1,asia-comort-stsdk.vivoglobal.com
10288,i0.hdslb.com,1,doh,18.154,18.154,18.154,432.29999999701977,1,i0.hdslb.com
11476,tse3.mm.bing.net,1,doh,14.84,14.84,14.84,110.80000001192093,1,tse3.mm.bing.net
11471,nexus-prod-cdn-dwd5cjcgamhxbcah.b02.azurefd.net,1,doh,16.012,16.012,16.012,191.79999999701977,1,nexus-prod-cdn-dwd5cjcgamhxbcah.b02.azurefd.net
11043,config.svc.cloud.microsoft,1,doh,19.008,19.008,19.008,117.79999999701977,1,config.svc.cloud.microsoft
11226,cdn.trafficstars.com,1,doh,20.299,20.299,20.299,320.3999999910593,1,cdn.trafficstars.com
10853,kraken.prod.kargo.com,1,doh,15.56,15.56,15.56,101.59999999403954,1,kraken.prod.kargo.com
10391,pull-f5-tt03.tiktokcdn.com,1,doh,15.308,15.308,15.308,185.79999999701977,1,pull-f5-tt03.tiktokcdn.com
10497,fa000000002.resources.office.net,1,doh,18.937,18.937,18.937,229.20000000298023,1,fa000000002.resources.office.net
10664,arlo.com,1,doh,22.38,35.88399999999999,35.884000000000015,454.875,2,arlo.com;challenges.cloudflare.com
10435,fonts.cdnfonts.com,1,doh,13.893,13.893,13.893,94.70000000298023,1,fonts.cdnfonts.com
10928,feature-api.palmplaystore.com,1,doh,20.259,20.259,20.259,390.80000001192093,1,feature-api.palmplaystore.com
10996,content.jwplatform.com,1,doh,16.537,439.924,331.3009999999997,2385.199999988079,27,7052064.fs1.hubspotusercontent-na1.net;api.hubapi.com;app.hubspot.com;assets-jpcust.jwpsrv.com;boards.greenhouse.io;cdn.cookielaw.org;cdn.jwplayer.com;content.jwplatform.com;entitlements.jwplayer.com;forms.hsforms.com;geolocation.onetrust.com;js.hs-analytics.net;js.hs-banner.com;js.hsadspixel.net;js.hscollectedforms.net;js.hubspot.com;jwpconnatix.com;jwplayer.com;jwx.com;perf-na1.hsforms.com;prd.jwpltx.com;px.ads.linkedin.com;snap.licdn.com;ssl.p.jwpcdn.com;www.google-analytics.com;www.googletagmanager.com;www.linkedin.com
10838,ads.smartadserver.com,1,doh,20.782,20.782,20.782,99,1,ads.smartadserver.com
11472,catalog.update.microsoft.com,1,doh,19.789,19.789,19.789,390.1000000089407,1,catalog.update.microsoft.com
11004,vscode-cdn.z01.azurefd.net,1,doh,15.885,15.885,15.885,389.1000000089407,1,vscode-cdn.z01.azurefd.net
11336,measure.chase.com,1,doh,15.011,15.011,15.011,180.90000000596046,1,measure.chase.com
11366,pcugw.prod.gws.ring.amazon.dev,1,doh,27.124,27.124,27.124,140.5,1,pcugw.prod.gws.ring.amazon.dev
11022,tag.yieldoptimizer.com,1,doh,14.042,14.042,14.042,97.30000001192093,1,tag.yieldoptimizer.com
10427,video.sacdnssedge.com,1,doh,23.374,23.374,23.374,441.3999999910593,1,video.sacdnssedge.com
10678,sdk-02.moengage.com,1,doh,13.45,13.45,13.45,242.40000000596046,1,sdk-02.moengage.com
10658,qualys.eu,1,doh,18.454,167.688,135.66999999999993,765.5,8,cdn2.qualys.com;consent.cookiebot.com;consentcdn.cookiebot.com;ik.imagekit.io;qualys.eu;static.cloudflareinsights.com;www.googletagmanager.com;www.qualys.com
10573,image.tiktokv.us,1,doh,14.522,14.522,14.522,110.59999999403954,1,image.tiktokv.us
11410,devicetrust.com,1,doh,21.357,328.82,193.10599999999997,1719,22,analytics.twitter.com;assets.adobedtm.com;c.go-mpulse.net;consent.trustarc.com;devicetrust.com;js.zi-scripts.com;prod.static.citrix.com;px.ads.linkedin.com;radar.cedexis.com;s.go-mpulse.net;snap.licdn.com;static.ads-twitter.com;storage.googleapis.com;t.co;titan.citrix.com;unpkg.com;ws.zoominfo.com;www.citrix.com;www.google-analytics.com;www.googletagmanager.com;www.linkedin.com;www.youtube.com
10727,update.code.visualstudio.com,1,doh,20.715,20.715,20.715,175.09999999403954,1,update.code.visualstudio.com
10595,applets.ebxcdn.com,1,doh,13.081,13.081,13.081,380.30000001192093,1,applets.ebxcdn.com
11307,measure.etrade.com,1,doh,17.172,17.172,17.172,168.19999998807907,1,measure.etrade.com
11478,voipfinderspamliveplay.wxqcloud.qq.com,1,doh,84.252,84.252,84.252,204.79999999701977,1,voipfinderspamliveplay.wxqcloud.qq.com
10520,airbnb.com,1,doh,13.725,295.42699999999996,183.4119999999997,1144,22,ad.doubleclick.net;adservice.google.com;airbnb.com;analytics.google.com;cm.g.doubleclick.net;ct.pinterest.com;d0a7e.airbnb.com;d34r8q7sht0t9k.cloudfront.net;googleads.g.doubleclick.net;ib.adnxs.com;insight.adsrvr.org;ipv4.pdscrb.com;js.adsrvr.org;pixel.rubiconproject.com;stats.g.doubleclick.net;tr.snapchat.com;verifi.pdscrb.com;www.airbnb.com;www.facebook.com;www.google.com;www.googleadservices.com;www.googletagmanager.com
10951,btlr-us-east-1.sharethrough.com,1,doh,13.02,13.02,13.02,91.59999999403954,1,btlr-us-east-1.sharethrough.com
11335,www.bbc.com,1,doh,14.658,1073.6530000000002,515.0790000000004,3291.7999999970198,49,a1.api.bbc.com;ads.undertone.com;api.permutive.com;browser.covatic.io;buy-eu.piano.io;c2-eu.piano.io;cdn.cxense.com;cdn.doubleverify.com;cdn.optimizely.com;cdn.permutive.com;cdn.privacy-mgmt.com;cdn.tinypass.com;cdn.undertone.com;cdnjs.cloudflare.com;cm.g.doubleclick.net;d2552f88bf68ccc05bd3e52fa70e5d6b.safeframe.googlesyndication.com;e488cdb0-e7cb-4d91-9648-60d437d8e491.prmutv.co;edigitalsurvey.com;emp.bbci.co.uk;ep1.adtrafficquality.google;ep2.adtrafficquality.google;gn-web-assets.api.bbc.com;ib.adnxs.com;ichef.bbci.co.uk;jssdkcdns.mparticle.com;logx.optimizely.com;mobile-cvc-nv-bbc-web.covatic.io;mybbc-analytics.files.bbci.co.uk;p1cluster.cxense.com;pagead2.googlesyndication.com;prebid.the-ozone-project.com;pub.doubleverify.com;rm-script.dotmetrics.net;sb.scorecardresearch.com;scripts.webcontentassessor.com;secure-us.imrworldwide.com;securepubads.g.doubleclick.net;static.bbci.co.uk;static.chartbeat.com;static.files.bbci.co.uk;stats-collector.cxense.com;tpc.googlesyndication.com;tps.doubleverify.com;uk-script.dotmetrics.net;vtrk.dv.tech;web-cdn.api.bbci.co.uk;www.bbc.co.uk;www.bbc.com;www.google.com
11390,crl.globalsign.net,1,doh,15.013,351.08400000000006,283.64599999999996,1486.0999999940395,21,api-cdn.euw2.pure.cloud;apps.euw2.pure.cloud;bam.eu01.nr-data.net;cache.img.gmo.jp;cdn.jsdelivr.net;consent.cookiebot.com;consentcdn.cookiebot.com;crl.globalsign.net;fonts.googleapis.com;fonts.gstatic.com;globalsign.com;globalsign.containers.piwik.pro;globalsign.piwik.pro;js-agent.newrelic.com;s.clarity.ms;scripts.clarity.ms;seal.atlas.globalsign.com;static.cloudflareinsights.com;www.clarity.ms;www.globalsign.com;www.googletagmanager.com
10882,cdn.inst-fs-iad-prod.inscloudgate.net,1,doh,14.454,14.454,14.454,103.8999999910593,1,cdn.inst-fs-iad-prod.inscloudgate.net
10581,adtarget.biz,1,doh,19.032,124.42,90.73700000000011,1597.2000000029802,8,adtarget.biz;cdnjs.cloudflare.com;fonts.googleapis.com;fonts.gstatic.com;maps.googleapis.com;maps.gstatic.com;www.adtarget.com.tr;www.google.com
11041,files.slack.com,1,doh,14.401,648.723,366.6,3183.1000000089407,44,12632256.fls.doubleclick.net;a.slack-edge.com;a11179690159.cdn.optimizely.com;ad.doubleclick.net;adservice.google.com;alb.reddit.com;analytics.google.com;api.company-target.com;c.contentsquare.net;campaign.slackhq.com;cdn.cookielaw.org;cdn.schemaapp.com;cdn3.optimizely.com;csxd.contentsquare.net;d34u8crftukxnk.cloudfront.net;dc.ads.linkedin.com;dsum-sec.casalemedia.com;files.slack.com;fonts.gstatic.com;geolocation.onetrust.com;googleads.g.doubleclick.net;id.rlcdn.com;logx.optimizely.com;partners.tremorhub.com;pi.pardot.com;pixel-config.reddit.com;pixel.rubiconproject.com;px.ads.linkedin.com;s.company-target.com;segments.company-target.com;slack.com;snap.licdn.com;stats.g.doubleclick.net;t.contentsquare.net;tag-logger.demandbase.com;tag.demandbase.com;trk.techtarget.com;www.google.com;www.googletagmanager.com;www.linkedin.com;www.mczbf.com;www.redditstatic.com;www.youtube-nocookie.com;www.youtube.com
10663,home-dual.hulu.com,1,doh,14.943,581.425,281.1379999999999,2956.7000000029802,36,3797690.fls.doubleclick.net;ad.doubleclick.net;adservice.google.com;analytics-ipv6.tiktokw.us;analytics.tiktok.com;apps.rokt.com;assetshuluimcom-a.akamaihd.net;b.videoamp.com;cdn.cookielaw.org;cm.g.doubleclick.net;cnbl-cdn.bamgrid.com;collector-1564.tvsquared.com;connect.facebook.net;d.impactradius-event.com;disney.my.sentry.io;geolocation.onetrust.com;home-dual.hulu.com;img1.hulu.com;img2.hulu.com;img4.hulu.com;insight.adsrvr.org;js.adsrvr.org;metcon.hulu.com;s.yimg.com;sanalytics.disneyplus.com;sc-static.net;sp.analytics.yahoo.com;tag.rmp.rakuten.com;tags.tiqcdn.com;tr.snapchat.com;uconnect.tealiumiq.com;vortex.hulu.com;www.facebook.com;www.google.com;www.googletagmanager.com;www.hulu.com
11312,bbvms.com,1,doh,31.233,355.815,182.91499999999957,1739.1000000089407,21,api.hubapi.com;bbvms.com;cdn.bluebillywig.com;forms.hsforms.com;googleads.g.doubleclick.net;js.hs-analytics.net;js.hs-banner.com;js.hs-scripts.com;js.hsadspixel.net;js.hscollectedforms.net;js.hubspot.com;js.usemessages.com;maps.googleapis.com;o4504604721020928.ingest.sentry.io;perf-na1.hsforms.com;px.ads.linkedin.com;snap.licdn.com;track.hubspot.com;www.google.com;www.googletagmanager.com;www.linkedin.com
10917,js.braintreegateway.com,1,doh,19.016,19.016,19.016,92.79999999701977,1,js.braintreegateway.com
10799,c.s-microsoft.com,1,doh,15.142,567.768,389.1880000000004,2195.5999999940395,35,browser.events.data.microsoft.com;c.az.clicktale.net;c.bing.com;c.clarity.ms;c.s-microsoft.com;cdn-dynmedia-1.microsoft.com;cdnssl.clicktale.net;cm.everesttech.net;cm.g.doubleclick.net;dpm.demdex.net;googleads.g.doubleclick.net;ib.adnxs.com;idsync.rlcdn.com;js.monitor.azure.com;login.live.com;login.microsoftonline.com;mem.gfx.ms;mscom.demdex.net;msftenterprise.sc.omtrdc.net;pixel.everesttech.net;px.ads.linkedin.com;rtd-tm.everesttech.net;rtd.tubemogul.com;rum.hlx.page;s.clarity.ms;scripts.clarity.ms;static.hj.contentsquare.net;target.microsoft.com;uhf.microsoft.com;wcpstatic.microsoft.com;www.clarity.ms;www.google.com;www.googletagmanager.com;www.linkedin.com;www.microsoft.com
10431,eppo.cloud,1,doh,16.779,45.147,45.146999999999935,623.0999999940395,3,browser-intake-datadoghq.com;eppo.cloud;snippet.maze.co
11240,media-lhr6-1.cdn.whatsapp.net,1,doh,15.272,15.272,15.272,311,1,media-lhr6-1.cdn.whatsapp.net
10673,pptsgs.officeapps.live.com,1,doh,17.911,261.21299999999997,192.27499999999986,1461.8999999910593,17,admin.microsoft.com;browser.events.data.microsoft.com;c.s-microsoft.com;config.edge.skype.com;js.monitor.azure.com;login.live.com;login.microsoftonline.com;logincdn.msauth.net;mem.gfx.ms;pptsgs.officeapps.live.com;res.cdn.office.net;s.clarity.ms;scripts.clarity.ms;uhf.microsoft.com;www.clarity.ms;www.microsoft.com;www.office.com
10602,here.com,1,doh,14.265,618.6199999999999,368.5690000000001,817.5,32,142-uel-347.mktoresp.com;9565188.fls.doubleclick.net;adservice.google.com;app-ab31.marketo.com;assets.contently.com;assets.vidyard.com;cdn.bizible.com;cdn.bizibly.com;cdn.vidyard.com;cm.everesttech.net;cm.g.doubleclick.net;collect-eu-central-1.tealiumiq.com;datacloud.tealiumiq.com;dpm.demdex.net;eu-api.ipdata.co;googleads.g.doubleclick.net;here.com;images.here.com;js.api.here.com;munchkin.marketo.net;play.vidyard.com;px.ads.linkedin.com;s.ytimg.com;sfirstparty.here.com;tags.tiqcdn.com;track.contently.com;v2.d41.co;visitor-service-eu-central-1.tealiumiq.com;www.google.com;www.googletagmanager.com;www.here.com;www.linkedin.com
10495,media-ams2-1.cdn.whatsapp.net,1,doh,14.738,14.738,14.738,346.29999999701977,1,media-ams2-1.cdn.whatsapp.net
11466,cdn.bncloudfl.com,1,doh,15.657,91.81299999999999,49.56599999999999,993.3999999910593,7,analytics.google.com;cdn.bncloudfl.com;connect.facebook.net;googleads.g.doubleclick.net;stats.g.doubleclick.net;www.google.com;www.googletagmanager.com
10990,geo.aditude.io,1,doh,15.431,15.431,15.431,101.29999999701977,1,geo.aditude.io
10411,d8c14d4960ca.edge.sdk.awswaf.com,1,doh,14.2,14.2,14.2,114.5,1,d8c14d4960ca.edge.sdk.awswaf.com
10652,wus-azsc-config.officeapps.live.com,1,doh,21.898,21.898,21.898,358,1,wus-azsc-config.officeapps.live.com
10596,pbs.aniview.com,1,doh,14.516,14.516,14.516,83.30000001192093,1,pbs.aniview.com
10561,mobilesupport.zscaler.com,1,doh,15.085,15.085,15.085,369.70000000298023,1,mobilesupport.zscaler.com
11327,ordt.adsafeprotected.com,1,doh,16.896,16.896,16.896,92.09999999403954,1,ordt.adsafeprotected.com
11323,privacy-location-edge.ccgateway.net,1,doh,16.429,16.429,16.429,90.6000000089407,1,privacy-location-edge.ccgateway.net
10978,ussea3.icloud-content.com,1,doh,15.701,15.701,15.701,280.20000000298023,1,ussea3.icloud-content.com
11266,cdn77-pic.xvideos-cdn.com,1,doh,15.223,35.733000000000004,35.733000000000004,141.20000000298023,2,cdn77-pic.xvideos-cdn.com;error.c.cdn77.org
10670,panorama.wixapps.net,1,doh,23.022,36.227999999999994,36.228,243.5,2,panorama.wixapps.net;static.parastorage.com
11393,play.ovp.peacocktv.com,1,doh,15.224,15.224,15.224,108.6000000089407,1,play.ovp.peacocktv.com
11412,rt.applvn.com,1,doh,15.657,15.657,15.657,100.29999999701977,1,rt.applvn.com
11085,pull-flv-f1-va01.tiktokcdn.com,1,doh,22.715,22.715,22.715,121,1,pull-flv-f1-va01.tiktokcdn.com
11408,geotimezones.googleapis.com,1,doh,0.0,12.812,12.812000000000012,297.09999999403954,1,www.google.com
11237,gotoresolve.com,1,doh,22.452,572.0289999999999,302.33600000000064,4079.2999999970198,38,417-klk-478.mktoresp.com;alb.reddit.com;analytics.google.com;ariane.abtasty.com;bat.bing.com;c.6sc.co;cdn.cookielaw.org;cm.g.doubleclick.net;connect.facebook.net;dcinfos-cache.abtasty.com;edge.sitecorecloud.io;epsilon.6sense.com;geolocation.onetrust.com;googleads.g.doubleclick.net;gotoresolve.com;ib.adnxs.com;insight.adsrvr.org;ipv6.6sc.co;j.6sc.co;js.adsrvr.org;js.qualified.com;lmiutilcdn.blob.core.windows.net;munchkin.marketo.net;pixel-config.reddit.com;pixel.rubiconproject.com;px.ads.linkedin.com;secure.adnxs.com;siteintercept.qualtrics.com;snap.licdn.com;stats.g.doubleclick.net;try.abtasty.com;utt.impactcdn.com;www.google.com;www.googletagmanager.com;www.goto.com;www.linkedin.com;www.redditstatic.com;zn1nu7ve8yxy0nawq-logmeinvoc.siteintercept.qualtrics.com
10830,onedriveclubprodbn20047.blob.core.windows.net,1,doh,15.297,15.297,15.297,105.30000001192093,1,onedriveclubprodbn20047.blob.core.windows.net
11061,rtbwise.com,1,doh,18.687,32.188,32.188,266.19999998807907,2,cdnjs.cloudflare.com;rtbwise.com
10645,updates.dem.prismaaccess.com,1,doh,29.267,29.267,29.267,387.40000000596046,1,updates.dem.prismaaccess.com
10528,dsb4h3ustf.data.adobedc.net,1,doh,17.056,17.056,17.056,85.70000000298023,1,dsb4h3ustf.data.adobedc.net
10392,cdn.stackadapt.com,1,doh,16.937,16.937,16.937,128.90000000596046,1,cdn.stackadapt.com
11252,vzw.com,1,doh,14.361,1651.2320000000002,986.7390000000003,1721.7999999970198,61,685973.fls.doubleclick.net;analytics.twitter.com;assets.adobedtm.com;c.bing.com;c.clarity.ms;cdn.quantummetric.com;cdn.schemaapp.com;cm.g.doubleclick.net;cms.analytics.yahoo.com;collector-40192.us.tvsquared.com;connect.facebook.net;d.adroll.com;d.turn.com;d2v83son8kay5v.cloudfront.net;dpm.demdex.net;eb2.3lift.com;edge.adobedc.net;googleads.g.doubleclick.net;ib.adnxs.com;idsync.rlcdn.com;ingestusipv4.quantummetric.com;login-ds.dotomi.com;login.dotomi.com;match.adsrvr.org;media.evolv.ai;ml314.com;participants.evolv.ai;pixel.rubiconproject.com;pixel.tapad.com;ps.eyeota.net;resources.xg4ken.com;rtr.innovid.com;s-a.innovid.com;s-static.innovid.com;s.adroll.com;s.amazon-adsystem.com;s.clarity.ms;s.pinimg.com;s7.vzw.com;sanalytics.verizon.com;sc-static.net;scache-ws.vzw.com;scache1.vzw.com;scache2.vzw.com;scripts.clarity.ms;secure.verizon.com;simage2.pubmatic.com;ss7.vzw.com;static.ads-twitter.com;t.co;track.sv.rkdms.com;trc.taboola.com;ups.analytics.yahoo.com;us-u.openx.net;vzw.com;www.clarity.ms;www.google.com;www.googleadservices.com;www.googletagmanager.com;www.verizon.com;zn9nssxmv9itcz7nq-verizoncx.siteintercept.qualtrics.com
10403,cinfo-v4.shein.com,1,doh,16.592,16.592,16.592,95.29999999701977,1,cinfo-v4.shein.com
11215,widget-mediator.zopim.com,1,doh,15.826,15.826,15.826,82.29999999701977,1,widget-mediator.zopim.com
10443,gladly.com,1,doh,23.82,606.2069999999999,319.6069999999997,1271,38,665-vxg-269.mktoresp.com;alb.reddit.com;analytics.google.com;c.bing.com;c.clarity.ms;cdn-4.convertexperiments.com;cdn.gladly.com;cdn.sanity.io;cdnjs.cloudflare.com;connect.facebook.net;d.adroll.com;fonts.googleapis.com;gladly.chilipiper.com;gladly.com;googleads.g.doubleclick.net;ingestion.prod.apiarydata.net;lex.33across.com;munchkin.marketo.net;pixel-config.reddit.com;px.ads.linkedin.com;s.adroll.com;s.clarity.ms;s3.amazonaws.com;sc.lfeeder.com;scripts.clarity.ms;site.gladly.com;snap.licdn.com;stats.g.doubleclick.net;tag.unifyintent.com;tr.lfeeder.com;tracking-api.g2.com;tracking.g2crowd.com;www.clarity.ms;www.gladly.ai;www.google.com;www.googletagmanager.com;www.linkedin.com;www.redditstatic.com
10512,qoe.samsungcloud.tv,1,doh,31.38,31.38,31.38,351.5,1,qoe.samsungcloud.tv
10429,cdnfonts.com,1,doh,19.252,138.47199999999998,95.79500000000012,925.5,9,cdn.jsdelivr.net;cdn.materialdesignicons.com;cdnfonts.com;cdnjs.cloudflare.com;code.jquery.com;fonts.cdnfonts.com;static.cloudflareinsights.com;www.google-analytics.com;www.googletagmanager.com
10865,cm.pubeasy.io,1,doh,15.724,15.724,15.724,84.40000000596046,1,cm.pubeasy.io
10887,pop-vod-dash.main.amazon.pv-cdn.net,1,doh,33.615,33.615,33.615,151,1,pop-vod-dash.main.amazon.pv-cdn.net
11424,preferencenail.com,1,doh,17.099,31.116,31.116000000000167,826.1000000089407,4,ogads-pa.clients6.google.com;play.google.com;preferencenail.com;www.gstatic.com
10276,statics.teams.cdn.live.net,1,doh,20.628,20.628,20.628,380.5,1,statics.teams.cdn.live.net
11404,nbcuni.com,1,doh,18.161,167.718,137.9720000000001,1162.2000000029802,10,cdn.cookielaw.org;cdn.printfriendly.com;cdn2.nbcuni.com;geolocation.onetrust.com;nbcuni.com;use.fontawesome.com;www.datadoghq-browser-agent.com;www.google-analytics.com;www.googletagmanager.com;www.nbcuniversal.com
10508,dldir1.qq.com,1,doh,16.203,16.203,16.203,3776.5,1,dldir1.qq.com
10644,orfw.adsafeprotected.com,1,doh,15.548,15.548,15.548,111.09999999403954,1,orfw.adsafeprotected.com
10748,usablenet.com,1,doh,18.32,693.6819999999999,331.19099999999963,3605.8999999910593,44,a11ystatus.usablenet.com;ajax.googleapis.com;analytics.google.com;aorta.clickagy.com;assets.apollo.io;bat.bing.com;c.6sc.co;cdn.calltrk.com;cdn.loopanalytics.com;cm.g.doubleclick.net;connect.facebook.net;d10lpsik1i8c69.cloudfront.net;fonts.googleapis.com;fonts.gstatic.com;ib.adnxs.com;insight.adsrvr.org;ipv6.6sc.co;j.6sc.co;js.adsrvr.org;js.hs-analytics.net;js.hs-banner.com;js.hs-scripts.com;js.hsadspixel.net;js.hubspot.com;js.usemessages.com;js.zi-scripts.com;perf-na1.hsforms.com;pixel.rubiconproject.com;px.ads.linkedin.com;scout-cdn.salesloft.com;scout.salesloft.com;settings.luckyorange.net;snap.licdn.com;stats.g.doubleclick.net;tags.clickagy.com;track.hubspot.com;unsitesdyd99ehck.devcloud.acquia-sites.com;us-u.openx.net;usablenet.com;ws.zoominfo.com;www.google.com;www.googletagmanager.com;www.linkedin.com;www.loopanalytics.com
10422,a1rhccd2lezb0-ats.iot.us-west-2.amazonaws.com,1,doh,15.175,15.175,15.175,286.8999999910593,1,a1rhccd2lezb0-ats.iot.us-west-2.amazonaws.com
10624,support.ricoh.com,1,doh,17.686,17.697,17.696999999999967,682.7000000029802,1,support.ricoh.com
10574,infoevent.startappservice.com,1,doh,14.08,14.08,14.08,84.3999999910593,1,infoevent.startappservice.com
10905,cdn.taboola-display.com,1,doh,14.322,14.322,14.322,428.09999999403954,1,cdn.taboola-display.com
10739,static.wikia.nocookie.net,1,doh,11.896,11.896,11.896,86.30000001192093,1,static.wikia.nocookie.net
10530,udps.adobe.com,1,doh,14.008,14.008,14.008,332.59999999403954,1,udps.adobe.com
10732,globalsign.net,1,doh,13.773,324.52700000000004,265.98400000000004,1690.2999999970198,21,api-cdn.euw2.pure.cloud;apps.euw2.pure.cloud;bam.eu01.nr-data.net;cache.img.gmo.jp;cdn.jsdelivr.net;consent.cookiebot.com;consentcdn.cookiebot.com;fonts.googleapis.com;fonts.gstatic.com;globalsign.com;globalsign.containers.piwik.pro;globalsign.net;globalsign.piwik.pro;js-agent.newrelic.com;s.clarity.ms;scripts.clarity.ms;seal.atlas.globalsign.com;static.cloudflareinsights.com;www.clarity.ms;www.globalsign.com;www.googletagmanager.com
11207,superwall.me,1,doh,14.761,290.276,211.10099999999989,1630.3999999910593,21,analytics.twitter.com;api.ipify.org;api.withmesh.com;cdn.getkoala.com;cdn.jsdelivr.net;fonts.googleapis.com;fonts.gstatic.com;googleads.g.doubleclick.net;static.ads-twitter.com;superwall.com;superwall.me;t.co;tag.unifyintent.com;us-assets.i.posthog.com;us.i.posthog.com;widget.intercom.io;widget.usepylon.com;www.google-analytics.com;www.google.com;www.googletagmanager.com;yqagkqabd5.us-east-2.awsapprunner.com
10358,us-assets.i.posthog.com,1,doh,11.633,11.633,11.633,94.70000000298023,1,us-assets.i.posthog.com
10826,southcentralus1-2.pushnp.svc.ms,1,doh,23.685,23.685,23.685,286.69999998807907,1,southcentralus1-2.pushnp.svc.ms
11309,collector.lunalabs.io,1,doh,13.641,13.641,13.641,121.59999999403954,1,collector.lunalabs.io
10338,graphql.contentful.com,1,doh,12.171,12.171,12.171,116.40000000596046,1,graphql.contentful.com
10300,ms.applvn.com,1,doh,12.97,12.97,12.97,99.29999999701977,1,ms.applvn.com
10981,service2.us.incognia.com,1,doh,12.717,12.717,12.717,142.8999999910593,1,service2.us.incognia.com
11468,eventbus.intuit.com,1,doh,13.645,13.645,13.645,308.1000000089407,1,eventbus.intuit.com
10518,dns.sb,1,doh,18.005,77.368,77.36800000000005,1625.3999999910593,3,dns.sb;ip.dns.sh;stat.dns.sb
10937,packaged-media.redd.it,1,doh,12.409,12.409,12.409,85.20000000298023,1,packaged-media.redd.it
10364,ampcid.google.com,1,doh,0.0,57.51700000000001,46.36199999999991,753.9000000059605,5,fonts.googleapis.com;fonts.gstatic.com;gstatic.com;www.googletagmanager.com;www.gstatic.com
10449,prebid.pixad.com.tr,1,doh,12.976,12.976,12.976,564.7999999970198,1,prebid.pixad.com.tr
11329,lookaside.fbsbx.com,1,doh,13.963,26.101999999999997,26.101999999999997,190,2,lookaside.fbsbx.com;static.facebook.com
10720,www.hpdaas.com,1,doh,18.023,98.568,87.36800000000048,2143.1000000089407,6,cdn.pendo.io;metrics.hotjar.io;microui.hpdaas.com;static.hotjar.com;www.hp.com;www.hpdaas.com
10309,r.bidswitch.net,1,doh,14.322,14.322,14.322,122.1000000089407,1,r.bidswitch.net
11333,k-ring.msedge.net,1,doh,24.791,24.791,24.791,114.29999999701977,1,k-ring.msedge.net
10921,pull-cmaf-f77-tt04.tiktokcdn.com,1,doh,20.706,20.706,20.706,91.29999999701977,1,pull-cmaf-f77-tt04.tiktokcdn.com
10965,api.honeycomb.io,1,doh,12.389,12.389,12.389,127,1,api.honeycomb.io
11141,pull-flv-f11-tt01.tiktokcdn.com,1,doh,15.296,15.296,15.296,353.5,1,pull-flv-f11-tt01.tiktokcdn.com
10915,telemetry.us-ashburn-1.oci.oraclecloud.com,1,doh,109.086,109.086,109.086,192.79999999701977,1,telemetry.us-ashburn-1.oci.oraclecloud.com
10314,pull-f5-tt02.fcdn.eu.tiktokcdn.com,1,doh,13.519,13.519,13.519,375.59999999403954,1,pull-f5-tt02.fcdn.eu.tiktokcdn.com
10359,cp-rp16-normal-no1a.tiktokv.eu,1,doh,15.447,15.447,15.447,209.5,1,cp-rp16-normal-no1a.tiktokv.eu
10814,cdn.plyr.io,1,doh,13.363,13.363,13.363,415.5,1,cdn.plyr.io
10584,glas.us.glanceapis.com,1,doh,13.246,13.246,13.246,153,1,glas.us.glanceapis.com
10398,kraken-measurements.s3-external-1.amazonaws.com,1,doh,14.622,14.622,14.622,108.70000000298023,1,kraken-measurements.s3-external-1.amazonaws.com
10961,eu1.clevertap-prod.com,1,doh,15.963,15.963,15.963,167.59999999403954,1,eu1.clevertap-prod.com
10408,audex.userreport.com,1,doh,14.276,14.276,14.276,185.20000000298023,1,audex.userreport.com
11441,log22-normal-useast1a.tiktokv.com,1,doh,13.789,13.789,13.789,6095.399999991059,1,log22-normal-useast1a.tiktokv.com
11238,moxie.foxnews.com,1,doh,15.056,15.056,15.056,84.20000000298023,1,moxie.foxnews.com
10922,mb9eo.publishers.tremorhub.com,1,doh,12.527,12.527,12.527,71.29999999701977,1,mb9eo.publishers.tremorhub.com
11452,pull-flv-f64-va01.tiktokcdn.com,1,doh,14.552,14.552,14.552,95,1,pull-flv-f64-va01.tiktokcdn.com
10616,zopim.com,1,doh,15.78,752.563,371.7830000000009,2381.7999999970198,54,15086586.fls.doubleclick.net;819-rrq-060.mktoresp.com;a.dpmsrv.com;a.usbrowserspeed.com;ad.doubleclick.net;adservice.google.com;analytics.google.com;analytics.twitter.com;api.cr-relay.com;api.segment.io;api.vector.co;app.clearbit.com;b.6sc.co;bat.bing.com;cdn.cookielaw.org;cdn.cr-relay.com;cdn.segment.com;cdn.vector.co;cm.g.doubleclick.net;collector-43043.us.tvsquared.com;connect.facebook.net;d1eipm3vz40hy0.cloudfront.net;d2v83son8kay5v.cloudfront.net;epsilon.6sense.com;geolocation.onetrust.com;ib.adnxs.com;insight.adsrvr.org;ipv6.6sc.co;j.6sc.co;munchkin.marketo.net;o1025743.ingest.sentry.io;pixel.mathtag.com;pixel.rubiconproject.com;px.ads.linkedin.com;rtr.innovid.com;s-static.innovid.com;s.dpmsrv.com;secure.adnxs.com;snap.licdn.com;static.ads-twitter.com;static.hotjar.com;static.zdassets.com;stats.g.doubleclick.net;t.co;tag.clearbitscripts.com;web-assets.zendesk.com;www.google.com;www.googleadservices.com;www.googletagmanager.com;www.linkedin.com;www.zendesk.com;www.zndsk.com;x.clearbitjs.com;zopim.com
11418,o-iab-imp-counters.mediation.unity3d.com,1,doh,14.299,14.299,14.299,89.79999999701977,1,o-iab-imp-counters.mediation.unity3d.com
11359,v16-ad.byteoversea.com,1,doh,16.045,16.045,16.045,109.40000000596046,1,v16-ad.byteoversea.com
10733,cf-timedtext.aux.pv-cdn.net,1,doh,14.428,14.428,14.428,106.6000000089407,1,cf-timedtext.aux.pv-cdn.net
10976,onedriveclubprodbn20053.blob.core.windows.net,1,doh,28.16,28.16,28.16,155.20000000298023,1,onedriveclubprodbn20053.blob.core.windows.net
10768,d.clarity.ms,1,doh,13.261,13.261,13.261,89.20000000298023,1,d.clarity.ms
10765,fotoscapes.com,1,doh,13.786,570.989,326.747,3113.199999988079,37,14367aa81e34a02ef1def0a0e8d3be12.safeframe.googlesyndication.com;ads.servenobid.com;analytics.google.com;api.id5-sync.com;bcp.crwdcntrl.net;btlr.sharethrough.com;cdn.id5-sync.com;cm.g.doubleclick.net;ep1.adtrafficquality.google;ep2.adtrafficquality.google;esp.rtbhouse.com;fotoscapes.com;fundingchoicesmessages.google.com;grid-bidder.criteo.com;gum.criteo.com;hbopenbid.pubmatic.com;htlb.casalemedia.com;ib.adnxs.com;id5-sync.com;image6.pubmatic.com;invstatic101.creativecdn.com;lb.eu-1-id5-sync.com;lbs.eu-1-id5-sync.com;match.adsrvr.org;media.fotoscapes.com;oa.openxcdn.net;pagead2.googlesyndication.com;securepubads.g.doubleclick.net;static.criteo.net;stats.g.doubleclick.net;storage.googleapis.com;tagan.adlightning.com;tags.crwdcntrl.net;widgets.outbrain.com;www.google-analytics.com;www.google.com;www.googletagmanager.com
11083,app.rocketcyber.com,1,doh,14.108,39.495999999999995,39.49600000000004,622.2999999970198,3,app.rocketcyber.com;fonts.googleapis.com;fonts.gstatic.com
11033,s-img.mgid.com,1,doh,13.337,13.337,13.337,198,1,s-img.mgid.com
11109,us-east1-aws-acc.api.snapchat.com,1,doh,14.645,14.645,14.645,85.29999999701977,1,us-east1-aws-acc.api.snapchat.com
10736,gw-lh.riskified.com,1,doh,12.271,12.271,12.271,127.79999999701977,1,gw-lh.riskified.com
11321,pull-flv-f1-tt01.tiktokcdn.com,1,doh,13.157,13.157,13.157,104.29999999701977,1,pull-flv-f1-tt01.tiktokcdn.com
10275,video.yahoo.com,1,doh,15.888,1139.6340000000002,469.9660000000001,1044.1000000089407,83,aa.agkn.com;ad.turn.com;ads.pubmatic.com;ads.yieldmo.com;analytics.google.com;ap.lijit.com;api.rlcdn.com;assets.news-data-prod-aws-use1.aws.oath.cloud;b1sync.outbrain.com;bb.lijit.com;c2shb-oao.ssp.yahoo.com;cdn.p-n.io;cdn.taboola.com;cm.g.doubleclick.net;cms.analytics.yahoo.com;consent.cmp.oath.com;creativecdn.com;cs-server-s2s.yellowblue.io;cs.admanmedia.com;cs.emxdgt.com;cs.iqzone.com;cs.krushmedia.com;cs.media.net;csync.copper6.com;de.tynt.com;dis.criteo.com;display.bidder.taboola.com;dpm.demdex.net;eb2.3lift.com;eus.rubiconproject.com;exchange.kueezrtb.com;fastlane.rubiconproject.com;grid-bidder.criteo.com;guce.yahoo.com;hde.tynt.com;htlb.casalemedia.com;ib.adnxs.com;idx.liadm.com;jadserve.postrelease.com;match.adsrvr.org;match.sharethrough.com;nexus-gateway-prod.media.yahoo.com;noa.yahoo.com;openweb-match.dotomi.com;opus.analytics.yahoo.com;pbs-cs.openwebmp.com;pbs-yahoo-us.ay.delivery;pbs.yahoo.com;pixel-sync.sitescout.com;pixel.tapad.com;prebid.a-mo.net;prebid.media.net;rp.liadm.com;rtb.openx.net;s.seedtag.com;s.yimg.com;sb.scorecardresearch.com;seart.marphezis.com;secure-assets.rubiconproject.com;securepubads.g.doubleclick.net;signal-service.pbs.yahoo.com;ssbsync.smartadserver.com;ssc-cms.33across.com;ssp-sync.criteo.com;stats.g.doubleclick.net;sync.aniview.com;sync.crwdcntrl.net;sync.inmobi.com;sync.pmbmonetize.live;tlx.3lift.com;tr.blismedia.com;tsdtocl.com;uipglob.semasio.net;ups.analytics.yahoo.com;us-trc-events.taboola.com;us-u.openx.net;user-sync.fwmrm.net;video.yahoo.com;visitor-ow.omnitagjs.com;wnsrvbjmeprtfrnfx.ay.delivery;www.googletagmanager.com;www.yahoo.com;x.bidswitch.net
10385,liveramp.com,1,doh,25.761,543.7089999999998,327.73299999999824,3533.5,34,117645514.intellimizeio.com;accounts.finsweet.com;api.intellimize.co;api.rlcdn.com;browser.sentry-cdn.com;cdn.bizible.com;cdn.bizibly.com;cdn.drda.io;cdn.dreamdata.cloud;cdn.intellimize.co;cdn.jsdelivr.net;cdn.ketchjs.com;cdn.prod.website-files.com;d3e54v103j8qbb.cloudfront.net;di.rlcdn.com;distillery.wistia.com;fast.wistia.com;geo.privacymanager.io;global.ketchcdn.com;liveramp.com;log.intellimize.co;lp.liveramp.com;middleware.rampedup.us;pagead2.googlesyndication.com;pipedream.wistia.com;rc.rlcdn.com;rtp-static.marketo.com;s3.amazonaws.com;scout-cdn.salesloft.com;scout.salesloft.com;sjrtp6-cdn.marketo.com;tag.clearbitscripts.com;www.google-analytics.com;www.googletagmanager.com
11229,ss-use.appiersig.com,1,doh,15.04,15.04,15.04,87.29999999701977,1,ss-use.appiersig.com
11079,ters-draper1.us-east-1.aiv-delivery.net,1,doh,13.945,13.945,13.945,84.79999999701977,1,ters-draper1.us-east-1.aiv-delivery.net
10954,onedriveclubprodbn20044.blob.core.windows.net,1,doh,21.792,21.792,21.792,147.40000000596046,1,onedriveclubprodbn20044.blob.core.windows.net
10939,i3.ytimg.com,1,doh,0.0,0.0,0.0,84.29999999701977,0,
10629,wshareit.com,1,doh,22.452,214.28799999999998,198.59400000000016,3531.199999988079,14,analytics.google.com;ep1.adtrafficquality.google;ep2.adtrafficquality.google;googleads.g.doubleclick.net;hm.baidu.com;pagead2.googlesyndication.com;receiver-metis.infeng.site;stats.g.doubleclick.net;web.wshareit.com;wshareit.com;www.google.com;www.googletagmanager.com;www.ushareit.com;www.wshareit.com
10721,aws.amazon.com,1,doh,14.349,308.906,204.15499999999992,3369.4000000059605,19,a.b.cdn.console.awsstatic.com;a0.awsstatic.com;amazonwebservices.d2.sc.omtrdc.net;aws.amazon.com;aws.demdex.net;cm.everesttech.net;cx0.m.awsstatic.com;d0.m.awsstatic.com;d1.awsstatic.com;d2c.aws.amazon.com;dpm.demdex.net;edge.adobedc.net;infra-api.us-east-1.prod.mrc-sunrise.marketing.aws.dev;loader.us-east-1.prod.mrc-sunrise.marketing.aws.dev;prod.log.shortbread.aws.dev;prod.pa.cdn.uis.awsstatic.com;t0.m.awsstatic.com;vs.aws.amazon.com;www.youtube.com
10906,api.consentjs.datagrail.io,1,doh,14.474,14.474,14.474,95.19999998807907,1,api.consentjs.datagrail.io
11374,console.gotoresolve.com,1,doh,11.376,74.107,74.107,1065.5,4,auth.console.gotoresolve.com;authentication.logmeininc.com;console.gotoresolve.com;weblibrary.cdn.getgo.com
10393,client.protechts.net,1,doh,12.819,12.819,12.819,82.40000000596046,1,client.protechts.net
11425,pull-flv-l10-sg01.tiktokrow-cdn.com,1,doh,11.736,11.736,11.736,759.4000000059605,1,pull-flv-l10-sg01.tiktokrow-cdn.com
10886,nws.zoom.us,1,doh,12.738,12.738,12.738,165.8999999910593,1,nws.zoom.us
10846,dorpat-stable-us-east1.pumpkin.uverse.iponweb.net,1,doh,13.577,13.577,13.577,120.40000000596046,1,dorpat-stable-us-east1.pumpkin.uverse.iponweb.net
10786,commerce16-normal-us-ttp.capcutapi.us,1,doh,14.203,14.203,14.203,123.1000000089407,1,commerce16-normal-us-ttp.capcutapi.us
10477,scapi.vmware.com,1,doh,15.282,29.945,29.94500000000001,221,2,scapi.vmware.com;static.cloudflareinsights.com
10510,adobetarget.data.adobedc.net,1,doh,17.441,17.441,17.441,89.09999999403954,1,adobetarget.data.adobedc.net
10296,contentaccess.exp.xboxservices.com,1,doh,12.572,12.572,12.572,71.69999998807907,1,contentaccess.exp.xboxservices.com
11368,pull-w5-sg01.ttlivecdn.com,1,doh,14.704,14.704,14.704,177.20000000298023,1,pull-w5-sg01.ttlivecdn.com
10901,eporner.com,1,doh,12.812,26.144,26.14399999999999,795.7999999970198,2,eporner.com;static-ca-cdn.eporner.com
11118,js.rbxcdn.com,1,doh,15.949,15.949,15.949,207.59999999403954,1,js.rbxcdn.com
11143,vid.connatix.com,1,doh,14.725,14.725,14.725,278.09999999403954,1,vid.connatix.com
11451,payments.braintree-api.com,1,doh,17.127,17.127,17.127,112.1000000089407,1,payments.braintree-api.com
11360,tumblr.com,1,doh,13.732,84.609,67.90299999999985,917.1000000089407,6,64.media.tumblr.com;assets.tumblr.com;o248881.ingest.sentry.io;pixel.wp.com;s0.wp.com;tumblr.com
10478,eastus1-7.pushnp.svc.ms,1,doh,18.234,18.234,18.234,104.29999999701977,1,eastus1-7.pushnp.svc.ms
11036,southcentralus1-0.pushnp.svc.ms,1,doh,22.422,22.422,22.422,317.3999999910593,1,southcentralus1-0.pushnp.svc.ms
10416,us-cds.taboola.com,1,doh,12.534,12.534,12.534,130.09999999403954,1,us-cds.taboola.com
10283,video-fa.scdn.co,1,doh,16.436,16.436,16.436,89.6000000089407,1,video-fa.scdn.co
11040,mastercard.com,1,doh,15.44,30.689,30.688999999999993,204.70000000298023,2,mastercard.com;www.mastercard.com
11042,perplexity.ai,1,doh,16.38,42.146,42.14599999999993,421.1650000065565,3,challenges.cloudflare.com;perplexity.ai;static.cloudflareinsights.com
11344,pull-cmaf-f77-va01.tiktokcdn.com,1,doh,13.091,13.091,13.091,81.40000000596046,1,pull-cmaf-f77-va01.tiktokcdn.com
11232,pix-cdn77.phncdn.com,1,doh,12.857,33.304,33.304,152,2,error.c.cdn77.org;pix-cdn77.phncdn.com
10492,ringapigw.us-east-1.prod.v2.gws.ring.amazon.dev,1,doh,18.044,18.044,18.044,88.20000000298023,1,ringapigw.us-east-1.prod.v2.gws.ring.amazon.dev
10544,mailchimp.com,1,doh,15.443,1293.020999999999,794.4659999999986,5184.5999999940395,83,6114620.global.siteimproveanalytics.io;9894771.fls.doubleclick.net;aax-eu.amazon-adsystem.com;accdn.lpsnmedia.net;accounts.google.com;ad.doubleclick.net;adservice.google.com;alb.reddit.com;analytics-ipv6.tiktokw.us;analytics.google.com;analytics.tiktok.com;analytics.twitter.com;aorta.clickagy.com;ara.paa-reporting-advertising.amazon;arttrk.com;bat.bing.com;bat.bing.net;c.amazon-adsystem.com;c.go-mpulse.net;cdn.cookielaw.org;cdn.optimizely.com;cdn.pdst.fm;cdn.segment.com;cm.g.doubleclick.net;connect.facebook.net;di.rlcdn.com;e-10220.adzerk.net;edge.fullstory.com;geolocation.onetrust.com;googleads.g.doubleclick.net;ict.infinity-tracking.net;idsync.api.intuit.com;img.en25.com;insight.adsrvr.org;jadserve.postrelease.com;js.adsrvr.org;js.zi-scripts.com;logx.optimizely.com;lpcdn.lpsnmedia.net;lptag.liveperson.net;mailchimp.com;ml314.com;nas.lon.infinity-tracking.com;ob.herbgreencolumn.com;obs.herbgreencolumn.com;pixel-config.reddit.com;pixel.rubiconproject.com;pixels.spotify.com;plugin.intuitcdn.net;px.ads.linkedin.com;rs.fullstory.com;s.pinimg.com;s.yimg.com;s2.go-mpulse.net;schema-cf.bc0a.com;script.infinity-tracking.com;secure.adnxs.com;secure.insightexpressai.com;siteimproveanalytics.com;siteintercept.qualtrics.com;snap.licdn.com;sp.analytics.yahoo.com;static.ads-twitter.com;stats.g.doubleclick.net;t.co;tags.clickagy.com;trk.mailchimp.com;unpkg.com;us-u.openx.net;uxfabric.app.intuit.com;uxfabric.intuitcdn.net;va.v.liveperson.net;vi.ml314.com;ws.zoominfo.com;www.google.com;www.googleadservices.com;www.googletagmanager.com;www.gstatic.com;www.intuit.com;www.linkedin.com;www.mczbf.com;www.redditstatic.com;zncylzuczeq15wxvp-mailchimp.siteintercept.qualtrics.com
10346,blueconic.net,1,doh,23.81,514.2409999999999,288.86799999999926,2540.4000000059605,32,358-xtm-616.mktoresp.com;a.usbrowserspeed.com;ajax.googleapis.com;analytics.google.com;api.vector.co;bat.bing.com;blueconic.net;c.clarity.ms;cdn.dreamdata.cloud;cdn.prod.website-files.com;cdn.vector.co;cdn.vwam.ai;chat.vwam.ai;d3e54v103j8qbb.cloudfront.net;dogfood.blueconic.com;fonts.googleapis.com;fonts.gstatic.com;googleads.g.doubleclick.net;leadtracker.smartsites.com;marketo.use1-marketplace-1p-apps-prod-red.if.webflow.services;munchkin.marketo.net;pl21.blueconic.com;public.api.tofuhq.com;px.ads.linkedin.com;s.clarity.ms;scripts.clarity.ms;snap.licdn.com;www.blueconic.com;www.clarity.ms;www.google.com;www.googletagmanager.com;www.linkedin.com
10822,static-basket-09.wbbasket.ru,1,doh,13.78,13.78,13.78,468.29999999701977,1,static-basket-09.wbbasket.ru
11460,eaassets-a.akamaihd.net,1,doh,15.16,15.16,15.16,107.69999998807907,1,eaassets-a.akamaihd.net
10485,se.monetate.net,1,doh,15.82,15.82,15.82,187.20000000298023,1,se.monetate.net
10445,eastus1-4.pushnp.svc.ms,1,doh,27.596,27.596,27.596,104.5,1,eastus1-4.pushnp.svc.ms
10626,store.fastly.steamstatic.com,1,doh,13.328,13.328,13.328,70.79999999701977,1,store.fastly.steamstatic.com
10742,api.receptivity.io,1,doh,13.326,13.326,13.326,112.70000000298023,1,api.receptivity.io
10665,a2u21srk4qgse1.us-east-1.prod.service.minerva.devices.a2z.com,1,doh,14.983,14.983,14.983,157.90000000596046,1,a2u21srk4qgse1.us-east-1.prod.service.minerva.devices.a2z.com
10464,time2.google.com,1,doh,0.0,14.165,14.16499999999985,606.0999999940395,3,ogads-pa.clients6.google.com;play.google.com;www.gstatic.com
10659,youtu.be,1,doh,0.0,103.566,98.80000000000024,2271.8999999910593,8,fonts.googleapis.com;fonts.gstatic.com;googleads.g.doubleclick.net;i.ytimg.com;static.doubleclick.net;www.google.com;www.gstatic.com;youtube.com
10960,pull-flv-q1-sg01.tiktokcdn.com,1,doh,18.191,18.191,18.191,89.59999999403954,1,pull-flv-q1-sg01.tiktokcdn.com
11078,search19-normal-c-useast1a.tiktokv.com,1,doh,15.201,15.201,15.201,87.5,1,search19-normal-c-useast1a.tiktokv.com
10619,uid2.hadron.ad.gt,1,doh,14.709,14.709,14.709,99.20000000298023,1,uid2.hadron.ad.gt
11171,simple-redirect-us-east-1-kaas-blue.sre.nielsen.com,1,doh,12.848,12.848,12.848,128.70000000298023,1,simple-redirect-us-east-1-kaas-blue.sre.nielsen.com
11467,siteassets.parastorage.com,1,doh,21.503,34.633,34.632999999999996,429.80000001192093,3,siteassets.parastorage.com;static.parastorage.com;www.wix.com
10855,pull-flv-f1-tt04.tiktokcdn.com,1,doh,12.386,12.386,12.386,78,1,pull-flv-f1-tt04.tiktokcdn.com
11243,clockskew.alphonso.tv,1,doh,11.675,11.675,11.675,120.90000000596046,1,clockskew.alphonso.tv
10789,sf16-muse-va.tiktokcdn-us.com,1,doh,14.062,14.062,14.062,378,1,sf16-muse-va.tiktokcdn-us.com
10320,narrative.io,1,doh,14.161,49.730000000000004,49.72999999999999,759.5,3,narrative.io;static.cloudflareinsights.com;www.narrative.io
10331,cde-ta-g7g.amazon.com,1,doh,12.382,12.382,12.382,92.90000000596046,1,cde-ta-g7g.amazon.com
11430,sdk.e.qq.com,1,doh,13.373,13.373,13.373,2035.300000011921,1,sdk.e.qq.com
10604,dcdiscovery.adobe.io,1,doh,19.253,19.253,19.253,135.8999999910593,1,dcdiscovery.adobe.io
10778,chat.xboxlive.com,1,doh,13.181,13.181,13.181,130.90000000596046,1,chat.xboxlive.com
10653,marketingplatform.google.com,1,doh,0.0,92.906,46.80500000000001,597.3000000119209,8,ajax.googleapis.com;fonts.googleapis.com;fonts.gstatic.com;googleads.g.doubleclick.net;lh3.googleusercontent.com;www.google.com;www.googletagmanager.com;www.gstatic.com
11450,voipfinderrdsliveplay.wxqcloud.qq.com,1,doh,13.771,13.771,13.771,86.59999999403954,1,voipfinderrdsliveplay.wxqcloud.qq.com
10284,inst-fs-iad-prod.inscloudgate.net,1,doh,13.152,13.152,13.152,92.19999998807907,1,inst-fs-iad-prod.inscloudgate.net
11092,pixel.spotify.com,1,doh,13.296,13.296,13.296,136.59999999403954,1,pixel.spotify.com
10360,fa000000186.resources.office.net,1,doh,15.179,15.179,15.179,297.6000000089407,1,fa000000186.resources.office.net
10369,owner-api.teslamotors.com,1,doh,13.215,13.215,13.215,311.1000000089407,1,owner-api.teslamotors.com
11170,cdn.threatdown.com,1,doh,28.951,28.951,28.951,151.90000000596046,1,cdn.threatdown.com
11376,login.salesforce.com,1,doh,12.404,25.189999999999998,25.179999999999982,261.1000000089407,2,c.salesforce.com;login.salesforce.com
10486,wb.dns-finder.com,1,doh,11.79,11.79,11.79,108.30000001192093,1,wb.dns-finder.com
10745,android.prod.dradis.netflix.com,1,doh,15.587,15.587,15.587,146.6000000089407,1,android.prod.dradis.netflix.com
11144,cadent.app,1,doh,30.621,83.265,83.25399999999992,1186.9000000059605,5,assets.cadent.tv;cadent.app;edge.fullstory.com;rs.fullstory.com;sse.devcycle.com
10842,s.ads.smartadserver.com,1,doh,13.667,13.667,13.667,91.6000000089407,1,s.ads.smartadserver.com
11439,cdn.house,1,doh,17.142,17.142,17.142,63.599999994039536,1,cdn.house
10420,pbc.yahoo.com,1,doh,15.337,15.337,15.337,129.30000001192093,1,pbc.yahoo.com
10998,config-hub.production-public.tubi.io,1,doh,29.448,29.448,29.448,253.70000000298023,1,config-hub.production-public.tubi.io
10293,pull-flv-l10-va01.tiktokcdn.com,1,doh,15.604,15.604,15.604,776.7999999970198,1,pull-flv-l10-va01.tiktokcdn.com
11265,instacart.com,1,doh,28.429,252.93100000000004,144.1629999999998,1801.2999999970198,17,analytics-ipv6.tiktokw.us;analytics.tiktok.com;api2.branch.io;app.link;bat.bing.com;cdn.branch.io;connect.facebook.net;d2guulkeunn7d8.cloudfront.net;instacart.com;js.adsrvr.org;pixel.tapad.com;pt.ispot.tv;sc-static.net;tr.snapchat.com;www.google.com;www.googletagmanager.com;www.instacart.com
10755,onedriveclubproddm20050.blob.core.windows.net,1,doh,19.531,19.531,19.531,200,1,onedriveclubproddm20050.blob.core.windows.net
11013,js.hscollectedforms.net,1,doh,12.072,12.072,12.072,122.3999999910593,1,js.hscollectedforms.net
10504,feed16-normal-us-ttp.capcutapi.us,1,doh,15.555,15.555,15.555,114.79999999701977,1,feed16-normal-us-ttp.capcutapi.us
10750,pull-f5-va01.fcdn.eu.tiktokcdn.com,1,doh,13.71,13.71,13.71,363.6000000089407,1,pull-f5-va01.fcdn.eu.tiktokcdn.com
10440,r1---sn-tn.googlevideo.com,1,doh,13.286,24.727,24.727000000000004,176.70000000298023,2,r1---sn-tn.googlevideo.com;www.google.com
11152,pull-flv-f10-tt04.tiktokcdn.com,1,doh,13.055,13.055,13.055,256.8999999910593,1,pull-flv-f10-tt04.tiktokcdn.com
10735,eventstreamappgw-alb.us-east-1.prod.v2.gws.ring.amazon.dev,1,doh,16.628,16.628,16.628,89.29999999701977,1,eventstreamappgw-alb.us-east-1.prod.v2.gws.ring.amazon.dev
10465,api.openweathermap.org,1,doh,12.605,100.24100000000001,87.15200000000004,2546.4000000059605,8,analytics.google.com;api.openweathermap.org;fonts.googleapis.com;fonts.gstatic.com;openweathermap.org;stats.g.doubleclick.net;www.google.com;www.googletagmanager.com
11228,dm-eu.hybrid.ai,1,doh,14.966,14.966,14.966,362.8999999910593,1,dm-eu.hybrid.ai
10713,snu.lge.com,1,doh,12.119,12.119,12.119,0,1,snu.lge.com
11065,tag.targeting.unrulymedia.com,1,doh,13.873,13.873,13.873,88.29999999701977,1,tag.targeting.unrulymedia.com
11163,bluebillywig.com,1,doh,32.012,374.8539999999999,240.56200000000047,2685.8999999910593,26,ajax.googleapis.com;analytics.google.com;api.hubapi.com;app.hubspot.com;bluebillywig.com;forms.hsforms.com;googleads.g.doubleclick.net;js.hs-analytics.net;js.hs-banner.com;js.hs-scripts.com;js.hsadspixel.net;js.hscollectedforms.net;js.hubspot.com;js.usemessages.com;kit.fontawesome.com;perf-na1.hsforms.com;px.ads.linkedin.com;snap.licdn.com;static.hotjar.com;static.hsappstatic.net;stats.g.doubleclick.net;www.bluebillywig.com;www.google-analytics.com;www.google.com;www.googletagmanager.com;www.linkedin.com
10798,k-aus1.contentsquare.net,1,doh,14.78,14.78,14.78,93.59999999403954,1,k-aus1.contentsquare.net
11200,a.mts.ru,1,doh,137.375,137.375,137.375,911.2000000029802,1,a.mts.ru
10304,www.gravatar.com,1,doh,16.344,223.344,126.23299999999992,983.9000000059605,13,analytics.google.com;en.gravatar.com;googleads.g.doubleclick.net;pixel.wp.com;public-api.wordpress.com;s.gravatar.com;s0.wp.com;s1.wp.com;stats.g.doubleclick.net;stats.wp.com;www.google.com;www.googletagmanager.com;www.gravatar.com
11223,dashlane.com,1,doh,25.991,99.214,87.806,1853.5,6,dashlane.com;js.qualified.com;ripleyprd.wpenginepowered.com;www.dashlane.com;www.google-analytics.com;www.googletagmanager.com
11317,cdn-net.com,1,doh,27.756,27.756,27.756,146.20000000298023,1,cdn-net.com
11284,gx-target-experiments-frontend-api.gx.nvidia.com,1,doh,11.777,11.777,11.777,250.30000001192093,1,gx-target-experiments-frontend-api.gx.nvidia.com
10948,pull-m1.wxlivecdn.com,1,doh,13.836,13.836,13.836,78.29999999701977,1,pull-m1.wxlivecdn.com
10493,cl-data-sg.ads.heytapmobi.com,1,doh,14.913,14.913,14.913,766.4000000059605,1,cl-data-sg.ads.heytapmobi.com
10888,fa000000012.resources.office.net,1,doh,17.558,17.558,17.558,221.29999999701977,1,fa000000012.resources.office.net
10792,entitlement.auth.adobe.com,1,doh,12.213,12.213,12.213,88.1000000089407,1,entitlement.auth.adobe.com
10999,api-d.dropbox.com,1,doh,12.18,35.903999999999996,24.083999999999996,889.5999999940395,3,api-d.dropbox.com;assets.dropbox.com;cfl.dropboxstatic.com
10666,api-spotlight-ause2c.smoot.apple.com,1,doh,13.613,13.613,13.613,138.20000000298023,1,api-spotlight-ause2c.smoot.apple.com
11097,client-side-metrics.da.us.criteo.net,1,doh,15.144,15.144,15.144,182.70000000298023,1,client-side-metrics.da.us.criteo.net
10384,r3---sn-tn.googlevideo.com,1,doh,11.021,22.548000000000002,22.547999999999988,163.40000000596046,2,r3---sn-tn.googlevideo.com;www.google.com
10446,fa000000014.resources.office.net,1,doh,14.381,14.381,14.381,306.79999999701977,1,fa000000014.resources.office.net
10676,ovp.peacocktv.com,1,doh,12.63,12.63,12.63,117.09999999403954,1,ovp.peacocktv.com
11135,st.rings.solutions,1,doh,13.867,13.867,13.867,113.59999999403954,1,st.rings.solutions
11129,cdn1.espn.net,1,doh,15.899,15.899,15.899,142.6000000089407,1,cdn1.espn.net
10414,cinfo-v6.shein.com,1,doh,13.992,13.992,13.992,104.09999999403954,1,cinfo-v6.shein.com
11257,api.pushd.com,1,doh,14.679,76.531,52.66000000000001,358.59999999403954,6,analytics.google.com;api.pushd.com;stats.g.doubleclick.net;www.google-analytics.com;www.google.com;www.googletagmanager.com
10651,s.skimresources.com,1,doh,19.582,31.782,31.782000000000004,174.29999999701977,2,s.skimresources.com;ssl.google-analytics.com
10529,dynalyst-sync.adtdp.com,1,doh,30.133,30.133,30.133,618.2999999970198,1,dynalyst-sync.adtdp.com
11406,cdn.bluebillywig.com,1,doh,16.486,16.486,16.486,199.90000000596046,1,cdn.bluebillywig.com
10650,www.dropboxstatic.com,1,doh,13.482,13.482,13.482,545.6999999880791,1,www.dropboxstatic.com
11147,mmg-fallback.whatsapp.net,1,doh,15.899,15.899,15.899,105.79999999701977,1,mmg-fallback.whatsapp.net
10791,craigslist.org,1,doh,15.759,67.04599999999998,67.04599999999999,1245.9000000059605,4,craigslist.org;geo.craigslist.org;norfolk.craigslist.org;www.craigslist.org
10631,glip.com,1,doh,27.557,622.0720000000001,304.7280000000003,1053.8999999910593,39,075-dtb-715.mktoresp.com;a.dpmsrv.com;adobedc.demdex.net;alb.reddit.com;api-ingest.pocustrack.com;api-tml.ringcentral.com;arttrk.com;cdn.cookielaw.org;cdn.fonts.net;cdn.jsdelivr.net;cm.g.doubleclick.net;connect.facebook.net;dev.visualwebsiteoptimizer.com;dpm.demdex.net;geolocation.onetrust.com;glip.com;googleads.g.doubleclick.net;ib.adnxs.com;insight.adsrvr.org;js.qualified.com;munchkin.marketo.net;pixel-config.reddit.com;pixel.mathtag.com;pixel.rubiconproject.com;pnapi.invoca.net;px.ads.linkedin.com;s.dpmsrv.com;secure.adnxs.com;snap.licdn.com;solutions.invocacdn.com;som.ringcentral.com;tags.srv.stackadapt.com;trk.techtarget.com;trkn.us;www.google.com;www.googletagmanager.com;www.linkedin.com;www.redditstatic.com;www.ringcentral.com
11255,pull-flv-o77-sg01.tiktokcdn.com,1,doh,42.274,42.274,42.274,114,1,pull-flv-o77-sg01.tiktokcdn.com
11055,aks-prod-southeastasia.access-point.cloudmessaging.edge.microsoft.com,1,doh,18.999,18.999,18.999,762.1999999880791,1,aks-prod-southeastasia.access-point.cloudmessaging.edge.microsoft.com
10563,ads.simpli.fi,1,doh,13.419,13.419,13.419,88.8999999910593,1,ads.simpli.fi
10289,youtubei-att.googleapis.com,1,doh,0.0,12.007,12.007000000000005,239.79999999701977,1,www.google.com
10889,onedriveclubproddm20049.blob.core.windows.net,1,doh,12.855,12.855,12.855,260.29999999701977,1,onedriveclubproddm20049.blob.core.windows.net
10410,disneyplus.com,1,doh,12.813,151.961,127.84500000000035,1443,12,analytics.tiktok.com;assets.adobedtm.com;cdn.cookielaw.org;client-sdk-configs.bamgrid.com;cnbl-cdn.bamgrid.com;disney.demdex.net;disney.images.edge.bamgrid.com;disneyplus.com;prod-static.disney-plus.net;sanalytics.disneyplus.com;static-assets.bamgrid.com;www.disneyplus.com
10453,inventory.mtech.supercell.com,1,doh,13.86,13.86,13.86,184.40000000596046,1,inventory.mtech.supercell.com
10517,ios18.appboot.netflix.com,1,doh,15.117,15.117,15.117,147,1,ios18.appboot.netflix.com
10779,versioncheck-bg.addons.mozilla.org,1,doh,14.322,14.322,14.322,163.1000000089407,1,versioncheck-bg.addons.mozilla.org
10553,mcds.dalyfeds.com,1,doh,16.964,16.964,16.964,765.5999999940395,1,mcds.dalyfeds.com
10866,seller.shopee.sg,1,doh,13.272,103.80000000000001,90.4550000000001,0,4,accounts.shopee.sg;content.garena.com;deo.shopeemobile.com;seller.shopee.sg
11345,p16-ug-incentive.tiktokcdn-us.com,1,doh,19.558,19.558,19.558,370.5,1,p16-ug-incentive.tiktokcdn-us.com
11125,static.anonymised.io,1,doh,13.771,27.71,27.709999999999994,383.59999999403954,2,assets.anonymised.io;static.anonymised.io
11076,assets.sliide.com,1,doh,13.515,13.515,13.515,142.5,1,assets.sliide.com
11431,amer06.azure-devices.net,1,doh,14.802,14.802,14.802,238.1000000089407,1,amer06.azure-devices.net
10335,a.nytimes.com,1,doh,15.943,15.943,15.943,92.40000000596046,1,a.nytimes.com
10628,maxineapi.razersynapse.com,1,doh,16.317,16.317,16.317,84.8999999910593,1,maxineapi.razersynapse.com
10521,marriott.com,1,doh,15.73,680.502,525.0919999999983,4188.29999999702,51,ad.doubleclick.net;adobe-sync.dotomi.com;adobedc.demdex.net;ag.innovid.com;api2.branch.io;app.link;assets.adobedtm.com;c.bing.com;cache.marriott.com;cdn.branch.io;cdn.cookielaw.org;cm.everesttech.net;cm.g.doubleclick.net;cms.analytics.yahoo.com;connect.facebook.net;d2v83son8kay5v.cloudfront.net;dpm.demdex.net;ds-aksb-a.akamaihd.net;ep1.adtrafficquality.google;ep2.adtrafficquality.google;fded9a2a2f9e4f064ae56d5b6ec2bcc5.safeframe.googlesyndication.com;geolocation.onetrust.com;googleads.g.doubleclick.net;idpix.media6degrees.com;js-cdn.dynatrace.com;jvxpxl.marriott.com;marriott.btttag.com;marriott.com;match.adsrvr.org;nam.veta.naver.com;p11.techlab-cdn.com;pagead2.googlesyndication.com;resources.digital-cloud.medallia.com;rtr.innovid.com;s-static.innovid.com;s.yimg.jp;sc-static.net;securepubads.g.doubleclick.net;siteintercept.qualtrics.com;smetrics.marriott.com;ssl.pstatic.net;t1.daumcdn.net;tpc.googlesyndication.com;tr.snapchat.com;ups.analytics.yahoo.com;wcs.naver.net;www.dev-cdn.marriott.com;www.googleadservices.com;www.googletagmanager.com;www.marriott.com;zn1mdx3zmq39jkigz-marriott.siteintercept.qualtrics.com
10409,nym2-ib.msn.com,1,doh,13.614,13.614,13.614,107.1000000089407,1,nym2-ib.msn.com
10994,blogger.com,1,doh,0.0,59.461,31.41999999999996,801.7000000029802,4,ajax.googleapis.com;blogger.googleusercontent.com;fonts.googleapis.com;fonts.gstatic.com
10439,img.cdn4dd.com,1,doh,11.937,11.937,11.937,155.69999998807907,1,img.cdn4dd.com
11008,app-snaps.ring.com,1,doh,14.235,14.235,14.235,79.79999999701977,1,app-snaps.ring.com
10608,doh.cleanbrowsing.org,1,doh,13.114,122.15300000000002,63.87399999999998,790.7999999970198,10,analytics.ahrefs.com;cdn.jsdelivr.net;cdnjs.cloudflare.com;cleanbrowsing.org;doh.cleanbrowsing.org;fonts.googleapis.com;fonts.gstatic.com;plausible.io;www.google-analytics.com;www.googletagmanager.com
10475,drive.usercontent.google.com,1,doh,0.0,12.661,12.661000000000001,208.09999999403954,1,www.google.com
11474,ssm.us-east-1.amazonaws.com,1,doh,13.416,13.416,13.416,154.80000001192093,1,ssm.us-east-1.amazonaws.com
11225,cyberhaven.io,1,doh,33.677,69.094,69.094,327.20000000298023,3,cdn.prod.website-files.com;cyberhaven.io;www.cyberhaven.com
10623,battle.net,1,doh,24.389,317.72300000000007,200.69400000000013,1666.300000011921,18,10163466.fls.doubleclick.net;account.battle.net;ad.doubleclick.net;ade.googlesyndication.com;adservice.google.com;baseui.akamaized.net;battle.net;blz-contentstack-assets.akamaized.net;blz-contentstack-images.akamaized.net;bnetstorefront.akamaized.net;cdn.cookielaw.org;geo.battle.net;navbar.blizzard.com;oauth.battle.net;us.shop.battle.net;www.google-analytics.com;www.google.com;www.googletagmanager.com
10693,collections.md.mp.microsoft.com,1,doh,13.861,13.861,13.861,115.20000000298023,1,collections.md.mp.microsoft.com
10490,consent.samsungrs.com,1,doh,14.082,14.082,14.082,86.59999999403954,1,consent.samsungrs.com
10854,csycdn.flv.wxqcloud.qq.com,1,doh,14.024,14.024,14.024,2213.6000000089407,1,csycdn.flv.wxqcloud.qq.com
11192,tnc16-normal-no1a.tiktokv.eu,1,doh,12.759,12.759,12.759,230.29999999701977,1,tnc16-normal-no1a.tiktokv.eu
10395,cdn.cquotient.com,1,doh,12.604,12.604,12.604,87.19999998807907,1,cdn.cquotient.com
10991,hscdn.flv.wxqcloud.qq.com,1,doh,422.729,422.729,422.729,831.0999999940395,1,hscdn.flv.wxqcloud.qq.com
10526,api-spotlight-ause1b.smoot.apple.com,1,doh,14.536,14.536,14.536,86.5,1,api-spotlight-ause1b.smoot.apple.com
10680,k8s1-event-tracker-sj.lb.indexww.com,1,doh,12.183,12.183,12.183,293.6000000089407,1,k8s1-event-tracker-sj.lb.indexww.com
10884,yahoo-bidout-d.openx.net,1,doh,13.591,13.591,13.591,92,1,yahoo-bidout-d.openx.net
11416,logging.api.intuit.com,1,doh,14.002,14.002,14.002,153,1,logging.api.intuit.com
11242,exchange.buzzoola.com,1,doh,12.586,12.586,12.586,443.90000000596046,1,exchange.buzzoola.com
11352,pespn.chartbeat.net,1,doh,16.18,264.05899999999997,168.377,1298.9000000059605,17,chartbeat.com;chartbeat.zendesk.com;cmp.osano.com;ekr.zdassets.com;fonts.googleapis.com;p.typekit.net;pespn.chartbeat.net;pong.chartbeat.net;securepubads.g.doubleclick.net;static.zdassets.com;static2.chartbeat.com;use.typekit.com;www.google.com;www.googleadservices.com;www.googleoptimize.com;www.googletagmanager.com;www.googletagservices.com
11420,abbye994khsg.na.api.amazonvideo.com,1,doh,15.587,15.587,15.587,96.40000000596046,1,abbye994khsg.na.api.amazonvideo.com
11399,pull-c5-tt02.tiktokcdn.com,1,doh,21.85,21.85,21.85,100.6000000089407,1,pull-c5-tt02.tiktokcdn.com
10458,amdc.alipay.com,1,doh,404.985,416.351,416.351,2017.6000000089407,1,amdc.alipay.com
10754,inventory.roblox.com,1,doh,16.137,16.137,16.137,174.79999999701977,1,inventory.roblox.com
11070,sliide.com,1,doh,25.965,98.72500000000001,76.38399999999996,774.7999999970198,5,s3.sliide.com;sliide.com;static.srcspot.com;www.google-analytics.com;www.googletagmanager.com
10556,api2.cursor.sh,1,doh,13.274,13.274,13.274,88.30000001192093,1,api2.cursor.sh
11413,cdn-pci.optimizely.com,1,doh,11.604,11.604,11.604,140.79999999701977,1,cdn-pci.optimizely.com
10671,asia-abeacdataort-stsdk.vivoglobal.com,1,doh,13.818,13.818,13.818,777.9000000059605,1,asia-abeacdataort-stsdk.vivoglobal.com
10958,turbo.adsbynimbus.com,1,doh,12.625,12.625,12.625,83,1,turbo.adsbynimbus.com
11119,cdn-fast.kwcdn.com,1,doh,14.589,14.589,14.589,90,1,cdn-fast.kwcdn.com
11275,rt.gsspat.jp,1,doh,12.79,12.79,12.79,610,1,rt.gsspat.jp
10963,neu.edu.cn,1,doh,290.976,291.056,291.0329999999998,18787.40000000596,1,neu.edu.cn
10764,shopee.ph,1,doh,14.659,173.598,125.94200000000035,5082.20000000298,12,9554009.fls.doubleclick.net;ad.doubleclick.net;adservice.google.com;analytics.google.com;connect.facebook.net;content.garena.com;deo.shopeemobile.com;down-ph.img.susercontent.com;shopee.ph;stats.g.doubleclick.net;www.google.com;www.googletagmanager.com
10597,dmed.technology,1,doh,28.845,185.448,172.031,1647.9000000059605,6,dee-intranet-identity-prod.auth.us-east-1.amazoncognito.com;dee.technology;dmed.technology;login.okta.com;ok2static2.oktacdn.com;sso.myid.disney.com
10570,cdn4image.com,1,doh,14.058,14.058,14.058,416,1,cdn4image.com
10405,tag.1rx.io,1,doh,12.234,12.234,12.234,86.6000000089407,1,tag.1rx.io
10470,wxapp.tc.qq.com,1,doh,14.11,14.11,14.11,680.7000000029802,1,wxapp.tc.qq.com
10980,jwplatform.com,1,doh,28.573,453.30499999999995,297.3579999999997,2456.5,27,7052064.fs1.hubspotusercontent-na1.net;api.hubapi.com;app.hubspot.com;assets-jpcust.jwpsrv.com;boards.greenhouse.io;cdn.cookielaw.org;cdn.jwplayer.com;entitlements.jwplayer.com;forms.hsforms.com;geolocation.onetrust.com;js.hs-analytics.net;js.hs-banner.com;js.hsadspixel.net;js.hscollectedforms.net;js.hubspot.com;jwpconnatix.com;jwplatform.com;jwx.com;perf-na1.hsforms.com;prd.jwpltx.com;px.ads.linkedin.com;snap.licdn.com;ssl.p.jwpcdn.com;www.google-analytics.com;www.googletagmanager.com;www.jwplayer.com;www.linkedin.com
10286,eu-api.samsungpositioning.com,1,doh,16.009,16.009,16.009,340,1,eu-api.samsungpositioning.com
10943,pull-cmaf-f16-tt04.tiktokcdn.com,1,doh,13.794,13.794,13.794,248.5,1,pull-cmaf-f16-tt04.tiktokcdn.com
11246,analytics16-normal-useast5.tiktokw.us,1,doh,13.95,13.95,13.95,108.20000000298023,1,analytics16-normal-useast5.tiktokw.us
10436,ringapigw-alb.us-east-1.prod.v2.gws.ring.amazon.dev,1,doh,12.859,12.859,12.859,79.8999999910593,1,ringapigw-alb.us-east-1.prod.v2.gws.ring.amazon.dev
10964,aihelp.net,1,doh,17.819,144.871,90.85400000000003,973,10,aihelp.net;analytics.google.com;cdn.aihelp.net;connect.facebook.net;platform.twitter.com;stats.g.doubleclick.net;syndication.twitter.com;www.facebook.com;www.google-analytics.com;www.googletagmanager.com
10509,aps.amap.com,1,doh,15.117,15.117,15.117,945.7000000029802,1,aps.amap.com
10632,gov.aniview.com,1,doh,0.0,0.0,0.0,85.3999999910593,0,
11011,bunny.net,1,doh,18.771,129.285,104.66599999999998,1968.5,6,bunny-reddit.b-cdn.net;bunny.net;fonts.bunny.net;matomo.bunny.net;posthog2.fluffleinfra.net;widget.trustpilot.com
11348,gql.music.amazon.dev,1,doh,14.239,14.239,14.239,88.20000000298023,1,gql.music.amazon.dev
10924,k8s1-event-tracker-la.lb.indexww.com,1,doh,11.896,11.896,11.896,284.79999999701977,1,k8s1-event-tracker-la.lb.indexww.com
11145,mainroll.com,1,doh,32.552,32.552,32.552,110,1,mainroll.com
11028,sync.lunamedia.live,1,doh,13.802,13.802,13.802,1140.2999999970198,1,sync.lunamedia.live
