rank,site,run,strategy,main_dns_ms,total_dns_sum_ms,wall_clock_dns_ms,page_load_ms,unique_domains_resolved,domains_resolved
5832,a.sportradarserving.com,1,doh,12.662,141.425,129.4839999999999,1201.7999999970198,8,a.sportradarserving.com;cdn-ileimjk.nitrocdn.com;fonts.gstatic.com;nitroscripts.com;sportradar.com;to.getnitropack.com;www.google.com;www.sportradar.com
5580,time-push-intl.heytapmobile.com,1,doh,17.762,17.762,17.762,774.7000000029802,1,time-push-intl.heytapmobile.com
5550,tasks-pa.clients6.google.com,1,doh,0.0,13.085,13.085000000000008,158.80000001192093,1,www.google.com
5565,nyt.com,1,doh,21.189,849.16,585.9759999999986,6649.800000011921,51,3c6a1f1c81f513fe3fc1f00f2567f3e6.safeframe.googlesyndication.com;5290727.fls.doubleclick.net;a.et.nytimes.com;a.nytimes.com;aax.amazon-adsystem.com;ad.doubleclick.net;adservice.google.com;als-svc.nytimes.com;ats-wrapper.privacymanager.io;c.amazon-adsystem.com;cdn.brandmetrics.com;cdn.doubleverify.com;cm.g.doubleclick.net;config.aps.amazon-adsystem.com;dd.nytimes.com;eg.nytimes.com;ep1.adtrafficquality.google;ep2.adtrafficquality.google;fastlane.rubiconproject.com;fonts.googleapis.com;fonts.gstatic.com;g1.nyt.com;grid-bidder.criteo.com;gum.criteo.com;hbopenbid.pubmatic.com;hbxlp.media.net;htlb.casalemedia.com;launchpad-wrapper.privacymanager.io;launchpad.privacymanager.io;nyt-dti-prd-staticjs.storage.googleapis.com;nyt.com;pagead2.googlesyndication.com;pay.google.com;platform.iteratehq.com;prebid.media.net;purr.nytimes.com;rtb.openx.net;rumcdn.geoedge.be;s.go-mpulse.net;sb.scorecardresearch.com;securepubads.g.doubleclick.net;static.chartbeat.com;static01.nyt.com;tlx.3lift.com;tpc.googlesyndication.com;tps.doubleverify.com;warp.media.net;www.datadoghq-browser-agent.com;www.google.com;www.googletagmanager.com;www.gstatic.com
6368,dds-cs-endpoint-c8bme3d0gud5h9a2.b02.azurefd.net,1,doh,18.371,18.371,18.371,118.09999999403954,1,dds-cs-endpoint-c8bme3d0gud5h9a2.b02.azurefd.net
5602,m-2a31bced.kinesisvideo.us-west-2.amazonaws.com,1,doh,17.211,17.211,17.211,309.90000000596046,1,m-2a31bced.kinesisvideo.us-west-2.amazonaws.com
5838,chase.com,1,doh,13.258,96.06099999999999,89.67799999999995,793.2000000029802,6,asset.chase.com;c.go-mpulse.net;chase.com;s2.go-mpulse.net;static.chasecdn.com;www.chase.com
5792,onedriveclubproddm20024.blob.core.windows.net,1,doh,22.985,22.985,22.985,216.40000000596046,1,onedriveclubproddm20024.blob.core.windows.net
5600,europe-west1-gcp.api.snapchat.com,1,doh,13.608,13.608,13.608,169,1,europe-west1-gcp.api.snapchat.com
5661,beacons.extremereach.io,1,doh,14.473,14.473,14.473,132.29999999701977,1,beacons.extremereach.io
5292,js.hs-analytics.net,1,doh,13.696,13.696,13.696,153.6000000089407,1,js.hs-analytics.net
6019,meta.com,1,doh,14.927,117.482,92.74799999999956,1872.5999999940395,8,analytics.google.com;connect.facebook.net;lookaside.fbsbx.com;meta.com;metadotcom.fbthirdpartypixel.com;static.xx.fbcdn.net;tags.tiqcdn.com;www.googletagmanager.com
6065,heapanalytics.com,1,doh,11.628,722.5060000000001,583.2809999999998,2731.7999999970198,44,alb.reddit.com;analytics.google.com;app.clearbit.com;assets.apollo.io;c.contentsquare.net;cdn.cookielaw.org;cdn.heapanalytics.com;cdn.jsdelivr.net;connect.facebook.net;contentsquare.chilipiper.com;epsilon.6sense.com;eu.api.fpjs.io;fpjscdn.net;geolocation.onetrust.com;googleads.g.doubleclick.net;heap.io;heapanalytics.com;images.ctfassets.net;ipv6.6sc.co;j.6sc.co;k-aus1.contentsquare.net;marketo.clearbit.com;munchkin.marketo.net;page.contentsquare.com;pixel-config.reddit.com;pubads.g.doubleclick.net;px.ads.linkedin.com;snap.licdn.com;srm.bf.contentsquare.net;static.cloudflareinsights.com;static.hj.contentsquare.net;stats.g.doubleclick.net;t.contentsquare.net;tag.clearbitscripts.com;tracking-api.g2.com;tracking.g2crowd.com;videos.ctfassets.net;www.google-analytics.com;www.google.com;www.googleadservices.com;www.googletagmanager.com;www.linkedin.com;www.redditstatic.com;x.clearbitjs.com
5293,acp-ss-va6c2.adobe.io,1,doh,21.79,21.79,21.79,95.90000000596046,1,acp-ss-va6c2.adobe.io
5984,cognito-identity.eu-west-1.amazonaws.com,1,doh,15.294,432.027,288.64800000000025,3972.7000000029802,26,a.b.cdn.console.awsstatic.com;a0.awsstatic.com;amazonwebservices.d2.sc.omtrdc.net;amazonwebservicesinc.tt.omtrdc.net;aws.amazon.com;aws.demdex.net;cm.everesttech.net;cognito-identity.eu-west-1.amazonaws.com;cx0.m.awsstatic.com;d0.m.awsstatic.com;d1.awsstatic.com;d2c.aws.amazon.com;dpm.demdex.net;edge.adobedc.net;fonts.gstatic.com;i.ytimg.com;infra-api.us-east-1.prod.mrc-sunrise.marketing.aws.dev;loader.us-east-1.prod.mrc-sunrise.marketing.aws.dev;prod.log.shortbread.aws.dev;prod.pa.cdn.uis.awsstatic.com;t0.m.awsstatic.com;vs.aws.amazon.com;www.google.com;www.gstatic.com;www.youtube-nocookie.com;yt3.ggpht.com
6392,s.axon.ai,1,doh,14.156,14.156,14.156,151.6000000089407,1,s.axon.ai
5531,s.adroll.com,1,doh,11.91,11.91,11.91,316.09999999403954,1,s.adroll.com
5325,uss.xplosion.de,1,doh,16.232,16.232,16.232,335.20000000298023,1,uss.xplosion.de
5901,sirius.mwbsys.com,1,doh,16.184,16.184,16.184,111.8999999910593,1,sirius.mwbsys.com
5981,agt.samanage.com,1,doh,14.235,14.235,14.235,120.79999999701977,1,agt.samanage.com
5563,api.tiktokv.com,1,doh,14.266,14.266,14.266,376.8999999910593,1,api.tiktokv.com
5848,gateway-fallback.facebook.com,1,doh,17.211,32.964999999999996,32.965,209.20000000298023,2,gateway-fallback.facebook.com;static.facebook.com
6052,imagesnep.admaster.cc,1,doh,13.213,13.213,13.213,104.3999999910593,1,imagesnep.admaster.cc
5618,ex.co,1,doh,17.334,332.8680000000001,224.90999999999963,2040.6000000089407,24,api.hubapi.com;cdn-cookieyes.com;directory.cookieyes.com;ex.co;forms-na1.hsforms.com;forms.hsforms.com;js.hs-analytics.net;js.hs-banner.com;js.hs-scripts.com;js.hsadspixel.net;js.hscollectedforms.net;js.hsforms.net;js.hubspot.com;log.cookieyes.com;perf-na1.hsforms.com;prd-collector-platform.ex.co;px.ads.linkedin.com;smart-placements-sdk.ex.co;snap.licdn.com;static.ex.co;track.hubspot.com;www.google-analytics.com;www.googletagmanager.com;www.linkedin.com
6328,v16.tiktokcdn.com,1,doh,14.019,14.019,14.019,83,1,v16.tiktokcdn.com
6152,idx.cph.liveintent.com,1,doh,14.962,14.962,14.962,85.40000000596046,1,idx.cph.liveintent.com
5588,people-companion.public.onecdn.static.microsoft,1,doh,20.146,33.624,33.62400000000001,1605.4000000059605,2,people-companion.public.onecdn.static.microsoft;res.cdn.office.net
6361,archive-digger.com,1,doh,20.034,45.908,45.90800000000002,416.09999999403954,3,archive-digger.com;fonts.googleapis.com;fonts.gstatic.com
6351,s.tribalfusion.com,1,doh,12.654,12.654,12.654,179.40000000596046,1,s.tribalfusion.com
5341,m.api.forter.com,1,doh,13.382,13.382,13.382,90.79999999701977,1,m.api.forter.com
5922,userapi.com,1,doh,15.411,311.38,271.3490000000001,6261.899999991059,14,ads.vk.com;akashi.vk-portal.net;api.vk.com;login.vk.com;privacy-cs.mail.ru;r0.mradx.net;st.vk.com;stacks.vk-portal.net;stats.vk-portal.net;tns-counter.ru;top-fwz1.mail.ru;userapi.com;vk.com;www.tns-counter.ru
6104,oec16-normal-no1a.tiktokv.eu,1,doh,16.442,16.442,16.442,213.40000000596046,1,oec16-normal-no1a.tiktokv.eu
5424,mozilla-ohttp.fastly-edge.com,1,doh,13.999,13.999,13.999,93.09999999403954,1,mozilla-ohttp.fastly-edge.com
5476,asia.apple.com,1,doh,19.627,71.746,71.74600000000007,1118.3999999910593,4,asia.apple.com;securemetrics.apple.com;securemvt.apple.com;www.apple.com
5299,ch-trc-events.taboola.com,1,doh,15.251,15.251,15.251,154.3999999910593,1,ch-trc-events.taboola.com
6272,lsrelay-extensions-production.s3.amazonaws.com,1,doh,17.446,17.446,17.446,316.5,1,lsrelay-extensions-production.s3.amazonaws.com
5836,sf16-sg.tiktokcdn-us.com,1,doh,15.919,15.919,15.919,363.3999999910593,1,sf16-sg.tiktokcdn-us.com
5284,atzscr.itsupport247.net,1,doh,14.797,14.797,14.797,90.20000000298023,1,atzscr.itsupport247.net
5404,ttlock.com,1,doh,14.633,195.107,120.11799999999978,4535.300000011921,4,accwww5c1.53kf.com;tb.53kf.com;ttlock.com;www5c1.53kf.com
6282,s.ntv.io,1,doh,17.836,17.836,17.836,204.5,1,s.ntv.io
6146,r-3e44f1a2.kinesisvideo.us-west-2.amazonaws.com,1,doh,214.81,214.81,214.81,481.29999999701977,1,r-3e44f1a2.kinesisvideo.us-west-2.amazonaws.com
6418,verifi.podscribe.com,1,doh,13.279,13.279,13.279,76.40000000596046,1,verifi.podscribe.com
6156,odr.itunes.apple.com,1,doh,14.338,14.338,14.338,77.1000000089407,1,odr.itunes.apple.com
5976,us-west-2.kinesis.hpanalytics.net,1,doh,16.145,16.145,16.145,310.79999999701977,1,us-west-2.kinesis.hpanalytics.net
5470,catchon.com,1,doh,22.115,211.23400000000004,187.03400000000022,2345.1000000089407,10,bat.bing.com;catchon.com;cdn.cookielaw.org;js.qualified.com;lightspeedsystems.containers.piwik.pro;lightspeedsystems.piwik.pro;sp-ao.shortpixel.ai;www.catchon.com;www.lightspeedsystems.com;www.youtube.com
6293,ios.prod.dradis.netflix.com,1,doh,16.099,16.099,16.099,150.29999999701977,1,ios.prod.dradis.netflix.com
5620,snapshotsdevicesgw.us-east-1.prod.v2.gws.ring.amazon.dev,1,doh,14.578,14.578,14.578,131.6000000089407,1,snapshotsdevicesgw.us-east-1.prod.v2.gws.ring.amazon.dev
6013,oempprd.samsungcloudsolution.com,1,doh,12.915,12.915,12.915,109,1,oempprd.samsungcloudsolution.com
6181,tpmn.co.kr,1,doh,16.807,47.302,47.30200000000006,1844.5999999940395,3,ajax.googleapis.com;tpmn.co.kr;www.tpmn.io
6248,geforce.com,1,doh,15.7,112.14800000000001,67.01599999999996,1213.0999999940395,6,assets.adobedtm.com;cdn.cookielaw.org;geforce.com;geolocation.onetrust.com;images.nvidia.com;www.nvidia.com
5830,safebrowsing.brave.com,1,doh,14.169,14.169,14.169,156.70000000298023,1,safebrowsing.brave.com
5906,c1.rfihub.net,1,doh,14.334,14.334,14.334,139.59999999403954,1,c1.rfihub.net
6436,api-glb-ausw2b.smoot.apple.com,1,doh,13.839,13.839,13.839,307.19999998807907,1,api-glb-ausw2b.smoot.apple.com
5649,editor32-normal-sg.capcutapi.com,1,doh,14.931,14.931,14.931,747.2999999970198,1,editor32-normal-sg.capcutapi.com
5817,onedriveclubproddm20006.blob.core.windows.net,1,doh,16.104,16.104,16.104,223,1,onedriveclubproddm20006.blob.core.windows.net
5691,att-launches.appsflyersdk.com,1,doh,14.918,14.918,14.918,164.20000000298023,1,att-launches.appsflyersdk.com
5866,mc.yandex.com,1,doh,14.465,14.465,14.465,678.2999999970198,1,mc.yandex.com
5872,downloads.hpdaas.com,1,doh,15.317,15.317,15.317,337.70000000298023,1,downloads.hpdaas.com
5882,connectivitycheck.android.com,1,doh,0.0,12.81,12.810000000000002,243.3999999910593,1,www.google.com
5992,bookkeeper.itunes.apple.com,1,doh,15.5,15.5,15.5,108.90000000596046,1,bookkeeper.itunes.apple.com
6243,c2shb-oao.ssp.yahoo.com,1,doh,13.569,13.569,13.569,80.29999999701977,1,c2shb-oao.ssp.yahoo.com
6048,edge-chat.instagram.com,1,doh,13.222,42.903999999999996,42.904,212.20000000298023,2,edge-chat.instagram.com;static.facebook.com
6154,live.chartboost.com,1,doh,16.475,16.475,16.475,88.3999999910593,1,live.chartboost.com
5668,prebid.admatic.de,1,doh,14.024,14.024,14.024,551.9000000059605,1,prebid.admatic.de
5864,onedriveclubproddm20018.blob.core.windows.net,1,doh,14.309,14.309,14.309,260.79999999701977,1,onedriveclubproddm20018.blob.core.windows.net
5782,gw1.mediation.unity3d.com,1,doh,18.046,18.046,18.046,104.29999999701977,1,gw1.mediation.unity3d.com
5366,trace.mshopbugsnag.irm.amazon.dev,1,doh,14.579,14.579,14.579,310.20000000298023,1,trace.mshopbugsnag.irm.amazon.dev
6408,shopee.sg,1,doh,14.524,56.181,43.12099999999975,2130.5999999940395,3,content.garena.com;deo.shopeemobile.com;shopee.sg
6032,v45-p.tiktokcdn-us.com,1,doh,14.101,14.101,14.101,258.40000000596046,1,v45-p.tiktokcdn-us.com
6220,gslb.shalltry.com,1,doh,14.093,14.093,14.093,342,1,gslb.shalltry.com
6426,client-side-metrics.us.criteo.net,1,doh,16.784,16.784,16.784,91.1000000089407,1,client-side-metrics.us.criteo.net
5664,d8203f0ad53bdb179cca2610a880407f2d09ae31fccda8f194a22287775dc22.us-east-1.prod.service.minerva.devices.a2z.com,1,doh,14.203,14.203,14.203,95.80000001192093,1,d8203f0ad53bdb179cca2610a880407f2d09ae31fccda8f194a22287775dc22.us-east-1.prod.service.minerva.devices.a2z.com
5957,cdn.livechatinc.com,1,doh,13.718,27.317,27.317000000000018,734.0999999940395,2,api.livechatinc.com;cdn.livechatinc.com
5942,music.youtube.com,1,doh,0.0,25.269,25.268999999999977,244,2,fonts.googleapis.com;fonts.gstatic.com
5268,idsyncprod-cehbcsbucqdhhgcj.b01.azurefd.net,1,doh,17.56,17.56,17.56,130.20000000298023,1,idsyncprod-cehbcsbucqdhhgcj.b01.azurefd.net
5453,rtlog16-normal-useast5.tiktokv.us,1,doh,14.775,14.775,14.775,123.3999999910593,1,rtlog16-normal-useast5.tiktokv.us
6074,pulse-event-service.beta.clever.com,1,doh,12.209,12.209,12.209,302.40000000596046,1,pulse-event-service.beta.clever.com
6008,sync.rbstsystems.live,1,doh,14.067,14.067,14.067,104.69999998807907,1,sync.rbstsystems.live
6398,discover.hulu.com,1,doh,11.447,11.447,11.447,166.79999999701977,1,discover.hulu.com
6302,lf16-gecko-source.tiktokcdn.com,1,doh,13.956,13.956,13.956,672.7000000029802,1,lf16-gecko-source.tiktokcdn.com
6463,gz0.googleusercontent.com,1,doh,0.0,13.008,13.00800000000001,1092.5999999940395,1,www.google.com
6014,p16-common-sign.tiktokcdn-eu.com,1,doh,17.159,17.159,17.159,109.20000000298023,1,p16-common-sign.tiktokcdn-eu.com
5553,m-2c3e25d3.kinesisvideo.us-west-2.amazonaws.com,1,doh,14.914,14.914,14.914,316,1,m-2c3e25d3.kinesisvideo.us-west-2.amazonaws.com
6461,ka-p.fontawesome.com,1,doh,16.023,16.023,16.023,120.30000001192093,1,ka-p.fontawesome.com
6452,a.clarity.ms,1,doh,21.212,21.212,21.212,99.70000000298023,1,a.clarity.ms
6203,r-34a7a751.kinesisvideo.us-west-2.amazonaws.com,1,doh,28.86,28.86,28.86,319.20000000298023,1,r-34a7a751.kinesisvideo.us-west-2.amazonaws.com
5828,files.ivaws.com,1,doh,13.314,13.314,13.314,174.70000000298023,1,files.ivaws.com
5933,onedriveclubprodbn20043.blob.core.windows.net,1,doh,14.222,14.222,14.222,132.20000000298023,1,onedriveclubprodbn20043.blob.core.windows.net
5466,nearbypresence-pa.googleapis.com,1,doh,0.0,14.362,14.362000000000023,325.79999999701977,1,www.google.com
6339,google.ca,1,doh,0.0,12.581,12.581000000000074,766.5,3,ogads-pa.clients6.google.com;play.google.com;www.gstatic.com
6234,click.liftoff.io,1,doh,16.959,418.14000000000004,265.805,2764.7000000029802,28,cdn.bizible.com;cdn.bizibly.com;cdn.metadata.io;cdn.transifex.com;click.liftoff.io;connect.facebook.net;fonts.googleapis.com;fonts.gstatic.com;forms-na2.hsforms.com;forms.hsforms.com;js-na2.hs-analytics.net;js-na2.hs-banner.com;js-na2.hs-scripts.com;js-na2.hsadspixel.net;js-na2.hscollectedforms.net;js.hsforms.net;liftoff.ai;liftoff.io;live-detector.svc.transifex.net;maxcdn.bootstrapcdn.com;rum-collector-2.pingdom.net;rum-static.pingdom.net;stats.g.doubleclick.net;telemetry.svc.transifex.net;track-na2.hubspot.com;www.google-analytics.com;www.google.com;www.googletagmanager.com
5279,digital-cloud-west.medallia.com,1,doh,23.691,99.13600000000001,74.45199999999991,2582.7000000029802,7,cdn.jsdelivr.net;cdn.medallia.com;cdn.rawgit.com;digital-cloud-west.medallia.com;fonts.googleapis.com;fonts.gstatic.com;resources.digital-cloud.medallia.com
5619,m-45f49450.kinesisvideo.us-west-2.amazonaws.com,1,doh,17.139,17.139,17.139,311.70000000298023,1,m-45f49450.kinesisvideo.us-west-2.amazonaws.com
5985,crl.pki.goog,1,doh,0.0,13.207,13.206999999999994,137.70000000298023,1,www.google.com
5839,onedriveclubprodbn20040.blob.core.windows.net,1,doh,19.432,19.432,19.432,148.1000000089407,1,onedriveclubprodbn20040.blob.core.windows.net
6469,iguazu.doordash.com,1,doh,15.04,41.894999999999996,41.89499999999996,330.09999999403954,3,iguazu.doordash.com;static.cloudflareinsights.com;typography.doordash.com
6053,g.msn.com,1,doh,30.27,487.865,373.579,3882.2000000029802,31,aadcdn.msauth.net;ab.dns-finder.com;acdn.adnxs.com;ad-delivery.net;ad.doubleclick.net;adsdk.bing.net;adsdk.microsoft.com;adsdkprod.azureedge.net;api.btloader.com;api.msn.com;arc.msn.com;browser.events.data.msn.com;btloader.com;c.bing.com;c.msn.com;ecn.dev.virtualearth.net;g.msn.com;ib.adnxs.com;ib.msn.com;img-s-msn-com.akamaized.net;js.monitor.azure.com;login.live.com;login.microsoftonline.com;m.adnxs.com;mem.gfx.ms;px.ads.linkedin.com;sb.scorecardresearch.com;scripts.mf.webcontentassessor.com;srtb.msn.com;trc.taboola.com;www.msn.com
6194,zinfandel-agent-comms.centrastage.net,1,doh,14.542,14.542,14.542,295.90000000596046,1,zinfandel-agent-comms.centrastage.net
5659,edge-va6.demdex.net,1,doh,15.629,15.629,15.629,89.79999999701977,1,edge-va6.demdex.net
6075,s.magsrv.com,1,doh,15.183,15.183,15.183,99.70000000298023,1,s.magsrv.com
6341,controlup.com,1,doh,23.384,755.1840000000001,370.5869999999993,1109.7000000029802,57,191-ktt-691.mktoresp.com;alb.reddit.com;analytics.google.com;analytics.twitter.com;api.userway.org;c.bing.com;c.clarity.ms;cdn-cookieyes.com;cdn.userway.org;cdnjs.cloudflare.com;challenges.cloudflare.com;cm.g.doubleclick.net;connect.facebook.net;controlup.com;d.adroll.com;directory.cookieyes.com;dsum-sec.casalemedia.com;eb2.3lift.com;googleads.g.doubleclick.net;ib.adnxs.com;idsync.rlcdn.com;image2.pubmatic.com;js.qualified.com;js.zi-scripts.com;kit.fontawesome.com;lex.33across.com;log.cookieyes.com;match.adsrvr.org;ml314.com;munchkin.marketo.net;pippio.com;pixel-config.reddit.com;pixel.rubiconproject.com;pixel.tapad.com;player.vimeo.com;ps.eyeota.net;px.ads.linkedin.com;s.adroll.com;s.clarity.ms;scripts.clarity.ms;sjs.bizographics.com;snap.licdn.com;static.ads-twitter.com;stats.g.doubleclick.net;sync.outbrain.com;sync.taboola.com;t.co;us-u.openx.net;ws.zoominfo.com;www.clarity.ms;www.controlup.com;www.google-analytics.com;www.google.com;www.googletagmanager.com;www.linkedin.com;www.redditstatic.com;x.bidswitch.net
6113,a.a47b.com,1,doh,14.546,14.546,14.546,131.90000000596046,1,a.a47b.com
6233,appsitemsuggest-pa.googleapis.com,1,doh,0.0,13.02,13.02000000000001,287.20000000298023,1,www.google.com
5522,cs-ob.yellowblue.io,1,doh,12.571,12.571,12.571,94.09999999403954,1,cs-ob.yellowblue.io
6176,yahoo.co.jp,1,doh,195.404,613.807,562.5479999999982,7345.79999999702,17,396d7e29cce3a1fe3f31ae43255699ba.safeframe.googlesyndication.com;cksync.yahoo.co.jp;clb.yahoo.co.jp;cm.g.doubleclick.net;ep1.adtrafficquality.google;ep2.adtrafficquality.google;ib.adnxs.com;news-pctr.c.yimg.jp;pushlist-yjapp.yahoo.co.jp;s.yimg.jp;securepubads.g.doubleclick.net;www.google.com;www.googletagmanager.com;www.yahoo.co.jp;yads.c.yimg.jp;yads.yjtag.yahoo.co.jp;yahoo.co.jp
5508,heads-fa-tls13.spotifycdn.com,1,doh,12.254,12.254,12.254,73.20000000298023,1,heads-fa-tls13.spotifycdn.com
5302,c.ltmsphrcl.net,1,doh,13.659,13.659,13.659,123.8999999910593,1,c.ltmsphrcl.net
5478,agent.catchon.com,1,doh,28.186,28.186,28.186,320.90000000596046,1,agent.catchon.com
5387,rtlog16-normal-useast8.tiktokv.us,1,doh,20.644,20.644,20.644,135.59999999403954,1,rtlog16-normal-useast8.tiktokv.us
5811,device-metrics-us-2.amazon.com,1,doh,14.759,14.759,14.759,124.6000000089407,1,device-metrics-us-2.amazon.com
5448,services.bingapis.com,1,doh,13.742,13.742,13.742,106.1000000089407,1,services.bingapis.com
6478,gspx57-ssl-background.ls.apple.com,1,doh,15.494,15.494,15.494,140.69999998807907,1,gspx57-ssl-background.ls.apple.com
6235,static01.nyt.com,1,doh,14.421,14.421,14.421,84.1000000089407,1,static01.nyt.com
5733,capcut.com,1,doh,16.479,249.282,134.02099999999967,966.8000000119209,17,analytics.google.com;bat.bing.com;c.bing.com;c.clarity.ms;capcut.com;googleads.g.doubleclick.net;lf16-cdn-tos.tiktokcdn-us.com;lf16-tiktok-web.tiktokcdn-us.com;mon16-normal-us-ttp.capcutapi.us;mon16-normal-useast5.tiktokv.us;p16-seeyou-useast5.capcutcdn-us.com;sf16-ug-tos.capcutcdn-us.com;sf16-web-tos-buz.capcutcdn-us.com;stats.g.doubleclick.net;www.clarity.ms;www.google.com;www.googletagmanager.com
5840,plex.tv,1,doh,12.591,1059.186,406.3629999999985,3126.5,86,1fd4972a-a5e7-4b86-92a7-2c6375ba14ea.redfastlabs.com;a.ad.gt;aax.amazon-adsystem.com;ab.dns-finder.com;accounts.google.com;ad-delivery.net;ad.360yield.com;ad.doubleclick.net;analytics-ipv6.tiktokw.us;analytics.google.com;analytics.tiktok.com;api.id5-sync.com;btloader.com;btlr.sharethrough.com;c.amazon-adsystem.com;carbon-cdn.ccgateway.net;cd836371f1d.cdn.intergient.com;cdn.hadronid.net;cdn.id5-sync.com;cdn.intergient.com;cm.g.doubleclick.net;conduit.redfast.com;config.aps.amazon-adsystem.com;config.playwire.com;cs.media.net;d.turn.com;direct.adsrvr.org;eb2.3lift.com;edge.fullstory.com;exchange.cootlogix.com;fastlane.rubiconproject.com;fid.agkn.com;googleads.g.doubleclick.net;grid-bidder.criteo.com;gum.criteo.com;hb.yellowblue.io;hbopenbid.pubmatic.com;hbx.media.net;htlb.casalemedia.com;i.liadm.com;ib.adnxs.com;id.crwdcntrl.net;id5-sync.com;ids.ad.gt;ids4.ad.gt;idx.liadm.com;image2.pubmatic.com;imasdk.googleapis.com;js.sentry-cdn.com;launchpad-wrapper.privacymanager.io;launchpad.privacymanager.io;lb.eu-1-id5-sync.com;lexicon.33across.com;match.adsrvr.org;match.sharethrough.com;p.ad.gt;pb-ing-02.ccgateway.net;pbs.intergient.com;pixel.tapad.com;pixels.ad.gt;plex.tv;pogo.ccgateway.net;prebid.smilewanted.com;privacy-location-edge.ccgateway.net;prod.uidapi.com;ps.eyeota.net;px.ads.linkedin.com;raw.githubusercontent.com;rp.liadm.com;rs.fullstory.com;rtb.openx.net;secure.cdn.fastclick.net;securepubads.g.doubleclick.net;stats.g.doubleclick.net;sync.go.sonobi.com;sync.srv.stackadapt.com;tags.crwdcntrl.net;tlx.3lift.com;token.rubiconproject.com;u.openx.net;ups.analytics.yahoo.com;www.google.com;www.googleadservices.com;www.googletagmanager.com;www.gstatic.com;www.plex.tv
6167,hubapi.com,1,doh,16.182,331.71199999999993,195.0509999999997,1618.9000000059605,23,53.fs1.hubspotusercontent-na1.net;analytics.google.com;cdn2.hubspot.net;cta-service-cms2.hubspot.com;developers.hubspot.com;fonts.googleapis.com;hubapi.com;hubspot.statuspage.io;js.hs-analytics.net;js.hs-banner.com;js.hsadspixel.net;js.hsforms.net;js.hubspotfeedback.com;js.usemessages.com;perf-na1.hsforms.com;static.hsappstatic.net;static2cdn.hubspot.com;stats.g.doubleclick.net;wtcfns.hubspot.com;www.google-analytics.com;www.googletagmanager.com;www.hubspot.com;www.wthubspot.com
6143,config-chr.health.apple.com,1,doh,14.479,14.479,14.479,86.90000000596046,1,config-chr.health.apple.com
5537,pips.taboola.com,1,doh,14.402,14.402,14.402,88.29999999701977,1,pips.taboola.com
6369,i0.wp.com,1,doh,13.641,13.641,13.641,82.90000000596046,1,i0.wp.com
6158,e.serverbid.com,1,doh,12.995,12.995,12.995,113,1,e.serverbid.com
6350,zuimeitianqi.com,1,doh,16.155,80.385,80.35599999999968,13316.40000000596,6,ep1.adtrafficquality.google;ep2.adtrafficquality.google;googleads.g.doubleclick.net;pagead2.googlesyndication.com;www.google.com;zuimeitianqi.com
5444,w.org,1,doh,14.449,84.11099999999999,53.96900000000004,873.6000000089407,7,i0.wp.com;s.w.org;stats.wp.com;w.org;wordpress.org;www.google-analytics.com;www.googletagmanager.com
5579,ds.reson8.com,1,doh,15.746,15.746,15.746,104.3999999910593,1,ds.reson8.com
6126,r-93960ca9.kinesisvideo.us-west-2.amazonaws.com,1,doh,16.863,16.863,16.863,310.09999999403954,1,r-93960ca9.kinesisvideo.us-west-2.amazonaws.com
5252,js.hs-banner.com,1,doh,12.764,12.764,12.764,100,1,js.hs-banner.com
6286,rtb-csync-use1.smartadserver.com,1,doh,13.351,13.351,13.351,87.09999999403954,1,rtb-csync-use1.smartadserver.com
6049,secure-origin.imrworldwide.com,1,doh,12.79,12.79,12.79,136.59999999403954,1,secure-origin.imrworldwide.com
5939,at.teads.tv,1,doh,12.634,12.634,12.634,90.70000000298023,1,at.teads.tv
6496,s-02ab8d15.kinesisvideo.us-west-2.amazonaws.com,1,doh,12.491,12.491,12.491,310.1000000089407,1,s-02ab8d15.kinesisvideo.us-west-2.amazonaws.com
5657,solutions.cdn.optable.co,1,doh,13.4,13.4,13.4,286.20000000298023,1,solutions.cdn.optable.co
5732,cdn9.forter.com,1,doh,13.015,13.015,13.015,91.5,1,cdn9.forter.com
5778,sync.connectad.io,1,doh,11.486,11.486,11.486,110.09999999403954,1,sync.connectad.io
5449,cached-ad-a.fyber.com,1,doh,13.081,13.081,13.081,90.3999999910593,1,cached-ad-a.fyber.com
5743,mira.config.skype.com,1,doh,13.825,13.825,13.825,105,1,mira.config.skype.com
6311,nam02.safelinks.protection.outlook.com,1,doh,13.95,13.95,13.95,388.1000000089407,1,nam02.safelinks.protection.outlook.com
5979,addons.mozilla.org,1,doh,13.473,42.705,42.705000000000084,1165.5,3,addons.mozilla.org;www.google-analytics.com;www.googletagmanager.com
5739,lastpass.com,1,doh,14.111,384.07400000000007,235.78399999999982,1038.699999988079,25,129-msq-038.mktoresp.com;analytics.lastpass.com;analytics.twitter.com;arttrk.com;connect.facebook.net;consent.trustarc.com;consent.truste.com;d6tizftlrpuof.cloudfront.net;fonts.googleapis.com;fonts.gstatic.com;googleads.g.doubleclick.net;js.driftt.com;lastpass.com;px.ads.linkedin.com;static.lputil.com;t.co;tags.srv.stackadapt.com;tvspix.com;w.usabilla.com;web-analytics.lastpass.com;www.datadoghq-browser-agent.com;www.google.com;www.googleadservices.com;www.googletagmanager.com;www.linkedin.com
5944,adsby.bidtheatre.com,1,doh,11.218,251.67499999999995,146.42700000000002,3515.0999999940395,15,adsby.bidtheatre.com;ajax.googleapis.com;cdn.prod.website-files.com;cdn.weglot.com;challenges.cloudflare.com;consent.cookiebot.com;consentcdn.cookiebot.com;d3e54v103j8qbb.cloudfront.net;fonts.googleapis.com;fonts.gstatic.com;www.bidtheatre.com;www.google-analytics.com;www.google.com;www.googletagmanager.com;www.gstatic.com
5491,nearbydevices-pa.googleapis.com,1,doh,0.0,12.569,12.569000000000017,323.70000000298023,1,www.google.com
5267,dsp.adkernel.com,1,doh,13.898,13.898,13.898,2119.8999999910593,1,dsp.adkernel.com
6111,vapixel.adsafeprotected.com,1,doh,12.324,12.324,12.324,110.3999999910593,1,vapixel.adsafeprotected.com
6034,p16-catalog-img.tiktokcdn-us.com,1,doh,16.567,16.567,16.567,232.90000000596046,1,p16-catalog-img.tiktokcdn-us.com
5766,adsuetprod-ckdecufth8fcedex.b01.azurefd.net,1,doh,17.15,389.94499999999994,319.6769999999997,2924,28,aadcdn.msftauth.net;ab.dns-finder.com;ad-delivery.net;ad.doubleclick.net;adsdk.microsoft.com;adsuetprod-ckdecufth8fcedex.b01.azurefd.net;api.btloader.com;api.msn.com;arc.msn.com;browser.events.data.msn.com;btloader.com;c.bing.com;c.msn.com;ecn.dev.virtualearth.net;ib.msn.com;img-s-msn-com.akamaized.net;js.monitor.azure.com;login.live.com;login.microsoftonline.com;m.adnxs.com;mem.gfx.ms;px.ads.linkedin.com;sb.scorecardresearch.com;scripts.mf.webcontentassessor.com;srtb.msn.com;trc.taboola.com;www.bing.com;www.msn.com
5867,lyr.pubmatic.com,1,doh,13.298,13.298,13.298,89.29999999701977,1,lyr.pubmatic.com
6007,api16-normal-no1a.tiktokv.eu,1,doh,15.784,15.784,15.784,197.6000000089407,1,api16-normal-no1a.tiktokv.eu
5886,notes-analytics-events.apple.com,1,doh,13.587,13.587,13.587,296.3999999910593,1,notes-analytics-events.apple.com
5497,mediation-sg2-log.pangle.io,1,doh,15.017,15.017,15.017,343,1,mediation-sg2-log.pangle.io
5400,lax1-ib.adnxs.com,1,doh,12.655,12.655,12.655,280.90000000596046,1,lax1-ib.adnxs.com
6323,pixad.com.tr,1,doh,19.237,62.965999999999994,62.96599999999992,3802.800000011921,4,cdnjs.cloudflare.com;pixad.com.tr;www.google-analytics.com;www.googletagmanager.com
5723,cxcs.cdn.office.net,1,doh,13.351,13.351,13.351,91.79999999701977,1,cxcs.cdn.office.net
6020,one.one.one.one,1,doh,14.985,14.985,14.985,464.20000000298023,1,one.one.one.one
6305,reminder-a.wbx2.com,1,doh,20.064,20.064,20.064,162.1000000089407,1,reminder-a.wbx2.com
6165,r-fd57ec7b.kinesisvideo.us-west-2.amazonaws.com,1,doh,35.663,35.663,35.663,330.5,1,r-fd57ec7b.kinesisvideo.us-west-2.amazonaws.com
5870,tradplusad.com,1,doh,15.084,572.692,572.683,3424.0999999940395,5,api-manager.tradplusad.com;cdn.tradplusad.com;hmcdn.baidu.com;lf1-cdn-tos.bytegoofy.com;tradplusad.com
5721,s.c.appier.net,1,doh,14.742,14.742,14.742,739.7999999970198,1,s.c.appier.net
6123,mosaic.scdn.co,1,doh,13.138,13.138,13.138,90.30000001192093,1,mosaic.scdn.co
6259,rtd-tm.everesttech.net,1,doh,14.636,14.636,14.636,87.30000001192093,1,rtd-tm.everesttech.net
5914,secure.espn.com,1,doh,20.959,748.211,372.6120000000001,3029.3999999910593,49,a.espncdn.com;a1.espncdn.com;a4.espncdn.com;ad.doubleclick.net;ad.turn.com;ads.pubmatic.com;bcp.crwdcntrl.net;cdn.id5-sync.com;cdn.jsdelivr.net;cdn.mgaru.dev;cdn.registerdisney.go.com;chui-assets-cdn.espn.com;cm.g.doubleclick.net;connectid.analytics.yahoo.com;d81e3836f40f8aa9a40e1060b26cd865.safeframe.googlesyndication.com;dcf.espn.com;dmp.im-apps.net;entitlement.auth.adobe.com;ep1.adtrafficquality.google;ep2.adtrafficquality.google;esp.rtbhouse.com;fundingchoicesmessages.google.com;google-bidout-d.openx.net;googleads.g.doubleclick.net;googleads4.g.doubleclick.net;gum.criteo.com;id5-sync.com;ident.mygaru.com;invstatic101.creativecdn.com;match.adsrvr.org;micro.rubiconproject.com;oa.openxcdn.net;oajs.openx.net;pagead2.googlesyndication.com;pinpoint.espn.com;s0.2mdn.net;secure.espn.com;securepubads.g.doubleclick.net;site.api.espn.com;sp.auth.adobe.com;static.criteo.net;sync6.im-apps.net;tags.crwdcntrl.net;tracking.mygaru.com;ups.analytics.yahoo.com;www.espn.com;www.google.com;www.googletagmanager.com;www.googletagservices.com
5973,bilibili.com,1,doh,14.267,104.19900000000001,80.4600000000001,2456,8,api.bilibili.com;api.live.bilibili.com;bilibili.com;data.bilibili.com;i0.hdslb.com;i1.hdslb.com;s1.hdslb.com;www.bilibili.com
6171,hotapi22-normal-alisg.tiktokv.com,1,doh,15.448,15.448,15.448,314.40000000596046,1,hotapi22-normal-alisg.tiktokv.com
5915,sendbird.com,1,doh,22.011,174.41400000000002,163.61299999999991,944.1999999880791,12,cdn.bizible.com;cdn.bizibly.com;cdn.cookielaw.org;cdn.jsdelivr.net;dev.visualwebsiteoptimizer.com;geolocation.onetrust.com;get.sendbird.com;js.zi-scripts.com;sendbird.com;sendbird.imgix.net;ws-assets.zoominfo.com;ws.zoominfo.com
6141,us.shb-sync.com,1,doh,12.203,12.203,12.203,109,1,us.shb-sync.com
5585,xiaohongshu.com,1,doh,14.222,195.445,176.94399999999976,0,8,as.xiaohongshu.com;edith.xiaohongshu.com;fe-static.xhscdn.com;fe-video-qc.xhscdn.com;sns-avatar-qc.xhscdn.com;sns-webpic-qc.xhscdn.com;www.xiaohongshu.com;xiaohongshu.com
5468,auth.roblox.com,1,doh,15.064,15.064,15.064,116.79999999701977,1,auth.roblox.com
6367,pus6-collabhubrtc.officeapps.live.com,1,doh,19.229,19.229,19.229,192.90000000596046,1,pus6-collabhubrtc.officeapps.live.com
6038,pixelweatherhub-pa.googleapis.com,1,doh,0.0,12.278,12.277999999999992,277.09999999403954,1,www.google.com
5388,ap2.googleusercontent.com,1,doh,0.0,12.682,12.682000000000002,1083.4000000059605,1,www.google.com
5373,js.hs-scripts.com,1,doh,15.39,15.39,15.39,125.70000000298023,1,js.hs-scripts.com
5354,idsync.reson8.com,1,doh,13.879,13.879,13.879,254,1,idsync.reson8.com
6333,prreqcroab.icu,1,doh,13.889,13.889,13.889,90.29999999701977,1,prreqcroab.icu
6304,b.stats.paypal.com,1,doh,13.748,13.748,13.748,267.70000000298023,1,b.stats.paypal.com
5286,app.pdq.com,1,doh,12.649,39.814,30.896000000000015,473.90000000596046,3,app.pdq.com;fonts.googleapis.com;www.googletagmanager.com
6213,gacs-discovery.cloud.com,1,doh,15.08,15.08,15.08,156.70000000298023,1,gacs-discovery.cloud.com
6501,w.isx.unity3d.com,1,doh,15.526,15.526,15.526,89.5,1,w.isx.unity3d.com
6473,crowdstrike.com,1,doh,16.313,206.79,143.8250000000001,2146.9000000059605,15,adobedc.demdex.net;assets.adobedtm.com;assets.crowdstrike.com;c.contentsquare.net;cdn.cookielaw.org;cdn.vidyard.com;crowdstrike.com;edge.adobedc.net;epsilon.6sense.com;geolocation.onetrust.com;k-aus1.contentsquare.net;p.typekit.net;play.vidyard.com;t.contentsquare.net;use.typekit.net
5609,snapshotsdevicesgw-alb.us-east-1.prod.v2.gws.ring.amazon.dev,1,doh,14.977,14.977,14.977,76.5,1,snapshotsdevicesgw-alb.us-east-1.prod.v2.gws.ring.amazon.dev
5877,jwpsrv.com,1,doh,28.151,28.151,28.151,109.79999999701977,1,jwpsrv.com
5415,weather-server.allawnos.com,1,doh,16.864,16.864,16.864,89.90000000596046,1,weather-server.allawnos.com
5954,osano.com,1,doh,15.539,315.83199999999994,259.2179999999991,3258.5,22,4785246.fs1.hubspotusercontent-na1.net;4785246.hs-sites.com;7052064.fs1.hubspotusercontent-na1.net;assets.revenuehero.io;cdn1.hubspot.net;cdnjs.cloudflare.com;cmp.osano.com;compass.osano.com;cta-service-cms2.hubspot.com;forms-na1.hsforms.com;forms.hsforms.com;js.hs-banner.com;js.hsforms.net;js.hubspot.com;js.hubspotfeedback.com;osano.com;pagead2.googlesyndication.com;perf-na1.hsforms.com;play.hubspotvideo.com;static.hsappstatic.net;www.googletagmanager.com;www.osano.com
5616,et-l.w.inmobi.com,1,doh,14.62,14.62,14.62,88.40000000596046,1,et-l.w.inmobi.com
5765,us3.bootstrap.endpoint.ingress.rapid7.com,1,doh,32.267,32.267,32.267,1821.8999999910593,1,us3.bootstrap.endpoint.ingress.rapid7.com
6035,news-events.apple.com,1,doh,14.516,14.516,14.516,282.79999999701977,1,news-events.apple.com
6334,pro.ip-api.com,1,doh,14.561,55.833,55.82299999999983,1223.4000000059605,3,cache.ip-api.com;members.ip-api.com;pro.ip-api.com
5952,disney-curated-partner-feeds-prod.bamgrid.com,1,doh,14.846,14.846,14.846,109.5,1,disney-curated-partner-feeds-prod.bamgrid.com
6465,api-glb-ausw2c.smoot.apple.com,1,doh,16.64,16.64,16.64,318.79999999701977,1,api-glb-ausw2c.smoot.apple.com
6128,amzn-sidewalk-events-us-east-1-prod.s3.amazonaws.com,1,doh,15.285,15.285,15.285,152.3999999910593,1,amzn-sidewalk-events-us-east-1-prod.s3.amazonaws.com
5916,static.ui.com,1,doh,13.28,175.82200000000003,119.69999999999999,417.79999999701977,14,alb.reddit.com;cdn.cookielaw.org;dev.visualwebsiteoptimizer.com;geolocation.onetrust.com;images.svc.ui.com;pixel-config.reddit.com;sso.ui.com;static.hotjar.com;static.ui.com;store.ui.com;www.google-analytics.com;www.googletagmanager.com;www.redditstatic.com;www.ui.com
6175,proc.ad.cpe.dotomi.com,1,doh,17.239,17.239,17.239,123.90000000596046,1,proc.ad.cpe.dotomi.com
6199,onenote.com,1,doh,14.373,123.368,123.3680000000002,1844.0999999940395,9,aadcdn.msftauth.net;browser.events.data.microsoft.com;c.s-microsoft.com;login.live.com;login.microsoftonline.com;onenote.cloud.microsoft;onenote.com;res.cdn.office.net;www.onenote.com
6071,events.attentivemobile.com,1,doh,13.876,13.876,13.876,103.19999998807907,1,events.attentivemobile.com
6488,adtarget.com.tr,1,doh,15.858,95.73800000000001,50.966999999999985,1369.2999999970198,8,adtarget.com.tr;cdnjs.cloudflare.com;fonts.googleapis.com;fonts.gstatic.com;maps.googleapis.com;maps.gstatic.com;static.cloudflareinsights.com;www.google.com
6288,icanhazip.com,1,doh,13.587,13.587,13.587,98.5,1,icanhazip.com
6011,mobile.eum-appdynamics.com,1,doh,15.862,15.862,15.862,287.20000000298023,1,mobile.eum-appdynamics.com
5399,usqas5.icloud-content.com,1,doh,12.629,12.629,12.629,83.79999999701977,1,usqas5.icloud-content.com
5507,playdigo.com,1,doh,13.023,49.739999999999995,26.23499999999999,1721.2999999970198,4,analytics.google.com;playdigo.com;stats.g.doubleclick.net;www.google-analytics.com
5385,cdn.p-n.io,1,doh,15.389,15.389,15.389,141.3999999910593,1,cdn.p-n.io
5951,sync.ingage.tech,1,doh,13.053,13.053,13.053,114.70000000298023,1,sync.ingage.tech
5884,overwolf.com,1,doh,26.342,427.827,230.56599999999986,3570.300000011921,34,11346473.fls.doubleclick.net;ad.doubleclick.net;adservice.google.com;alb.reddit.com;analytics-ipv6.tiktokw.us;analytics.tiktok.com;analytics.twitter.com;c.bing.com;c.clarity.ms;cdn.mxpnl.com;cdnjs.cloudflare.com;connect.facebook.net;content.overwolf.com;fonts.googleapis.com;fonts.gstatic.com;googleads.g.doubleclick.net;js.zi-scripts.com;overwolf.com;pixel-config.reddit.com;px.ads.linkedin.com;s.clarity.ms;sb.scorecardresearch.com;scripts.clarity.ms;snap.licdn.com;static.ads-twitter.com;t.co;unpkg.com;ws.zoominfo.com;www.clarity.ms;www.google-analytics.com;www.google.com;www.googletagmanager.com;www.linkedin.com;www.redditstatic.com
6345,pay.sandbox.google.com,1,doh,0.0,11.803,11.802999999999997,933,1,ssl.gstatic.com
5313,threatdown.com,1,doh,27.134,700.312,355.1209999999995,2438.9000000059605,43,185c650ccfd84b27aad189f19681365b.js.ubembed.com;805-usg-300.mktoresp.com;alb.reddit.com;analytics.google.com;api.company-target.com;api.weglot.com;assets.adoberesources.net;assets.ubembed.com;bat.bing.com;cdn.cookielaw.org;cdn.weglot.com;dev.visualwebsiteoptimizer.com;dsum-sec.casalemedia.com;fonts.googleapis.com;fonts.gstatic.com;geolocation.onetrust.com;get.threatdown.com;go.malwarebytes.com;grsm.io;id.rlcdn.com;js.zi-scripts.com;munchkin.marketo.net;partnerlinks.io;partners.tremorhub.com;pixel-config.reddit.com;pixel.rubiconproject.com;px.ads.linkedin.com;s.company-target.com;segments.company-target.com;snap.licdn.com;stats.g.doubleclick.net;stats.wp.com;tag-logger.demandbase.com;tag.demandbase.com;threatdown.com;ws.zoominfo.com;www.g2.com;www.google.com;www.googletagmanager.com;www.linkedin.com;www.redditstatic.com;www.threatdown.com;www.upsellit.com
5450,api.waywubi83.com,1,doh,13.812,13.812,13.812,737.2000000029802,1,api.waywubi83.com
6416,agent.intentiq.com,1,doh,14.834,14.834,14.834,205.40000000596046,1,agent.intentiq.com
5254,signalr.net,1,doh,12.548,164.912,130.18200000000013,2727.2000000029802,10,c.bing.com;c.clarity.ms;dotnet.microsoft.com;js.monitor.azure.com;s.clarity.ms;scripts.clarity.ms;signalr.net;uhf.microsoft.com;wcpstatic.microsoft.com;www.clarity.ms
6270,img-resize-cdn-prod-green.samsungnyc.com,1,doh,23.186,35.418,35.418,196.5,2,img-resize-cdn-prod-green.samsungnyc.com;static.cloudflareinsights.com
5844,et-c-ash.33across.com,1,doh,15.219,15.219,15.219,82.5,1,et-c-ash.33across.com
5714,cloud4.wakesmart.net,1,doh,31.607,56.548,56.53700000000012,2021.5,3,cloud4.wakesmart.net;fonts.googleapis.com;fonts.gstatic.com
5880,onedriveclubprodbn20005.blob.core.windows.net,1,doh,12.805,12.805,12.805,138.90000000596046,1,onedriveclubprodbn20005.blob.core.windows.net
5418,ios26.ws.prod.cloud.netflix.com,1,doh,17.105,17.105,17.105,138.79999999701977,1,ios26.ws.prod.cloud.netflix.com
6112,pdst.fm,1,doh,0.0,0.0,0.0,125.8999999910593,0,
5656,fitbit.com,1,doh,13.334,183.706,134.98599999999954,3679.9000000059605,16,2542116.fls.doubleclick.net;ad.doubleclick.net;adservice.google.com;fitbit.com;fonts.gstatic.com;googleads.g.doubleclick.net;lh3.googleusercontent.com;ogads-pa.clients6.google.com;play.google.com;ssl.gstatic.com;storage.googleapis.com;www.fitbit.com;www.google-analytics.com;www.google.com;www.googletagmanager.com;www.gstatic.com
6000,cloudidentity.googleapis.com,1,doh,0.0,12.376,12.376000000000005,162.20000000298023,1,www.google.com
5336,resources.digital-cloud.medallia.com,1,doh,26.595,26.595,26.595,371.5,1,resources.digital-cloud.medallia.com
6382,halcyon.ai,1,doh,15.541,820.159,452.76999999999987,2090.9000000059605,53,117171963.intellimizeio.com;401-wch-435.mktoresp.com;a.dpmsrv.com;alb.reddit.com;api.intellimize.co;assets.adoberesources.net;assets.slater.app;b.6sc.co;c.6sc.co;c.bing.com;c.clarity.ms;cdn.bizible.com;cdn.bizibly.com;cdn.intellimize.co;cdn.jsdelivr.net;cdn.prod.website-files.com;consent.cookiebot.com;consentcdn.cookiebot.com;d3e54v103j8qbb.cloudfront.net;go.halcyon.ai;halcyon.ai;hubspotonwebflow.com;ib.adnxs.com;insight.adsrvr.org;ipv6.6sc.co;j.6sc.co;js.storylane.io;js.zi-scripts.com;log.intellimize.co;munchkin.marketo.net;p.typekit.net;pagead2.googlesyndication.com;pixel-config.reddit.com;pixel.mathtag.com;pixel.rubiconproject.com;px.ads.linkedin.com;s.clarity.ms;s.dpmsrv.com;scout-cdn.salesloft.com;scout.salesloft.com;scripts.clarity.ms;slater.app;snap.licdn.com;use.typekit.net;ws-assets.zoominfo.com;ws.zoominfo.com;www.clarity.ms;www.google-analytics.com;www.google.com;www.googletagmanager.com;www.halcyon.ai;www.linkedin.com;www.redditstatic.com
6102,utt.impactcdn.com,1,doh,13.421,13.421,13.421,125.5,1,utt.impactcdn.com
6381,ocsp.r2m04.amazontrust.com,1,doh,15.382,15.382,15.382,89.09999999403954,1,ocsp.r2m04.amazontrust.com
5771,classify-client.services.mozilla.com,1,doh,13.549,13.549,13.549,183.09999999403954,1,classify-client.services.mozilla.com
5776,ex.ingage.tech,1,doh,16.846,16.846,16.846,92.79999999701977,1,ex.ingage.tech
5734,firebasestorage.googleapis.com,1,doh,0.0,4.651,4.6510000000000105,208.30000001192093,1,www.google.com
5357,jsb16-normal-useast5.tiktokv.us,1,doh,18.076,18.076,18.076,121.20000000298023,1,jsb16-normal-useast5.tiktokv.us
6249,www.google.ru,1,doh,0.0,12.629999999999999,12.63000000000011,767.3999999910593,3,ogads-pa.clients6.google.com;play.google.com;www.gstatic.com
5454,check.analytics.rlcdn.com,1,doh,12.334,12.334,12.334,293.40000000596046,1,check.analytics.rlcdn.com
5930,amplify.outbrain.com,1,doh,13.5,13.5,13.5,157,1,amplify.outbrain.com
6366,widget-sg.tiktokv.com,1,doh,15.162,15.162,15.162,368,1,widget-sg.tiktokv.com
5747,sf16-sg.tiktokcdn.com,1,doh,16.782,16.782,16.782,327.5,1,sf16-sg.tiktokcdn.com
5320,sync.visx.net,1,doh,13.658,13.658,13.658,341,1,sync.visx.net
5621,aws.com,1,doh,26.917,362.375,238.4139999999998,3546.3999999910593,20,a.b.cdn.console.awsstatic.com;a0.awsstatic.com;amazonwebservices.d2.sc.omtrdc.net;aws.amazon.com;aws.com;aws.demdex.net;cm.everesttech.net;cx0.m.awsstatic.com;d0.m.awsstatic.com;d1.awsstatic.com;d2c.aws.amazon.com;dpm.demdex.net;edge.adobedc.net;infra-api.us-east-1.prod.mrc-sunrise.marketing.aws.dev;loader.us-east-1.prod.mrc-sunrise.marketing.aws.dev;prod.log.shortbread.aws.dev;prod.pa.cdn.uis.awsstatic.com;t0.m.awsstatic.com;vs.aws.amazon.com;www.youtube.com
5529,pus8-collabhubrtc.officeapps.live.com,1,doh,16.315,16.315,16.315,102.20000000298023,1,pus8-collabhubrtc.officeapps.live.com
6027,google.com.vn,1,doh,0.0,13.659999999999998,13.659999999999968,736.1000000089407,3,ogads-pa.clients6.google.com;play.google.com;www.gstatic.com
5761,gcos.adobe.io,1,doh,15.506,15.506,15.506,87.8999999910593,1,gcos.adobe.io
6047,demandbase.com,1,doh,24.732,741.9979999999999,350.0890000000029,12640.5,46,695-nnn-490.mktoresp.com;alb.reddit.com;analytics.google.com;api.c99.ai;api.channel99.com;api.company-target.com;app-ab48.marketo.com;bat.bing.com;cdn-app.pathfactory.com;cdn.bizible.com;cdn.bizibly.com;cdn.jsdelivr.net;cdn.ketchjs.com;connect.facebook.net;demandbase.com;dev.visualwebsiteoptimizer.com;dsum-sec.casalemedia.com;fonts.googleapis.com;global.ketchcdn.com;googleads.g.doubleclick.net;id.rlcdn.com;js.navattic.com;js.qualified.com;jukebox.pathfactory.com;media.company-target.com;munchkin.marketo.net;ok.demandbase.com;partners.tremorhub.com;pixel-config.reddit.com;pixel.rubiconproject.com;px.ads.linkedin.com;s.adxyield.com;s.company-target.com;segments.company-target.com;snap.licdn.com;static.oktopost.com;tag-logger.demandbase.com;tag.demandbase.com;tracking-api.g2.com;tracking.g2crowd.com;unpkg.com;www.g2.com;www.google.com;www.googletagmanager.com;www.linkedin.com;www.redditstatic.com
5961,aimg.kwcdn.com,1,doh,15.528,15.528,15.528,135.5,1,aimg.kwcdn.com
5472,s.w.org,1,doh,13.037,67.0,56.44899999999995,768.9000000059605,6,i0.wp.com;s.w.org;stats.wp.com;wordpress.org;www.google-analytics.com;www.googletagmanager.com
5652,evergage.com,1,doh,27.333,41.114999999999995,41.114999999999995,230.79999999701977,2,evergage.com;www.salesforce.com
5509,collector.brandmetrics.com,1,doh,13.941,13.941,13.941,137.5,1,collector.brandmetrics.com
6076,r-b8358a07.kinesisvideo.us-west-2.amazonaws.com,1,doh,23.957,23.957,23.957,296,1,r-b8358a07.kinesisvideo.us-west-2.amazonaws.com
6348,agents.amsua0602.manage.microsoft.com,1,doh,0.016,0.016,0.016,431.80000001192093,1,agents.amsua0602.manage.microsoft.com
5780,col.eum-appdynamics.com,1,doh,13.415,13.415,13.415,306,1,col.eum-appdynamics.com
5688,adscale.de,1,doh,26.398,102.971,102.96099999999976,2152.4000000059605,6,adscale.de;analytics.regiohelden.de;consent.cookiebot.com;consentcdn.cookiebot.com;static.cloudflareinsights.com;stroeer.de
6318,tvpnlinupepgpus.samsungcloud.tv,1,doh,13.314,13.314,13.314,340.6000000089407,1,tvpnlinupepgpus.samsungcloud.tv
5285,e4.axon.ai,1,doh,14.977,14.977,14.977,117.90000000596046,1,e4.axon.ai
6331,servedbyadbutler.com,1,doh,13.367,13.367,13.367,121.70000000298023,1,servedbyadbutler.com
5592,m-11e07cd0.kinesisvideo.us-west-2.amazonaws.com,1,doh,28.417,28.417,28.417,305.20000000298023,1,m-11e07cd0.kinesisvideo.us-west-2.amazonaws.com
6179,www.qq.com,1,doh,11.427,4235.54,1755.4310000000003,6551.29999999702,24,apd-70e6a7879c37a15c6fe7921c5ee07674.v.smtcdns.com;h.trace.qq.com;h5.ssp.qq.com;i.news.qq.com;inews.gtimg.com;l.qq.com;mat1.gtimg.com;news.qq.com;news.ssp.qq.com;op.ssp.qq.com;p.l.qq.com;p.qpic.cn;puui.qpic.cn;sports3.gtimg.com;sqt.gtimg.cn;staticfile.qq.com;tnfe.gtimg.com;vd6.l.qq.com;vfiles.gtimg.cn;video.qq.com;vm.gtimg.cn;wa.gtimg.com;wfiles.gtimg.cn;www.qq.com
5487,sync.tubemogul.com,1,doh,14.32,33.91,33.910000000000004,160.1000000089407,2,sync-tm.everesttech.net;sync.tubemogul.com
5770,anydesk.com,1,doh,0.0,31.625,31.62499999999997,369.0100000053644,2,challenges.cloudflare.com;static.cloudflareinsights.com
6079,r-5ed42e69.kinesisvideo.us-west-2.amazonaws.com,1,doh,14.461,14.461,14.461,286.29999999701977,1,r-5ed42e69.kinesisvideo.us-west-2.amazonaws.com
5807,onedriveclubproddm20009.blob.core.windows.net,1,doh,14.299,14.299,14.299,257.5,1,onedriveclubproddm20009.blob.core.windows.net
6387,audible.com,1,doh,13.254,751.2019999999998,307.48000000000013,2511.5,49,aa.agkn.com;ad.doubleclick.net;adobedc.demdex.net;analytics.twitter.com;apps.rokt.com;audible.com;audible.demdex.net;audible.sc.omtrdc.net;bat.bing.com;cm.g.doubleclick.net;connect.facebook.net;cookie-matching.mediarithmics.com;d.impactradius-event.com;d2nttevkh1mtzs.cloudfront.net;d34r8q7sht0t9k.cloudfront.net;dpm.demdex.net;edge.adobedc.net;fls-na.amazon.com;googleads.g.doubleclick.net;ib.adnxs.com;images-na.ssl-images-amazon.com;ipv4.podscribe.com;lciapi.ninthdecimal.com;loadus.exelator.com;m.media-amazon.com;odr.mookie1.com;pi.ispot.tv;pixel.tapad.com;s.amazon-adsystem.com;sb.scorecardresearch.com;sc-static.net;spl.zeotap.com;static.ads-twitter.com;sync.taboola.com;t.co;tr.snapchat.com;uipglob.semasio.net;unagi.amazon.com;us-east-1.prod.adobe-dtm.audible.amazon.dev;us-u.openx.net;user-sync.fwmrm.net;usersync.samplicio.us;verifi.podscribe.com;www.audible.com;www.google.com;www.googletagmanager.com;www.imdb.com;www.merchant-center-analytics.goog;x.bidswitch.net
6273,pusher.uber.com,1,doh,13.661,13.661,13.661,90.3999999910593,1,pusher.uber.com
5841,images-eds-ssl.xboxlive.com,1,doh,13.333,13.333,13.333,216.8999999910593,1,images-eds-ssl.xboxlive.com
6196,east-tps.us.code42.com,1,doh,16.92,16.92,16.92,156.8999999910593,1,east-tps.us.code42.com
6414,afs.ampaeservices.com,1,doh,12.216,12.216,12.216,118.1000000089407,1,afs.ampaeservices.com
5859,bytedance.com,1,doh,16.721,99.954,86.63499999999976,2583.7999999970198,6,bytedance.com;mon-va.byteoversea.com;p16.tiktokcdn.com;sf16-scmcdn-sg.ibytedtos.com;sf16-scmcdn-va.ibytedtos.com;www.bytedance.com
5291,gateway.zscalertwo.net,1,doh,12.056,26.467,26.467,169.40000000596046,2,gateway.zscalertwo.net;login.zscalertwo.net
5278,i.ebayimg.com,1,doh,13.896,13.896,13.896,137,1,i.ebayimg.com
5368,i.manage.microsoft.com,1,doh,0.011,91.624,64.53499999999991,1106.5999999940395,7,aadcdn.msftauth.net;browser.events.data.microsoft.com;i.manage.microsoft.com;intune.microsoft.com;login.live.com;login.microsoftonline.com;portal.azure.com
5328,cdn.ketchjs.com,1,doh,16.93,16.93,16.93,122.30000001192093,1,cdn.ketchjs.com
6207,eus-r.w.inmobi.com,1,doh,15.296,15.296,15.296,92.69999998807907,1,eus-r.w.inmobi.com
5912,samanage.com,1,doh,24.294,39.009,39.009,262.30000001192093,2,samanage.com;www.solarwinds.com
5516,ip-info.ff.avast.com,1,doh,13.106,13.106,13.106,281.70000000298023,1,ip-info.ff.avast.com
5275,sdkconfig.intl.xiaomi.com,1,doh,16.277,16.277,16.277,785.7999999970198,1,sdkconfig.intl.xiaomi.com
6083,api.gallery.intl.miui.com,1,doh,14.62,14.62,14.62,778.2000000029802,1,api.gallery.intl.miui.com
5695,broadband.espn.com,1,doh,13.314,13.314,13.314,69.80000001192093,1,broadband.espn.com
6025,cdn-creatives-cf-prd.acquire.unity3dusercontent.com,1,doh,14.022,14.022,14.022,151.09999999403954,1,cdn-creatives-cf-prd.acquire.unity3dusercontent.com
5501,o33249.ingest.us.sentry.io,1,doh,13.471,13.471,13.471,189.79999999701977,1,o33249.ingest.us.sentry.io
5261,braze.eu,1,doh,19.648,464.5570000000001,219.91500000000016,1116.4000000059605,32,analytics.google.com;braze.eu;cdn.cookielaw.org;cdn.microad.jp;cdn.pdst.fm;cdn.sanity.io;cm.g.doubleclick.net;connect.facebook.net;dev.visualwebsiteoptimizer.com;dpm.demdex.net;edge.fullstory.com;geolocation.onetrust.com;googleads.g.doubleclick.net;ib.adnxs.com;insight.adsrvr.org;j.6sc.co;js.adsrvr.org;js.qualified.com;munchkin.marketo.net;pixel.rubiconproject.com;pixels.spotify.com;rules.quantcount.com;s.yimg.com;secure.quantserve.com;snap.licdn.com;stats.g.doubleclick.net;tags.srv.stackadapt.com;tracking.g2crowd.com;www.braze.com;www.google.com;www.googletagmanager.com;www.redditstatic.com
6261,www.lenovo.com,1,doh,16.713,1193.6100000000004,684.9850000000007,2064,67,11829995.fls.doubleclick.net;183-wct-620.mktoresp.com;a2.adform.net;aa.agkn.com;ad.doubleclick.net;adobedc.demdex.net;adservice.google.com;alb.reddit.com;analytics.google.com;analytics.tiktok.com;api.bluecore.com;assets.adobedtm.com;c.bing.com;c.evidon.com;c.go-mpulse.net;c1-ofp.static.pub;cdn.flashtalking.com;cdn.mgln.ai;cdn.quantummetric.com;cl.qualaroo.com;cm.g.doubleclick.net;colrep.sitelabweb.com;connect.facebook.net;digitalfeedback.us.confirmit.com;dpm.demdex.net;fm.flashtalking.com;googleads.g.doubleclick.net;gs.nmgassets.com;gum.criteo.com;ib.adnxs.com;idsync.rlcdn.com;ingest.quantummetric.com;j1-ofp.static.pub;l.evidon.com;match.adsrvr.org;ml314.com;munchkin.marketo.net;openapi.lenovo.com;p2-ofp.static.pub;p3-ofp.static.pub;ping.pdst.fm;pixel-config.reddit.com;pixel.rubiconproject.com;pixel.tapad.com;px.ads.linkedin.com;rules.quantcount.com;s.amazon-adsystem.com;s.lenovo.com;s2.go-mpulse.net;s7d1.scene7.com;sc-static.net;secure.quantserve.com;servedby.flashtalking.com;snap.licdn.com;stats.g.doubleclick.net;sync.crwdcntrl.net;tr.snapchat.com;us3-cdn.inside-graph.com;us3-live.inside-graph.com;us3-track.inside-graph.com;www.google-analytics.com;www.google.com;www.googleadservices.com;www.googletagmanager.com;www.lenovo.com;www.linkedin.com;www.redditstatic.com
6264,consent.cookiebot.com,1,doh,19.965,19.965,19.965,235.09999999403954,1,consent.cookiebot.com
5965,api.intuit.com,1,doh,36.351,36.351,36.351,347.40000000596046,1,api.intuit.com
6216,api.sec.intl.miui.com,1,doh,14.74,14.74,14.74,794.2000000029802,1,api.sec.intl.miui.com
5893,consentcdn.cookiebot.com,1,doh,15.407,15.407,15.407,321.70000000298023,1,consentcdn.cookiebot.com
5672,sparteo.com,1,doh,17.253,206.793,134.971,1129.2999999970198,12,cdn.jsdelivr.net;cdn.prod.website-files.com;corporate.sparteo.com;d3e54v103j8qbb.cloudfront.net;matomo.platform-k8s.bricks-co.com;pbsj.bricks-co.com;sparteo.com;static.fastcmp.com;sync.sparteo.com;t.fastcmp.com;www.google.com;www.gstatic.com
5994,cloudsearch.googleapis.com,1,doh,0.0,14.632,14.632000000000005,231.30000001192093,1,www.google.com
5851,dnacdn.net,1,doh,13.569,13.569,13.569,87.90000000596046,1,dnacdn.net
5494,cached-ad-b.fyber.com,1,doh,14.482,14.482,14.482,90,1,cached-ad-b.fyber.com
5443,is2-ssl.mzstatic.com,1,doh,14.658,14.658,14.658,88.79999999701977,1,is2-ssl.mzstatic.com
5865,track.adform.net,1,doh,14.023,14.023,14.023,397.40000000596046,1,track.adform.net
5606,restrict.youtube.com,1,doh,0.0,16.268,16.268,249.79999999701977,1,www.google.com
5369,eventstream.ring.com,1,doh,16.139,16.139,16.139,84.30000001192093,1,eventstream.ring.com
5758,zebra.com,1,doh,19.573,590.3739999999999,381.5380000000001,2825.7000000029802,37,ad.doubleclick.net;api.company-target.com;app.gatedcontent.com;assets.adobedtm.com;cdn.cookielaw.org;cdn.evgnet.com;cm.everesttech.net;connect.facebook.net;dpm.demdex.net;dsum-sec.casalemedia.com;fls.doubleclick.net;geolocation.onetrust.com;googleads.g.doubleclick.net;id.rlcdn.com;mktg.zebra.com;p.typekit.net;partners.tremorhub.com;pi.pardot.com;pixel.rubiconproject.com;ptr.zebra.com;s.company-target.com;scripts.demandbase.com;segments.company-target.com;static.cloud.coveo.com;storage.googleapis.com;stripes.zebra.com;svc.zebra.com;swebmetrics.zebra.com;tag-logger.demandbase.com;use.typekit.net;www.google.com;www.googleadservices.com;www.googletagmanager.com;www.zebra.com;zebra.com;zebra.us-1.evergage.com;zebratechnologies.demdex.net
5955,gspe11-ssl.ls.apple.com,1,doh,17.627,17.627,17.627,86.29999999701977,1,gspe11-ssl.ls.apple.com
6344,google.com.ph,1,doh,0.0,12.725,12.725000000000136,747.0999999940395,3,ogads-pa.clients6.google.com;play.google.com;www.gstatic.com
6431,gbl.his.arc.azure.com,1,doh,15.574,15.574,15.574,718.7999999970198,1,gbl.his.arc.azure.com
5455,js.appboycdn.com,1,doh,15.628,15.628,15.628,154.1000000089407,1,js.appboycdn.com
5837,i5.walmartimages.com,1,doh,15.358,15.358,15.358,215.79999999701977,1,i5.walmartimages.com
5897,cnn.com,1,doh,15.682,15.682,15.682,128.8999999910593,1,cnn.com
5722,search16-normal-c-useast1a.tiktokv.com,1,doh,15.654,15.654,15.654,108.79999999701977,1,search16-normal-c-useast1a.tiktokv.com
5334,router.infolinks.com,1,doh,15.325,15.325,15.325,112.59999999403954,1,router.infolinks.com
6208,sg.semasio.net,1,doh,15.215,15.215,15.215,279.09999999403954,1,sg.semasio.net
5532,mimecast.com,1,doh,28.694,813.156,440.5509999999993,1379.7000000029802,47,336-tau-594.mktoresp.com;a.usbrowserspeed.com;alb.reddit.com;analytics.google.com;api.cr-relay.com;assets.mimecast.com;bat.bing.com;bttrack.com;c.clarity.ms;cdn.bttrack.com;cdn.cookielaw.org;cdn.cr-relay.com;cdn.jsdelivr.net;cdn.mouseflow.com;cdn.optimizely.com;di.rlcdn.com;epsilon.6sense.com;eu.api.fpjs.io;fpjscdn.net;geolocation.onetrust.com;googleads.g.doubleclick.net;ipv6.6sc.co;j.6sc.co;lonrtp1-cdn.marketo.com;lonrtp1.marketo.com;mimecast.com;munchkin.marketo.net;pixel-config.reddit.com;pixel.byspotify.com;px.ads.linkedin.com;rtp-static.marketo.com;s.clarity.ms;scout-cdn.salesloft.com;scout.salesloft.com;scripts.clarity.ms;snap.licdn.com;stats.g.doubleclick.net;tracker.pixeltracker.co;ug-webapp-public-production.s3.amazonaws.com;unpkg.com;use.typekit.net;www.clarity.ms;www.google.com;www.googletagmanager.com;www.linkedin.com;www.mimecast.com;www.redditstatic.com
540,3lift.com,1,doh,27.854,264.97799999999995,171.52799999999985,1041.9000000059605,17,3lift.com;app.usercentrics.eu;cdn.jsdelivr.net;cm.g.doubleclick.net;forms-na1.hsforms.com;forms.hsforms.com;ib.adnxs.com;insight.adsrvr.org;js.adsrvr.org;js.hs-analytics.net;js.hs-banner.com;js.hs-scripts.com;js.hsforms.net;pixel.rubiconproject.com;track.hubspot.com;triplelift.com;www.googletagmanager.com
5849,shared.steamstatic.com,1,doh,16.174,16.174,16.174,172.69999998807907,1,shared.steamstatic.com
5883,onedriveclubprodbn20009.blob.core.windows.net,1,doh,14.902,14.902,14.902,129.20000000298023,1,onedriveclubprodbn20009.blob.core.windows.net
6119,px.owneriq.net,1,doh,15.329,15.329,15.329,93,1,px.owneriq.net
5842,onedriveclubproddm20008.blob.core.windows.net,1,doh,15.663,15.663,15.663,221.1000000089407,1,onedriveclubproddm20008.blob.core.windows.net
5462,rtb.adgrx.com,1,doh,14.638,14.638,14.638,133.79999999701977,1,rtb.adgrx.com
6464,snssdk.com,1,doh,17.32,2002.4470000000001,1869.6600000000005,6426.9000000059605,5,app.toutiao.com;lf-toutiao-ug-dns.toutiaocdn.com;lf3-cdn-tos.bytescm.com;lf3-luckycat.byteug.com;snssdk.com
5753,tags.creativecdn.com,1,doh,15.368,15.368,15.368,242.8999999910593,1,tags.creativecdn.com
5265,img.particlenews.com,1,doh,13.124,13.124,13.124,236.5,1,img.particlenews.com
6153,udc.yahoo.com,1,doh,13.667,13.667,13.667,277.1000000089407,1,udc.yahoo.com
6036,dc.applicationinsights.microsoft.com,1,doh,54.404,54.404,54.404,164.90000000596046,1,dc.applicationinsights.microsoft.com
5525,auction-load.unityads.unity3d.com,1,doh,14.104,14.104,14.104,111.6000000089407,1,auction-load.unityads.unity3d.com
5617,sprig.com,1,doh,28.566,88.91000000000001,44.789000000000016,679.5,4,cdn.jsdelivr.net;cdn.prod.website-files.com;d3e54v103j8qbb.cloudfront.net;sprig.com
6160,merchant-ui-api.stripe.com,1,doh,16.76,1087.445,567.5040000000004,1528.2000000029802,47,ad.doubleclick.net;adservice.google.com;alb.reddit.com;analytics.google.com;analytics.twitter.com;api.company-target.com;apm.yahoo.co.jp;attr-td.ml-api.io;b.stripecdn.com;b91.yahoo.co.jp;bat.bing.com;dsum-sec.casalemedia.com;ext.stripe.com;googleads.g.doubleclick.net;id.rlcdn.com;images.stripeassets.com;js.zi-scripts.com;match.adsrvr.org;merchant-ui-api.stripe.com;munchkin.marketo.net;partners.tremorhub.com;pixel-config.reddit.com;pixel.byspotify.com;pixel.rubiconproject.com;pixels.spotify.com;px.ads.linkedin.com;q.quora.com;q.stripe.com;r.stripe.com;s.company-target.com;s.yimg.jp;segments.company-target.com;snap.licdn.com;static.ads-twitter.com;stats.g.doubleclick.net;stripe.com;t.co;tag-logger.demandbase.com;tag.demandbase.com;tag.flvcdn.net;ws.zoominfo.com;www.facebook.com;www.google-analytics.com;www.google.com;www.googletagmanager.com;www.linkedin.com;www.redditstatic.com
6010,tr-ecs-atm.office.com,1,doh,15.909,57.879999999999995,57.88000000000006,699,4,aadcdn.msauth.net;login.microsoftonline.com;res.public.onecdn.static.microsoft;tr-ecs-atm.office.com
6453,scriptsstorage.azureedge.net,1,doh,15.501,15.501,15.501,105.59999999403954,1,scriptsstorage.azureedge.net
5419,api.livechatinc.com,1,doh,17.932,17.932,17.932,156.70000000298023,1,api.livechatinc.com
5340,api.forter.com,1,doh,54.122,54.122,54.122,135.29999999701977,1,api.forter.com
5898,ads.scorecardresearch.com,1,doh,16.024,16.024,16.024,107.8999999910593,1,ads.scorecardresearch.com
6472,chromesyncentities-pa.googleapis.com,1,doh,0.0,12.95,12.949999999999989,163.3999999910593,1,www.google.com
5725,search16-normal-no1a.tiktokv.eu,1,doh,16.753,16.753,16.753,423.30000001192093,1,search16-normal-no1a.tiktokv.eu
6317,mt-usw.appiersig.com,1,doh,15.392,15.392,15.392,145,1,mt-usw.appiersig.com
6460,l.clarity.ms,1,doh,18.709,18.709,18.709,94.79999999701977,1,l.clarity.ms
5520,android.prod.cloud.netflix.com,1,doh,15.253,15.253,15.253,148.5,1,android.prod.cloud.netflix.com
6037,static.admaster.cc,1,doh,13.523,13.523,13.523,450,1,static.admaster.cc
6405,s4.histats.com,1,doh,14.26,14.26,14.26,117.70000000298023,1,s4.histats.com
5651,pixel.quantcount.com,1,doh,14.867,14.867,14.867,77,1,pixel.quantcount.com
6309,static-cdn.strpst.com,1,doh,15.006,15.006,15.006,275.29999999701977,1,static-cdn.strpst.com
5435,dealer.spotify.com,1,doh,15.272,15.272,15.272,102,1,dealer.spotify.com
5750,search.yahoo.com,1,doh,13.976,66.569,53.21800000000019,2835.8999999910593,4,s.yimg.com;search.yahoo.com;www.google-analytics.com;www.googletagmanager.com
5371,ib.mookie1.com,1,doh,18.194,18.194,18.194,175.90000000596046,1,ib.mookie1.com
5913,aadcdn.msauthimages.net,1,doh,15.256,15.256,15.256,432.19999998807907,1,aadcdn.msauthimages.net
6016,one.one,1,doh,123.426,473.236,473.23600000000016,2107.7000000029802,3,one.one;webapps.group-cdn.one;www.one.com
6487,ads.adfox.ru,1,doh,11.759,11.759,11.759,673.7000000029802,1,ads.adfox.ru
6241,tag.wknd.ai,1,doh,14.901,14.901,14.901,88.70000000298023,1,tag.wknd.ai
5381,js-cdn.dynatrace.com,1,doh,13.84,841.383,541.6169999999997,1823,42,352-nvo-562.mktoresp.com;9976700.fls.doubleclick.net;a.usbrowserspeed.com;ad.doubleclick.net;adservice.google.com;alb.reddit.com;b.6sc.co;bat.bing.com;bf25977vwq.bf.dynatrace.com;c.6sc.co;cdn.calibermind.com;cdn.cookielaw.org;cdn.dm.dynatrace.com;cdn.hub.central.dynatrace.com;dt-cdn.net;e.calibermind.com;epsilon.6sense.com;geolocation.onetrust.com;googleads.g.doubleclick.net;ipv6.6sc.co;ixfd-api.bc0a.com;j.6sc.co;js-cdn.dynatrace.com;munchkin.marketo.net;paapi9296.d41.co;pixel-config.reddit.com;px.ads.linkedin.com;ruxit.com;secure.adnxs.com;snap.licdn.com;static.hotjar.com;t.influ2.com;tags.srv.stackadapt.com;v2.d41.co;ws.zoominfo.com;www.dynatrace.com;www.google-analytics.com;www.google.com;www.googletagmanager.com;www.influ2.com;www.linkedin.com;www.redditstatic.com
6108,mssdk16-normal-alisg.tiktokv.com,1,doh,15.274,15.274,15.274,358.70000000298023,1,mssdk16-normal-alisg.tiktokv.com
6150,na-f.api.amazonvideo.com,1,doh,23.678,23.678,23.678,118,1,na-f.api.amazonvideo.com
5956,us06web.zoom.us,1,doh,15.823,848.7570000000004,400.19799999999964,1391.9000000059605,62,3.212.39.155;9513928.fls.doubleclick.net;ad.doubleclick.net;adservice.google.com;alb.reddit.com;analytics.twitter.com;api.company-target.com;bat.bing.com;c.contentsquare.net;cdn.amplitude.com;cdn.bc0a.com;cdn.cookielaw.org;cdn.jsdelivr.net;cdn.metadata.io;cm.g.doubleclick.net;collector-29673.us.tvsquared.com;connect.facebook.net;csxd.contentsquare.net;dsum-sec.casalemedia.com;dx.mountain.com;geolocation.onetrust.com;googleads.g.doubleclick.net;id.rlcdn.com;ixfd2-api.bc0a.com;js.zi-scripts.com;partners.tremorhub.com;pixel-config.reddit.com;pixel.byspotify.com;pixel.rubiconproject.com;px.adentifi.com;px.ads.linkedin.com;s.company-target.com;s.usea01.idio.episerver.net;s.yimg.jp;scout-cdn.salesloft.com;scout.salesloft.com;segments.company-target.com;snap.licdn.com;sr-client-cfg.amplitude.com;st1.zoom.us;static.ads-twitter.com;static.cloudflareinsights.com;t.co;t.contentsquare.net;tag-logger.demandbase.com;tag.demandbase.com;tracking-api.g2.com;tracking.g2crowd.com;trkn.us;us.telemetry.zoom.us;us01campaign.zoom.us;us06web.zoom.us;utt.impactcdn.com;ws-assets.zoominfo.com;ws.zoominfo.com;www.google.com;www.googletagmanager.com;www.linkedin.com;www.redditstatic.com;www.zoom.com;zoom.sjv.io;zoom.us
6400,tpmn.io,1,doh,16.73,28.195999999999998,28.19600000000001,1561.7000000029802,2,ajax.googleapis.com;tpmn.io
5726,lens.google.com,1,doh,0.0,12.290000000000001,12.290000000000077,836.3999999910593,3,ogads-pa.clients6.google.com;play.google.com;www.gstatic.com
5627,p77-sg.tiktokcdn.com,1,doh,21.598,21.598,21.598,411.20000000298023,1,p77-sg.tiktokcdn.com
6310,res-2-dod.cdn.office.net,1,doh,17.41,17.41,17.41,322.6000000089407,1,res-2-dod.cdn.office.net
5326,reachable.webex.com,1,doh,13.73,13.73,13.73,86.40000000596046,1,reachable.webex.com
5613,gsp53-ssl.ls.apple.com,1,doh,15.226,15.226,15.226,112.90000000596046,1,gsp53-ssl.ls.apple.com
6336,nam11.safelinks.protection.outlook.com,1,doh,22.664,22.664,22.664,143.1000000089407,1,nam11.safelinks.protection.outlook.com
5631,cdn.optable.co,1,doh,17.832,408.4410000000001,229.1990000000001,2585.5,27,ajax.googleapis.com;analytics.google.com;cdn.jsdelivr.net;cdn.optable.co;cdn.prod.website-files.com;cdn.weglot.com;d3e54v103j8qbb.cloudfront.net;fonts.googleapis.com;fonts.gstatic.com;forms-na1.hsforms.com;forms.hsforms.com;googleads.g.doubleclick.net;js.hs-analytics.net;js.hs-banner.com;js.hs-scripts.com;js.hscollectedforms.net;js.hsforms.net;optable.co;px.ads.linkedin.com;snap.licdn.com;stats.g.doubleclick.net;track.hubspot.com;www.google-analytics.com;www.google.com;www.googletagmanager.com;www.linkedin.com;www.optable.co
6077,entitlement.diagnostics.office.com,1,doh,30.406,30.406,30.406,149,1,entitlement.diagnostics.office.com
6237,production-categorizations-device-api.lsfilter.com,1,doh,13.685,13.685,13.685,82.70000000298023,1,production-categorizations-device-api.lsfilter.com
6442,workspaceone.com,1,doh,31.798,57.748999999999995,57.748999999999995,202,2,workspaceone.com;www.omnissa.com
6330,pix.pub,1,doh,13.919,13.919,13.919,127.40000000596046,1,pix.pub
6404,service-media-catalog.clusters.pluto.tv,1,doh,17.248,17.248,17.248,101.8999999910593,1,service-media-catalog.clusters.pluto.tv
5283,ios26.push.prod.netflix.com,1,doh,14.765,14.765,14.765,132,1,ios26.push.prod.netflix.com
6026,validation.identrust.com,1,doh,20.474,207.224,158.772,1591.7000000029802,12,analytics.google.com;cdn.cookielaw.org;cdn.voiceflow.com;cm4-production-assets.s3.amazonaws.com;geolocation.onetrust.com;p.typekit.net;stats.g.doubleclick.net;use.typekit.net;validation.identrust.com;widget.trustpilot.com;www.googletagmanager.com;www.identrust.com
5481,gateway.icloud.com.cn,1,doh,90.206,90.206,90.206,975.6999999880791,1,gateway.icloud.com.cn
5474,csp-reporting.cloudflare.com,1,doh,13.995,13.995,13.995,115.29999999701977,1,csp-reporting.cloudflare.com
5362,prod.otel.kaizen.nvidia.com,1,doh,15.269,15.269,15.269,88.70000000298023,1,prod.otel.kaizen.nvidia.com
6168,cr.adsappier.com,1,doh,21.359,21.359,21.359,592.5,1,cr.adsappier.com
5716,tps-dn-uw1.doubleverify.com,1,doh,17.056,17.056,17.056,527.2999999970198,1,tps-dn-uw1.doubleverify.com
5968,websocket.app.pdq.com,1,doh,12.2,12.2,12.2,104.1000000089407,1,websocket.app.pdq.com
6363,adrevenue.appsflyersdk.com,1,doh,18.281,18.281,18.281,161.79999999701977,1,adrevenue.appsflyersdk.com
5274,staticcdn.duckduckgo.com,1,doh,15.216,15.216,15.216,137.90000000596046,1,staticcdn.duckduckgo.com
6246,agents-na.epm.cyberark.com,1,doh,14.387,14.387,14.387,89.70000000298023,1,agents-na.epm.cyberark.com
6174,xhamster.com,1,doh,16,16.0,16.0,419.59999999403954,1,xhamster.com
6226,naver.com,1,doh,23.247,1625.96,1117.674,1872.5,14,gfd-phinf.pstatic.net;nam.veta.naver.com;naver.com;ntm.pstatic.net;pm.pstatic.net;recoshopping.naver.com;s.pstatic.net;search.naver.com;shopsquare.naver.com;siape.veta.naver.com;spastatic.naver.com;ssl.pstatic.net;tivan.naver.com;www.naver.com
5896,fitbitvestibuleshim-pa.googleapis.com,1,doh,0.0,17.77,17.77000000000001,239.09999999403954,1,www.google.com
5358,jsb16-normal-useast8.tiktokv.us,1,doh,22.044,22.044,22.044,139.90000000596046,1,jsb16-normal-useast8.tiktokv.us
5702,update-windows.grammarly.com,1,doh,20.643,20.643,20.643,153.79999999701977,1,update-windows.grammarly.com
5902,google.ru,1,doh,0.0,13.963,13.963000000000022,704.2000000029802,3,ogads-pa.clients6.google.com;play.google.com;www.gstatic.com
6292,zalo.me,1,doh,281.717,585.079,572.2779999999999,4847.20000000298,4,www.google-analytics.com;www.googletagmanager.com;zalo-site.zadn.vn;zalo.me
6278,d.lazybumblebee.com,1,doh,14.244,14.244,14.244,177.29999999701977,1,d.lazybumblebee.com
5639,user-data-us-east.bidswitch.net,1,doh,15.251,15.251,15.251,124.29999999701977,1,user-data-us-east.bidswitch.net
5762,us-east-sync.bidswitch.net,1,doh,16.834,16.834,16.834,124.69999998807907,1,us-east-sync.bidswitch.net
6068,push.prod.us-west-2.internal.dradis.netflix.com,1,doh,18.712,18.712,18.712,299.3999999910593,1,push.prod.us-west-2.internal.dradis.netflix.com
5383,su.itunes.apple.com,1,doh,17.773,17.773,17.773,107.5,1,su.itunes.apple.com
5683,m-8a150cee.kinesisvideo.us-west-2.amazonaws.com,1,doh,17.895,17.895,17.895,314.1000000089407,1,m-8a150cee.kinesisvideo.us-west-2.amazonaws.com
5426,rebus.rustore.ru,1,doh,16.455,16.455,16.455,480.29999999701977,1,rebus.rustore.ru
5781,csgdtm-svc-agent.dell.com,1,doh,17.668,17.668,17.668,130.1000000089407,1,csgdtm-svc-agent.dell.com
6114,onedriveclubprodbn20003.blob.core.windows.net,1,doh,25.664,25.664,25.664,150.69999998807907,1,onedriveclubprodbn20003.blob.core.windows.net
5296,ota.onecloud.harman.com,1,doh,14.985,14.985,14.985,144.90000000596046,1,ota.onecloud.harman.com
5938,bidtheatre.com,1,doh,29.573,285.079,162.05500000000015,3593.6000000089407,15,ajax.googleapis.com;bidtheatre.com;cdn.prod.website-files.com;cdn.weglot.com;challenges.cloudflare.com;consent.cookiebot.com;consentcdn.cookiebot.com;d3e54v103j8qbb.cloudfront.net;fonts.googleapis.com;fonts.gstatic.com;www.bidtheatre.com;www.google-analytics.com;www.google.com;www.googletagmanager.com;www.gstatic.com
6051,sirius.threatdown.com,1,doh,22.933,22.933,22.933,115.5,1,sirius.threatdown.com
5591,m-d73cdb00.kinesisvideo.us-west-2.amazonaws.com,1,doh,15.372,15.372,15.372,291.5,1,m-d73cdb00.kinesisvideo.us-west-2.amazonaws.com
5660,posthog.com,1,doh,21.697,54.211999999999996,54.21200000000002,2238.7000000029802,3,internal-c.posthog.com;posthog.com;res.cloudinary.com
6117,r-a523ff0f.kinesisvideo.us-west-2.amazonaws.com,1,doh,17.973,17.973,17.973,310.29999999701977,1,r-a523ff0f.kinesisvideo.us-west-2.amazonaws.com
5673,brave-core-ext.s3.brave.com,1,doh,15.899,15.899,15.899,88.90000000596046,1,brave-core-ext.s3.brave.com
5789,wordpress.com,1,doh,15.299,217.15999999999997,132.46300000000002,1473.8999999910593,16,accounts.google.com;bat.bing.com;cdn.parsely.com;connect.facebook.net;googleads.g.doubleclick.net;p1.parsely.com;public-api.wordpress.com;refer.wordpress.com;s0.wp.com;static.hotjar.com;stats.wp.com;wordpress.com;wpcom.files.wordpress.com;www.google-analytics.com;www.google.com;www.googletagmanager.com
5575,snapshotsgw.prod.gws.ring.amazon.dev,1,doh,15.704,15.704,15.704,77.5,1,snapshotsgw.prod.gws.ring.amazon.dev
5414,adsbynimbus.com,1,doh,30.193,137.573,91.72799999999997,1029.8999999910593,6,adsbynimbus.com;cdn.prod.website-files.com;d3e54v103j8qbb.cloudfront.net;www.adsbynimbus.com;www.google-analytics.com;www.googletagmanager.com
5937,api-safetrack.branch.io,1,doh,16.598,180.202,152.82399999999978,1275,9,api-safetrack.branch.io;branch.io;cdn.cookielaw.org;click.prod.mplat-ppcprotect.com;client.prod.mplat-ppcprotect.com;geolocation.onetrust.com;www.branch.io;www.google.com;www.googletagmanager.com
5648,m-75621fd6.kinesisvideo.us-west-2.amazonaws.com,1,doh,17.164,17.164,17.164,313.70000000298023,1,m-75621fd6.kinesisvideo.us-west-2.amazonaws.com
5556,m-72556905.kinesisvideo.us-west-2.amazonaws.com,1,doh,14.704,14.704,14.704,311.3999999910593,1,m-72556905.kinesisvideo.us-west-2.amazonaws.com
5918,appleid.apple.com,1,doh,14.901,105.978,62.89800000000024,1216.5,8,account.apple.com;appleid.apple.com;appleid.cdn-apple.com;apps.apple.com;auth.apps.apple.com;buy.apps.apple.com;www.apple.com;xp.apple.com
6087,jivox.com,1,doh,28.919,420.60799999999995,264.8469999999999,1730.6000000089407,30,api-na2.hubapi.com;c.bing.com;c.clarity.ms;cdn.cookielaw.org;connect.facebook.net;davincicommerce.ai;davincilive.wpenginepowered.com;davincistage.wpengine.com;fonts.gstatic.com;googleads.g.doubleclick.net;jivox.com;js-na2.hs-analytics.net;js-na2.hs-banner.com;js-na2.hsadspixel.net;js-na2.hscollectedforms.net;js-na2.hubspot.com;js.hs-scripts.com;js.zi-scripts.com;perf-na2.hsforms.com;px.ads.linkedin.com;s.clarity.ms;scripts.clarity.ms;snap.licdn.com;track-na2.hubspot.com;ws.zoominfo.com;www.clarity.ms;www.google-analytics.com;www.google.com;www.googletagmanager.com;www.linkedin.com
6183,search16-normal-c-alisg.tiktokv.com,1,doh,20.813,20.813,20.813,328.79999999701977,1,search16-normal-c-alisg.tiktokv.com
5349,client.smartthings.com,1,doh,16.132,16.132,16.132,88.80000001192093,1,client.smartthings.com
5594,res-4.public.onecdn.static.microsoft,1,doh,29.958,29.958,29.958,423.79999999701977,1,res-4.public.onecdn.static.microsoft
6029,corewell.data.us.nexthink.cloud,1,doh,46.287,46.287,46.287,166,1,corewell.data.us.nexthink.cloud
6419,api.ams.gcc.teams.microsoft.com,1,doh,30.448,30.448,30.448,118.59999999403954,1,api.ams.gcc.teams.microsoft.com
5587,m-555f26aa.kinesisvideo.us-west-2.amazonaws.com,1,doh,15.065,15.065,15.065,288.90000000596046,1,m-555f26aa.kinesisvideo.us-west-2.amazonaws.com
5767,us.tvsquared.com,1,doh,20.433,20.433,20.433,158,1,us.tvsquared.com
5861,webpost2.itsupport247.net,1,doh,31.837,31.837,31.837,166,1,webpost2.itsupport247.net
5367,rtbc-ue1.doubleverify.com,1,doh,14.056,14.056,14.056,101.79999999701977,1,rtbc-ue1.doubleverify.com
6280,mac-extension.femetrics.grammarly.io,1,doh,15.622,15.622,15.622,87.5,1,mac-extension.femetrics.grammarly.io
5510,westus2-2.in.applicationinsights.azure.com,1,doh,16.926,16.926,16.926,418.5,1,westus2-2.in.applicationinsights.azure.com
5813,apis.mail.yahoo.com,1,doh,16.052,77.816,47.856000000000016,183.59999999403954,4,apis.mail.yahoo.com;bcn.fp.yahoo.com;geo.yahoo.com;s.yimg.com
6277,z.clarity.ms,1,doh,18.947,18.947,18.947,110.70000000298023,1,z.clarity.ms
6060,onedriveclubprodbn20004.blob.core.windows.net,1,doh,15.117,15.117,15.117,139.80000001192093,1,onedriveclubprodbn20004.blob.core.windows.net
6423,res.dod.cdn.office.net,1,doh,16.369,16.369,16.369,433.8999999910593,1,res.dod.cdn.office.net
5921,events.tremorhub.com,1,doh,30.389,30.389,30.389,101.79999999701977,1,events.tremorhub.com
5549,sportradarserving.com,1,doh,23.77,190.85100000000003,177.382,1749.5,8,cdn-ileimjk.nitrocdn.com;fonts.gstatic.com;nitroscripts.com;sportradar.com;sportradarserving.com;to.getnitropack.com;www.google.com;www.sportradar.com
5544,accounts.firefox.com,1,doh,19.089,51.44,49.28000000000003,409.1000000089407,3,accounts.firefox.com;cdn.accounts.firefox.com;o1069899.ingest.sentry.io
5314,features.netscalergateway.net,1,doh,23.68,23.68,23.68,208,1,features.netscalergateway.net
5680,pixel.wp.com,1,doh,28.234,230.56099999999998,155.90500000000003,1392.7999999970198,16,accounts.google.com;bat.bing.com;cdn.parsely.com;connect.facebook.net;googleads.g.doubleclick.net;p1.parsely.com;pixel.wp.com;public-api.wordpress.com;refer.wordpress.com;s0.wp.com;static.hotjar.com;wordpress.com;wpcom.files.wordpress.com;www.google-analytics.com;www.google.com;www.googletagmanager.com
6450,sportscenter.api.espn.com,1,doh,12.777,12.777,12.777,93.3999999910593,1,sportscenter.api.espn.com
5324,gcs-us-00003.content-storage-download.googleapis.com,1,doh,16.094,16.094,16.094,134,1,gcs-us-00003.content-storage-download.googleapis.com
5801,android.bugly.qq.com,1,doh,13.98,13.98,13.98,1587.6000000089407,1,android.bugly.qq.com
6500,google.de,1,doh,0.0,12.324,12.32400000000007,650.5,3,ogads-pa.clients6.google.com;play.google.com;www.gstatic.com
5834,onedriveclubproddm20002.blob.core.windows.net,1,doh,13.176,13.176,13.176,203.79999999701977,1,onedriveclubproddm20002.blob.core.windows.net
6432,ads-sdk-gateway.prd.mz.internal.unity3d.com,1,doh,15.197,15.197,15.197,106.59999999403954,1,ads-sdk-gateway.prd.mz.internal.unity3d.com
5905,onedriveclubprodbn20016.blob.core.windows.net,1,doh,13.794,13.794,13.794,138.3999999910593,1,onedriveclubprodbn20016.blob.core.windows.net
6307,c.betrad.com,1,doh,12.367,12.367,12.367,107.8999999910593,1,c.betrad.com
5500,skyapi.live.net,1,doh,11.821,11.821,11.821,100.40000000596046,1,skyapi.live.net
6295,p0-pu-private-useast8.tiktokv.us,1,doh,14.552,14.552,14.552,173.20000000298023,1,p0-pu-private-useast8.tiktokv.us
5266,stats.pandora.com,1,doh,12.19,12.19,12.19,89.3999999910593,1,stats.pandora.com
5521,ccp-lh.googleusercontent.com,1,doh,0.0,13.572,13.572000000000003,1135.7999999970198,1,www.google.com
6041,shb-sync.com,1,doh,13.025,13.025,13.025,36.79999999701977,1,shb-sync.com
5827,az667904.vo.msecnd.net,1,doh,16.361,16.361,16.361,658.2000000029802,1,az667904.vo.msecnd.net
5829,onedriveclubproddm20022.blob.core.windows.net,1,doh,16.598,16.598,16.598,259.3999999910593,1,onedriveclubproddm20022.blob.core.windows.net
6299,us-ore-00001.s3.dualstack.us-west-2.amazonaws.com,1,doh,18.881,18.881,18.881,340.90000000596046,1,us-ore-00001.s3.dualstack.us-west-2.amazonaws.com
5809,onedriveclubproddm20001.blob.core.windows.net,1,doh,28.479,28.479,28.479,210.79999999701977,1,onedriveclubproddm20001.blob.core.windows.net
6043,ios26.appboot.netflix.com,1,doh,13.091,13.091,13.091,133.59999999403954,1,ios26.appboot.netflix.com
5975,sf16-music.tiktokcdn-eu.com,1,doh,14.824,14.824,14.824,735.7000000029802,1,sf16-music.tiktokcdn-eu.com
6228,queuev4.vk.ru,1,doh,13.61,13.61,13.61,426.29999999701977,1,queuev4.vk.ru
5380,v58.tiktokcdn.com,1,doh,12.783,12.783,12.783,78.20000000298023,1,v58.tiktokcdn.com
6420,adfox.ru,1,doh,107.328,277.31,277.31000000000006,4376.5,7,adfox.ru;adfox.yandex.ru;avatars.mds.yandex.net;mc.yandex.com;mc.yandex.ru;yandex.ru;yastatic.net
6409,pd.cdnwidget.com,1,doh,12.917,12.917,12.917,114.6000000089407,1,pd.cdnwidget.com
6340,remotedesktop-pa.googleapis.com,1,doh,0.0,12.011,12.010999999999996,146.3999999910593,1,www.google.com
5463,example.com,1,doh,11.921,11.921,11.921,93.6000000089407,1,example.com
5360,aggr32-normal.tiktokv.eu,1,doh,13.252,13.252,13.252,383.90000000596046,1,aggr32-normal.tiktokv.eu
6355,s.orbsrv.com,1,doh,13.373,13.373,13.373,95.5,1,s.orbsrv.com
6078,cdn.undertone.com,1,doh,16.116,16.116,16.116,86.5,1,cdn.undertone.com
6477,bpm-pixel.pointmediatracker.com,1,doh,21.884,21.884,21.884,96.70000000298023,1,bpm-pixel.pointmediatracker.com
6352,p77-sign-sg.tiktokcdn.com,1,doh,13.431,35.274,35.27399999999999,204.70000000298023,2,error.c.cdn77.org;p77-sign-sg.tiktokcdn.com
5584,prod.us-east-1.cxm-bcn.publisher-services.amazon.dev,1,doh,14.07,14.07,14.07,87.59999999403954,1,prod.us-east-1.cxm-bcn.publisher-services.amazon.dev
5745,contentful.com,1,doh,25.317,234.593,180.27000000000046,2628.5,12,ad.ipredictive.com;ade.googlesyndication.com;cdn.segment.com;cmp.osano.com;contentful.com;images-www.contentful.com;images.ctfassets.net;pagead2.googlesyndication.com;www.contentful.com;www.g2.com;www.google-analytics.com;www.googletagmanager.com
6202,podscribe.com,1,doh,22.103,482.63500000000005,268.79600000000016,2406.1000000089407,34,analytics.google.com;api.hubapi.com;assets.squarespace.com;cdn.jsdelivr.net;connect.facebook.net;d34r8q7sht0t9k.cloudfront.net;definitions.sqspcdn.com;fonts.googleapis.com;fonts.gstatic.com;forms-na1.hsforms.com;forms.hsforms.com;googleads.g.doubleclick.net;images.squarespace-cdn.com;ipv4.podscribe.com;js.hs-analytics.net;js.hs-banner.com;js.hs-scripts.com;js.hsadspixel.net;js.hscollectedforms.net;js.hsforms.net;match.adsrvr.org;pixel.tapad.com;podscribe.com;px.ads.linkedin.com;snap.licdn.com;static1.squarespace.com;stats.g.doubleclick.net;track.hubspot.com;use.typekit.net;verifi.podscribe.com;widget.intercom.io;www.google.com;www.googletagmanager.com;www.linkedin.com
5799,cdn.permutive.com,1,doh,12.796,12.796,12.796,224.79999999701977,1,cdn.permutive.com
6301,genai-graph.facebook.com,1,doh,12.094,12.094,12.094,114.69999998807907,1,genai-graph.facebook.com
6296,o488710.ingest.sentry.io,1,doh,11.426,11.426,11.426,184.3999999910593,1,o488710.ingest.sentry.io
6058,global.handler.control.monitor.azure.com,1,doh,14.113,14.113,14.113,117.40000000596046,1,global.handler.control.monitor.azure.com
5943,v.redd.it,1,doh,13.251,13.251,13.251,110.29999999701977,1,v.redd.it
6081,r-4d150b47.kinesisvideo.us-west-2.amazonaws.com,1,doh,16.91,16.91,16.91,311.90000000596046,1,r-4d150b47.kinesisvideo.us-west-2.amazonaws.com
5980,siteperformancetest.net,1,doh,13.492,13.492,13.492,85.59999999403954,1,siteperformancetest.net
5885,pub.network,1,doh,17.719,17.719,17.719,133.29999999701977,1,pub.network
5774,mobile-api.rokt.com,1,doh,16.732,16.732,16.732,274.6000000089407,1,mobile-api.rokt.com
6063,zeronaught.com,1,doh,0.0,0.0,0.0,141.09999999403954,0,
5280,radarsubmissions.apple.com,1,doh,16.855,16.855,16.855,138.19999998807907,1,radarsubmissions.apple.com
6267,brightcove.com,1,doh,26.964,199.144,150.41800000000023,616.2999999970198,12,assets.calendly.com;brightcove.cdn.prismic.io;brightcove.com;cdn.claydar.com;cdn.cookielaw.org;fastly-signed-eu-west-1-prod.brightcovecdn.com;images.prismic.io;metrics.brightcove.com;players.brightcove.net;static.claydar.com;web-sdk.aptrinsic.com;www.googletagmanager.com
5429,developers.google.cn,1,doh,0.0,605.0740000000001,558.7789999999998,2126.5,10,apis.google.com;feedback-pa.clients6.google.com;fonts.googleapis.cn;fonts.googleapis.com;fonts.gstatic.cn;gstatic.com;www.google-analytics.com;www.googletagmanager.com;www.gstatic.cn;www.gstatic.com
5599,c.riskified.com,1,doh,13.725,13.725,13.725,84.40000000596046,1,c.riskified.com
6327,re.applovin.com,1,doh,14.02,14.02,14.02,158.40000000596046,1,re.applovin.com
6115,eas3.msg.t-mobile.com,1,doh,14.279,14.279,14.279,241.79999999701977,1,eas3.msg.t-mobile.com
5411,gateway.zscalerthree.net,1,doh,10.41,24.764,24.764,170.70000000298023,2,gateway.zscalerthree.net;login.zscalerthree.net
5655,ire-dsu.shalltry.com,1,doh,13.866,13.866,13.866,406.8999999910593,1,ire-dsu.shalltry.com
5614,nam10.safelinks.protection.outlook.com,1,doh,14.86,14.86,14.86,214.59999999403954,1,nam10.safelinks.protection.outlook.com
6353,token.services.mozilla.com,1,doh,15.257,85.04,85.04000000000002,1224.8999999910593,4,media.ethicalads.io;mozilla-services.readthedocs.io;mozorg.cdn.mozilla.net;token.services.mozilla.com
5814,thawte.com,1,doh,15.223,488.359,409.55999999999995,4583.70000000298,31,8182015.fls.doubleclick.net;adservice.google.com;api.company-target.com;api.userway.org;assets.adobedtm.com;cdn.pendo.io;cdn.userway.org;cm.everesttech.net;data.pendo.io;digicert.demdex.net;dpm.demdex.net;eu-assets.i.posthog.com;eu.i.posthog.com;fonts.gstatic.com;googleads.g.doubleclick.net;i.ytimg.com;img04.en25.com;s1701211846.t.eloqua.com;seal.digicert.com;smetrics.digicert.com;static.ada.support;static.doubleclick.net;tag-logger.demandbase.com;tag.demandbase.com;thawte.com;transcend-cdn.com;www.google-analytics.com;www.google.com;www.googletagmanager.com;www.thawte.com;www.youtube.com
5931,onedriveclubprodbn20015.blob.core.windows.net,1,doh,19.508,19.508,19.508,144.69999998807907,1,onedriveclubprodbn20015.blob.core.windows.net
5402,ipds.adrta.com,1,doh,22.531,22.531,22.531,83.40000000596046,1,ipds.adrta.com
5604,tr.outbrain.com,1,doh,14.15,14.15,14.15,109.09999999403954,1,tr.outbrain.com
5892,tr-eop-atm.office.com,1,doh,18.08,56.70999999999999,56.71000000000011,654.5,4,aadcdn.msftauth.net;login.microsoftonline.com;res.public.onecdn.static.microsoft;tr-eop-atm.office.com
5331,logitech.com,1,doh,12.825,699.9510000000001,423.2859999999997,754,49,201-wgh-889.mktoresp.com;6016578.global.siteimproveanalytics.io;8227232.fls.doubleclick.net;ad.doubleclick.net;alb.reddit.com;analytics.tiktok.com;cdn.bizible.com;cdn.bizibly.com;cdn.cookielaw.org;cdn.evgnet.com;cdn.quantummetric.com;cdn.tkrconnector.com;cdn.yellowmessenger.com;cm.everesttech.net;cm.g.doubleclick.net;connect.facebook.net;dpm.demdex.net;geolocation.onetrust.com;googleads.g.doubleclick.net;ib.adnxs.com;ingest.quantummetric.com;insight.adsrvr.org;js.adsrvr.org;logitech.com;logitech.demdex.net;logitecheurope.us-6.evergage.com;m.servedby-buysellads.com;munchkin.marketo.net;pixel-config.reddit.com;pixel.rubiconproject.com;pubads.g.doubleclick.net;px.ads.linkedin.com;resource.logitech.com;s.pinimg.com;siteimproveanalytics.com;sjs.bizographics.com;snap.licdn.com;sync-tm.everesttech.net;utt.impactcdn.com;webanalytics.logitech.com;webtags.logitech.com;ws.zoominfo.com;www.facebook.com;www.google-analytics.com;www.google.com;www.googletagmanager.com;www.linkedin.com;www.logitech.com;www.redditstatic.com
6018,adp.com,1,doh,12.678,940.4359999999999,439.8759999999994,1862.2999999970198,55,9019107.fls.doubleclick.net;ad.doubleclick.net;adp.com;adpinc.us-4.evergage.com;adservice.google.com;alb.reddit.com;analytics.google.com;analytics.twitter.com;api.company-target.com;bat.bing.com;c.az.contentsquare.net;cdn.calibermind.com;cdn.cookielaw.org;cdn.evgnet.com;cdn.schemaapp.com;configs.knotch.com;connect.facebook.net;dsum-sec.casalemedia.com;e.calibermind.com;frontdoor.knotch.it;geolocation.onetrust.com;id.rlcdn.com;img.en25.com;k-us1.az.contentsquare.net;ml314.com;myadp.my.salesforce-scrt.com;myadp.my.site.com;partners.tremorhub.com;pixel-config.reddit.com;pixel.mathtag.com;pixel.rubiconproject.com;pnapi.invoca.net;px.ads.linkedin.com;s.company-target.com;s.yimg.com;segments.company-target.com;snap.licdn.com;solutions.invocacdn.com;sp.analytics.yahoo.com;static.ads-twitter.com;stats.g.doubleclick.net;t.co;t.contentsquare.net;tag-logger.demandbase.com;tag.demandbase.com;tracking.adp.com;vi.ml314.com;www.adp.com;www.google.com;www.googleadservices.com;www.googletagmanager.com;www.knotch-cdn.com;www.linkedin.com;www.redditstatic.com;www.youtube.com
5412,rta.xboxlive.com,1,doh,15.141,15.141,15.141,223.09999999403954,1,rta.xboxlive.com
5658,wayfair.com,1,doh,13.038,155.49399999999997,136.47100000000026,973.2000000029802,12,assets.wfcdn.com;client.px-cloud.net;collector-px3vk96i6i.px-client.net;collector-px3vk96i6i.px-cloud.net;crcldu.com;fonts.googleapis.com;fonts.gstatic.com;fst-ec.perimeterx.net;sonar.script.ac;tzm.px-cloud.net;wayfair.com;www.wayfair.com
5561,mas-sdk.amazon.com,1,doh,13.994,28.741,28.741,137.5,2,g-ecx.images-amazon.com;mas-sdk.amazon.com
5590,m-7eee4e76.kinesisvideo.us-west-2.amazonaws.com,1,doh,17.7,17.7,17.7,318.1000000089407,1,m-7eee4e76.kinesisvideo.us-west-2.amazonaws.com
5541,normandy.cdn.mozilla.net,1,doh,11.805,11.805,11.805,128.09999999403954,1,normandy.cdn.mozilla.net
5270,checkip.dyndns.org,1,doh,12.077,12.077,12.077,108.6000000089407,1,checkip.dyndns.org
6190,ripe.net,1,doh,12.477,300.664,300.6639999999999,2092.3999999910593,4,ripe.net;www-analytics.ripe.net;www-static.ripe.net;www.ripe.net
5312,noam.cc.skype.com,1,doh,18.027,18.027,18.027,105,1,noam.cc.skype.com
5301,www.cloudflare.com,1,doh,12.607,506.29199999999986,266.91700000000026,3609,37,713-xsc-918.mktoresp.com;ad.doubleclick.net;adservice.google.com;alb.reddit.com;analytics.twitter.com;api.company-target.com;bat.bing.com;bat.bing.net;cdn.bizible.com;cdn.bizibly.com;cf-assets.www.cloudflare.com;challenges.cloudflare.com;cm.g.doubleclick.net;dsum-sec.casalemedia.com;ib.adnxs.com;id.rlcdn.com;insight.adsrvr.org;js.adsrvr.org;js.qualified.com;munchkin.marketo.net;ot.www.cloudflare.com;partners.tremorhub.com;pixel.rubiconproject.com;px.ads.linkedin.com;s.company-target.com;segments.company-target.com;snap.licdn.com;static.ads-twitter.com;static.cloudflareinsights.com;stats.g.doubleclick.net;t.co;tag-logger.demandbase.com;tag.demandbase.com;www.cloudflare.com;www.google.com;www.googletagmanager.com;www.linkedin.com
6497,consent-api.onetrust.com,1,doh,13.641,25.555,25.554999999999986,203.20000000298023,2,consent-api.onetrust.com;performance.radar.cloudflare.com
6185,ad.tpmn.co.kr,1,doh,13.906,13.906,13.906,256.40000000596046,1,ad.tpmn.co.kr
5871,userway.org,1,doh,13.606,29.976000000000003,29.975999999999893,144.59999999403954,2,cdn.userway.org;userway.org
5597,top-fwz1.mail.ru,1,doh,12.966,12.966,12.966,518.9000000059605,1,top-fwz1.mail.ru
6229,production-gc.lsfilter.com,1,doh,14.233,14.233,14.233,87.79999999701977,1,production-gc.lsfilter.com
5928,wave.outbrain.com,1,doh,13.356,13.356,13.356,154.09999999403954,1,wave.outbrain.com
6173,www.nytimes.com,1,doh,14.677,670.2949999999998,390.34100000000115,6613.5999999940395,50,5290727.fls.doubleclick.net;a.et.nytimes.com;a.nytimes.com;aax.amazon-adsystem.com;ad.doubleclick.net;adservice.google.com;als-svc.nytimes.com;ats-wrapper.privacymanager.io;c.amazon-adsystem.com;c3816edf34b3ecb177b37d620985fd3e.safeframe.googlesyndication.com;cdn.brandmetrics.com;cdn.doubleverify.com;cm.g.doubleclick.net;config.aps.amazon-adsystem.com;dd.nytimes.com;eg.nytimes.com;ep1.adtrafficquality.google;ep2.adtrafficquality.google;fastlane.rubiconproject.com;fonts.googleapis.com;fonts.gstatic.com;g1.nyt.com;grid-bidder.criteo.com;gum.criteo.com;hbopenbid.pubmatic.com;hbxlp.media.net;htlb.casalemedia.com;launchpad-wrapper.privacymanager.io;launchpad.privacymanager.io;nyt-dti-prd-staticjs.storage.googleapis.com;pagead2.googlesyndication.com;pay.google.com;platform.iteratehq.com;play.google.com;prebid.media.net;purr.nytimes.com;rtb.openx.net;rumcdn.geoedge.be;sb.scorecardresearch.com;securepubads.g.doubleclick.net;static.chartbeat.com;static01.nyt.com;tlx.3lift.com;tps.doubleverify.com;warp.media.net;www.datadoghq-browser-agent.com;www.google.com;www.googletagmanager.com;www.gstatic.com;www.nytimes.com
6455,user-sync.gamoshi.io,1,doh,14.609,14.609,14.609,181.5,1,user-sync.gamoshi.io
5547,k8s1-event-tracker-va.lb.indexww.com,1,doh,12.547,12.547,12.547,98.1000000089407,1,k8s1-event-tracker-va.lb.indexww.com
5909,fastly-mobile-collector.newrelic.com,1,doh,11.489,11.489,11.489,117.40000000596046,1,fastly-mobile-collector.newrelic.com
5552,wakesmart.net,1,doh,18.531,44.312999999999995,44.30300000000005,2163.5,3,fonts.googleapis.com;fonts.gstatic.com;wakesmart.net
5653,consent.trustarc.com,1,doh,12.97,12.97,12.97,158.90000000596046,1,consent.trustarc.com
5397,scs-use2.bixbyllm.com,1,doh,12.694,12.694,12.694,112.29999999701977,1,scs-use2.bixbyllm.com
5972,cs.playdigo.com,1,doh,15.988,15.988,15.988,125,1,cs.playdigo.com
5605,pbs-cs.minutemedia-prebid.com,1,doh,14.998,14.998,14.998,86.1000000089407,1,pbs-cs.minutemedia-prebid.com
6159,help.apple.com,1,doh,17.168,75.7,75.69999999999993,678,5,help.apple.com;km.support.apple.com;support.apple.com;supportmetrics.apple.com;www.apple.com
5679,uslax2.icloud-content.com,1,doh,13.146,13.146,13.146,282.5,1,uslax2.icloud-content.com
6033,nielsen.com,1,doh,12.819,224.46099999999996,77.615,1330.5999999940395,16,api.weglot.com;cdn.cookielaw.org;cdn.jsdelivr.net;cdn.parsely.com;cdn.weglot.com;cdnjs.cloudflare.com;fonts.googleapis.com;fonts.gstatic.com;geolocation.onetrust.com;nielsen.com;preprod.nielsen.com;s0.wp.com;stats.wp.com;try.abtasty.com;www.googletagmanager.com;www.knotch-cdn.com
5996,dms.licdn.com,1,doh,16.618,16.618,16.618,177.20000000298023,1,dms.licdn.com
5353,go.trouter.gcc.teams.microsoft.com,1,doh,13.466,13.466,13.466,272.59999999403954,1,go.trouter.gcc.teams.microsoft.com
6403,qagpublic.qg4.apps.qualys.com,1,doh,12.256,12.256,12.256,306.59999999403954,1,qagpublic.qg4.apps.qualys.com
5364,developer.microsoft.com,1,doh,14.518,175.25300000000001,142.79599999999957,1679.9000000059605,14,browser.events.data.microsoft.com;c.bing.com;c.clarity.ms;c.s-microsoft.com;developer.microsoft.com;fonts.googleapis.com;fonts.gstatic.com;js.monitor.azure.com;s.clarity.ms;scripts.clarity.ms;uhf.microsoft.com;wcpstatic.microsoft.com;www.clarity.ms;www.microsoft.com
6364,images.outbrainimg.com,1,doh,13.622,37.802,37.80200000000001,303,3,fonts.googleapis.com;fonts.gstatic.com;images.outbrainimg.com
6062,gocm.c.appier.net,1,doh,15.328,15.328,15.328,744.3999999910593,1,gocm.c.appier.net
5294,en.wikipedia.org,1,doh,14.382,14.391,14.391,501.3999999910593,2,en.wikipedia.org;upload.wikimedia.org
5391,nav.smartscreen.microsoft.com,1,doh,23.014,23.014,23.014,149.8999999910593,1,nav.smartscreen.microsoft.com
6072,xfinity.com,1,doh,16.362,30.938,30.93799999999999,223.79999999701977,2,www.xfinity.com;xfinity.com
6059,adthrive.com,1,doh,13.03,194.63199999999998,149.04099999999997,1428.7000000029802,13,adthrive.com;analytics.google.com;cdn.consentmanager.net;connect.facebook.net;d.delivery.consentmanager.net;eu-us.consentmanager.net;jobs.ashbyhq.com;px.ads.linkedin.com;raptive.com;snap.licdn.com;stats.g.doubleclick.net;www.googletagmanager.com;www.linkedin.com
5835,fw-snaps.ring.com,1,doh,14.837,14.837,14.837,131.5,1,fw-snaps.ring.com
5505,images-ext-1.discordapp.net,1,doh,13.344,13.344,13.344,129.90000000596046,1,images-ext-1.discordapp.net
5740,crl.apple.com,1,doh,13.775,13.775,13.775,88.40000000596046,1,crl.apple.com
5727,api.usercentrics.eu,1,doh,12.27,12.27,12.27,177.29999999701977,1,api.usercentrics.eu
5903,got-iad3rs0zoneb.track.smaato.net,1,doh,13.454,13.454,13.454,83.19999998807907,1,got-iad3rs0zoneb.track.smaato.net
6412,b.clarity.ms,1,doh,13.552,13.552,13.552,104.20000000298023,1,b.clarity.ms
5492,hde.tynt.com,1,doh,13.75,13.75,13.75,145.19999998807907,1,hde.tynt.com
5633,oauth.ring.com,1,doh,13.447,13.447,13.447,105.59999999403954,1,oauth.ring.com
5803,cdn.espn.com,1,doh,14.043,726.933,356.1509999999996,2999.4000000059605,52,697dea7b0c85f17dadba0ade7c026845.safeframe.googlesyndication.com;a.espncdn.com;a1.espncdn.com;a3.espncdn.com;a4.espncdn.com;ad.doubleclick.net;ad.turn.com;ads.pubmatic.com;bcp.crwdcntrl.net;broadband.espn.com;cdn.espn.com;cdn.id5-sync.com;cdn.jsdelivr.net;cdn.mgaru.dev;cdn.registerdisney.go.com;chui-assets-cdn.espn.com;cm.g.doubleclick.net;connectid.analytics.yahoo.com;dcf.espn.com;dmp.im-apps.net;entitlement.auth.adobe.com;ep1.adtrafficquality.google;ep2.adtrafficquality.google;esp.rtbhouse.com;fonts.gstatic.com;fundingchoicesmessages.google.com;google-bidout-d.openx.net;googleads.g.doubleclick.net;gum.criteo.com;id5-sync.com;ident.mygaru.com;invstatic101.creativecdn.com;match.adsrvr.org;micro.rubiconproject.com;oa.openxcdn.net;oajs.openx.net;pagead2.googlesyndication.com;pinpoint.espn.com;s0.2mdn.net;secure.espn.com;securepubads.g.doubleclick.net;site.api.espn.com;sp.auth.adobe.com;static.criteo.net;sync6.im-apps.net;tags.crwdcntrl.net;tracking.mygaru.com;ups.analytics.yahoo.com;www.espn.com;www.google.com;www.googletagmanager.com;www.googletagservices.com
5332,rtlog16-normal-alisg.tiktokv.com,1,doh,14.737,14.737,14.737,323.59999999403954,1,rtlog16-normal-alisg.tiktokv.com
6223,t.wayfair.com,1,doh,13.609,13.609,13.609,100.8999999910593,1,t.wayfair.com
5920,onedriveclubprodbn20052.blob.core.windows.net,1,doh,12.643,12.643,12.643,133.40000000596046,1,onedriveclubprodbn20052.blob.core.windows.net
5643,content.garena.com,1,doh,14.96,14.96,14.96,1079.7999999970198,1,content.garena.com
6138,r-0595b96f.kinesisvideo.us-west-2.amazonaws.com,1,doh,12.626,12.626,12.626,306.3999999910593,1,r-0595b96f.kinesisvideo.us-west-2.amazonaws.com
6227,mweb-hb.presage.io,1,doh,12.65,12.65,12.65,90.20000000298023,1,mweb-hb.presage.io
6239,pixel.byspotify.com,1,doh,13.054,13.054,13.054,190.90000000596046,1,pixel.byspotify.com
5524,data.emb-api.com,1,doh,12.291,12.291,12.291,432.29999999701977,1,data.emb-api.com
5806,static.licdn.com,1,doh,13.27,13.27,13.27,413.5,1,static.licdn.com
5269,services.gfe.nvidia.com,1,doh,16.228,16.228,16.228,15240.20000000298,1,services.gfe.nvidia.com
6205,www.roblox.com,1,doh,12.881,54.944,42.53999999999999,2238.3999999910593,5,apis.rbxcdn.com;css.rbxcdn.com;js.rbxcdn.com;roblox.com;www.roblox.com
5518,comserver-hb-us1-iad2-2.n-able.com,1,doh,13.62,13.62,13.62,80,1,comserver-hb-us1-iad2-2.n-able.com
6325,y.clarity.ms,1,doh,13.781,13.781,13.781,90.29999999701977,1,y.clarity.ms
5344,publisher-config.unityads.unity3d.com,1,doh,12.119,12.119,12.119,107,1,publisher-config.unityads.unity3d.com
5899,palmplaystore.com,1,doh,26.164,307.344,294.51699999999965,1374.199999988079,10,cdn2.palmplaystore.com;dsu-h5-auto.shallspark.com;ep1.adtrafficquality.google;ep2.adtrafficquality.google;fundingchoicesmessages.google.com;googleads.g.doubleclick.net;h5.eagllwin.com;pagead2.googlesyndication.com;palmplaystore.com;www.google.com
5307,identitytoolkit.googleapis.com,1,doh,0.0,12.033,12.033000000000001,161.5,1,www.google.com
5932,tr-eop-acdc.office.com,1,doh,13.256,53.721000000000004,53.72099999999992,724.9000000059605,4,aadcdn.msauth.net;login.microsoftonline.com;res.public.onecdn.static.microsoft;tr-eop-acdc.office.com
6135,janus-a.wbx2.com,1,doh,14.178,14.178,14.178,166.20000000298023,1,janus-a.wbx2.com
6357,webcast16-normal-no1a.tiktokv.eu,1,doh,15.929,15.929,15.929,439.09999999403954,1,webcast16-normal-no1a.tiktokv.eu
5343,mab.chartbeat.com,1,doh,13.735,109.15799999999999,109.158,2082.7999999970198,6,docs.chartbeat.com;ka-p.fontawesome.com;mab.chartbeat.com;static-2v.gitbook.com;www.google-analytics.com;www.googletagmanager.com
5797,trk.clinch.co,1,doh,13.134,13.134,13.134,91.70000000298023,1,trk.clinch.co
5748,sn.webrootcloudav.com,1,doh,12.539,12.539,12.539,516.5,1,sn.webrootcloudav.com
6427,gspe12-ssl.ls.apple.com,1,doh,18.616,18.616,18.616,113.3999999910593,1,gspe12-ssl.ls.apple.com
6009,rum.hlx.page,1,doh,12.913,12.913,12.913,100.5,1,rum.hlx.page
5795,prod-ext-gateway.goguardian.com,1,doh,13.292,13.292,13.292,309.79999999701977,1,prod-ext-gateway.goguardian.com
6397,stats-xlb.syd-1.linewize.net,1,doh,13.377,13.377,13.377,104.69999998807907,1,stats-xlb.syd-1.linewize.net
6383,games.googleapis.com,1,doh,0.0,12.055,12.055000000000007,191.5,1,www.google.com
5488,trace.svc.ui.com,1,doh,13.584,13.584,13.584,304.59999999403954,1,trace.svc.ui.com
5863,prov-lg.alphonso.tv,1,doh,20.351,20.351,20.351,123.40000000596046,1,prov-lg.alphonso.tv
5784,techsmith.com,1,doh,13.335,586.278,306.99300000000005,3552.1000000089407,46,0abbcc19af48460598e8c749d02d66f5.js.ubembed.com;54.156.2.105;ad.doubleclick.net;analytics.google.com;assets.ubembed.com;bat.bing.com;bat.bing.net;browser.sentry-cdn.com;capi-automation.s3.us-east-2.amazonaws.com;cdn.cookielaw.org;connect.facebook.net;d.impactradius-event.com;d3brydjkjmkwmj.cloudfront.net;dev.visualwebsiteoptimizer.com;distillery.wistia.com;dx.mountain.com;embed-cloudfront.wistia.com;fast.wistia.com;fast.wistia.net;fonts.googleapis.com;fonts.gstatic.com;geolocation.onetrust.com;googleads.g.doubleclick.net;ipinfo.io;js.zi-scripts.com;p.typekit.net;pipedream.wistia.com;pixel.byspotify.com;pixels.spotify.com;portal.brandlock.io;px.ads.linkedin.com;snap.licdn.com;ssgtm.techsmith.com;static.hotjar.com;stats.g.doubleclick.net;techsmith.com;tracking-api.g2.com;tracking.g2crowd.com;use.typekit.net;ws-assets.zoominfo.com;ws.zoominfo.com;www.google.com;www.googletagmanager.com;www.linkedin.com;www.pages04.net;www.sc.pages04.net
5630,nam12.safelinks.protection.outlook.com,1,doh,23.154,23.154,23.154,475.20000000298023,1,nam12.safelinks.protection.outlook.com
5779,api.sprig.com,1,doh,12.95,99.59400000000001,52.495999999999995,696.2000000029802,5,api.sprig.com;cdn.jsdelivr.net;cdn.prod.website-files.com;d3e54v103j8qbb.cloudfront.net;sprig.com
5685,lciapi.ninthdecimal.com,1,doh,15.448,15.448,15.448,146.29999999701977,1,lciapi.ninthdecimal.com
5818,klarna.com,1,doh,14.129,62.347,49.960000000000015,637.7000000029802,4,klarna.com;owp.klarna.com;www.klarna.com;x.klarnacdn.net
5986,match.adsby.bidtheatre.com,1,doh,15.267,234.39800000000002,140.1910000000001,3259.2999999970198,15,ajax.googleapis.com;cdn.prod.website-files.com;cdn.weglot.com;challenges.cloudflare.com;consent.cookiebot.com;consentcdn.cookiebot.com;d3e54v103j8qbb.cloudfront.net;fonts.googleapis.com;fonts.gstatic.com;match.adsby.bidtheatre.com;www.bidtheatre.com;www.google-analytics.com;www.google.com;www.googletagmanager.com;www.gstatic.com
5941,improving.duckduckgo.com,1,doh,12.521,12.521,12.521,162.5,1,improving.duckduckgo.com
5742,passport32-normal-sg.capcutapi.com,1,doh,13.194,13.194,13.194,770.5999999940395,1,passport32-normal-sg.capcutapi.com
5485,takedown.api.playstation.com,1,doh,15.07,15.07,15.07,100.20000000298023,1,takedown.api.playstation.com
6224,v.clarity.ms,1,doh,14.306,14.306,14.306,107.5,1,v.clarity.ms
5538,usea1-017.sentinelone.net,1,doh,13.355,59.701,59.70100000000001,1722.5,3,cdn.pendo.io;content.pendo.sentinelone.net;usea1-017.sentinelone.net
5923,uuidksinc.net,1,doh,10.898,10.898,10.898,543.6000000089407,1,uuidksinc.net
6189,btttag.com,1,doh,15.478,230.51,201.42400000000015,952.1000000089407,15,accounts.google.com;ajax.googleapis.com;apis.google.com;btttag.com;c.bing.com;c.clarity.ms;cdn.vitally.io;fonts.googleapis.com;fonts.gstatic.com;p.typekit.net;s.clarity.ms;scripts.clarity.ms;use.typekit.net;www.clarity.ms;www.gstatic.com
5347,stackpath.bootstrapcdn.com,1,doh,14.126,131.89999999999998,87.22399999999996,500.90000000596046,10,api.github.com;cdn.jsdelivr.net;datum.jsdelivr.com;fonts.googleapis.com;fonts.gstatic.com;github.com;github.githubassets.com;platform.twitter.com;stackpath.bootstrapcdn.com;syndication.twitter.com
6109,r-b160d607.kinesisvideo.us-west-2.amazonaws.com,1,doh,11.893,11.893,11.893,310.20000000298023,1,r-b160d607.kinesisvideo.us-west-2.amazonaws.com
5804,statsigapi.net,1,doh,12.187,12.187,12.187,104.59999999403954,1,statsigapi.net
5370,resources.digital-cloud-west.medallia.com,1,doh,13.678,13.678,13.678,119.19999998807907,1,resources.digital-cloud-west.medallia.com
5389,vg-new-ssplib-hb.mtgglobals.com,1,doh,11.607,11.607,11.607,96.20000000298023,1,vg-new-ssplib-hb.mtgglobals.com
6447,cdws.us-east-1.amazonaws.com,1,doh,18.855,18.855,18.855,98.29999999701977,1,cdws.us-east-1.amazonaws.com
5484,myworkday.com,1,doh,13.01,78.41,78.40999999999997,1082.9000000059605,4,client.rum.us-east-1.amazonaws.com;community.workday.com;myworkday.com;static.community.workday.com
5534,service-channels.clusters.pluto.tv,1,doh,13.62,13.62,13.62,90.40000000596046,1,service-channels.clusters.pluto.tv
6290,ponos.zeronaught.com,1,doh,12.721,12.721,12.721,94.5,1,ponos.zeronaught.com
5514,pixelfnt-us.dsp-api.moloco.com,1,doh,11.502,11.502,11.502,110.79999999701977,1,pixelfnt-us.dsp-api.moloco.com
6458,bit.ly,1,doh,16.224,360.81,253.58400000000057,2797.4000000059605,30,12389169.fls.doubleclick.net;accounts.google.com;ad.doubleclick.net;ade.googlesyndication.com;adservice.google.com;analytics.google.com;api.userway.org;bat.bing.com;bat.bing.net;bit.ly;bitly.com;cdn.cookielaw.org;cdn.jsdelivr.net;cdn.optimizely.com;cdn.userway.org;geolocation.onetrust.com;global-free-tools.qr-code-generator.com;googleads.g.doubleclick.net;js-eu1.hs-analytics.net;js-eu1.hs-banner.com;js-eu1.hs-scripts.com;logx.optimizely.com;mkt-static.bitly.com;pagead2.googlesyndication.com;public.profitwell.com;sp.bitly.com;static.hotjar.com;track-eu1.hubspot.com;www.google-analytics.com;www.googletagmanager.com
5276,unitedstates4.ss.wd.microsoft.us,1,doh,14.651,14.651,14.651,116.5,1,unitedstates4.ss.wd.microsoft.us
5634,snapshotsgw-geo.prod.gws.ring.amazon.dev,1,doh,26.323,26.323,26.323,97.20000000298023,1,snapshotsgw-geo.prod.gws.ring.amazon.dev
6046,attentivemobile.com,1,doh,26.447,576.764,326.9079999999997,2282.5,28,117310846.intellimizeio.com;api.hubapi.com;api.intellimize.co;attentive.partnerpage.io;attentivemobile.chilipiper.com;attentivemobile.com;cdn.intellimize.co;cdn.prod.website-files.com;consent.cookiebot.com;consentcdn.cookiebot.com;d3e54v103j8qbb.cloudfront.net;docs.attentive.com;forms-na1.hsforms.com;forms.hsforms.com;info.attentive.com;js.hs-analytics.net;js.hs-banner.com;js.hs-scripts.com;js.hsadspixel.net;js.hscollectedforms.net;js.hsforms.net;js.hubspot.com;js.qualified.com;log.intellimize.co;perf-na1.hsforms.com;track.hubspot.com;www.attentive.com;www.googletagmanager.com
6459,widgets.outbrainimg.com,1,doh,15.929,15.929,15.929,360.09999999403954,1,widgets.outbrainimg.com
6375,dual-s-0005-teams.config.skype.com,1,doh,15.992,15.992,15.992,118.40000000596046,1,dual-s-0005-teams.config.skype.com
5440,pinpoint.espn.com,1,doh,12.29,12.29,12.29,74.90000000596046,1,pinpoint.espn.com
5945,secure-dcr.vtwenty.com,1,doh,17.323,17.323,17.323,135.20000000298023,1,secure-dcr.vtwenty.com
6315,feed32-normal-sg.capcutapi.com,1,doh,12.826,12.826,12.826,761.4000000059605,1,feed32-normal-sg.capcutapi.com
6192,miwifi.com,1,doh,16.907,16.907,16.907,779.5999999940395,1,miwifi.com
6250,flixcdn.com,1,doh,16.625,16.625,16.625,536.5,1,flixcdn.com
6070,agents.manage.microsoft.com,1,doh,0.014,97.937,84.18699999999988,786.1999999880791,6,aadcdn.msauth.net;agents.manage.microsoft.com;intune.microsoft.com;login.live.com;login.microsoftonline.com;portal.azure.com
5310,scripts.mf.webcontentassessor.com,1,doh,13.42,13.42,13.42,116.3999999910593,1,scripts.mf.webcontentassessor.com
5878,sync-1-us-west1-g.sync.services.mozilla.com,1,doh,14.693,75.668,75.66799999999994,1038.1000000089407,4,media.ethicalads.io;mozilla-services.readthedocs.io;mozorg.cdn.mozilla.net;sync-1-us-west1-g.sync.services.mozilla.com
5857,onedriveclubproddm20026.blob.core.windows.net,1,doh,12.072,12.072,12.072,220.40000000596046,1,onedriveclubproddm20026.blob.core.windows.net
6281,usea1-001-mssp.sentinelone.net,1,doh,13.294,46.67700000000001,46.677000000000035,1279.5,3,cdn.pendo.io;content.pendo.sentinelone.net;usea1-001-mssp.sentinelone.net
5273,mintegral.net,1,doh,24.993,184.06,153.87199999999973,1755.7999999970198,7,assets-official.mintegral.com;icheck.mintegral.com;mintegral.net;s3.amazonaws.com;www.google-analytics.com;www.googletagmanager.com;www.mintegral.com
6319,siftscience.com,1,doh,18.357,439.4020000000001,267.6949999999998,1820.7999999970198,31,526-pcc-974.mktoresp.com;a.usbrowserspeed.com;analytics.google.com;c.6sc.co;cdn.cookielaw.org;cdn.jsdelivr.net;cdn.propensity.com;cdnjs.cloudflare.com;epsilon.6sense.com;geolocation.onetrust.com;googleads.g.doubleclick.net;ipv6.6sc.co;j.6sc.co;js.qualified.com;js.zi-scripts.com;munchkin.marketo.net;pagead2.googlesyndication.com;pages.sift.com;platform.linkedin.com;px.ads.linkedin.com;sift.com;siftscience.com;snap.licdn.com;static.licdn.com;stats.g.doubleclick.net;tracking-api.g2.com;ws.zoominfo.com;www.google-analytics.com;www.google.com;www.googletagmanager.com;www.linkedin.com
6498,s-01b343f5.kinesisvideo.us-west-2.amazonaws.com,1,doh,13.008,13.008,13.008,313,1,s-01b343f5.kinesisvideo.us-west-2.amazonaws.com
5586,config.emb-api.com,1,doh,11.944,11.944,11.944,430.8999999910593,1,config.emb-api.com
5940,editor16-normal-sg.capcutapi.com,1,doh,14.24,14.24,14.24,361.59999999403954,1,editor16-normal-sg.capcutapi.com
5675,fcmtoken.googleapis.com,1,doh,0.0,11.697,11.697000000000003,243.09999999403954,1,www.google.com
6151,ut.taobao.com,1,doh,399.461,3468.4519999999998,2475.456999999999,7420.79999999702,22,a2trd.tdum.alibaba.com;assets.alicdn.com;at.alicdn.com;cf.aliyun.com;cm.mediav.com;cou9s7.tdum.alibaba.com;fourier.taobao.com;fragment.tmall.com;g.alicdn.com;gdp.alicdn.com;gm.mmstat.com;gw.alicdn.com;h5api.m.taobao.com;log.mmstat.com;o.alicdn.com;pc-growht-rta.taobao.com;store.taobao.com;umdcv4.taobao.com;ut.taobao.com;ut.world.taobao.com;www.taobao.com;ynuf.aliapp.org
5253,portal.fb.com,1,doh,13.688,28.164,28.164,225.30000001192093,1,portal.fb.com
6262,in.grammarly.com,1,doh,12.979,12.979,12.979,83,1,in.grammarly.com
5891,lenovomm.com,1,doh,15.969,734.749,734.7280000000001,2858.2999999970198,3,fsr.lenovomm.com;lenovomm.com;s1.lenovomm.cn
6468,cdn-adn-https-new.mtgglobals.com,1,doh,16.486,16.486,16.486,117.5,1,cdn-adn-https-new.mtgglobals.com
5506,auth0.com,1,doh,12.195,751.8850000000003,392.6309999999995,1506.5,60,10910059.fls.doubleclick.net;855-qah-699.mktoresp.com;a.quora.com;ad.doubleclick.net;adobemetrics.auth0.com;adservice.google.com;alb.reddit.com;analytics.google.com;analytics.twitter.com;assets.adobedtm.com;assets.adoberesources.net;auth0.com;b.6sc.co;c.6sc.co;c.contentsquare.net;cdn.auth0.com;cdn.bizible.com;cdn.bizibly.com;cdn.cookielaw.org;cdn.heapanalytics.com;cdn.optimizely.com;cdnjs.cloudflare.com;cm.g.doubleclick.net;connect.facebook.net;d.adroll.com;epsilon.6sense.com;geolocation.onetrust.com;heapanalytics.com;ib.adnxs.com;images.ctfassets.net;insight.adsrvr.org;ipv6.6sc.co;j.6sc.co;js.adsrvr.org;js.qualified.com;k-aus1.contentsquare.net;l.contentsquare.net;lex.33across.com;lift-ai-js.marketlinc.com;logx.optimizely.com;m.servedby-buysellads.com;munchkin.marketo.net;pixel-config.reddit.com;pixel.rubiconproject.com;platform.twitter.com;pubads.g.doubleclick.net;px.ads.linkedin.com;s.adroll.com;snap.licdn.com;static.ads-twitter.com;stats.g.doubleclick.net;t.co;t.contentsquare.net;tracking-api.g2.com;tracking.g2crowd.com;trk.techtarget.com;www.google.com;www.googletagmanager.com;www.linkedin.com;www.redditstatic.com
5559,logs.datadoghq.com,1,doh,33.116,94.65499999999999,94.64100000000003,316.29999999701977,5,7fc280bc.datadoghq.com;d20xtzwzcl0ceb.cloudfront.net;logs.datadoghq.com;static.datadoghq.com;www.datadoghq.com
6110,static.teads.tv,1,doh,13.815,13.815,13.815,178.40000000596046,1,static.teads.tv
6204,log-api.newrelic.com,1,doh,14.663,14.663,14.663,233.59999999403954,1,log-api.newrelic.com
6028,s.uuidksinc.net,1,doh,12.085,12.085,12.085,522.5,1,s.uuidksinc.net
6454,hb.undertone.com,1,doh,12.862,12.862,12.862,161,1,hb.undertone.com
5998,configuration-gw.syd-1.linewize.net,1,doh,13.828,13.828,13.828,111.40000000596046,1,configuration-gw.syd-1.linewize.net
6389,securly.com,1,doh,25.162,575.34,307.495,3149.9000000059605,40,ajax.googleapis.com;alb.reddit.com;analytics.google.com;c.bing.com;c.clarity.ms;clients1.google.com;connect.facebook.net;consent.trustarc.com;cse.google.com;ep1.adtrafficquality.google;ep2.adtrafficquality.google;esp.aptrinsic.com;forms-na1.hsforms.com;forms.hsforms.com;googleads.g.doubleclick.net;js-na1.hs-scripts.com;js.hs-analytics.net;js.hs-banner.com;js.hsadspixel.net;js.hsforms.net;js.hubspot.com;js.qualified.com;pagead2.googlesyndication.com;perf-na1.hsforms.com;prod-web-assets-securly.s3.us-west-1.amazonaws.com;px.ads.linkedin.com;scout-cdn.salesloft.com;scout.salesloft.com;scripts.clarity.ms;securly.com;snap.licdn.com;stag-web-assets.s3.ap-south-1.amazonaws.com;static.hotjar.com;track.hubspot.com;web-sdk.aptrinsic.com;www.clarity.ms;www.google.com;www.googletagmanager.com;www.linkedin.com;www.redditstatic.com
5457,lfodown01-b.cloudsink.net,1,doh,13.773,13.773,13.773,287.40000000596046,1,lfodown01-b.cloudsink.net
6294,osb-apps-v2.samsungqbe.com,1,doh,13.77,13.77,13.77,86.70000000298023,1,osb-apps-v2.samsungqbe.com
5989,nativesdks.mparticle.com,1,doh,13.083,13.083,13.083,90.20000000298023,1,nativesdks.mparticle.com
6201,cookie-matching.mediarithmics.com,1,doh,12.689,12.689,12.689,328.70000000298023,1,cookie-matching.mediarithmics.com
5819,onedriveclubproddm20007.blob.core.windows.net,1,doh,15.386,15.386,15.386,220.90000000596046,1,onedriveclubproddm20007.blob.core.windows.net
5542,update.eset.com,1,doh,12.299,12.299,12.299,282,1,update.eset.com
5316,mssdk22-normal-alisg.tiktokv.com,1,doh,13.253,13.253,13.253,337.09999999403954,1,mssdk22-normal-alisg.tiktokv.com
6215,ads.us.criteo.com,1,doh,12.617,12.617,12.617,88.3999999910593,1,ads.us.criteo.com
5687,site.com,1,doh,14.754,26.625999999999998,26.625999999999955,868.5999999940395,2,site.com;www.salesforce.com
5425,rosenberg.appmetrica.yandex.net,1,doh,12.643,12.643,12.643,696.2999999970198,1,rosenberg.appmetrica.yandex.net
5737,assets.pinterest.com,1,doh,13.649,13.649,13.649,100.5,1,assets.pinterest.com
6437,www.storygize.net,1,doh,12.539,12.539,12.539,283.59999999403954,1,www.storygize.net
6211,jsb31-normal-alisg.tiktokv.com,1,doh,12.683,12.683,12.683,762.8000000119209,1,jsb31-normal-alisg.tiktokv.com
5852,ab64preq9sbn.na.api.amazonvideo.com,1,doh,14.515,14.515,14.515,99,1,ab64preq9sbn.na.api.amazonvideo.com
5924,profile.accounts.firefox.com,1,doh,13.816,13.816,13.816,195.70000000298023,1,profile.accounts.firefox.com
6044,widget.trustpilot.com,1,doh,12.526,24.994,24.994000000000018,356.59999999403954,2,images-static.trustpilot.com;widget.trustpilot.com
5936,res4.applovin.com,1,doh,12.043,12.043,12.043,129.5,1,res4.applovin.com
6118,notificationinbox.xboxlive.com,1,doh,13.014,13.014,13.014,128.3999999910593,1,notificationinbox.xboxlive.com
6354,ajax.aspnetcdn.com,1,doh,12.36,137.017,111.4689999999999,1542.2000000029802,9,ajax.aspnetcdn.com;c.clarity.ms;dotnet.microsoft.com;js.monitor.azure.com;scripts.clarity.ms;uhf.microsoft.com;wcpstatic.microsoft.com;www.asp.net;www.clarity.ms
6001,mediarithmics.com,1,doh,101.652,495.55699999999996,381.5779999999997,2319.5,23,api.hubapi.com;buttons-config.sharethis.com;cdn.prod.website-files.com;d3e54v103j8qbb.cloudfront.net;js.hs-analytics.net;js.hs-banner.com;js.hs-scripts.com;js.hsadspixel.net;js.hscollectedforms.net;js.hubspot.com;mediarithmics.com;perf-na1.hsforms.com;platform-api.sharethis.com;px.ads.linkedin.com;sdk.privacy-center.org;snap.licdn.com;static.mediarithmics.com;track.hubspot.com;www.google-analytics.com;www.googletagmanager.com;www.linkedin.com;www.mediarithmics.com;www.mediarithmics.io
6180,cdn.onesignal.com,1,doh,12.776,280.636,109.17699999999986,383.29999999701977,21,a.quora.com;analytics.google.com;bat.bing.com;cdn.bizible.com;cdn.bizibly.com;cdn.onesignal.com;cdnjs.cloudflare.com;connect.facebook.net;fonts.googleapis.com;googleads.g.doubleclick.net;js.recurly.com;px.ads.linkedin.com;snap.licdn.com;static.ads-twitter.com;static.cloudflareinsights.com;static.hotjar.com;stats.g.doubleclick.net;widget.intercom.io;www.google.com;www.googletagmanager.com;www.linkedin.com
5464,swishapps.ai,1,doh,22.924,22.924,22.924,118.70000000298023,1,swishapps.ai
5572,sync.sharethis.com,1,doh,14.184,14.184,14.184,158,1,sync.sharethis.com
6451,gpi4.life360.com,1,doh,13.665,26.456,26.455999999999996,189.59999999403954,2,gpi4.life360.com;static.cloudflareinsights.com
5794,impression.link,1,doh,15.197,15.197,15.197,165.29999999701977,1,impression.link
5308,npwuscdn.onenote.static.microsoft,1,doh,14.477,14.477,14.477,382,1,npwuscdn.onenote.static.microsoft
6188,oracle.com,1,doh,19.477,32.596000000000004,32.59600000000003,426.20000000298023,2,oracle.com;www.oracle.com
6485,assets-jpcust.jwpsrv.com,1,doh,12.869,12.869,12.869,87.3999999910593,1,assets-jpcust.jwpsrv.com
6093,control2.tvinteractive.tv,1,doh,13.685,13.685,13.685,89.19999998807907,1,control2.tvinteractive.tv
5810,sis.n-able.com,1,doh,25.585,25.585,25.585,150.40000000596046,1,sis.n-able.com
5971,collegeboard.org,1,doh,12.893,99.621,75.94099999999989,1186.0999999940395,8,athena.collegeboard.org;atlas.collegeboard.org;cdn.cookielaw.org;cdnjs.cloudflare.com;collegeboard.org;geolocation.onetrust.com;kiwi.collegeboard.org;www.collegeboard.org
6260,www.mczbf.com,1,doh,15.993,43.906000000000006,43.895999999999994,315.5,3,cj.dotomi.com;www.emjcd.com;www.mczbf.com
5607,radio.itunes.apple.com,1,doh,11.666,11.666,11.666,134.5,1,radio.itunes.apple.com
5686,aadcdn.msftauthimages.net,1,doh,12.674,12.674,12.674,126.6000000089407,1,aadcdn.msftauthimages.net
5858,flag.lab.amplitude.com,1,doh,13.314,13.314,13.314,84,1,flag.lab.amplitude.com
5662,eu-prod.asyncgw.teams.microsoft.com,1,doh,20.223,20.223,20.223,112.20000000298023,1,eu-prod.asyncgw.teams.microsoft.com
6085,cs.ns1p.net,1,doh,15.262,15.262,15.262,138.20000000298023,1,cs.ns1p.net
6287,script.4dex.io,1,doh,13.537,13.537,13.537,257.1000000089407,1,script.4dex.io
5511,stats.wp.com,1,doh,11.611,213.551,142.78300000000002,1766.7999999970198,16,accounts.google.com;bat.bing.com;cdn.parsely.com;connect.facebook.net;googleads.g.doubleclick.net;p1.parsely.com;public-api.wordpress.com;refer.wordpress.com;s0.wp.com;static.hotjar.com;stats.wp.com;wordpress.com;wpcom.files.wordpress.com;www.google-analytics.com;www.google.com;www.googletagmanager.com
6004,tr-ecs-acdc.office.com,1,doh,17.038,54.17100000000001,54.17099999999992,1003.4000000059605,4,aadcdn.msftauth.net;login.microsoftonline.com;res.public.onecdn.static.microsoft;tr-ecs-acdc.office.com
6231,intercom.com,1,doh,29.127,112.51899999999998,90.42799999999987,923.7000000029802,8,api-visitor-analytics.intercom.com;cdn.cookielaw.org;geolocation.onetrust.com;intercom.com;unpkg.com;vercel.intercom.com;widget.intercom.io;www.googletagmanager.com
6402,i.clarity.ms,1,doh,15.231,15.231,15.231,99.3999999910593,1,i.clarity.ms
5650,vc.hotjar.io,1,doh,12.847,841.6279999999999,608.1,2281.2999999970198,41,alb.reddit.com;analytics.google.com;analytics.twitter.com;api.segment.io;aplo-evnt.com;assets.apollo.io;ca.contentsquare.net;cdn.cookielaw.org;cdn.jsdelivr.net;cdn.optimizely.com;cdn.segment.com;cdn.us.heap-api.com;connect.facebook.net;et.eulerian.net;eu.api.fpjs.io;fast.appcues.com;fpjscdn.net;geolocation.onetrust.com;googleads.g.doubleclick.net;grsm.io;images.ctfassets.net;invite.contentsquare.com;invite.hotjar.com;js.partnerstack.com;partnerlinks.io;pixel-config.reddit.com;px.ads.linkedin.com;snap.licdn.com;static.ada.support;static.ads-twitter.com;static.hotjar.com;stats.g.doubleclick.net;t.co;t.contentsquare.net;unpkg.com;vc.hotjar.io;www.google.com;www.googletagmanager.com;www.hotjar.com;www.linkedin.com;www.redditstatic.com
